{
  "schema_version": "1.4.0",
  "id": "GHSA-frqf-9qr4-6vxf",
  "modified": "2024-04-23T17:18:13Z",
  "published": "2022-05-17T03:39:45Z",
  "aliases": [
    "CVE-2016-6211"
  ],
  "summary": "Drupal Saving user accounts can sometimes grant the user all roles",
  "details": "The User module in Drupal 7.x before 7.44 allows remote authenticated users to gain privileges via vectors involving contributed or custom code that triggers a rebuild of the user profile form.",
  "severity": [
    {
      "type": "CVSS_V3",
      "score": "CVSS:3.0/AV:N/AC:L/PR:L/UI:N/S:U/C:H/I:H/A:H"
    }
  ],
  "affected": [
    {
      "package": {
        "ecosystem": "Packagist",
        "name": "drupal/core"
      },
      "ranges": [
        {
          "type": "ECOSYSTEM",
          "events": [
            {
              "introduced": "7.0"
            },
            {
              "fixed": "7.44"
            }
          ]
        }
      ]
    },
    {
      "package": {
        "ecosystem": "Packagist",
        "name": "drupal/drupal"
      },
      "ranges": [
        {
          "type": "ECOSYSTEM",
          "events": [
            {
              "introduced": "7.0"
            },
            {
              "fixed": "7.44"
            }
          ]
        }
      ]
    }
  ],
  "references": [
    {
      "type": "ADVISORY",
      "url": "https://nvd.nist.gov/vuln/detail/CVE-2016-6211"
    },
    {
      "type": "WEB",
      "url": "https://github.com/FriendsOfPHP/security-advisories/blob/master/drupal/core/CVE-2016-6211.yaml"
    },
    {
      "type": "WEB",
      "url": "https://github.com/FriendsOfPHP/security-advisories/blob/master/drupal/drupal/CVE-2016-6211.yaml"
    },
    {
      "type": "PACKAGE",
      "url": "https://github.com/drupal/core"
    },
    {
      "type": "WEB",
      "url": "https://www.drupal.org/SA-CORE-2016-002"
    },
    {
      "type": "WEB",
      "url": "http://www.debian.org/security/2016/dsa-3604"
    },
    {
      "type": "WEB",
      "url": "http://www.openwall.com/lists/oss-security/2016/07/13/4"
    },
    {
      "type": "WEB",
      "url": "http://www.openwall.com/lists/oss-security/2016/07/13/7"
    },
    {
      "type": "WEB",
      "url": "http://www.securityfocus.com/bid/91230"
    }
  ],
  "database_specific": {
    "cwe_ids": [
      "CWE-269"
    ],
    "severity": "HIGH",
    "github_reviewed": true,
    "github_reviewed_at": "2024-04-23T17:18:13Z",
    "nvd_published_at": "2016-09-09T14:05:00Z"
  }
}