{
  "schema_version": "1.4.0",
  "id": "GHSA-r54g-4qq6-chxg",
  "modified": "2023-07-14T21:50:30Z",
  "published": "2023-07-14T12:30:20Z",
  "aliases": [
    "CVE-2023-3672"
  ],
  "summary": "webmention.js Cross-site Scripting vulnerability",
  "details": "webmention.js prior to 0.5.5 is vulnerable to cross-site scripting.",
  "severity": [
    {
      "type": "CVSS_V3",
      "score": "CVSS:3.0/AV:N/AC:L/PR:N/UI:N/S:U/C:L/I:L/A:L"
    }
  ],
  "affected": [
    {
      "package": {
        "ecosystem": "npm",
        "name": "webmention.js"
      },
      "ranges": [
        {
          "type": "ECOSYSTEM",
          "events": [
            {
              "introduced": "0"
            },
            {
              "fixed": "0.5.5"
            }
          ]
        }
      ]
    }
  ],
  "references": [
    {
      "type": "ADVISORY",
      "url": "https://nvd.nist.gov/vuln/detail/CVE-2023-3672"
    },
    {
      "type": "WEB",
      "url": "https://github.com/plaidweb/webmention.js/commit/3551b66b3e40da37fee89ecf72930c5efdc53011"
    },
    {
      "type": "WEB",
      "url": "https://github.com/PlaidWeb/webmention.js/blob/9457e71433c0d2430bbe767ecc5b5837140d0ee4/static/webmention.js#L330"
    },
    {
      "type": "PACKAGE",
      "url": "https://github.com/plaidweb/webmention.js"
    },
    {
      "type": "WEB",
      "url": "https://huntr.dev/bounties/75cfb7ad-a75f-45ff-8688-32a9c55179aa"
    }
  ],
  "database_specific": {
    "cwe_ids": [
      "CWE-79"
    ],
    "severity": "HIGH",
    "github_reviewed": true,
    "github_reviewed_at": "2023-07-14T21:50:30Z",
    "nvd_published_at": "2023-07-14T10:15:08Z"
  }
}