{
  "schema_version": "1.4.0",
  "id": "GHSA-rpr3-cw39-3pxh",
  "modified": "2023-01-10T15:40:17Z",
  "published": "2022-07-15T19:41:47Z",
  "aliases": [
    "CVE-2020-10650"
  ],
  "summary": "jackson-databind before 2.9.10.4 vulnerable to unsafe deserialization",
  "details": "The com.fasterxml.jackson.core:jackson-databind library before version 2.9.10.4 is vulnerable to an Unsafe Deserialization vulnerability when handling interactions related to the class `ignite-jta`.",
  "severity": [
    {
      "type": "CVSS_V3",
      "score": "CVSS:3.1/AV:N/AC:H/PR:N/UI:N/S:U/C:H/I:H/A:H"
    }
  ],
  "affected": [
    {
      "package": {
        "ecosystem": "Maven",
        "name": "com.fasterxml.jackson.core:jackson-databind"
      },
      "ranges": [
        {
          "type": "ECOSYSTEM",
          "events": [
            {
              "introduced": "0"
            },
            {
              "fixed": "2.9.10.4"
            }
          ]
        }
      ],
      "database_specific": {
        "last_known_affected_version_range": "<= 2.9.10.3"
      }
    }
  ],
  "references": [
    {
      "type": "ADVISORY",
      "url": "https://nvd.nist.gov/vuln/detail/CVE-2020-10650"
    },
    {
      "type": "WEB",
      "url": "https://github.com/FasterXML/jackson-databind/issues/2658"
    },
    {
      "type": "WEB",
      "url": "https://github.com/luisgarciacheckmarx/LGV_onefile/issues/19"
    },
    {
      "type": "WEB",
      "url": "https://github.com/FasterXML/jackson-databind/pull/2864"
    },
    {
      "type": "WEB",
      "url": "https://github.com/FasterXML/jackson-databind/commit/a424c038ba0c0d65e579e22001dec925902ac0ef"
    },
    {
      "type": "PACKAGE",
      "url": "https://github.com/FasterXML/jackson-databind"
    },
    {
      "type": "WEB",
      "url": "https://lists.debian.org/debian-lts-announce/2023/04/msg00032.html"
    },
    {
      "type": "WEB",
      "url": "https://medium.com/%40cowtowncoder/on-jackson-cves-dont-panic-here-is-what-you-need-to-know-54cd0d6e8062"
    },
    {
      "type": "WEB",
      "url": "https://medium.com/@cowtowncoder/on-jackson-cves-dont-panic-here-is-what-you-need-to-know-54cd0d6e8062"
    },
    {
      "type": "WEB",
      "url": "https://security.netapp.com/advisory/ntap-20230818-0007"
    },
    {
      "type": "WEB",
      "url": "https://www.oracle.com/security-alerts/cpujan2021.html"
    },
    {
      "type": "WEB",
      "url": "https://www.oracle.com/security-alerts/cpuoct2022.html"
    }
  ],
  "database_specific": {
    "cwe_ids": [
      "CWE-502"
    ],
    "severity": "HIGH",
    "github_reviewed": true,
    "github_reviewed_at": "2022-07-15T19:41:47Z",
    "nvd_published_at": "2022-12-26T20:15:00Z"
  }
}