{
  "schema_version": "1.4.0",
  "id": "GHSA-9988-f88m-mr42",
  "modified": "2022-03-28T22:34:41Z",
  "published": "2022-03-12T00:00:37Z",
  "aliases": [
    "CVE-2022-25512"
  ],
  "summary": "Exposure of Sensitive Information to an Unauthorized Actor in FreeTAKServer-UI",
  "details": "FreeTAKServer-UI v1.9.8 was discovered to leak sensitive API and Websocket keys.",
  "severity": [
    {
      "type": "CVSS_V3",
      "score": "CVSS:3.1/AV:N/AC:L/PR:N/UI:N/S:U/C:H/I:N/A:N"
    }
  ],
  "affected": [
    {
      "package": {
        "ecosystem": "PyPI",
        "name": "FreeTAKServer-UI"
      },
      "ranges": [
        {
          "type": "ECOSYSTEM",
          "events": [
            {
              "introduced": "0"
            },
            {
              "last_affected": "1.9.8"
            }
          ]
        }
      ]
    }
  ],
  "references": [
    {
      "type": "ADVISORY",
      "url": "https://nvd.nist.gov/vuln/detail/CVE-2022-25512"
    },
    {
      "type": "WEB",
      "url": "https://github.com/FreeTAKTeam/UI/issues/26"
    },
    {
      "type": "PACKAGE",
      "url": "https://github.com/FreeTAKTeam/UI"
    }
  ],
  "database_specific": {
    "cwe_ids": [
      "CWE-200"
    ],
    "severity": "HIGH",
    "github_reviewed": true,
    "github_reviewed_at": "2022-03-14T23:14:56Z",
    "nvd_published_at": "2022-03-11T00:15:00Z"
  }
}