{
  "schema_version": "1.4.0",
  "id": "GHSA-r3gr-cxrf-hg25",
  "modified": "2024-06-25T13:47:22Z",
  "published": "2021-12-09T19:15:11Z",
  "aliases": [
    "CVE-2020-35491"
  ],
  "summary": "Serialization gadgets exploit in jackson-databind",
  "details": "FasterXML jackson-databind 2.x before 2.9.10.8 mishandles the interaction between serialization gadgets and typing, related to org.apache.commons.dbcp2.datasources.SharedPoolDataSource.",
  "severity": [
    {
      "type": "CVSS_V3",
      "score": "CVSS:3.1/AV:N/AC:H/PR:N/UI:N/S:U/C:H/I:H/A:H"
    }
  ],
  "affected": [
    {
      "package": {
        "ecosystem": "Maven",
        "name": "com.fasterxml.jackson.core:jackson-databind"
      },
      "ranges": [
        {
          "type": "ECOSYSTEM",
          "events": [
            {
              "introduced": "2.0.0"
            },
            {
              "fixed": "2.9.10.8"
            }
          ]
        }
      ],
      "database_specific": {
        "last_known_affected_version_range": "<= 2.9.10.7"
      }
    }
  ],
  "references": [
    {
      "type": "ADVISORY",
      "url": "https://nvd.nist.gov/vuln/detail/CVE-2020-35491"
    },
    {
      "type": "WEB",
      "url": "https://github.com/FasterXML/jackson-databind/issues/2986"
    },
    {
      "type": "WEB",
      "url": "https://github.com/FasterXML/jackson-databind/commit/41b8bdb5ccc1d8edb71acf1c8234da235a24249d"
    },
    {
      "type": "WEB",
      "url": "https://cowtowncoder.medium.com/on-jackson-cves-dont-panic-here-is-what-you-need-to-know-54cd0d6e8062"
    },
    {
      "type": "PACKAGE",
      "url": "https://github.com/FasterXML/jackson-databind"
    },
    {
      "type": "WEB",
      "url": "https://lists.debian.org/debian-lts-announce/2021/04/msg00025.html"
    },
    {
      "type": "WEB",
      "url": "https://security.netapp.com/advisory/ntap-20210122-0005"
    },
    {
      "type": "WEB",
      "url": "https://www.oracle.com//security-alerts/cpujul2021.html"
    },
    {
      "type": "WEB",
      "url": "https://www.oracle.com/security-alerts/cpuApr2021.html"
    },
    {
      "type": "WEB",
      "url": "https://www.oracle.com/security-alerts/cpuapr2022.html"
    },
    {
      "type": "WEB",
      "url": "https://www.oracle.com/security-alerts/cpujan2022.html"
    },
    {
      "type": "WEB",
      "url": "https://www.oracle.com/security-alerts/cpujul2022.html"
    },
    {
      "type": "WEB",
      "url": "https://www.oracle.com/security-alerts/cpuoct2021.html"
    }
  ],
  "database_specific": {
    "cwe_ids": [
      "CWE-502",
      "CWE-913"
    ],
    "severity": "HIGH",
    "github_reviewed": true,
    "github_reviewed_at": "2021-04-08T21:05:38Z",
    "nvd_published_at": "2020-12-17T19:15:00Z"
  }
}