{
  "schema_version": "1.4.0",
  "id": "GHSA-4g46-5grc-wq49",
  "modified": "2020-08-31T18:59:46Z",
  "published": "2020-04-01T16:36:31Z",
  "aliases": [
    "CVE-2019-15603"
  ],
  "summary": "Cross-Site Scripting in seeftl",
  "details": "All versions of `seeftl` are vulnerable to Cross-Site Scripting (XSS). The package fails to sanitize filenames, allowing attackers to execute arbitrary JavaScript in the victim's browser through files with names containing malicious code.\n\n\n## Recommendation\n\nNo fix is currently available. Consider using an alternative package until a fix is made available.",
  "severity": [],
  "affected": [
    {
      "package": {
        "ecosystem": "npm",
        "name": "seeftl"
      },
      "ranges": [
        {
          "type": "ECOSYSTEM",
          "events": [
            {
              "introduced": "0"
            },
            {
              "last_affected": "0.1.1"
            }
          ]
        }
      ]
    }
  ],
  "references": [
    {
      "type": "ADVISORY",
      "url": "https://nvd.nist.gov/vuln/detail/CVE-2019-15603"
    },
    {
      "type": "WEB",
      "url": "https://hackerone.com/reports/665302"
    },
    {
      "type": "WEB",
      "url": "https://www.npmjs.com/advisories/1451"
    }
  ],
  "database_specific": {
    "cwe_ids": [
      "CWE-79"
    ],
    "severity": "HIGH",
    "github_reviewed": true,
    "github_reviewed_at": "2020-04-01T16:26:05Z",
    "nvd_published_at": null
  }
}