{
  "schema_version": "1.4.0",
  "id": "GHSA-xjjg-vmw6-c2p9",
  "modified": "2024-09-20T21:26:30Z",
  "published": "2019-08-27T17:44:33Z",
  "aliases": [
    "CVE-2019-10751"
  ],
  "summary": "Open Redirect in httpie",
  "details": "All versions of the HTTPie package prior to version 1.0.3 are vulnerable to Open Redirect that allows an attacker to write an arbitrary file with supplied filename and content to the current directory, by redirecting a request from HTTP to a crafted URL pointing to a server in his or hers control.",
  "severity": [
    {
      "type": "CVSS_V3",
      "score": "CVSS:3.0/AV:N/AC:L/PR:N/UI:R/S:U/C:H/I:H/A:H"
    },
    {
      "type": "CVSS_V4",
      "score": "CVSS:4.0/AV:N/AC:L/AT:N/PR:N/UI:P/VC:H/VI:H/VA:H/SC:N/SI:N/SA:N"
    }
  ],
  "affected": [
    {
      "package": {
        "ecosystem": "PyPI",
        "name": "httpie"
      },
      "ranges": [
        {
          "type": "ECOSYSTEM",
          "events": [
            {
              "introduced": "0"
            },
            {
              "fixed": "1.0.3"
            }
          ]
        }
      ]
    }
  ],
  "references": [
    {
      "type": "ADVISORY",
      "url": "https://nvd.nist.gov/vuln/detail/CVE-2019-10751"
    },
    {
      "type": "ADVISORY",
      "url": "https://github.com/advisories/GHSA-xjjg-vmw6-c2p9"
    },
    {
      "type": "PACKAGE",
      "url": "https://github.com/jakubroztocil/httpie"
    },
    {
      "type": "WEB",
      "url": "https://github.com/jakubroztocil/httpie/releases/tag/1.0.3"
    },
    {
      "type": "WEB",
      "url": "https://github.com/pypa/advisory-database/tree/main/vulns/httpie/PYSEC-2019-23.yaml"
    },
    {
      "type": "WEB",
      "url": "https://lists.debian.org/debian-lts-announce/2019/09/msg00031.html"
    },
    {
      "type": "WEB",
      "url": "https://snyk.io/vuln/SNYK-PYTHON-HTTPIE-460107"
    },
    {
      "type": "WEB",
      "url": "http://lists.opensuse.org/opensuse-security-announce/2019-09/msg00003.html"
    },
    {
      "type": "WEB",
      "url": "http://lists.opensuse.org/opensuse-security-announce/2019-09/msg00022.html"
    }
  ],
  "database_specific": {
    "cwe_ids": [
      "CWE-601"
    ],
    "severity": "HIGH",
    "github_reviewed": true,
    "github_reviewed_at": "2019-08-27T17:27:00Z",
    "nvd_published_at": "2019-08-23T17:15:00Z"
  }
}