{
  "schema_version": "1.4.0",
  "id": "GHSA-5x64-925v-h4gv",
  "modified": "2023-08-18T15:48:16Z",
  "published": "2023-08-11T15:30:46Z",
  "aliases": [
    "CVE-2020-35141"
  ],
  "summary": "FaucetSDN Ryu Denial of Service Vulnerability",
  "details": "An issue was discovered in `OFPQueueGetConfigReply` in `parser.py` in FaucetSDN Ryu version 4.34, allows remote attackers to cause a denial of service (DoS) (infinite loop).",
  "severity": [
    {
      "type": "CVSS_V3",
      "score": "CVSS:3.1/AV:N/AC:L/PR:N/UI:N/S:U/C:N/I:N/A:H"
    }
  ],
  "affected": [
    {
      "package": {
        "ecosystem": "PyPI",
        "name": "ryu"
      },
      "ranges": [
        {
          "type": "ECOSYSTEM",
          "events": [
            {
              "introduced": "0"
            },
            {
              "last_affected": "4.34"
            }
          ]
        }
      ]
    }
  ],
  "references": [
    {
      "type": "ADVISORY",
      "url": "https://nvd.nist.gov/vuln/detail/CVE-2020-35141"
    },
    {
      "type": "WEB",
      "url": "https://github.com/faucetsdn/ryu/issues/118"
    },
    {
      "type": "PACKAGE",
      "url": "https://github.com/faucetsdn/ryu"
    }
  ],
  "database_specific": {
    "cwe_ids": [
      "CWE-770",
      "CWE-835"
    ],
    "severity": "HIGH",
    "github_reviewed": true,
    "github_reviewed_at": "2023-08-11T22:03:46Z",
    "nvd_published_at": "2023-08-11T14:15:11Z"
  }
}