{
  "schema_version": "1.4.0",
  "id": "GHSA-xr7r-88qv-q7hm",
  "modified": "2023-06-13T21:04:01Z",
  "published": "2021-08-25T20:45:51Z",
  "aliases": [
    "CVE-2019-25001"
  ],
  "summary": "Out of bounds write in serde_cbor",
  "details": "Affected versions of this crate did not properly check if semantic tags were nested excessively during deserialization. This allows an attacker to craft small (< 1 kB) CBOR documents that cause a stack overflow. The flaw was corrected by limiting the allowed number of nested tags.",
  "severity": [
    {
      "type": "CVSS_V3",
      "score": "CVSS:3.1/AV:N/AC:L/PR:N/UI:N/S:U/C:N/I:N/A:H"
    }
  ],
  "affected": [
    {
      "package": {
        "ecosystem": "crates.io",
        "name": "serde_cbor"
      },
      "ranges": [
        {
          "type": "ECOSYSTEM",
          "events": [
            {
              "introduced": "0"
            },
            {
              "fixed": "0.10.2"
            }
          ]
        }
      ]
    }
  ],
  "references": [
    {
      "type": "ADVISORY",
      "url": "https://nvd.nist.gov/vuln/detail/CVE-2019-25001"
    },
    {
      "type": "WEB",
      "url": "https://github.com/pyfisch/cbor/pull/153"
    },
    {
      "type": "WEB",
      "url": "https://github.com/pyfisch/cbor/commit/1aec4f9d71855dbfb223fa61ca60260400cc5d5f"
    },
    {
      "type": "PACKAGE",
      "url": "https://github.com/pyfisch/cbor"
    },
    {
      "type": "WEB",
      "url": "https://github.com/pyfisch/cbor/releases/tag/v0.10.2"
    },
    {
      "type": "WEB",
      "url": "https://rustsec.org/advisories/RUSTSEC-2019-0025.html"
    }
  ],
  "database_specific": {
    "cwe_ids": [
      "CWE-787"
    ],
    "severity": "HIGH",
    "github_reviewed": true,
    "github_reviewed_at": "2021-08-19T21:20:43Z",
    "nvd_published_at": null
  }
}