{
  "schema_version": "1.4.0",
  "id": "GHSA-j5qj-rg5j-j7c2",
  "modified": "2025-03-22T00:33:44Z",
  "published": "2025-03-20T12:32:52Z",
  "aliases": [
    "CVE-2025-0189"
  ],
  "summary": "Aim Uncontrolled Resource Consumption vulnerability",
  "details": "In version 3.25.0 of aimhubio/aim, the tracking server is vulnerable to a denial of service attack. The server overrides the maximum size for websocket messages, allowing very large images to be tracked. This causes the server to become unresponsive to other requests while processing the large image, leading to a denial of service condition.",
  "severity": [
    {
      "type": "CVSS_V3",
      "score": "CVSS:3.0/AV:N/AC:L/PR:N/UI:N/S:U/C:N/I:N/A:H"
    }
  ],
  "affected": [
    {
      "package": {
        "ecosystem": "PyPI",
        "name": "aim"
      },
      "ranges": [
        {
          "type": "ECOSYSTEM",
          "events": [
            {
              "introduced": "0"
            },
            {
              "last_affected": "3.25.0"
            }
          ]
        }
      ]
    }
  ],
  "references": [
    {
      "type": "ADVISORY",
      "url": "https://nvd.nist.gov/vuln/detail/CVE-2025-0189"
    },
    {
      "type": "PACKAGE",
      "url": "https://github.com/aimhubio/aim"
    },
    {
      "type": "WEB",
      "url": "https://huntr.com/bounties/e4c9bf41-72cf-4d04-baaf-8f12b5b7926e"
    }
  ],
  "database_specific": {
    "cwe_ids": [
      "CWE-400"
    ],
    "severity": "HIGH",
    "github_reviewed": true,
    "github_reviewed_at": "2025-03-22T00:33:44Z",
    "nvd_published_at": "2025-03-20T10:15:51Z"
  }
}