{
  "schema_version": "1.4.0",
  "id": "GHSA-rx4r-gxpc-h85x",
  "modified": "2025-03-13T18:00:43Z",
  "published": "2022-05-14T03:57:44Z",
  "aliases": [
    "CVE-2016-3726"
  ],
  "summary": "Jenkins affected by Open Redirect Vulnerability",
  "details": "Multiple open redirect vulnerabilities in Jenkins before 2.3 and LTS before 1.651.2 allow remote attackers to redirect users to arbitrary web sites and conduct phishing attacks via unspecified vectors related to \"scheme-relative\" URLs.",
  "severity": [
    {
      "type": "CVSS_V3",
      "score": "CVSS:3.0/AV:N/AC:L/PR:N/UI:R/S:C/C:N/I:H/A:N"
    }
  ],
  "affected": [
    {
      "package": {
        "ecosystem": "Maven",
        "name": "org.jenkins-ci.main:jenkins-core"
      },
      "ranges": [
        {
          "type": "ECOSYSTEM",
          "events": [
            {
              "introduced": "1.652"
            },
            {
              "fixed": "2.3"
            }
          ]
        }
      ]
    },
    {
      "package": {
        "ecosystem": "Maven",
        "name": "org.jenkins-ci.main:jenkins-core"
      },
      "ranges": [
        {
          "type": "ECOSYSTEM",
          "events": [
            {
              "introduced": "0"
            },
            {
              "fixed": "1.651.2"
            }
          ]
        }
      ]
    }
  ],
  "references": [
    {
      "type": "ADVISORY",
      "url": "https://nvd.nist.gov/vuln/detail/CVE-2016-3726"
    },
    {
      "type": "WEB",
      "url": "https://github.com/jenkinsci/jenkins/commit/2ed0c046dfbb2003a17df27c53777e72c6eaff25"
    },
    {
      "type": "WEB",
      "url": "https://access.redhat.com/errata/RHSA-2016:1206"
    },
    {
      "type": "PACKAGE",
      "url": "https://github.com/jenkinsci/jenkins"
    },
    {
      "type": "WEB",
      "url": "https://wiki.jenkins-ci.org/display/SECURITY/Jenkins+Security+Advisory+2016-05-11"
    },
    {
      "type": "WEB",
      "url": "https://www.cloudbees.com/jenkins-security-advisory-2016-05-11"
    },
    {
      "type": "WEB",
      "url": "http://rhn.redhat.com/errata/RHSA-2016-1773.html"
    }
  ],
  "database_specific": {
    "cwe_ids": [
      "CWE-601"
    ],
    "severity": "HIGH",
    "github_reviewed": true,
    "github_reviewed_at": "2025-03-13T18:00:43Z",
    "nvd_published_at": "2016-05-17T14:08:00Z"
  }
}