{
  "schema_version": "1.4.0",
  "id": "GHSA-655w-fm8m-m478",
  "modified": "2024-09-30T16:12:04Z",
  "published": "2023-10-19T06:30:23Z",
  "aliases": [
    "CVE-2023-46229"
  ],
  "summary": "LangChain Server Side Request Forgery vulnerability",
  "details": "LangChain before 0.0.317 allows SSRF via `document_loaders/recursive_url_loader.py` because crawling can proceed from an external server to an internal server.",
  "severity": [
    {
      "type": "CVSS_V3",
      "score": "CVSS:3.1/AV:N/AC:L/PR:N/UI:R/S:U/C:H/I:H/A:H"
    },
    {
      "type": "CVSS_V4",
      "score": "CVSS:4.0/AV:N/AC:L/AT:N/PR:N/UI:A/VC:H/VI:H/VA:H/SC:N/SI:N/SA:N"
    }
  ],
  "affected": [
    {
      "package": {
        "ecosystem": "PyPI",
        "name": "langchain"
      },
      "ranges": [
        {
          "type": "ECOSYSTEM",
          "events": [
            {
              "introduced": "0"
            },
            {
              "fixed": "0.0.317"
            }
          ]
        }
      ]
    }
  ],
  "references": [
    {
      "type": "ADVISORY",
      "url": "https://nvd.nist.gov/vuln/detail/CVE-2023-46229"
    },
    {
      "type": "WEB",
      "url": "https://github.com/langchain-ai/langchain/pull/11925"
    },
    {
      "type": "WEB",
      "url": "https://github.com/langchain-ai/langchain/commit/9ecb7240a480720ec9d739b3877a52f76098a2b8"
    },
    {
      "type": "PACKAGE",
      "url": "https://github.com/langchain-ai/langchain"
    },
    {
      "type": "WEB",
      "url": "https://github.com/pypa/advisory-database/tree/main/vulns/langchain/PYSEC-2023-205.yaml"
    }
  ],
  "database_specific": {
    "cwe_ids": [
      "CWE-918"
    ],
    "severity": "HIGH",
    "github_reviewed": true,
    "github_reviewed_at": "2023-10-19T16:35:44Z",
    "nvd_published_at": "2023-10-19T05:15:58Z"
  }
}