{
  "schema_version": "1.4.0",
  "id": "GHSA-25pr-6pr6-68v7",
  "modified": "2024-10-14T19:41:27Z",
  "published": "2021-09-02T17:17:25Z",
  "aliases": [
    "CVE-2021-39109"
  ],
  "summary": "Path traversal in atlasboard",
  "details": "The renderWidgetResource resource in Atlasian Atlasboard before version 1.1.9 allows remote attackers to read arbitrary files via a path traversal vulnerability.",
  "severity": [
    {
      "type": "CVSS_V3",
      "score": "CVSS:3.1/AV:N/AC:L/PR:N/UI:N/S:U/C:H/I:N/A:N"
    }
  ],
  "affected": [
    {
      "package": {
        "ecosystem": "npm",
        "name": "atlasboard"
      },
      "ranges": [
        {
          "type": "ECOSYSTEM",
          "events": [
            {
              "introduced": "0"
            },
            {
              "fixed": "1.1.9"
            }
          ]
        }
      ]
    }
  ],
  "references": [
    {
      "type": "ADVISORY",
      "url": "https://nvd.nist.gov/vuln/detail/CVE-2021-39109"
    },
    {
      "type": "WEB",
      "url": "https://bitbucket.org/atlassian/atlasboard/commits/9c03df09f09399e2601010466e8ba3a28236eb9c"
    },
    {
      "type": "WEB",
      "url": "https://bitbucket.org/atlassian/atlasboard/pull-requests/91/buildeng-19379-apply-only-the-path"
    },
    {
      "type": "WEB",
      "url": "https://bitbucket.org/atlassian/atlasboard/src/master"
    }
  ],
  "database_specific": {
    "cwe_ids": [
      "CWE-22"
    ],
    "severity": "HIGH",
    "github_reviewed": true,
    "github_reviewed_at": "2021-09-02T16:35:00Z",
    "nvd_published_at": "2021-09-01T06:15:00Z"
  }
}