{
  "schema_version": "1.4.0",
  "id": "GHSA-cvhw-2593-5j2q",
  "modified": "2021-11-18T15:34:33Z",
  "published": "2021-10-12T22:00:08Z",
  "aliases": [
    "CVE-2016-1516"
  ],
  "summary": "Double Free in OpenCV",
  "details": "OpenCV 3.0.0 has a double free issue that allows attackers to execute arbitrary code. This issue was fixed in OpenCV version 3.3.1 (corresponding to OpenCV-Python and and OpenCV-Contrib-Python 3.3.1.11).",
  "severity": [
    {
      "type": "CVSS_V3",
      "score": "CVSS:3.0/AV:N/AC:L/PR:N/UI:R/S:U/C:H/I:H/A:H"
    }
  ],
  "affected": [
    {
      "package": {
        "ecosystem": "PyPI",
        "name": "opencv-python"
      },
      "ranges": [
        {
          "type": "ECOSYSTEM",
          "events": [
            {
              "introduced": "0"
            },
            {
              "fixed": "3.3.1.11"
            }
          ]
        }
      ],
      "database_specific": {
        "last_known_affected_version_range": "<= 3.3.0.10"
      }
    },
    {
      "package": {
        "ecosystem": "PyPI",
        "name": "opencv-contrib-python"
      },
      "ranges": [
        {
          "type": "ECOSYSTEM",
          "events": [
            {
              "introduced": "0"
            },
            {
              "fixed": "3.3.1.11"
            }
          ]
        }
      ],
      "database_specific": {
        "last_known_affected_version_range": "<= 3.3.0.10"
      }
    }
  ],
  "references": [
    {
      "type": "ADVISORY",
      "url": "https://nvd.nist.gov/vuln/detail/CVE-2016-1516"
    },
    {
      "type": "WEB",
      "url": "https://github.com/opencv/opencv/issues/5956"
    },
    {
      "type": "WEB",
      "url": "https://github.com/opencv/opencv/pull/9376"
    },
    {
      "type": "WEB",
      "url": "https://arxiv.org/pdf/1701.04739.pdf"
    },
    {
      "type": "PACKAGE",
      "url": "https://github.com/opencv/opencv-python"
    },
    {
      "type": "WEB",
      "url": "https://lists.debian.org/debian-lts-announce/2018/07/msg00030.html"
    },
    {
      "type": "WEB",
      "url": "https://lists.debian.org/debian-lts-announce/2021/10/msg00028.html"
    }
  ],
  "database_specific": {
    "cwe_ids": [
      "CWE-415"
    ],
    "severity": "HIGH",
    "github_reviewed": true,
    "github_reviewed_at": "2021-10-08T18:44:07Z",
    "nvd_published_at": "2017-04-10T03:59:00Z"
  }
}