{
  "schema_version": "1.4.0",
  "id": "GHSA-95hx-62rh-gg96",
  "modified": "2022-10-05T14:46:27Z",
  "published": "2020-09-15T17:34:17Z",
  "aliases": [
    "CVE-2020-15178"
  ],
  "summary": "Potential XSS injection In PrestaShop contactform",
  "details": "### Impact\nAn attacker is able to inject javascript while using the contact form. \n\n### Patches\nThe problem is fixed in v4.3.0\n\n### References\n[Cross-site Scripting (XSS) - Stored (CWE-79)](https://cwe.mitre.org/data/definitions/79.html)",
  "severity": [
    {
      "type": "CVSS_V3",
      "score": "CVSS:3.1/AV:N/AC:H/PR:N/UI:R/S:C/C:H/I:H/A:N"
    }
  ],
  "affected": [
    {
      "package": {
        "ecosystem": "Packagist",
        "name": "prestashop/contactform"
      },
      "ranges": [
        {
          "type": "ECOSYSTEM",
          "events": [
            {
              "introduced": "1.0.1"
            },
            {
              "fixed": "4.3.0"
            }
          ]
        }
      ]
    }
  ],
  "references": [
    {
      "type": "WEB",
      "url": "https://github.com/PrestaShop/contactform/security/advisories/GHSA-95hx-62rh-gg96"
    },
    {
      "type": "ADVISORY",
      "url": "https://nvd.nist.gov/vuln/detail/CVE-2020-15178"
    },
    {
      "type": "WEB",
      "url": "https://github.com/PrestaShop/contactform/commit/a1da814bea7e5750b858a2dbbc58ace80379f42f"
    },
    {
      "type": "WEB",
      "url": "https://github.com/PrestaShop/contactform/commit/ecd9f5d14920ec00885766a7cb41bcc5ed8bfa09"
    },
    {
      "type": "PACKAGE",
      "url": "https://github.com/PrestaShop/contactform"
    },
    {
      "type": "WEB",
      "url": "https://packagist.org/packages/prestashop/contactform"
    }
  ],
  "database_specific": {
    "cwe_ids": [
      "CWE-79"
    ],
    "severity": "HIGH",
    "github_reviewed": true,
    "github_reviewed_at": "2020-09-15T17:33:50Z",
    "nvd_published_at": null
  }
}