{
  "schema_version": "1.4.0",
  "id": "GHSA-j823-4qch-3rgm",
  "modified": "2024-03-15T00:39:54Z",
  "published": "2020-06-18T14:44:46Z",
  "aliases": [
    "CVE-2020-14060"
  ],
  "summary": "Deserialization of untrusted data in Jackson Databind",
  "details": "FasterXML jackson-databind 2.x before 2.9.10.5 mishandles the interaction between serialization gadgets and typing, related to oadd.org.apache.xalan.lib.sql.JNDIConnectionPool (aka apache/drill).",
  "severity": [
    {
      "type": "CVSS_V3",
      "score": "CVSS:3.1/AV:N/AC:H/PR:N/UI:N/S:U/C:H/I:H/A:H"
    }
  ],
  "affected": [
    {
      "package": {
        "ecosystem": "Maven",
        "name": "com.fasterxml.jackson.core:jackson-databind"
      },
      "ranges": [
        {
          "type": "ECOSYSTEM",
          "events": [
            {
              "introduced": "2.9.0"
            },
            {
              "fixed": "2.9.10.5"
            }
          ]
        }
      ],
      "database_specific": {
        "last_known_affected_version_range": "<= 2.9.10.4"
      }
    }
  ],
  "references": [
    {
      "type": "ADVISORY",
      "url": "https://nvd.nist.gov/vuln/detail/CVE-2020-14060"
    },
    {
      "type": "WEB",
      "url": "https://github.com/FasterXML/jackson-databind/issues/2688"
    },
    {
      "type": "WEB",
      "url": "https://github.com/FasterXML/jackson-databind/commit/08fbfacf89a4a4c026a6227a1b470ab7a13e2e88"
    },
    {
      "type": "WEB",
      "url": "https://github.com/FasterXML/jackson-databind/commit/ac7232e3f9004bdb4f11dcb5bc6c1fadf074f5f7"
    },
    {
      "type": "WEB",
      "url": "https://github.com/FasterXML/jackson-databind/commit/d1c67a0396e84c08d0558fbb843b5bd1f26e1921"
    },
    {
      "type": "PACKAGE",
      "url": "https://github.com/FasterXML/jackson-databind"
    },
    {
      "type": "WEB",
      "url": "https://lists.debian.org/debian-lts-announce/2020/07/msg00001.html"
    },
    {
      "type": "WEB",
      "url": "https://medium.com/@cowtowncoder/on-jackson-cves-dont-panic-here-is-what-you-need-to-know-54cd0d6e8062"
    },
    {
      "type": "WEB",
      "url": "https://security.netapp.com/advisory/ntap-20200702-0003"
    },
    {
      "type": "WEB",
      "url": "https://snyk.io/vuln/SNYK-JAVA-COMFASTERXMLJACKSONCORE-572314"
    },
    {
      "type": "WEB",
      "url": "https://www.oracle.com//security-alerts/cpujul2021.html"
    },
    {
      "type": "WEB",
      "url": "https://www.oracle.com/security-alerts/cpuApr2021.html"
    },
    {
      "type": "WEB",
      "url": "https://www.oracle.com/security-alerts/cpujan2021.html"
    },
    {
      "type": "WEB",
      "url": "https://www.oracle.com/security-alerts/cpuoct2020.html"
    },
    {
      "type": "WEB",
      "url": "https://www.oracle.com/security-alerts/cpuoct2021.html"
    }
  ],
  "database_specific": {
    "cwe_ids": [
      "CWE-502"
    ],
    "severity": "HIGH",
    "github_reviewed": true,
    "github_reviewed_at": "2020-06-18T13:05:54Z",
    "nvd_published_at": "2020-06-14T21:15:00Z"
  }
}