{
  "schema_version": "1.4.0",
  "id": "GHSA-p57v-gv7q-4xfm",
  "modified": "2023-08-09T13:04:54Z",
  "published": "2023-08-09T13:04:54Z",
  "aliases": [
    "CVE-2023-38178"
  ],
  "summary": ".NET Denial of Service Vulnerability",
  "details": "# Microsoft Security Advisory CVE-2023-38178: .NET Denial of Service Vulnerability\n\n## <a name=\"executive-summary\"></a>Executive summary\n\nMicrosoft is releasing this security advisory to provide information about a vulnerability in .NET 7.0. This advisory also provides guidance on what developers can do to update their applications to remove this vulnerability.\n\nA vulnerability exists in .NET Kestrel where a malicious client can bypass QUIC stream limit in HTTP/3 in both ASP.NET and .NET runtimes resulting in denial of service.\n\n## Announcement\n\nAnnouncement for this issue can be found at  https://github.com/dotnet/announcements/issues/268\n\n### <a name=\"mitigation-factors\"></a>Mitigation factors\n\nMicrosoft has not identified any mitigating factors for this vulnerability.\n\n## <a name=\"affected-software\"></a>Affected software\n\n* Any .NET 7.0 application running on .NET 7.0.9 or earlier.\n\nIf your application uses the following package versions, ensure you update to the latest version of .NET.\n\n\n### <a name=\".NET 7\"></a>.NET 7\n\nPackage name | Affected version | Patched version\n------------ | ---------------- | -------------------------\n[Microsoft.AspNetCore.App.Runtime.win-arm64](https://www.nuget.org/packages/Microsoft.AspNetCore.App.Runtime.win-arm64)      | >= 7.0.0, <= 7.0.9 | 7.0.10\n[Microsoft.AspNetCore.App.Runtime.win-arm](https://www.nuget.org/packages/Microsoft.AspNetCore.App.Runtime.win-arm64)      | >= 7.0.0, <= 7.0.9 | 7.0.10\n[Microsoft.AspNetCore.App.Runtime.win-x64](https://www.nuget.org/packages/Microsoft.AspNetCore.App.Runtime.win-x64)          | >= 7.0.0, <= 7.0.9 | 7.0.10\n[Microsoft.AspNetCore.App.Runtime.win-x86](https://www.nuget.org/packages/Microsoft.AspNetCore.App.Runtime.win-x86)          | >= 7.0.0, <= 7.0.9 | 7.0.10\n[Microsoft.NetCore.App.Runtime.win-arm](https://www.nuget.org/packages/ Microsoft.NetCore.App.Runtime.win-arm)      | >= 7.0.0, <= 7.0.9 | 7.0.10\n[Microsoft.NetCore.App.Runtime.win-arm](https://www.nuget.org/packages/Microsoft.NetCore.App.Runtime.win-arm64)          | >= 7.0.0, <= 7.0.9 | 7.0.10\n[Microsoft.NetCore.App.Runtime.win-x86](https://www.nuget.org/packages/Microsoft.NetCore.App.Runtime.win-x86)          | >= 7.0.0, <= 7.0.9 | 7.0.10\n[Microsoft.NetCore.App.Runtime.win-x64](https://www.nuget.org/packages/Microsoft.NetCore.App.Runtime.win-x64)          | >= 7.0.0, <= 7.0.9 | 7.0.10\n\n### <a name=\".NET 6\"></a>.NET 6\n.NET 6 included HTTP/3 support as a [preview feature](https://learn.microsoft.com/dotnet/core/extensions/httpclient-http3#http3-support-in-net-6) , which requires specific opt-in code. If you are using HTTP/3 in .NET 6 you must update your application to .NET 7, where the feature is supported, to fix the vulnerability. Future versions of .NET will disable the preview feature entirely.\n\n## Advisory FAQ\n\n### <a name=\"how-affected\"></a>How do I know if I am affected?\n\nIf you have a runtime or SDK with a version listed, or an affected package listed in [affected software](#affected-software), you're exposed to the vulnerability.\n\n### <a name=\"how-fix\"></a>How do I fix the issue?\n\n* To fix the issue please install the latest version of .NET 7.0. If you have installed one or more .NET SDKs through Visual Studio, Visual Studio will prompt you to update Visual Studio, which will also update your .NET  SDKs.\n* To fix this issue on Linux, please update `libmsquic` to 2.2+\n* If you are using one of the affected packages, please update to the patched version listed above.\n* If you have .NET 6.0 or greater installed, you can list the versions you have installed by running the `dotnet --info` command. You will see output like the following;\n\n```\n.NET Core SDK (reflecting any global.json):\n\n Version:   7.0.400\n Commit:    8473146e7d\n\nRuntime Environment:\n\n OS Name:     Windows\n OS Version:  10.0.18363\n OS Platform: Windows\n RID:         win10-x64\n Base Path:   C:\\Program Files\\dotnet\\sdk\\6.0.300\\\n\nHost (useful for support):\n\n  Version: 7.0.10\n  Commit:  8473146e7d\n\n.NET Core SDKs installed:\n\n  7.0.400 [C:\\Program Files\\dotnet\\sdk]\n\n.NET Core runtimes installed:\n\n  Microsoft.AspNetCore.App 7.0.10 [C:\\Program Files\\dotnet\\shared\\Microsoft.AspNetCore.App]\n  Microsoft.NETCore.App 7.0.10 [C:\\Program Files\\dotnet\\shared\\Microsoft.NETCore.App]\n  Microsoft.WindowsDesktop.App 7.0.10 [C:\\Program Files\\dotnet\\shared\\Microsoft.WindowsDesktop.App]\n\nTo install additional .NET Core runtimes or SDKs:\n  https://aka.ms/dotnet-download\n```\n\n* If you're using .NET 7.0, you should download and install Runtime 7.0.10 or SDK 7.0.700 (for Visual Studio 2022 v17.7) from https://dotnet.microsoft.com/download/dotnet-core/6.0.\n\n.NET 7.0 updates are also available from Microsoft Update. To access this either type \"Check for updates\" in your Windows search, or open Settings, choose Update & Security and then click Check for Updates.\n\nOnce you have installed the updated runtime or SDK, restart your apps for the update to take effect.\n\nAdditionally, if you've deployed [self-contained applications](https://docs.microsoft.com/dotnet/core/deploying/#self-contained-deployments-scd) targeting any of the impacted versions, these applications are also vulnerable and must be recompiled and redeployed.\n\n## Other Information\n\n### Reporting Security Issues\n\nIf you have found a potential security issue in .NET 6.0 or .NET 7.0, please email details to secure@microsoft.com. Reports may qualify for the Microsoft .NET Core & .NET 5 Bounty. Details of the Microsoft .NET Bounty Program including terms and conditions are at <https://aka.ms/corebounty>.\n\n### Support\n\nYou can ask questions about this issue on GitHub in the .NET GitHub organization. The main repos are located at https://github.com/dotnet/runtime and https://github.com/dotnet/aspnet/. The Announcements repo (https://github.com/dotnet/Announcements) will contain this bulletin as an issue and will include a link to a discussion issue. You can ask questions in the linked discussion issue.\n\n### Disclaimer\n\nThe information provided in this advisory is provided \"as is\" without warranty of any kind. Microsoft disclaims all warranties, either express or implied, including the warranties of merchantability and fitness for a particular purpose. In no event shall Microsoft Corporation or its suppliers be liable for any damages whatsoever including direct, indirect, incidental, consequential, loss of business profits or special damages, even if Microsoft Corporation or its suppliers have been advised of the possibility of such damages. Some states do not allow the exclusion or limitation of liability for consequential or incidental damages so the foregoing limitation may not apply.\n\n### External Links\n\n[CVE-2023-38178]( https://www.cve.org/CVERecord?id=CVE-2023-38178)\n\n### Revisions\n\nV1.0 (August 08, 2023): Advisory published.\n\n_Version 1.0_\n\n_Last Updated 2023-08-08_",
  "severity": [
    {
      "type": "CVSS_V3",
      "score": "CVSS:3.1/AV:N/AC:L/PR:N/UI:N/S:U/C:N/I:N/A:H"
    }
  ],
  "affected": [
    {
      "package": {
        "ecosystem": "NuGet",
        "name": "Microsoft.AspNetCore.App.Runtime.win-arm64"
      },
      "ranges": [
        {
          "type": "ECOSYSTEM",
          "events": [
            {
              "introduced": "7.0.0"
            },
            {
              "fixed": "7.0.10"
            }
          ]
        }
      ],
      "database_specific": {
        "last_known_affected_version_range": "<= 7.0.9"
      }
    },
    {
      "package": {
        "ecosystem": "NuGet",
        "name": "Microsoft.AspNetCore.App.Runtime.win-arm"
      },
      "ranges": [
        {
          "type": "ECOSYSTEM",
          "events": [
            {
              "introduced": "7.0.0"
            },
            {
              "fixed": "7.0.10"
            }
          ]
        }
      ],
      "database_specific": {
        "last_known_affected_version_range": "<= 7.0.9"
      }
    },
    {
      "package": {
        "ecosystem": "NuGet",
        "name": "Microsoft.AspNetCore.App.Runtime.win-x64"
      },
      "ranges": [
        {
          "type": "ECOSYSTEM",
          "events": [
            {
              "introduced": "7.0.0"
            },
            {
              "fixed": "7.0.10"
            }
          ]
        }
      ],
      "database_specific": {
        "last_known_affected_version_range": "<= 7.0.9"
      }
    },
    {
      "package": {
        "ecosystem": "NuGet",
        "name": "Microsoft.AspNetCore.App.Runtime.win-x86"
      },
      "ranges": [
        {
          "type": "ECOSYSTEM",
          "events": [
            {
              "introduced": "7.0.0"
            },
            {
              "fixed": "7.0.10"
            }
          ]
        }
      ],
      "database_specific": {
        "last_known_affected_version_range": "<= 7.0.9"
      }
    },
    {
      "package": {
        "ecosystem": "NuGet",
        "name": "Microsoft.NetCore.App.Runtime.win-arm"
      },
      "ranges": [
        {
          "type": "ECOSYSTEM",
          "events": [
            {
              "introduced": "7.0.0"
            },
            {
              "fixed": "7.0.10"
            }
          ]
        }
      ],
      "database_specific": {
        "last_known_affected_version_range": "<= 7.0.9"
      }
    },
    {
      "package": {
        "ecosystem": "NuGet",
        "name": "Microsoft.NetCore.App.Runtime.win-arm64"
      },
      "ranges": [
        {
          "type": "ECOSYSTEM",
          "events": [
            {
              "introduced": "7.0.0"
            },
            {
              "fixed": "7.0.10"
            }
          ]
        }
      ],
      "database_specific": {
        "last_known_affected_version_range": "<= 7.0.9"
      }
    },
    {
      "package": {
        "ecosystem": "NuGet",
        "name": "Microsoft.NetCore.App.Runtime.win-x64"
      },
      "ranges": [
        {
          "type": "ECOSYSTEM",
          "events": [
            {
              "introduced": "7.0.0"
            },
            {
              "fixed": "7.0.10"
            }
          ]
        }
      ],
      "database_specific": {
        "last_known_affected_version_range": "<= 7.0.9"
      }
    },
    {
      "package": {
        "ecosystem": "NuGet",
        "name": "Microsoft.NetCore.App.Runtime.win-x86"
      },
      "ranges": [
        {
          "type": "ECOSYSTEM",
          "events": [
            {
              "introduced": "7.0.0"
            },
            {
              "fixed": "7.0.10"
            }
          ]
        }
      ],
      "database_specific": {
        "last_known_affected_version_range": "<= 7.0.9"
      }
    }
  ],
  "references": [
    {
      "type": "WEB",
      "url": "https://github.com/dotnet/runtime/security/advisories/GHSA-p57v-gv7q-4xfm"
    },
    {
      "type": "ADVISORY",
      "url": "https://nvd.nist.gov/vuln/detail/CVE-2023-38178"
    },
    {
      "type": "PACKAGE",
      "url": "https://github.com/dotnet/runtime"
    },
    {
      "type": "WEB",
      "url": "https://msrc.microsoft.com/update-guide/vulnerability/CVE-2023-38178"
    }
  ],
  "database_specific": {
    "cwe_ids": [
      "CWE-400"
    ],
    "severity": "HIGH",
    "github_reviewed": true,
    "github_reviewed_at": "2023-08-09T13:04:54Z",
    "nvd_published_at": "2023-08-08T18:15:22Z"
  }
}