{
  "schema_version": "1.4.0",
  "id": "GHSA-73rp-q4rx-5grc",
  "modified": "2022-05-24T22:00:35Z",
  "published": "2022-05-10T00:00:21Z",
  "aliases": [
    "CVE-2022-1631"
  ],
  "summary": "Incorrect Authorization in microweber",
  "details": "Users Account Pre-Takeover or Users Account Takeover. in GitHub repository microweber/microweber prior to 1.2.15. Victim Account Take Over. Since, there is no email confirmation, an attacker can easily create an account in the application using the Victim\u2019s Email. This allows an attacker to gain pre-authentication to the victim\u2019s account. Further, due to the lack of proper validation of email coming from Social Login and failing to check if an account already exists, the victim will not identify if an account is already existing. Hence, the attacker\u2019s persistence will remain. An attacker would be able to see all the activities performed by the victim user impacting the confidentiality and attempt to modify/corrupt the data impacting the integrity and availability factor. This attack becomes more interesting when an attacker can register an account from an employee\u2019s email address. Assuming the organization uses G-Suite, it is much more impactful to hijack into an employee\u2019s account.",
  "severity": [
    {
      "type": "CVSS_V3",
      "score": "CVSS:3.1/AV:N/AC:L/PR:N/UI:R/S:U/C:H/I:H/A:H"
    }
  ],
  "affected": [
    {
      "package": {
        "ecosystem": "Packagist",
        "name": "microweber/microweber"
      },
      "ranges": [
        {
          "type": "ECOSYSTEM",
          "events": [
            {
              "introduced": "0"
            },
            {
              "fixed": "1.2.15"
            }
          ]
        }
      ]
    }
  ],
  "references": [
    {
      "type": "ADVISORY",
      "url": "https://nvd.nist.gov/vuln/detail/CVE-2022-1631"
    },
    {
      "type": "WEB",
      "url": "https://github.com/microweber/microweber/commit/c162dfffb9bfd264d232aaaf5bb3daee16a3cb38"
    },
    {
      "type": "PACKAGE",
      "url": "https://github.com/microweber/microweber"
    },
    {
      "type": "WEB",
      "url": "https://huntr.dev/bounties/5494e258-5c7b-44b4-b443-85cff7ae0ba4"
    }
  ],
  "database_specific": {
    "cwe_ids": [
      "CWE-284",
      "CWE-863"
    ],
    "severity": "HIGH",
    "github_reviewed": true,
    "github_reviewed_at": "2022-05-24T22:00:35Z",
    "nvd_published_at": "2022-05-09T14:15:00Z"
  }
}