{
  "schema_version": "1.4.0",
  "id": "GHSA-cpcw-p965-wpqx",
  "modified": "2024-10-21T21:25:20Z",
  "published": "2022-05-24T17:21:16Z",
  "aliases": [
    "CVE-2020-14019"
  ],
  "summary": "rtslib-fb weak permissions for /etc/target/saveconfig.json file",
  "details": "Python rtslib-fb through 2.1.72 has weak permissions for `/etc/target/saveconfig.json` because shutil.copyfile (instead of shutil.copy) is used, and thus permissions are not preserved.",
  "severity": [
    {
      "type": "CVSS_V3",
      "score": "CVSS:3.1/AV:L/AC:L/PR:L/UI:N/S:U/C:H/I:H/A:H"
    }
  ],
  "affected": [
    {
      "package": {
        "ecosystem": "PyPI",
        "name": "rtslib-fb"
      },
      "ranges": [
        {
          "type": "ECOSYSTEM",
          "events": [
            {
              "introduced": "0"
            },
            {
              "fixed": "2.1.73"
            }
          ]
        }
      ],
      "database_specific": {
        "last_known_affected_version_range": "<= 2.1.72"
      }
    }
  ],
  "references": [
    {
      "type": "ADVISORY",
      "url": "https://nvd.nist.gov/vuln/detail/CVE-2020-14019"
    },
    {
      "type": "WEB",
      "url": "https://github.com/open-iscsi/rtslib-fb/pull/162"
    },
    {
      "type": "WEB",
      "url": "https://github.com/open-iscsi/rtslib-fb/commit/b23d061ee0fa7924d2cdce6194c313b9ee06c468"
    },
    {
      "type": "PACKAGE",
      "url": "https://github.com/open-iscsi/rtslib-fb"
    },
    {
      "type": "WEB",
      "url": "https://github.com/pypa/advisory-database/tree/main/vulns/rtslib-fb/PYSEC-2020-250.yaml"
    },
    {
      "type": "WEB",
      "url": "https://lists.fedoraproject.org/archives/list/package-announce@lists.fedoraproject.org/message/TNMCV2DJJTX345YYBXAMJBXNNVUZQ5UH"
    },
    {
      "type": "WEB",
      "url": "http://lists.opensuse.org/opensuse-security-announce/2020-08/msg00012.html"
    }
  ],
  "database_specific": {
    "cwe_ids": [
      "CWE-276"
    ],
    "severity": "HIGH",
    "github_reviewed": true,
    "github_reviewed_at": "2023-08-02T22:38:29Z",
    "nvd_published_at": "2020-06-19T11:15:00Z"
  }
}