{
  "schema_version": "1.4.0",
  "id": "GHSA-3w37-5p3p-jv92",
  "modified": "2023-09-07T14:48:39Z",
  "published": "2022-12-13T15:30:27Z",
  "aliases": [
    "CVE-2022-46363"
  ],
  "summary": "Apache CXF vulnerable to Exposure of Sensitive Information",
  "details": "A vulnerability in Apache CXF before versions 3.5.5 and 3.4.10 allows an attacker to perform a remote directory listing or code exfiltration. The vulnerability only applies when the CXFServlet is configured with both the static-resources-list and redirect-query-check attributes. These attributes are not supposed to be used together, and so the vulnerability can only arise if the CXF service is misconfigured.",
  "severity": [
    {
      "type": "CVSS_V3",
      "score": "CVSS:3.1/AV:N/AC:L/PR:N/UI:N/S:U/C:H/I:N/A:N"
    }
  ],
  "affected": [
    {
      "package": {
        "ecosystem": "Maven",
        "name": "org.apache.cxf:cxf-core"
      },
      "ranges": [
        {
          "type": "ECOSYSTEM",
          "events": [
            {
              "introduced": "0"
            },
            {
              "fixed": "3.4.10"
            }
          ]
        }
      ]
    },
    {
      "package": {
        "ecosystem": "Maven",
        "name": "org.apache.cxf:cxf-core"
      },
      "ranges": [
        {
          "type": "ECOSYSTEM",
          "events": [
            {
              "introduced": "3.5.0"
            },
            {
              "fixed": "3.5.5"
            }
          ]
        }
      ]
    }
  ],
  "references": [
    {
      "type": "ADVISORY",
      "url": "https://nvd.nist.gov/vuln/detail/CVE-2022-46363"
    },
    {
      "type": "PACKAGE",
      "url": "https://github.com/apache/cxf"
    },
    {
      "type": "WEB",
      "url": "https://lists.apache.org/thread/pdzo1qgyplf4y523tnnzrcm7hoco3l8c"
    }
  ],
  "database_specific": {
    "cwe_ids": [
      "CWE-20",
      "CWE-200"
    ],
    "severity": "HIGH",
    "github_reviewed": true,
    "github_reviewed_at": "2022-12-13T19:26:03Z",
    "nvd_published_at": "2022-12-13T15:15:00Z"
  }
}