{
  "schema_version": "1.4.0",
  "id": "GHSA-jv34-xvjq-ppch",
  "modified": "2024-11-26T18:36:56Z",
  "published": "2022-05-17T04:48:26Z",
  "aliases": [
    "CVE-2014-2573"
  ],
  "summary": "OpenStack Nova VMWare driver leaks rescued images",
  "details": "The VMWare driver in OpenStack Compute (Nova) 2013.2 through 2013.2.2 does not properly put VMs into RESCUE status, which allows remote authenticated users to bypass the quota limit and cause a denial of service (resource consumption) by requesting the VM be put into rescue and then deleting the image.",
  "severity": [
    {
      "type": "CVSS_V3",
      "score": "CVSS:3.1/AV:N/AC:L/PR:L/UI:N/S:U/C:N/I:N/A:H"
    },
    {
      "type": "CVSS_V4",
      "score": "CVSS:4.0/AV:N/AC:L/AT:N/PR:L/UI:N/VC:N/VI:N/VA:H/SC:N/SI:N/SA:N"
    }
  ],
  "affected": [
    {
      "package": {
        "ecosystem": "PyPI",
        "name": "nova"
      },
      "ranges": [
        {
          "type": "ECOSYSTEM",
          "events": [
            {
              "introduced": "0"
            },
            {
              "fixed": "12.0.0a0"
            }
          ]
        }
      ]
    }
  ],
  "references": [
    {
      "type": "ADVISORY",
      "url": "https://nvd.nist.gov/vuln/detail/CVE-2014-2573"
    },
    {
      "type": "WEB",
      "url": "https://github.com/openstack/nova/commit/b3cc3f62a60662e5bb82136c0cfa464592a6afe9"
    },
    {
      "type": "WEB",
      "url": "https://github.com/openstack/nova/commit/efb66531bc37ee416778a70d46c657608ca767af"
    },
    {
      "type": "WEB",
      "url": "https://bugs.launchpad.net/nova/+bug/1269418"
    },
    {
      "type": "PACKAGE",
      "url": "https://github.com/openstack/nova"
    },
    {
      "type": "WEB",
      "url": "https://github.com/pypa/advisory-database/tree/main/vulns/nova/PYSEC-2014-113.yaml"
    },
    {
      "type": "WEB",
      "url": "http://www.openwall.com/lists/oss-security/2014/03/21/1"
    },
    {
      "type": "WEB",
      "url": "http://www.openwall.com/lists/oss-security/2014/03/21/2"
    }
  ],
  "database_specific": {
    "cwe_ids": [
      "CWE-770"
    ],
    "severity": "HIGH",
    "github_reviewed": true,
    "github_reviewed_at": "2024-05-14T21:13:56Z",
    "nvd_published_at": "2014-03-25T16:55:00Z"
  }
}