{
  "schema_version": "1.4.0",
  "id": "GHSA-748f-wv76-x9hg",
  "modified": "2021-07-13T15:53:15Z",
  "published": "2021-09-08T17:26:26Z",
  "aliases": [
    "CVE-2021-28931"
  ],
  "summary": "Arbitrary file upload in Fork CMS",
  "details": "Arbitrary file upload vulnerability in Fork CMS 5.9.2 allows attackers to create or replace arbitrary files in the /themes directory via a crafted zip file uploaded to the Themes panel.",
  "severity": [
    {
      "type": "CVSS_V3",
      "score": "CVSS:3.1/AV:N/AC:L/PR:L/UI:N/S:U/C:H/I:H/A:H"
    }
  ],
  "affected": [
    {
      "package": {
        "ecosystem": "Packagist",
        "name": "forkcms/forkcms"
      },
      "ranges": [
        {
          "type": "ECOSYSTEM",
          "events": [
            {
              "introduced": "0"
            },
            {
              "fixed": "5.9.3"
            }
          ]
        }
      ],
      "database_specific": {
        "last_known_affected_version_range": "<= 5.9.2"
      }
    }
  ],
  "references": [
    {
      "type": "ADVISORY",
      "url": "https://nvd.nist.gov/vuln/detail/CVE-2021-28931"
    },
    {
      "type": "WEB",
      "url": "https://github.com/forkcms/forkcms/pull/3351"
    },
    {
      "type": "WEB",
      "url": "https://github.com/bousalman/ForkCMS-arbitrary-upload/blob/main/README.md"
    },
    {
      "type": "WEB",
      "url": "https://github.com/forkcms/forkcms/releases/tag/5.9.2"
    }
  ],
  "database_specific": {
    "cwe_ids": [
      "CWE-434"
    ],
    "severity": "HIGH",
    "github_reviewed": true,
    "github_reviewed_at": "2021-07-08T13:59:31Z",
    "nvd_published_at": "2021-07-07T15:15:00Z"
  }
}