{
  "schema_version": "1.4.0",
  "id": "GHSA-f6vf-465r-h42p",
  "modified": "2022-11-22T18:57:05Z",
  "published": "2022-05-14T02:46:39Z",
  "aliases": [
    "CVE-2016-2164"
  ],
  "summary": "Apache OpenMeetings allows remote attackers to read arbitrary files by attempting to upload a file",
  "details": "The (1) FileService.importFileByInternalUserId and (2) FileService.importFile SOAP API methods in Apache OpenMeetings before 3.1.1 improperly use the Java URL class without checking the specified protocol handler, which allows remote attackers to read arbitrary files by attempting to upload a file.",
  "severity": [
    {
      "type": "CVSS_V3",
      "score": "CVSS:3.0/AV:N/AC:L/PR:N/UI:N/S:U/C:H/I:N/A:N"
    }
  ],
  "affected": [
    {
      "package": {
        "ecosystem": "Maven",
        "name": "org.apache.openmeetings:openmeetings-parent"
      },
      "ranges": [
        {
          "type": "ECOSYSTEM",
          "events": [
            {
              "introduced": "0"
            },
            {
              "fixed": "3.1.1"
            }
          ]
        }
      ]
    }
  ],
  "references": [
    {
      "type": "ADVISORY",
      "url": "https://nvd.nist.gov/vuln/detail/CVE-2016-2164"
    },
    {
      "type": "PACKAGE",
      "url": "https://github.com/apache/openmeetings"
    },
    {
      "type": "WEB",
      "url": "https://www.apache.org/dist/openmeetings/3.1.1/CHANGELOG"
    },
    {
      "type": "WEB",
      "url": "http://openmeetings.apache.org/security.html"
    },
    {
      "type": "WEB",
      "url": "http://packetstormsecurity.com/files/136434/Apache-OpenMeetings-3.0.7-Arbitary-File-Read.html"
    }
  ],
  "database_specific": {
    "cwe_ids": [
      "CWE-200"
    ],
    "severity": "HIGH",
    "github_reviewed": true,
    "github_reviewed_at": "2022-11-22T18:57:05Z",
    "nvd_published_at": "2016-04-11T14:59:00Z"
  }
}