{
  "schema_version": "1.4.0",
  "id": "GHSA-w5fc-gj3h-26rx",
  "modified": "2024-07-11T17:25:31Z",
  "published": "2024-07-10T06:33:52Z",
  "aliases": [
    "CVE-2024-21526"
  ],
  "summary": "speaker vulnerable to Denial of Service",
  "details": "All versions of the package speaker are vulnerable to Denial of Service (DoS) when providing unexpected input types to the channels property of the Speaker object makes it possible to reach an assert macro. Exploiting this vulnerability can lead to a process crash.",
  "severity": [
    {
      "type": "CVSS_V3",
      "score": "CVSS:3.1/AV:N/AC:L/PR:N/UI:N/S:U/C:N/I:N/A:H"
    },
    {
      "type": "CVSS_V4",
      "score": "CVSS:4.0/AV:N/AC:L/AT:N/PR:N/UI:N/VC:N/VI:N/VA:H/SC:N/SI:N/SA:N"
    }
  ],
  "affected": [
    {
      "package": {
        "ecosystem": "npm",
        "name": "speaker"
      },
      "ranges": [
        {
          "type": "ECOSYSTEM",
          "events": [
            {
              "introduced": "0"
            },
            {
              "last_affected": "0.5.5"
            }
          ]
        }
      ]
    }
  ],
  "references": [
    {
      "type": "ADVISORY",
      "url": "https://nvd.nist.gov/vuln/detail/CVE-2024-21526"
    },
    {
      "type": "PACKAGE",
      "url": "https://github.com/TooTallNate/node-speaker"
    },
    {
      "type": "WEB",
      "url": "https://github.com/TooTallNate/node-speaker/blob/316afff5a393fce438cf7296011fcfc6e12aa9dc/src/binding.c#L48"
    },
    {
      "type": "WEB",
      "url": "https://security.snyk.io/vuln/SNYK-JS-SPEAKER-6370676"
    }
  ],
  "database_specific": {
    "cwe_ids": [
      "CWE-241",
      "CWE-400"
    ],
    "severity": "HIGH",
    "github_reviewed": true,
    "github_reviewed_at": "2024-07-10T21:38:31Z",
    "nvd_published_at": "2024-07-10T05:15:11Z"
  }
}