{
  "schema_version": "1.4.0",
  "id": "GHSA-8qpm-5c82-rf96",
  "modified": "2023-08-08T19:54:27Z",
  "published": "2021-05-06T15:52:02Z",
  "aliases": [
    "CVE-2021-20085"
  ],
  "summary": "Prototype Pollution in backbone-query-parameters",
  "details": "Improperly Controlled Modification of Object Prototype Attributes ('Prototype Pollution') in backbone-query-parameters 0.4.0 allows a malicious user to inject properties into Object.prototype.",
  "severity": [
    {
      "type": "CVSS_V3",
      "score": "CVSS:3.1/AV:N/AC:L/PR:L/UI:N/S:U/C:H/I:H/A:H"
    }
  ],
  "affected": [
    {
      "package": {
        "ecosystem": "npm",
        "name": "backbone-query-parameters"
      },
      "ranges": [
        {
          "type": "ECOSYSTEM",
          "events": [
            {
              "introduced": "0"
            },
            {
              "last_affected": "0.4.0"
            }
          ]
        }
      ]
    }
  ],
  "references": [
    {
      "type": "ADVISORY",
      "url": "https://nvd.nist.gov/vuln/detail/CVE-2021-20085"
    },
    {
      "type": "WEB",
      "url": "https://github.com/BlackFan/client-side-prototype-pollution/blob/master/pp/backbone-qp.md"
    }
  ],
  "database_specific": {
    "cwe_ids": [
      "CWE-1321"
    ],
    "severity": "HIGH",
    "github_reviewed": true,
    "github_reviewed_at": "2021-04-26T19:07:16Z",
    "nvd_published_at": "2021-04-23T19:15:00Z"
  }
}