{
  "schema_version": "1.4.0",
  "id": "GHSA-q9r2-f3vc-rjg8",
  "modified": "2020-08-19T22:28:51Z",
  "published": "2020-08-19T22:28:51Z",
  "withdrawn": "2020-08-19T22:28:51Z",
  "aliases": [],
  "summary": "Command Injection in macaddress",
  "details": "Withdrawn: Duplicate of GHSA-pp57-mqmh-44h7",
  "severity": [],
  "affected": [
    {
      "package": {
        "ecosystem": "npm",
        "name": "macaddress"
      },
      "ranges": [
        {
          "type": "ECOSYSTEM",
          "events": [
            {
              "introduced": "0"
            },
            {
              "fixed": "0.2.9"
            }
          ]
        }
      ]
    }
  ],
  "references": [
    {
      "type": "WEB",
      "url": "https://hackerone.com/reports/319467"
    }
  ],
  "database_specific": {
    "cwe_ids": [],
    "severity": "HIGH",
    "github_reviewed": true,
    "github_reviewed_at": "2019-06-12T16:32:29Z",
    "nvd_published_at": null
  }
}