{
  "schema_version": "1.4.0",
  "id": "GHSA-r2f6-6928-fh8f",
  "modified": "2025-02-13T19:10:19Z",
  "published": "2023-08-17T15:30:23Z",
  "aliases": [
    "CVE-2023-40272"
  ],
  "summary": "Apache Airflow Spark Provider Improper Input Validation vulnerability",
  "details": "Apache Airflow Spark Provider, versions before 4.1.3, is affected by a vulnerability that allows an attacker to pass in malicious parameters when establishing a connection giving an opportunity to read files on the Airflow server.\nIt is recommended to upgrade to a version that is not affected.",
  "severity": [
    {
      "type": "CVSS_V3",
      "score": "CVSS:3.1/AV:N/AC:L/PR:N/UI:N/S:U/C:H/I:N/A:N"
    }
  ],
  "affected": [
    {
      "package": {
        "ecosystem": "PyPI",
        "name": "apache-airflow-providers-apache-spark"
      },
      "ranges": [
        {
          "type": "ECOSYSTEM",
          "events": [
            {
              "introduced": "0"
            },
            {
              "fixed": "4.1.3"
            }
          ]
        }
      ]
    }
  ],
  "references": [
    {
      "type": "ADVISORY",
      "url": "https://nvd.nist.gov/vuln/detail/CVE-2023-40272"
    },
    {
      "type": "WEB",
      "url": "https://lists.apache.org/thread/t03gktyzyor20rh06okd91jtqmw6k1l7"
    },
    {
      "type": "WEB",
      "url": "http://www.openwall.com/lists/oss-security/2023/08/17/1"
    },
    {
      "type": "WEB",
      "url": "http://www.openwall.com/lists/oss-security/2023/08/18/1"
    }
  ],
  "database_specific": {
    "cwe_ids": [
      "CWE-20"
    ],
    "severity": "HIGH",
    "github_reviewed": true,
    "github_reviewed_at": "2023-08-17T19:06:45Z",
    "nvd_published_at": "2023-08-17T14:15:10Z"
  }
}