{
  "schema_version": "1.4.0",
  "id": "GHSA-9895-g6x5-xwcp",
  "modified": "2022-12-12T22:25:49Z",
  "published": "2022-12-06T21:30:46Z",
  "aliases": [
    "CVE-2022-4147"
  ],
  "summary": "Quarkus CORS filter allows simple GET and POST requests with an invalid Origin to proceed",
  "details": "Quarkus CORS filter allows simple GET and POST requests with invalid Origin to proceed. Simple GET or POST requests made with XMLHttpRequest are the ones which have no event listeners registered on the object returned by the XMLHttpRequest upload property and have no ReadableStream object used in the request.",
  "severity": [
    {
      "type": "CVSS_V3",
      "score": "CVSS:3.1/AV:N/AC:H/PR:N/UI:R/S:U/C:H/I:H/A:H"
    }
  ],
  "affected": [
    {
      "package": {
        "ecosystem": "Maven",
        "name": "io.quarkus:quarkus-vertx-http"
      },
      "ranges": [
        {
          "type": "ECOSYSTEM",
          "events": [
            {
              "introduced": "2.14.0.CR1"
            },
            {
              "fixed": "2.14.2.Final"
            }
          ]
        }
      ]
    },
    {
      "package": {
        "ecosystem": "Maven",
        "name": "io.quarkus:quarkus-vertx-http"
      },
      "ranges": [
        {
          "type": "ECOSYSTEM",
          "events": [
            {
              "introduced": "0"
            },
            {
              "fixed": "2.13.5.Final"
            }
          ]
        }
      ]
    }
  ],
  "references": [
    {
      "type": "ADVISORY",
      "url": "https://nvd.nist.gov/vuln/detail/CVE-2022-4147"
    },
    {
      "type": "WEB",
      "url": "https://access.redhat.com/security/cve/CVE-2022-4147"
    },
    {
      "type": "WEB",
      "url": "https://bugzilla.redhat.com/show_bug.cgi?id=2148867"
    },
    {
      "type": "PACKAGE",
      "url": "https://github.com/quarkusio/quarkus"
    },
    {
      "type": "WEB",
      "url": "https://quarkus.io/blog/quarkus-2-14-2-final-released"
    }
  ],
  "database_specific": {
    "cwe_ids": [
      "CWE-285"
    ],
    "severity": "HIGH",
    "github_reviewed": true,
    "github_reviewed_at": "2022-12-06T22:25:38Z",
    "nvd_published_at": "2022-12-06T19:15:00Z"
  }
}