{
  "schema_version": "1.4.0",
  "id": "GHSA-pfv6-prqm-85q8",
  "modified": "2022-04-22T20:50:33Z",
  "published": "2022-04-16T00:00:26Z",
  "aliases": [
    "CVE-2022-24279"
  ],
  "summary": "Prototype Pollution in madlib-object-utils",
  "details": "The package madlib-object-utils before version 0.1.8 is vulnerable to Prototype Pollution via the `setValue` method, as it allows an attacker to merge object prototypes into it. *Note:* This vulnerability derives from an incomplete fix of [CVE-2020-7701](https://security.snyk.io/vuln/SNYK-JS-MADLIBOBJECTUTILS-598676)",
  "severity": [
    {
      "type": "CVSS_V3",
      "score": "CVSS:3.1/AV:N/AC:L/PR:N/UI:N/S:U/C:N/I:H/A:N"
    }
  ],
  "affected": [
    {
      "package": {
        "ecosystem": "npm",
        "name": "madlib-object-utils"
      },
      "ranges": [
        {
          "type": "ECOSYSTEM",
          "events": [
            {
              "introduced": "0"
            },
            {
              "fixed": "0.1.8"
            }
          ]
        }
      ]
    }
  ],
  "references": [
    {
      "type": "ADVISORY",
      "url": "https://nvd.nist.gov/vuln/detail/CVE-2022-24279"
    },
    {
      "type": "WEB",
      "url": "https://github.com/Qwerios/madlib-object-utils/commit/8d5d54c11c8fb9a7980a99778329acd13e3ef98f"
    },
    {
      "type": "PACKAGE",
      "url": "https://github.com/Qwerios/madlib-object-utils"
    },
    {
      "type": "WEB",
      "url": "https://snyk.io/vuln/SNYK-JS-MADLIBOBJECTUTILS-2388572"
    }
  ],
  "database_specific": {
    "cwe_ids": [
      "CWE-1321"
    ],
    "severity": "HIGH",
    "github_reviewed": true,
    "github_reviewed_at": "2022-04-22T20:50:33Z",
    "nvd_published_at": "2022-04-15T20:15:00Z"
  }
}