{
  "schema_version": "1.4.0",
  "id": "GHSA-553q-hpvp-q8pc",
  "modified": "2021-12-07T21:24:53Z",
  "published": "2021-12-10T20:22:15Z",
  "aliases": [
    "CVE-2021-4075"
  ],
  "summary": "Server-Side Request Forgery in snipe/snipe-it",
  "details": "Admin users on the external network can perform blind POST-based SSRF (issue requests on behalf of the server into the internal network) via the Slack Integration. This vulnerability is capable of port-scanning of the internal network, issue POST requests to web servers on the internal network which can be escalated to higher-impact.",
  "severity": [
    {
      "type": "CVSS_V3",
      "score": "CVSS:3.1/AV:N/AC:L/PR:H/UI:N/S:U/C:H/I:H/A:H"
    }
  ],
  "affected": [
    {
      "package": {
        "ecosystem": "Packagist",
        "name": "snipe/snipe-it"
      },
      "ranges": [
        {
          "type": "ECOSYSTEM",
          "events": [
            {
              "introduced": "0"
            },
            {
              "fixed": "6.0.0-GM"
            }
          ]
        }
      ],
      "database_specific": {
        "last_known_affected_version_range": "<= 5.3.3"
      }
    }
  ],
  "references": [
    {
      "type": "ADVISORY",
      "url": "https://nvd.nist.gov/vuln/detail/CVE-2021-4075"
    },
    {
      "type": "WEB",
      "url": "https://github.com/snipe/snipe-it/commit/4612b9e711b3ff5d2bcddbec5b18866d25f8e34e"
    },
    {
      "type": "PACKAGE",
      "url": "https://github.com/snipe/snipe-it"
    },
    {
      "type": "WEB",
      "url": "https://huntr.dev/bounties/4386fd8b-8c80-42bb-87b8-b506c46597de"
    }
  ],
  "database_specific": {
    "cwe_ids": [
      "CWE-918"
    ],
    "severity": "HIGH",
    "github_reviewed": true,
    "github_reviewed_at": "2021-12-07T21:24:53Z",
    "nvd_published_at": "2021-12-06T21:15:00Z"
  }
}