{
  "schema_version": "1.4.0",
  "id": "GHSA-89gw-cffj-mqg9",
  "modified": "2023-07-06T23:09:39Z",
  "published": "2023-07-06T21:14:54Z",
  "aliases": [
    "CVE-2022-45048"
  ],
  "summary": "Apache Ranger code execution vulnerability in policy expressions",
  "details": "Authenticated users with appropriate privileges can create policies having expressions that can exploit code execution vulnerability.\u00a0This issue affects Apache Ranger: 2.3.0. Users are recommended to update to version 2.4.0.\n\n\n",
  "severity": [
    {
      "type": "CVSS_V3",
      "score": "CVSS:3.1/AV:N/AC:L/PR:L/UI:N/S:U/C:H/I:H/A:H"
    }
  ],
  "affected": [
    {
      "package": {
        "ecosystem": "Maven",
        "name": "org.apache.ranger:ranger"
      },
      "ranges": [
        {
          "type": "ECOSYSTEM",
          "events": [
            {
              "introduced": "2.3.0"
            },
            {
              "fixed": "2.4.0"
            }
          ]
        }
      ],
      "versions": [
        "2.3.0"
      ]
    }
  ],
  "references": [
    {
      "type": "ADVISORY",
      "url": "https://nvd.nist.gov/vuln/detail/CVE-2022-45048"
    },
    {
      "type": "PACKAGE",
      "url": "https://github.com/apache/ranger"
    },
    {
      "type": "WEB",
      "url": "https://lists.apache.org/thread/6rpzwy1smdhr60tsh1ydknn3kdm45bb6"
    }
  ],
  "database_specific": {
    "cwe_ids": [
      "CWE-74"
    ],
    "severity": "HIGH",
    "github_reviewed": true,
    "github_reviewed_at": "2023-07-06T23:09:39Z",
    "nvd_published_at": "2023-05-05T08:15:09Z"
  }
}