{
  "schema_version": "1.4.0",
  "id": "GHSA-7g7r-gr46-q4p5",
  "modified": "2022-01-31T21:47:28Z",
  "published": "2022-01-27T16:21:33Z",
  "aliases": [
    "CVE-2022-0269"
  ],
  "summary": "Cross-Site Request Forgery in yetiforce",
  "details": "Versions of yetiforce 6.3.0 and prior are subject to privilege escalation via a cross site request forgery bug. This allows an attacker to create a new admin account even with SameSite: Strict enabled. This vulnerability can be exploited by any user on the system including guest users.",
  "severity": [
    {
      "type": "CVSS_V3",
      "score": "CVSS:3.1/AV:N/AC:L/PR:L/UI:R/S:U/C:H/I:H/A:H"
    }
  ],
  "affected": [
    {
      "package": {
        "ecosystem": "Packagist",
        "name": "yetiforce/yetiforce-crm"
      },
      "ranges": [
        {
          "type": "ECOSYSTEM",
          "events": [
            {
              "introduced": "0"
            },
            {
              "last_affected": "6.3.0"
            }
          ]
        }
      ]
    }
  ],
  "references": [
    {
      "type": "ADVISORY",
      "url": "https://nvd.nist.gov/vuln/detail/CVE-2022-0269"
    },
    {
      "type": "WEB",
      "url": "https://github.com/yetiforcecompany/yetiforcecrm/commit/298c7870e6fe4332d8aa1757a9c8d79f841389ff"
    },
    {
      "type": "WEB",
      "url": "https://github.com/yetiforcecompany/yetiforcecrm"
    },
    {
      "type": "WEB",
      "url": "https://huntr.dev/bounties/a0470915-f6df-45b8-b3a2-01aebe764df0"
    }
  ],
  "database_specific": {
    "cwe_ids": [
      "CWE-352"
    ],
    "severity": "HIGH",
    "github_reviewed": true,
    "github_reviewed_at": "2022-01-25T21:09:59Z",
    "nvd_published_at": "2022-01-24T12:15:00Z"
  }
}