{
  "schema_version": "1.4.0",
  "id": "GHSA-v362-2895-h9r2",
  "modified": "2023-06-13T18:38:43Z",
  "published": "2022-01-07T22:37:01Z",
  "aliases": [
    "CVE-2021-45720"
  ],
  "summary": "Use After Free in lru",
  "details": "Lru crate has two functions for getting an iterator. Both iterators give references to key and value. Calling specific functions, like pop(), will remove and free the value, and but it's still possible to access the reference of value which is already dropped causing use after free.",
  "severity": [
    {
      "type": "CVSS_V3",
      "score": "CVSS:3.1/AV:N/AC:L/PR:N/UI:N/S:U/C:N/I:N/A:H"
    }
  ],
  "affected": [
    {
      "package": {
        "ecosystem": "crates.io",
        "name": "lru"
      },
      "ranges": [
        {
          "type": "ECOSYSTEM",
          "events": [
            {
              "introduced": "0"
            },
            {
              "fixed": "0.7.1"
            }
          ]
        }
      ]
    }
  ],
  "references": [
    {
      "type": "ADVISORY",
      "url": "https://nvd.nist.gov/vuln/detail/CVE-2021-45720"
    },
    {
      "type": "WEB",
      "url": "https://github.com/jeromefroe/lru-rs/issues/120"
    },
    {
      "type": "PACKAGE",
      "url": "https://github.com/jeromefroe/lru-rs.git"
    },
    {
      "type": "WEB",
      "url": "https://raw.githubusercontent.com/rustsec/advisory-db/main/crates/lru/RUSTSEC-2021-0130.md"
    },
    {
      "type": "WEB",
      "url": "https://rustsec.org/advisories/RUSTSEC-2021-0130.html"
    }
  ],
  "database_specific": {
    "cwe_ids": [
      "CWE-416"
    ],
    "severity": "HIGH",
    "github_reviewed": true,
    "github_reviewed_at": "2022-01-07T20:44:44Z",
    "nvd_published_at": "2021-12-26T22:15:00Z"
  }
}