{
  "schema_version": "1.4.0",
  "id": "GHSA-mpwj-fcr6-x34c",
  "modified": "2024-02-05T20:20:29Z",
  "published": "2024-02-04T21:30:43Z",
  "aliases": [
    "CVE-2021-4435"
  ],
  "summary": "Yarn untrusted search path vulnerability",
  "details": "An untrusted search path vulnerability was found in Yarn. When a victim runs certain Yarn commands in a directory with attacker-controlled content, malicious commands could be executed in unexpected ways.",
  "severity": [
    {
      "type": "CVSS_V3",
      "score": "CVSS:3.1/AV:L/AC:H/PR:N/UI:R/S:C/C:H/I:H/A:H"
    }
  ],
  "affected": [
    {
      "package": {
        "ecosystem": "npm",
        "name": "yarn"
      },
      "ranges": [
        {
          "type": "ECOSYSTEM",
          "events": [
            {
              "introduced": "0"
            },
            {
              "fixed": "1.22.13"
            }
          ]
        }
      ]
    }
  ],
  "references": [
    {
      "type": "ADVISORY",
      "url": "https://nvd.nist.gov/vuln/detail/CVE-2021-4435"
    },
    {
      "type": "WEB",
      "url": "https://github.com/yarnpkg/yarn/commit/67fcce88935e45092ffa2674c08053f1ef5268a1"
    },
    {
      "type": "WEB",
      "url": "https://access.redhat.com/security/cve/CVE-2021-4435"
    },
    {
      "type": "WEB",
      "url": "https://bugzilla.redhat.com/show_bug.cgi?id=2262284"
    },
    {
      "type": "PACKAGE",
      "url": "https://github.com/yarnpkg/yarn"
    },
    {
      "type": "WEB",
      "url": "https://github.com/yarnpkg/yarn/releases/tag/v1.22.13"
    }
  ],
  "database_specific": {
    "cwe_ids": [
      "CWE-426"
    ],
    "severity": "HIGH",
    "github_reviewed": true,
    "github_reviewed_at": "2024-02-05T20:20:29Z",
    "nvd_published_at": "2024-02-04T20:15:45Z"
  }
}