{
  "schema_version": "1.4.0",
  "id": "GHSA-3c45-wgjp-7v9r",
  "modified": "2024-11-25T19:24:25Z",
  "published": "2019-12-17T22:52:34Z",
  "aliases": [
    "CVE-2014-7143"
  ],
  "summary": "Python Twisted trustRoot is not respected in HTTP client",
  "details": "Python Twisted 14.0.0 `trustRoot` is not respected in HTTP client",
  "severity": [
    {
      "type": "CVSS_V3",
      "score": "CVSS:3.1/AV:N/AC:L/PR:N/UI:N/S:U/C:N/I:H/A:N"
    },
    {
      "type": "CVSS_V4",
      "score": "CVSS:4.0/AV:N/AC:L/AT:N/PR:N/UI:N/VC:N/VI:H/VA:N/SC:N/SI:N/SA:N"
    }
  ],
  "affected": [
    {
      "package": {
        "ecosystem": "PyPI",
        "name": "Twisted"
      },
      "ranges": [
        {
          "type": "ECOSYSTEM",
          "events": [
            {
              "introduced": "14.0.0"
            },
            {
              "fixed": "14.0.1"
            }
          ]
        }
      ],
      "versions": [
        "14.0.0"
      ]
    }
  ],
  "references": [
    {
      "type": "ADVISORY",
      "url": "https://nvd.nist.gov/vuln/detail/CVE-2014-7143"
    },
    {
      "type": "WEB",
      "url": "https://github.com/twisted/twisted/commit/3b5942252f5f3e45862a0e12b266ab29e243cc33"
    },
    {
      "type": "WEB",
      "url": "https://bugzilla.redhat.com/show_bug.cgi?id=CVE-2014-7143"
    },
    {
      "type": "WEB",
      "url": "https://exchange.xforce.ibmcloud.com/vulnerabilities/96135"
    },
    {
      "type": "WEB",
      "url": "https://github.com/pypa/advisory-database/tree/main/vulns/twisted/PYSEC-2019-212.yaml"
    },
    {
      "type": "PACKAGE",
      "url": "https://github.com/twisted/twisted"
    },
    {
      "type": "WEB",
      "url": "https://security-tracker.debian.org/tracker/CVE-2014-7143"
    },
    {
      "type": "WEB",
      "url": "http://www.openwall.com/lists/oss-security/2014/09/22/2"
    }
  ],
  "database_specific": {
    "cwe_ids": [
      "CWE-295"
    ],
    "severity": "HIGH",
    "github_reviewed": true,
    "github_reviewed_at": "2019-12-17T01:47:21Z",
    "nvd_published_at": "2019-11-12T14:15:11Z"
  }
}