{
  "schema_version": "1.4.0",
  "id": "GHSA-w7cg-5969-678w",
  "modified": "2023-12-08T22:36:54Z",
  "published": "2022-05-14T03:13:01Z",
  "aliases": [
    "CVE-2015-5351"
  ],
  "summary": "Apache Tomcat allows remote attackers to bypass a CSRF protection mechanism by using a token",
  "details": "The (1) Manager and (2) Host Manager applications in Apache Tomcat 7.x before 7.0.68, 8.x before 8.0.31, and 9.x before 9.0.0.M2 establish sessions and send CSRF tokens for arbitrary new requests, which allows remote attackers to bypass a CSRF protection mechanism by using a token.",
  "severity": [
    {
      "type": "CVSS_V3",
      "score": "CVSS:3.0/AV:N/AC:L/PR:N/UI:R/S:U/C:H/I:H/A:H"
    }
  ],
  "affected": [
    {
      "package": {
        "ecosystem": "Maven",
        "name": "org.apache.tomcat:tomcat"
      },
      "ranges": [
        {
          "type": "ECOSYSTEM",
          "events": [
            {
              "introduced": "0"
            },
            {
              "fixed": "7.0.68"
            }
          ]
        }
      ]
    },
    {
      "package": {
        "ecosystem": "Maven",
        "name": "org.apache.tomcat:tomcat"
      },
      "ranges": [
        {
          "type": "ECOSYSTEM",
          "events": [
            {
              "introduced": "8.0.0"
            },
            {
              "fixed": "8.0.31"
            }
          ]
        }
      ]
    },
    {
      "package": {
        "ecosystem": "Maven",
        "name": "org.apache.tomcat:tomcat"
      },
      "ranges": [
        {
          "type": "ECOSYSTEM",
          "events": [
            {
              "introduced": "9.0.0.M0"
            },
            {
              "fixed": "9.0.0.M2"
            }
          ]
        }
      ]
    }
  ],
  "references": [
    {
      "type": "ADVISORY",
      "url": "https://nvd.nist.gov/vuln/detail/CVE-2015-5351"
    },
    {
      "type": "WEB",
      "url": "https://access.redhat.com/errata/RHSA-2016:1087"
    },
    {
      "type": "WEB",
      "url": "https://access.redhat.com/errata/RHSA-2016:1088"
    },
    {
      "type": "WEB",
      "url": "https://bto.bluecoat.com/security-advisory/sa118"
    },
    {
      "type": "PACKAGE",
      "url": "https://github.com/apache/tomcat"
    },
    {
      "type": "WEB",
      "url": "https://h20566.www2.hpe.com/portal/site/hpsc/public/kb/docDisplay?docId=emr_na-c05150442"
    },
    {
      "type": "WEB",
      "url": "https://h20566.www2.hpe.com/portal/site/hpsc/public/kb/docDisplay?docId=emr_na-c05158626"
    },
    {
      "type": "WEB",
      "url": "https://lists.apache.org/thread.html/r9136ff5b13e4f1941360b5a309efee2c114a14855578c3a2cbe5d19c%40%3Cdev.tomcat.apache.org%3E"
    },
    {
      "type": "WEB",
      "url": "https://lists.apache.org/thread.html/r9136ff5b13e4f1941360b5a309efee2c114a14855578c3a2cbe5d19c@%3Cdev.tomcat.apache.org%3E"
    },
    {
      "type": "WEB",
      "url": "https://security.gentoo.org/glsa/201705-09"
    },
    {
      "type": "WEB",
      "url": "https://security.netapp.com/advisory/ntap-20180531-0001"
    },
    {
      "type": "WEB",
      "url": "https://softwaresupport.hpe.com/document/-/facetsearch/document/KM02978021"
    },
    {
      "type": "WEB",
      "url": "https://web.archive.org/web/20160321234551/http://www.securitytracker.com/id/1035069"
    },
    {
      "type": "WEB",
      "url": "https://web.archive.org/web/20161020161943/http://www.securityfocus.com/bid/83330"
    },
    {
      "type": "WEB",
      "url": "http://lists.opensuse.org/opensuse-security-announce/2016-03/msg00047.html"
    },
    {
      "type": "WEB",
      "url": "http://lists.opensuse.org/opensuse-security-announce/2016-03/msg00069.html"
    },
    {
      "type": "WEB",
      "url": "http://lists.opensuse.org/opensuse-security-announce/2016-03/msg00085.html"
    },
    {
      "type": "WEB",
      "url": "http://packetstormsecurity.com/files/135882/Apache-Tomcat-CSRF-Token-Leak.html"
    },
    {
      "type": "WEB",
      "url": "http://rhn.redhat.com/errata/RHSA-2016-1089.html"
    },
    {
      "type": "WEB",
      "url": "http://rhn.redhat.com/errata/RHSA-2016-2599.html"
    },
    {
      "type": "WEB",
      "url": "http://rhn.redhat.com/errata/RHSA-2016-2807.html"
    },
    {
      "type": "WEB",
      "url": "http://rhn.redhat.com/errata/RHSA-2016-2808.html"
    },
    {
      "type": "WEB",
      "url": "http://seclists.org/bugtraq/2016/Feb/148"
    },
    {
      "type": "WEB",
      "url": "http://svn.apache.org/viewvc?view=revision&revision=1720652"
    },
    {
      "type": "WEB",
      "url": "http://svn.apache.org/viewvc?view=revision&revision=1720655"
    },
    {
      "type": "WEB",
      "url": "http://svn.apache.org/viewvc?view=revision&revision=1720658"
    },
    {
      "type": "WEB",
      "url": "http://svn.apache.org/viewvc?view=revision&revision=1720660"
    },
    {
      "type": "WEB",
      "url": "http://svn.apache.org/viewvc?view=revision&revision=1720661"
    },
    {
      "type": "WEB",
      "url": "http://svn.apache.org/viewvc?view=revision&revision=1720663"
    },
    {
      "type": "WEB",
      "url": "http://tomcat.apache.org/security-7.html"
    },
    {
      "type": "WEB",
      "url": "http://tomcat.apache.org/security-8.html"
    },
    {
      "type": "WEB",
      "url": "http://tomcat.apache.org/security-9.html"
    },
    {
      "type": "WEB",
      "url": "http://www.debian.org/security/2016/dsa-3530"
    },
    {
      "type": "WEB",
      "url": "http://www.debian.org/security/2016/dsa-3552"
    },
    {
      "type": "WEB",
      "url": "http://www.debian.org/security/2016/dsa-3609"
    },
    {
      "type": "WEB",
      "url": "http://www.oracle.com/technetwork/security-advisory/cpujul2018-4258247.html"
    },
    {
      "type": "WEB",
      "url": "http://www.oracle.com/technetwork/security-advisory/cpuoct2016-2881722.html"
    },
    {
      "type": "WEB",
      "url": "http://www.oracle.com/technetwork/security-advisory/cpuoct2017-3236626.html"
    },
    {
      "type": "WEB",
      "url": "http://www.ubuntu.com/usn/USN-3024-1"
    }
  ],
  "database_specific": {
    "cwe_ids": [
      "CWE-352"
    ],
    "severity": "HIGH",
    "github_reviewed": true,
    "github_reviewed_at": "2023-12-08T22:36:54Z",
    "nvd_published_at": "2016-02-25T01:59:00Z"
  }
}