{
  "schema_version": "1.4.0",
  "id": "GHSA-62g2-8p9f-ghjp",
  "modified": "2024-04-23T17:26:55Z",
  "published": "2022-05-14T03:29:59Z",
  "aliases": [
    "CVE-2018-9108"
  ],
  "summary": "QuickAppsCMS Cross-Site Request Forgery (CSRF) ",
  "details": "CSRF in `/admin/user/manage/add` in QuickAppsCMS 2.0.0-beta2 allows an unauthorized remote attacker to create an account with admin privileges.",
  "severity": [
    {
      "type": "CVSS_V3",
      "score": "CVSS:3.0/AV:N/AC:L/PR:N/UI:R/S:U/C:H/I:H/A:H"
    }
  ],
  "affected": [
    {
      "package": {
        "ecosystem": "Packagist",
        "name": "quickapps/cms"
      },
      "versions": [
        "2.0.0-beta2"
      ]
    }
  ],
  "references": [
    {
      "type": "ADVISORY",
      "url": "https://nvd.nist.gov/vuln/detail/CVE-2018-9108"
    },
    {
      "type": "WEB",
      "url": "https://github.com/quickapps/cms/issues/187"
    },
    {
      "type": "PACKAGE",
      "url": "https://github.com/quickapps/cms"
    }
  ],
  "database_specific": {
    "cwe_ids": [
      "CWE-352"
    ],
    "severity": "HIGH",
    "github_reviewed": true,
    "github_reviewed_at": "2024-04-23T17:26:55Z",
    "nvd_published_at": "2018-03-28T04:29:00Z"
  }
}