{
  "schema_version": "1.4.0",
  "id": "GHSA-qgrq-64g6-mmh6",
  "modified": "2023-11-02T20:50:21Z",
  "published": "2022-05-17T02:36:36Z",
  "aliases": [
    "CVE-2016-9863"
  ],
  "summary": "phpMyAdmin DoS Vulnerability",
  "details": "An issue was discovered in phpMyAdmin. With a very large request to table partitioning function, it is possible to invoke a Denial of Service (DoS) attack. All 4.6.x versions (prior to 4.6.5) are affected.",
  "severity": [
    {
      "type": "CVSS_V3",
      "score": "CVSS:3.0/AV:N/AC:L/PR:N/UI:N/S:U/C:N/I:N/A:H"
    }
  ],
  "affected": [
    {
      "package": {
        "ecosystem": "Packagist",
        "name": "phpmyadmin/phpmyadmin"
      },
      "ranges": [
        {
          "type": "ECOSYSTEM",
          "events": [
            {
              "introduced": "4.6.0"
            },
            {
              "fixed": "4.6.5"
            }
          ]
        }
      ]
    }
  ],
  "references": [
    {
      "type": "ADVISORY",
      "url": "https://nvd.nist.gov/vuln/detail/CVE-2016-9863"
    },
    {
      "type": "PACKAGE",
      "url": "https://github.com/phpmyadmin/composer"
    },
    {
      "type": "WEB",
      "url": "https://security.gentoo.org/glsa/201701-32"
    },
    {
      "type": "WEB",
      "url": "https://web.archive.org/web/20210123194704/http://www.securityfocus.com/bid/94526"
    },
    {
      "type": "WEB",
      "url": "https://www.phpmyadmin.net/security/PMASA-2016-68"
    }
  ],
  "database_specific": {
    "cwe_ids": [
      "CWE-20"
    ],
    "severity": "HIGH",
    "github_reviewed": true,
    "github_reviewed_at": "2023-07-31T21:46:10Z",
    "nvd_published_at": "2016-12-11T03:00:00Z"
  }
}