{
  "schema_version": "1.4.0",
  "id": "GHSA-c697-r227-pq6h",
  "modified": "2022-01-25T20:47:39Z",
  "published": "2022-01-21T23:33:58Z",
  "aliases": [
    "CVE-2022-0263"
  ],
  "summary": "Unrestricted Upload of File with Dangerous Type in pimcore",
  "details": "Unrestricted Upload of File with Dangerous Type in Packagist pimcore/pimcore",
  "severity": [
    {
      "type": "CVSS_V3",
      "score": "CVSS:3.1/AV:L/AC:L/PR:L/UI:N/S:U/C:H/I:H/A:H"
    }
  ],
  "affected": [
    {
      "package": {
        "ecosystem": "Packagist",
        "name": "pimcore/pimcore"
      },
      "ranges": [
        {
          "type": "ECOSYSTEM",
          "events": [
            {
              "introduced": "0"
            },
            {
              "fixed": "10.2.7"
            }
          ]
        }
      ]
    }
  ],
  "references": [
    {
      "type": "ADVISORY",
      "url": "https://nvd.nist.gov/vuln/detail/CVE-2022-0263"
    },
    {
      "type": "WEB",
      "url": "https://github.com/pimcore/pimcore/commit/35d1853baf64d6a1d90fd8803e52439da53a3911"
    },
    {
      "type": "PACKAGE",
      "url": "https://github.com/pimcore/pimcore"
    },
    {
      "type": "WEB",
      "url": "https://huntr.dev/bounties/96506857-06bc-4c84-88b7-4f397715bcf6"
    }
  ],
  "database_specific": {
    "cwe_ids": [
      "CWE-434"
    ],
    "severity": "HIGH",
    "github_reviewed": true,
    "github_reviewed_at": "2022-01-19T22:27:34Z",
    "nvd_published_at": "2022-01-18T16:15:00Z"
  }
}