{
  "schema_version": "1.4.0",
  "id": "GHSA-6gm7-j668-w6h9",
  "modified": "2022-04-22T20:42:11Z",
  "published": "2022-04-09T00:00:30Z",
  "aliases": [
    "CVE-2022-1219"
  ],
  "summary": "SQL Injection in Pimcore",
  "details": "Pimcore prior to version 10.3.5 is vulnerable SQL injection in RecyclebinController.php. This vulnerability affects data confidentiality.",
  "severity": [
    {
      "type": "CVSS_V3",
      "score": "CVSS:3.1/AV:N/AC:L/PR:N/UI:N/S:U/C:H/I:N/A:N"
    }
  ],
  "affected": [
    {
      "package": {
        "ecosystem": "Packagist",
        "name": "pimcore/pimcore"
      },
      "ranges": [
        {
          "type": "ECOSYSTEM",
          "events": [
            {
              "introduced": "0"
            },
            {
              "fixed": "10.3.5"
            }
          ]
        }
      ]
    }
  ],
  "references": [
    {
      "type": "ADVISORY",
      "url": "https://nvd.nist.gov/vuln/detail/CVE-2022-1219"
    },
    {
      "type": "WEB",
      "url": "https://github.com/pimcore/pimcore/commit/a697830359df06246acca502ee2455614de68017"
    },
    {
      "type": "PACKAGE",
      "url": "https://github.com/pimcore/pimcore"
    },
    {
      "type": "WEB",
      "url": "https://huntr.dev/bounties/f700bd18-1fd3-4a05-867f-07176aebc7f6"
    }
  ],
  "database_specific": {
    "cwe_ids": [
      "CWE-89"
    ],
    "severity": "HIGH",
    "github_reviewed": true,
    "github_reviewed_at": "2022-04-22T20:42:11Z",
    "nvd_published_at": "2022-04-08T09:15:00Z"
  }
}