{
  "schema_version": "1.4.0",
  "id": "GHSA-mw25-f5r2-hpc6",
  "modified": "2022-01-13T18:33:06Z",
  "published": "2022-01-06T22:23:25Z",
  "aliases": [
    "CVE-2021-34797"
  ],
  "summary": "Insertion of Sensitive Information into Log File in Apache Geode",
  "details": "Apache Geode versions up to 1.12.4 and 1.13.4 are vulnerable to a log file redaction of sensitive information flaw when using values that begin with characters other than letters or numbers for passwords and security properties with the prefix \"sysprop-\", \"javax.net.ssl\", or \"security-\". This issue is fixed by overhauling the log file redaction in Apache Geode versions 1.12.5, 1.13.5, and 1.14.0.",
  "severity": [],
  "affected": [
    {
      "package": {
        "ecosystem": "Maven",
        "name": "org.apache.geode:geode-core"
      },
      "ranges": [
        {
          "type": "ECOSYSTEM",
          "events": [
            {
              "introduced": "0"
            },
            {
              "fixed": "1.12.5"
            }
          ]
        }
      ]
    },
    {
      "package": {
        "ecosystem": "Maven",
        "name": "org.apache.geode:geode-core"
      },
      "ranges": [
        {
          "type": "ECOSYSTEM",
          "events": [
            {
              "introduced": "1.13.0"
            },
            {
              "fixed": "1.13.5"
            }
          ]
        }
      ]
    }
  ],
  "references": [
    {
      "type": "ADVISORY",
      "url": "https://nvd.nist.gov/vuln/detail/CVE-2021-34797"
    },
    {
      "type": "PACKAGE",
      "url": "https://github.com/apache/geode"
    },
    {
      "type": "WEB",
      "url": "https://lists.apache.org/thread/nq2w9gjzm1cjx1rh6zw41ty39qw7qpx4"
    },
    {
      "type": "WEB",
      "url": "https://lists.apache.org/thread/p4l0g49rzzzpn8yt9q9p0xp52h3zmsmk"
    }
  ],
  "database_specific": {
    "cwe_ids": [
      "CWE-532"
    ],
    "severity": "HIGH",
    "github_reviewed": true,
    "github_reviewed_at": "2022-01-06T19:57:18Z",
    "nvd_published_at": "2022-01-04T09:15:00Z"
  }
}