{
  "schema_version": "1.4.0",
  "id": "GHSA-2grw-mc9r-822r",
  "modified": "2024-03-25T22:28:09Z",
  "published": "2024-03-25T19:45:37Z",
  "aliases": [
    "CVE-2024-28107"
  ],
  "summary": "phpMyFAQ SQL injections at insertentry & saveentry",
  "details": "### Summary\nA SQL injection vulnerability has been discovered in the `insertentry` & `saveentry` when modifying records due to improper escaping of the email address. This allows any authenticated user with the rights to add/edit FAQ news to exploit this vulnerability to exfiltrate data, take over accounts and in some cases, even achieve RCE.\n\n### PoC 1 - SQL Injection at insertentry:\n1. Browse to \u201c/admin/?action=editentry\u201d, edit record and save. Intercept the POST request to \"/admin/?action=insertentry\" and modify the email and notes parameters in the body to the payloads below:\n    a. `email=test'/*@email.com`\n    b. `notes=*/,1,1,1,1,null,1);select+pg_sleep(5)--`\n\n2. Send the request and notice the `pg_sleep(5)` command is executed with a time delay of 5 seconds in the response. This verifies that the SQL injection vulnerability exists.  \n    ![image](https://github.com/thorsten/phpMyFAQ/assets/63487456/1000482f-3b00-462a-be8a-1eb21f720aca)\n\n### PoC 2 - SQL Injection at saveentry\n1. Browse to \u201c/admin/?action=editentry\u201d, edit record and save. Intercept the POST request to \"/admin/?action=saveentry\" and modify the email and notes parameters in the body to the payloads below:\n    a. `email=test'/*@email.com`\n    b. `*/,notes=(select+pg_sleep(5))--`\n 2. Send the request and notice the `pg_sleep(5)` command is executed with a time delay of 5 seconds in the response. This verifies that the SQL injection vulnerability exists.\n    ![image](https://github.com/thorsten/phpMyFAQ/assets/63487456/b1880ad1-1461-4735-9a67-9aa4d6c19b13)\n\n\n### Impact\nThe SQL injection vulnerability discovered allows authenticated users with appropriate privileges to execute malicious SQL queries, potentially leading to data exfiltration, account takeover, and even remote code execution. Attackers can exploit the vulnerability to read sensitive data from the database, such as user credentials and system files, compromising the confidentiality and integrity of the system. Moreover, successful exploitation may enable attackers to gain unauthorized access to user accounts or execute arbitrary commands on the server, impacting both system administrators and end users.",
  "severity": [
    {
      "type": "CVSS_V3",
      "score": "CVSS:3.1/AV:N/AC:L/PR:L/UI:N/S:U/C:H/I:H/A:H"
    }
  ],
  "affected": [
    {
      "package": {
        "ecosystem": "Packagist",
        "name": "phpmyfaq/phpmyfaq"
      },
      "ranges": [
        {
          "type": "ECOSYSTEM",
          "events": [
            {
              "introduced": "3.2.5"
            },
            {
              "fixed": "3.2.6"
            }
          ]
        }
      ],
      "versions": [
        "3.2.5"
      ]
    }
  ],
  "references": [
    {
      "type": "WEB",
      "url": "https://github.com/thorsten/phpMyFAQ/security/advisories/GHSA-2grw-mc9r-822r"
    },
    {
      "type": "ADVISORY",
      "url": "https://nvd.nist.gov/vuln/detail/CVE-2024-28107"
    },
    {
      "type": "WEB",
      "url": "https://github.com/thorsten/phpMyFAQ/commit/d0fae62a72615d809e6710861c1a7f67ac893007"
    },
    {
      "type": "PACKAGE",
      "url": "https://github.com/thorsten/phpMyFAQ"
    }
  ],
  "database_specific": {
    "cwe_ids": [
      "CWE-89"
    ],
    "severity": "HIGH",
    "github_reviewed": true,
    "github_reviewed_at": "2024-03-25T19:45:37Z",
    "nvd_published_at": "2024-03-25T19:15:58Z"
  }
}