{
  "schema_version": "1.4.0",
  "id": "GHSA-qpc8-m2xm-9w75",
  "modified": "2024-01-10T21:37:02Z",
  "published": "2022-05-24T17:00:30Z",
  "aliases": [
    "CVE-2019-8231"
  ],
  "summary": "Magento Remote code execution through catalog attribute sets",
  "details": "In Magento Open Source prior to 1.9.4.3, and Magento Commerce prior to 1.14.4.3, an authenticated user with administrative privileges for editing attribute sets can execute arbitrary code through custom layout modification.",
  "severity": [
    {
      "type": "CVSS_V3",
      "score": "CVSS:3.1/AV:N/AC:L/PR:H/UI:N/S:U/C:H/I:H/A:H"
    }
  ],
  "affected": [
    {
      "package": {
        "ecosystem": "Packagist",
        "name": "magento/core"
      },
      "ranges": [
        {
          "type": "ECOSYSTEM",
          "events": [
            {
              "introduced": "0"
            },
            {
              "fixed": "1.9.4.3"
            }
          ]
        }
      ]
    }
  ],
  "references": [
    {
      "type": "ADVISORY",
      "url": "https://nvd.nist.gov/vuln/detail/CVE-2019-8231"
    },
    {
      "type": "WEB",
      "url": "https://magento.com/security/patches/supee-11219"
    }
  ],
  "database_specific": {
    "cwe_ids": [
      "CWE-94"
    ],
    "severity": "HIGH",
    "github_reviewed": true,
    "github_reviewed_at": "2024-01-10T21:37:02Z",
    "nvd_published_at": "2019-11-06T00:15:00Z"
  }
}