{
  "schema_version": "1.4.0",
  "id": "GHSA-66p6-7p29-55p9",
  "modified": "2023-10-06T17:52:44Z",
  "published": "2022-05-14T02:20:59Z",
  "aliases": [
    "CVE-2018-14774"
  ],
  "summary": "Symfony Host Header Injection",
  "details": "An issue was discovered in HttpKernel in Symfony 2.7.0 through 2.7.48, 2.8.0 through 2.8.43, 3.3.0 through 3.3.17, 3.4.0 through 3.4.13, 4.0.0 through 4.0.13, and 4.1.0 through 4.1.2. When using HttpCache, the values of the X-Forwarded-Host headers are implicitly set as trusted while this should be forbidden, leading to potential host header injection.",
  "severity": [
    {
      "type": "CVSS_V3",
      "score": "CVSS:3.0/AV:N/AC:L/PR:N/UI:N/S:C/C:L/I:L/A:N"
    }
  ],
  "affected": [
    {
      "package": {
        "ecosystem": "Packagist",
        "name": "symfony/symfony"
      },
      "ranges": [
        {
          "type": "ECOSYSTEM",
          "events": [
            {
              "introduced": "2.7.0"
            },
            {
              "fixed": "2.7.49"
            }
          ]
        }
      ],
      "database_specific": {
        "last_known_affected_version_range": "<= 2.7.48"
      }
    },
    {
      "package": {
        "ecosystem": "Packagist",
        "name": "symfony/symfony"
      },
      "ranges": [
        {
          "type": "ECOSYSTEM",
          "events": [
            {
              "introduced": "2.8.0"
            },
            {
              "fixed": "2.8.44"
            }
          ]
        }
      ],
      "database_specific": {
        "last_known_affected_version_range": "<= 2.8.43"
      }
    },
    {
      "package": {
        "ecosystem": "Packagist",
        "name": "symfony/symfony"
      },
      "ranges": [
        {
          "type": "ECOSYSTEM",
          "events": [
            {
              "introduced": "3.3.0"
            },
            {
              "fixed": "3.3.18"
            }
          ]
        }
      ],
      "database_specific": {
        "last_known_affected_version_range": "<= 3.3.17"
      }
    },
    {
      "package": {
        "ecosystem": "Packagist",
        "name": "symfony/symfony"
      },
      "ranges": [
        {
          "type": "ECOSYSTEM",
          "events": [
            {
              "introduced": "3.4.0"
            },
            {
              "fixed": "3.4.14"
            }
          ]
        }
      ],
      "database_specific": {
        "last_known_affected_version_range": "<= 3.4.13"
      }
    },
    {
      "package": {
        "ecosystem": "Packagist",
        "name": "symfony/symfony"
      },
      "ranges": [
        {
          "type": "ECOSYSTEM",
          "events": [
            {
              "introduced": "4.0.0"
            },
            {
              "fixed": "4.0.14"
            }
          ]
        }
      ],
      "database_specific": {
        "last_known_affected_version_range": "<= 4.0.13"
      }
    },
    {
      "package": {
        "ecosystem": "Packagist",
        "name": "symfony/symfony"
      },
      "ranges": [
        {
          "type": "ECOSYSTEM",
          "events": [
            {
              "introduced": "4.1.0"
            },
            {
              "fixed": "4.1.3"
            }
          ]
        }
      ],
      "database_specific": {
        "last_known_affected_version_range": "<= 4.1.2"
      }
    }
  ],
  "references": [
    {
      "type": "ADVISORY",
      "url": "https://nvd.nist.gov/vuln/detail/CVE-2018-14774"
    },
    {
      "type": "WEB",
      "url": "https://github.com/symfony/symfony/commit/725dee4cd8b4ccd52e335ae4b4522242cea9bd4a"
    },
    {
      "type": "WEB",
      "url": "https://github.com/symfony/symfony/commit/7f912bbb78377c2ea331b3da28363435fbd91337"
    },
    {
      "type": "WEB",
      "url": "https://github.com/symfony/symfony/commit/96504fb8c9f91204727d2930eb837473ce154956"
    },
    {
      "type": "WEB",
      "url": "https://github.com/symfony/symfony/commit/974240e178bb01d734bf1df1ad5c3beba6a2f982"
    },
    {
      "type": "WEB",
      "url": "https://github.com/symfony/symfony/commit/9cfcaba0bf71f87683510b5f47ebaac5f5d6a5ba"
    },
    {
      "type": "WEB",
      "url": "https://github.com/symfony/symfony/commit/bcf5897bb1a99d4acae8bf7b73e81bfdeaac0922"
    },
    {
      "type": "PACKAGE",
      "url": "https://github.com/symfony/symfony"
    },
    {
      "type": "WEB",
      "url": "https://symfony.com/blog/cve-2018-14774-possible-host-header-injection-when-using-httpcache"
    }
  ],
  "database_specific": {
    "cwe_ids": [
      "CWE-20"
    ],
    "severity": "HIGH",
    "github_reviewed": true,
    "github_reviewed_at": "2023-07-25T19:14:01Z",
    "nvd_published_at": "2018-08-03T17:29:00Z"
  }
}