{
  "schema_version": "1.4.0",
  "id": "GHSA-hmhq-382q-mp56",
  "modified": "2022-11-03T22:53:33Z",
  "published": "2022-05-14T00:54:14Z",
  "aliases": [
    "CVE-2014-0116"
  ],
  "summary": "ClassLoader manipulation in Apache Struts",
  "details": "CookieInterceptor in Apache Struts 2.x before 2.3.20, when a wildcard cookiesName value is used, does not properly restrict access to the getClass method, which allows remote attackers to \"manipulate\" the ClassLoader and modify session state via a crafted request. NOTE: this vulnerability exists because of an incomplete fix for CVE-2014-0113.",
  "severity": [],
  "affected": [
    {
      "package": {
        "ecosystem": "Maven",
        "name": "org.apache.struts:struts2-core"
      },
      "ranges": [
        {
          "type": "ECOSYSTEM",
          "events": [
            {
              "introduced": "0"
            },
            {
              "fixed": "2.3.20"
            }
          ]
        }
      ]
    }
  ],
  "references": [
    {
      "type": "ADVISORY",
      "url": "https://nvd.nist.gov/vuln/detail/CVE-2014-0116"
    },
    {
      "type": "WEB",
      "url": "https://github.com/apache/struts/commit/1a668af7f1ffccea4a3b46d8d8c1fe1c7331ff02"
    },
    {
      "type": "PACKAGE",
      "url": "https://github.com/apache/struts"
    },
    {
      "type": "WEB",
      "url": "http://struts.apache.org/release/2.3.x/docs/s2-022.html"
    },
    {
      "type": "WEB",
      "url": "http://www.huawei.com/en/security/psirt/security-bulletins/security-advisories/hw-350733.htm"
    }
  ],
  "database_specific": {
    "cwe_ids": [],
    "severity": "HIGH",
    "github_reviewed": true,
    "github_reviewed_at": "2022-11-03T22:53:33Z",
    "nvd_published_at": "2014-05-08T10:55:00Z"
  }
}