{
  "schema_version": "1.4.0",
  "id": "GHSA-pwr6-p3fh-grc2",
  "modified": "2022-03-30T21:10:14Z",
  "published": "2022-02-12T00:00:37Z",
  "aliases": [
    "CVE-2021-46364"
  ],
  "summary": "Deserialization of Untrusted Data in Magnolia CMS",
  "details": "A vulnerability in the Snake YAML parser of Magnolia CMS v6.2.3 and below allows attackers to execute arbitrary code via a crafted YAML file.",
  "severity": [
    {
      "type": "CVSS_V3",
      "score": "CVSS:3.1/AV:L/AC:L/PR:N/UI:R/S:U/C:H/I:H/A:H"
    }
  ],
  "affected": [
    {
      "package": {
        "ecosystem": "Maven",
        "name": "info.magnolia:magnolia-core"
      },
      "ranges": [
        {
          "type": "ECOSYSTEM",
          "events": [
            {
              "introduced": "0"
            },
            {
              "fixed": "6.2.4"
            }
          ]
        }
      ]
    }
  ],
  "references": [
    {
      "type": "ADVISORY",
      "url": "https://nvd.nist.gov/vuln/detail/CVE-2021-46364"
    },
    {
      "type": "WEB",
      "url": "https://docs.magnolia-cms.com/product-docs/6.2/Releases/Release-notes-for-Magnolia-CMS-6.2.4.html#_security_advisory"
    },
    {
      "type": "WEB",
      "url": "https://github.com/DrunkenShells/Disclosures/tree/master/CVE-2021-46364-YAML%20Deserialization-Magnolia%20CMS"
    }
  ],
  "database_specific": {
    "cwe_ids": [
      "CWE-502"
    ],
    "severity": "HIGH",
    "github_reviewed": true,
    "github_reviewed_at": "2022-02-14T22:44:01Z",
    "nvd_published_at": "2022-02-11T21:15:00Z"
  }
}