{
  "schema_version": "1.4.0",
  "id": "GHSA-wv26-rj8c-4r33",
  "modified": "2022-09-14T22:00:43Z",
  "published": "2018-11-06T23:15:13Z",
  "aliases": [
    "CVE-2018-6874"
  ],
  "summary": "Cross-Site Request Forgery (CSRF) in Auth0",
  "details": "CSRF exists in the Auth0 authentication service through 14591 if the Legacy Lock API flag is enabled.",
  "severity": [
    {
      "type": "CVSS_V3",
      "score": "CVSS:3.0/AV:N/AC:L/PR:N/UI:R/S:U/C:H/I:H/A:H"
    }
  ],
  "affected": [
    {
      "package": {
        "ecosystem": "npm",
        "name": "auth0-js"
      },
      "ranges": [
        {
          "type": "ECOSYSTEM",
          "events": [
            {
              "introduced": "0"
            },
            {
              "fixed": "9.0.0"
            }
          ]
        }
      ]
    }
  ],
  "references": [
    {
      "type": "ADVISORY",
      "url": "https://nvd.nist.gov/vuln/detail/CVE-2018-6874"
    },
    {
      "type": "WEB",
      "url": "https://auth0.com/docs/security/bulletins/cve-2018-6874"
    },
    {
      "type": "ADVISORY",
      "url": "https://github.com/advisories/GHSA-wv26-rj8c-4r33"
    },
    {
      "type": "WEB",
      "url": "http://www.securityfocus.com/bid/103695"
    }
  ],
  "database_specific": {
    "cwe_ids": [
      "CWE-352"
    ],
    "severity": "HIGH",
    "github_reviewed": true,
    "github_reviewed_at": "2020-06-16T22:01:12Z",
    "nvd_published_at": null
  }
}