{
  "schema_version": "1.4.0",
  "id": "GHSA-v9jh-j8px-98vq",
  "modified": "2024-09-13T18:36:55Z",
  "published": "2023-10-18T06:30:30Z",
  "aliases": [
    "CVE-2023-42319"
  ],
  "summary": "go-ethereum vulnerable to denial of service via crafted GraphQL query",
  "details": "Geth (aka go-ethereum) through 1.13.4, when `--http --graphql` is used, allows remote attackers to cause a denial of service (memory consumption and daemon hang) via a crafted GraphQL query.\n\nNOTE: the vendor's position is that the \"graphql endpoint [is not] designed to withstand attacks by hostile clients, nor handle huge amounts of clients/traffic.",
  "severity": [
    {
      "type": "CVSS_V3",
      "score": "CVSS:3.1/AV:N/AC:L/PR:N/UI:N/S:U/C:N/I:N/A:H"
    }
  ],
  "affected": [
    {
      "package": {
        "ecosystem": "Go",
        "name": "github.com/ethereum/go-ethereum"
      },
      "ranges": [
        {
          "type": "ECOSYSTEM",
          "events": [
            {
              "introduced": "0"
            },
            {
              "last_affected": "1.13.4"
            }
          ]
        }
      ]
    }
  ],
  "references": [
    {
      "type": "ADVISORY",
      "url": "https://nvd.nist.gov/vuln/detail/CVE-2023-42319"
    },
    {
      "type": "WEB",
      "url": "https://blog.mevsec.com/posts/geth-dos-with-graphql"
    },
    {
      "type": "WEB",
      "url": "https://geth.ethereum.org/docs/fundamentals/security"
    },
    {
      "type": "PACKAGE",
      "url": "https://github.com/ethereum/go-ethereum"
    }
  ],
  "database_specific": {
    "cwe_ids": [
      "CWE-400"
    ],
    "severity": "HIGH",
    "github_reviewed": true,
    "github_reviewed_at": "2023-10-18T18:28:24Z",
    "nvd_published_at": "2023-10-18T06:15:07Z"
  }
}