{
  "schema_version": "1.4.0",
  "id": "GHSA-2mv8-jjm5-f3hr",
  "modified": "2024-10-31T19:33:08Z",
  "published": "2024-10-25T21:31:28Z",
  "aliases": [
    "CVE-2024-48230"
  ],
  "summary": "SQL injection in funadmin",
  "details": "funadmin 5.0.2 is vulnerable to SQL Injection via the parentField parameter in the index method of `\\backend\\controller\\auth\\Auth.php`.",
  "severity": [
    {
      "type": "CVSS_V3",
      "score": "CVSS:3.1/AV:N/AC:L/PR:N/UI:N/S:U/C:H/I:H/A:H"
    },
    {
      "type": "CVSS_V4",
      "score": "CVSS:4.0/AV:N/AC:L/AT:N/PR:N/UI:N/VC:H/VI:H/VA:H/SC:N/SI:N/SA:N/E:P"
    }
  ],
  "affected": [
    {
      "package": {
        "ecosystem": "Packagist",
        "name": "funadmin/funadmin"
      },
      "ranges": [
        {
          "type": "ECOSYSTEM",
          "events": [
            {
              "introduced": "0"
            },
            {
              "last_affected": "5.0.2"
            }
          ]
        }
      ]
    }
  ],
  "references": [
    {
      "type": "ADVISORY",
      "url": "https://nvd.nist.gov/vuln/detail/CVE-2024-48230"
    },
    {
      "type": "WEB",
      "url": "https://github.com/funadmin/funadmin/issues/30"
    },
    {
      "type": "PACKAGE",
      "url": "https://github.com/funadmin/funadmin"
    }
  ],
  "database_specific": {
    "cwe_ids": [
      "CWE-89"
    ],
    "severity": "HIGH",
    "github_reviewed": true,
    "github_reviewed_at": "2024-10-25T21:48:15Z",
    "nvd_published_at": "2024-10-25T21:15:04Z"
  }
}