{
  "schema_version": "1.4.0",
  "id": "GHSA-wxmr-7xjv-8xqw",
  "modified": "2024-09-16T21:28:10Z",
  "published": "2022-05-17T04:13:43Z",
  "aliases": [
    "CVE-2015-0846"
  ],
  "summary": "django-markupfield Arbitrary File Read",
  "details": "django-markupfield before 1.3.2 uses the default docutils `RESTRUCTUREDTEXT_FILTER_SETTINGS` settings, which allows remote attackers to include and read arbitrary files via unspecified vectors.",
  "severity": [
    {
      "type": "CVSS_V3",
      "score": "CVSS:3.1/AV:N/AC:L/PR:N/UI:N/S:U/C:H/I:N/A:N"
    },
    {
      "type": "CVSS_V4",
      "score": "CVSS:4.0/AV:N/AC:L/AT:N/PR:N/UI:N/VC:H/VI:N/VA:N/SC:N/SI:N/SA:N"
    }
  ],
  "affected": [
    {
      "package": {
        "ecosystem": "PyPI",
        "name": "django-markupfield"
      },
      "ranges": [
        {
          "type": "ECOSYSTEM",
          "events": [
            {
              "introduced": "0"
            },
            {
              "fixed": "1.3.2"
            }
          ]
        }
      ]
    }
  ],
  "references": [
    {
      "type": "ADVISORY",
      "url": "https://nvd.nist.gov/vuln/detail/CVE-2015-0846"
    },
    {
      "type": "WEB",
      "url": "https://github.com/jamesturk/django-markupfield/commit/b45734ea1d206abc1ed2a90bdc779708066d49f3"
    },
    {
      "type": "PACKAGE",
      "url": "https://github.com/jamesturk/django-markupfield"
    },
    {
      "type": "WEB",
      "url": "https://github.com/jamesturk/django-markupfield/blob/1.3.3/CHANGELOG"
    },
    {
      "type": "WEB",
      "url": "https://github.com/jamesturk/django-markupfield/blob/master/CHANGELOG"
    },
    {
      "type": "WEB",
      "url": "https://github.com/pypa/advisory-database/tree/main/vulns/django-markupfield/PYSEC-2015-12.yaml"
    },
    {
      "type": "WEB",
      "url": "https://www.djangoproject.com/weblog/2015/apr/21/docutils-security-advisory"
    },
    {
      "type": "WEB",
      "url": "http://www.debian.org/security/2015/dsa-3230"
    }
  ],
  "database_specific": {
    "cwe_ids": [
      "CWE-200"
    ],
    "severity": "HIGH",
    "github_reviewed": true,
    "github_reviewed_at": "2023-08-04T23:07:33Z",
    "nvd_published_at": "2015-04-24T14:59:00Z"
  }
}