{
  "schema_version": "1.4.0",
  "id": "GHSA-9mgx-552f-59p6",
  "modified": "2024-12-27T19:54:48Z",
  "published": "2024-12-27T06:30:47Z",
  "aliases": [
    "CVE-2024-56521"
  ],
  "summary": "TCPDF missing certificate validation",
  "details": "An issue was discovered in TCPDF before 6.8.0. If libcurl is used, CURLOPT_SSL_VERIFYHOST and CURLOPT_SSL_VERIFYPEER are set unsafely.",
  "severity": [
    {
      "type": "CVSS_V4",
      "score": "CVSS:4.0/AV:N/AC:L/AT:P/PR:N/UI:N/VC:N/VI:H/VA:N/SC:N/SI:N/SA:N"
    }
  ],
  "affected": [
    {
      "package": {
        "ecosystem": "Packagist",
        "name": "tecnickcom/tcpdf"
      },
      "ranges": [
        {
          "type": "ECOSYSTEM",
          "events": [
            {
              "introduced": "0"
            },
            {
              "fixed": "6.8.0"
            }
          ]
        }
      ]
    }
  ],
  "references": [
    {
      "type": "ADVISORY",
      "url": "https://nvd.nist.gov/vuln/detail/CVE-2024-56521"
    },
    {
      "type": "WEB",
      "url": "https://github.com/tecnickcom/TCPDF/commit/aab43ab0a824e956276141a28a24c7c0be20f554"
    },
    {
      "type": "PACKAGE",
      "url": "https://github.com/tecnickcom/TCPDF"
    },
    {
      "type": "WEB",
      "url": "https://github.com/tecnickcom/TCPDF/compare/6.7.8...6.8.0"
    },
    {
      "type": "WEB",
      "url": "https://tcpdf.org"
    }
  ],
  "database_specific": {
    "cwe_ids": [
      "CWE-295"
    ],
    "severity": "HIGH",
    "github_reviewed": true,
    "github_reviewed_at": "2024-12-27T19:54:48Z",
    "nvd_published_at": "2024-12-27T05:15:07Z"
  }
}