{
  "schema_version": "1.4.0",
  "id": "GHSA-x2mh-8fmc-rqgh",
  "modified": "2025-02-13T19:11:02Z",
  "published": "2023-08-23T18:30:34Z",
  "aliases": [
    "CVE-2023-37379"
  ],
  "summary": "Apache Airflow denial of service vulnerability",
  "details": "Apache Airflow, in versions prior to 2.7.0, contains a security vulnerability that can be exploited by an authenticated user possessing Connection edit privileges. This vulnerability allows the user to access connection information and exploit the test connection feature by sending many requests, leading to a denial of service (DoS) condition on the server. Furthermore, malicious actors can leverage this vulnerability to establish harmful connections with the server.\n\nUsers of Apache Airflow are strongly advised to upgrade to version 2.7.0 or newer to mitigate the risk associated with this vulnerability. Additionally, administrators are encouraged to review and adjust user permissions to restrict access to sensitive functionalities, reducing the attack surface.",
  "severity": [
    {
      "type": "CVSS_V3",
      "score": "CVSS:3.1/AV:N/AC:L/PR:L/UI:N/S:U/C:H/I:N/A:H"
    },
    {
      "type": "CVSS_V4",
      "score": "CVSS:4.0/AV:N/AC:L/AT:N/PR:L/UI:N/VC:H/VI:N/VA:H/SC:N/SI:N/SA:N"
    }
  ],
  "affected": [
    {
      "package": {
        "ecosystem": "PyPI",
        "name": "apache-airflow"
      },
      "ranges": [
        {
          "type": "ECOSYSTEM",
          "events": [
            {
              "introduced": "0"
            },
            {
              "fixed": "2.7.0b1"
            }
          ]
        }
      ]
    }
  ],
  "references": [
    {
      "type": "ADVISORY",
      "url": "https://nvd.nist.gov/vuln/detail/CVE-2023-37379"
    },
    {
      "type": "WEB",
      "url": "https://github.com/apache/airflow/pull/32052"
    },
    {
      "type": "WEB",
      "url": "https://github.com/apache/airflow/commit/e4c3ecf8ceaefa17525b495e4bcb5b2f41309603"
    },
    {
      "type": "PACKAGE",
      "url": "https://github.com/apache/airflow"
    },
    {
      "type": "WEB",
      "url": "https://github.com/pypa/advisory-database/tree/main/vulns/apache-airflow/PYSEC-2023-152.yaml"
    },
    {
      "type": "WEB",
      "url": "https://lists.apache.org/thread/g5c9vcn27lr14go48thrjpo6f4vw571r"
    },
    {
      "type": "WEB",
      "url": "http://www.openwall.com/lists/oss-security/2023/08/23/4"
    }
  ],
  "database_specific": {
    "cwe_ids": [
      "CWE-200",
      "CWE-400",
      "CWE-918"
    ],
    "severity": "HIGH",
    "github_reviewed": true,
    "github_reviewed_at": "2023-08-24T12:52:17Z",
    "nvd_published_at": "2023-08-23T16:15:09Z"
  }
}