{
  "schema_version": "1.4.0",
  "id": "GHSA-7qw4-9r68-2rmx",
  "modified": "2024-02-14T21:34:23Z",
  "published": "2024-02-05T21:30:31Z",
  "aliases": [
    "CVE-2024-22567"
  ],
  "summary": "mingSoft MCMS File Upload vulnerability",
  "details": "File Upload vulnerability in MCMS 5.3.5 allows attackers to upload arbitrary files via crafted POST request to /ms/file/upload.do.",
  "severity": [
    {
      "type": "CVSS_V3",
      "score": "CVSS:3.1/AV:N/AC:L/PR:L/UI:N/S:U/C:H/I:H/A:H"
    }
  ],
  "affected": [
    {
      "package": {
        "ecosystem": "Maven",
        "name": "net.mingsoft:ms-mcms"
      },
      "ranges": [
        {
          "type": "ECOSYSTEM",
          "events": [
            {
              "introduced": "0"
            },
            {
              "last_affected": "5.3.5"
            }
          ]
        }
      ]
    }
  ],
  "references": [
    {
      "type": "ADVISORY",
      "url": "https://nvd.nist.gov/vuln/detail/CVE-2024-22567"
    },
    {
      "type": "WEB",
      "url": "https://github.com/h3ak/MCMS-CVE-Request"
    },
    {
      "type": "PACKAGE",
      "url": "https://github.com/ming-soft/MCMS"
    }
  ],
  "database_specific": {
    "cwe_ids": [
      "CWE-434"
    ],
    "severity": "HIGH",
    "github_reviewed": true,
    "github_reviewed_at": "2024-02-05T22:34:09Z",
    "nvd_published_at": "2024-02-05T20:15:55Z"
  }
}