{
  "schema_version": "1.4.0",
  "id": "GHSA-9xw9-pvgv-6p76",
  "modified": "2023-09-13T19:36:45Z",
  "published": "2018-11-09T17:47:52Z",
  "aliases": [
    "CVE-2017-16014"
  ],
  "summary": "Insufficient Error Handling in http-proxy",
  "details": "Affected versions of `http-proxy` are vulnerable to a denial of service attack, wherein an attacker can force an error which will cause the server to crash.\n\n\n## Recommendation\n\nUpdate to version 0.7.0 or later.",
  "severity": [
    {
      "type": "CVSS_V3",
      "score": "CVSS:3.1/AV:N/AC:L/PR:N/UI:N/S:U/C:N/I:N/A:H"
    }
  ],
  "affected": [
    {
      "package": {
        "ecosystem": "npm",
        "name": "http-proxy"
      },
      "ranges": [
        {
          "type": "ECOSYSTEM",
          "events": [
            {
              "introduced": "0"
            },
            {
              "fixed": "0.7.0"
            }
          ]
        }
      ],
      "database_specific": {
        "last_known_affected_version_range": "<= 0.6.6"
      }
    }
  ],
  "references": [
    {
      "type": "ADVISORY",
      "url": "https://nvd.nist.gov/vuln/detail/CVE-2017-16014"
    },
    {
      "type": "WEB",
      "url": "https://github.com/nodejitsu/node-http-proxy/pull/101"
    },
    {
      "type": "ADVISORY",
      "url": "https://github.com/advisories/GHSA-9xw9-pvgv-6p76"
    },
    {
      "type": "WEB",
      "url": "https://www.npmjs.com/advisories/323"
    }
  ],
  "database_specific": {
    "cwe_ids": [
      "CWE-703"
    ],
    "severity": "HIGH",
    "github_reviewed": true,
    "github_reviewed_at": "2020-06-16T21:29:54Z",
    "nvd_published_at": null
  }
}