{
  "schema_version": "1.4.0",
  "id": "GHSA-r6qh-j42j-pw64",
  "modified": "2024-08-06T21:57:12Z",
  "published": "2024-07-31T21:32:38Z",
  "aliases": [
    "CVE-2024-40464"
  ],
  "summary": "Beego privilege escalation vulnerability",
  "details": "An issue in beego v.2.2.0 and before allows a remote attacker to escalate privileges via the `sendMail` function located in the `beego/core/logs/smtp.go` file.",
  "severity": [
    {
      "type": "CVSS_V3",
      "score": "CVSS:3.1/AV:N/AC:L/PR:L/UI:N/S:U/C:H/I:H/A:H"
    },
    {
      "type": "CVSS_V4",
      "score": "CVSS:4.0/AV:N/AC:L/AT:N/PR:L/UI:N/VC:H/VI:H/VA:H/SC:N/SI:N/SA:N"
    }
  ],
  "affected": [
    {
      "package": {
        "ecosystem": "Go",
        "name": "github.com/beego/beego/v2"
      },
      "ranges": [
        {
          "type": "ECOSYSTEM",
          "events": [
            {
              "introduced": "0"
            },
            {
              "fixed": "2.2.1"
            }
          ]
        }
      ]
    }
  ],
  "references": [
    {
      "type": "WEB",
      "url": "https://github.com/beego/beego/security/advisories/GHSA-6g9p-wv47-4fxq"
    },
    {
      "type": "ADVISORY",
      "url": "https://nvd.nist.gov/vuln/detail/CVE-2024-40464"
    },
    {
      "type": "WEB",
      "url": "https://github.com/beego/beego/commit/8f89e12e6cafb106d5c201dbc3b2a338bfde74e2"
    },
    {
      "type": "WEB",
      "url": "https://gist.github.com/nyxfqq/b53b0148b9aa040de63f58a68fd11445"
    },
    {
      "type": "PACKAGE",
      "url": "https://github.com/beego/beego"
    }
  ],
  "database_specific": {
    "cwe_ids": [
      "CWE-295",
      "CWE-599"
    ],
    "severity": "HIGH",
    "github_reviewed": true,
    "github_reviewed_at": "2024-08-01T13:34:50Z",
    "nvd_published_at": "2024-07-31T21:15:17Z"
  }
}