{
  "schema_version": "1.4.0",
  "id": "GHSA-p9xf-3rm3-qh2h",
  "modified": "2022-08-11T13:22:17Z",
  "published": "2022-05-25T00:00:22Z",
  "aliases": [
    "CVE-2021-3717"
  ],
  "summary": "Wildfly-Core user account mismanagement",
  "details": "A flaw was found in Wildfly. An incorrect JBOSS_LOCAL_USER challenge location when using the elytron configuration may lead to JBOSS_LOCAL_USER access to all users on the machine. The highest threat from this vulnerability is to confidentiality, integrity, and availability. This flaw affects wildfly-core versions prior to 17.0.",
  "severity": [
    {
      "type": "CVSS_V3",
      "score": "CVSS:3.1/AV:L/AC:L/PR:L/UI:N/S:U/C:H/I:H/A:H"
    }
  ],
  "affected": [
    {
      "package": {
        "ecosystem": "Maven",
        "name": "org.wildfly.core:wildfly-core-parent"
      },
      "ranges": [
        {
          "type": "ECOSYSTEM",
          "events": [
            {
              "introduced": "0"
            },
            {
              "fixed": "17.0"
            }
          ]
        }
      ]
    }
  ],
  "references": [
    {
      "type": "ADVISORY",
      "url": "https://nvd.nist.gov/vuln/detail/CVE-2021-3717"
    },
    {
      "type": "WEB",
      "url": "https://bugzilla.redhat.com/show_bug.cgi?id=1991305"
    },
    {
      "type": "WEB",
      "url": "https://security.netapp.com/advisory/ntap-20220804-0002"
    }
  ],
  "database_specific": {
    "cwe_ids": [
      "CWE-552"
    ],
    "severity": "HIGH",
    "github_reviewed": true,
    "github_reviewed_at": "2022-06-16T23:22:01Z",
    "nvd_published_at": "2022-05-24T19:15:00Z"
  }
}