{
  "schema_version": "1.4.0",
  "id": "GHSA-74qv-rv53-5wcx",
  "modified": "2024-04-24T18:31:47Z",
  "published": "2022-05-17T04:38:57Z",
  "aliases": [
    "CVE-2014-4672"
  ],
  "summary": "Yii PHP Framework arbitrary PHP scripts execution",
  "details": "The CDetailView widget in Yii PHP Framework 1.1.14 allows remote attackers to execute arbitrary PHP scripts via vectors related to the value property.",
  "severity": [],
  "affected": [
    {
      "package": {
        "ecosystem": "Packagist",
        "name": "yiisoft/yii"
      },
      "ranges": [
        {
          "type": "ECOSYSTEM",
          "events": [
            {
              "introduced": "1.1.14"
            },
            {
              "fixed": "1.1.15"
            }
          ]
        }
      ]
    }
  ],
  "references": [
    {
      "type": "ADVISORY",
      "url": "https://nvd.nist.gov/vuln/detail/CVE-2014-4672"
    },
    {
      "type": "WEB",
      "url": "https://github.com/FriendsOfPHP/security-advisories/blob/master/yiisoft/yii/CVE-2014-4672.yaml"
    },
    {
      "type": "PACKAGE",
      "url": "https://github.com/yiisoft/yii"
    },
    {
      "type": "WEB",
      "url": "https://www.yiiframework.com/news/78/yii-1-1-15-is-released-security-fix"
    }
  ],
  "database_specific": {
    "cwe_ids": [
      "CWE-94"
    ],
    "severity": "HIGH",
    "github_reviewed": true,
    "github_reviewed_at": "2024-04-24T18:31:47Z",
    "nvd_published_at": "2014-07-03T17:55:00Z"
  }
}