{
  "schema_version": "1.4.0",
  "id": "GHSA-v4rh-8p82-6h5w",
  "modified": "2021-09-22T18:35:57Z",
  "published": "2020-06-22T14:39:03Z",
  "aliases": [
    "CVE-2020-7661"
  ],
  "summary": "Regular expression denial of service in url-regex",
  "details": "all versions of url-regex are vulnerable to Regular Expression Denial of Service. An attacker providing a very long string in String.test can cause a Denial of Service.",
  "severity": [
    {
      "type": "CVSS_V3",
      "score": "CVSS:3.1/AV:N/AC:L/PR:N/UI:N/S:U/C:N/I:N/A:H"
    }
  ],
  "affected": [
    {
      "package": {
        "ecosystem": "npm",
        "name": "url-regex"
      },
      "ranges": [
        {
          "type": "ECOSYSTEM",
          "events": [
            {
              "introduced": "0"
            },
            {
              "last_affected": "5.0.0"
            }
          ]
        }
      ]
    }
  ],
  "references": [
    {
      "type": "ADVISORY",
      "url": "https://nvd.nist.gov/vuln/detail/CVE-2020-7661"
    },
    {
      "type": "WEB",
      "url": "https://github.com/kevva/url-regex/issues/70"
    },
    {
      "type": "PACKAGE",
      "url": "https://github.com/kevva/url-regex"
    },
    {
      "type": "WEB",
      "url": "https://snyk.io/vuln/SNYK-JS-URLREGEX-569472"
    }
  ],
  "database_specific": {
    "cwe_ids": [
      "CWE-400"
    ],
    "severity": "HIGH",
    "github_reviewed": true,
    "github_reviewed_at": "2020-06-18T14:26:22Z",
    "nvd_published_at": null
  }
}