{
  "schema_version": "1.4.0",
  "id": "GHSA-g644-6fg4-hrh9",
  "modified": "2021-07-27T14:02:34Z",
  "published": "2021-07-28T18:57:47Z",
  "aliases": [
    "CVE-2020-0830"
  ],
  "summary": "Out-of-bounds write in ChakraCore",
  "details": "A remote code execution vulnerability exists in the way the scripting engine handles objects in memory in Microsoft browsers, aka 'Scripting Engine Memory Corruption Vulnerability'. This CVE ID is unique from CVE-2020-0768, CVE-2020-0823, CVE-2020-0825, CVE-2020-0826, CVE-2020-0827, CVE-2020-0828, CVE-2020-0829, CVE-2020-0831, CVE-2020-0832, CVE-2020-0833, CVE-2020-0848.",
  "severity": [
    {
      "type": "CVSS_V3",
      "score": "CVSS:3.1/AV:N/AC:H/PR:N/UI:R/S:U/C:H/I:H/A:H"
    }
  ],
  "affected": [
    {
      "package": {
        "ecosystem": "NuGet",
        "name": "Microsoft.ChakraCore"
      },
      "ranges": [
        {
          "type": "ECOSYSTEM",
          "events": [
            {
              "introduced": "0"
            },
            {
              "fixed": "1.11.17"
            }
          ]
        }
      ]
    }
  ],
  "references": [
    {
      "type": "ADVISORY",
      "url": "https://nvd.nist.gov/vuln/detail/CVE-2020-0830"
    },
    {
      "type": "WEB",
      "url": "https://portal.msrc.microsoft.com/en-US/security-guidance/advisory/CVE-2020-0830"
    }
  ],
  "database_specific": {
    "cwe_ids": [
      "CWE-787"
    ],
    "severity": "HIGH",
    "github_reviewed": true,
    "github_reviewed_at": "2021-07-27T14:02:34Z",
    "nvd_published_at": "2020-03-12T16:15:00Z"
  }
}