{
  "schema_version": "1.4.0",
  "id": "GHSA-qpmc-wprv-x746",
  "modified": "2022-04-12T21:31:26Z",
  "published": "2022-04-12T21:31:26Z",
  "aliases": [
    "CVE-2019-15160"
  ],
  "summary": "Inline DTD allows XML bomb attack",
  "details": "The SweetXml (aka sweet_xml) package through 0.6.6 for Erlang and Elixir allows attackers to cause a denial of service (resource consumption) via an XML entity expansion attack with an inline DTD.",
  "severity": [
    {
      "type": "CVSS_V3",
      "score": "CVSS:3.0/AV:N/AC:L/PR:N/UI:N/S:U/C:N/I:N/A:H"
    }
  ],
  "affected": [
    {
      "package": {
        "ecosystem": "Hex",
        "name": "sweet_xml"
      },
      "ranges": [
        {
          "type": "ECOSYSTEM",
          "events": [
            {
              "introduced": "0"
            },
            {
              "fixed": "0.7.0"
            }
          ]
        }
      ]
    }
  ],
  "references": [
    {
      "type": "ADVISORY",
      "url": "https://nvd.nist.gov/vuln/detail/CVE-2019-15160"
    },
    {
      "type": "WEB",
      "url": "https://github.com/kbrw/sweet_xml/issues/71"
    },
    {
      "type": "PACKAGE",
      "url": "https://github.com/kbrw/sweet_xml"
    },
    {
      "type": "WEB",
      "url": "https://hex.pm/packages/sweet_xml"
    }
  ],
  "database_specific": {
    "cwe_ids": [
      "CWE-611",
      "CWE-776"
    ],
    "severity": "HIGH",
    "github_reviewed": true,
    "github_reviewed_at": "2022-04-12T21:31:26Z",
    "nvd_published_at": null
  }
}