{
  "schema_version": "1.4.0",
  "id": "GHSA-w66p-78g4-mr7g",
  "modified": "2024-09-27T18:07:52Z",
  "published": "2022-05-17T01:39:21Z",
  "aliases": [
    "CVE-2012-5563"
  ],
  "summary": "OpenStack Keystone Insufficient token expiration",
  "details": "OpenStack Keystone, as used in OpenStack Folsom 2012.2, does not properly implement token expiration, which allows remote authenticated users to bypass intended authorization restrictions by creating new tokens through token chaining.  NOTE: this issue exists because of a CVE-2012-3426 regression.",
  "severity": [
    {
      "type": "CVSS_V3",
      "score": "CVSS:3.1/AV:N/AC:H/PR:N/UI:N/S:U/C:N/I:H/A:N"
    },
    {
      "type": "CVSS_V4",
      "score": "CVSS:4.0/AV:N/AC:L/AT:P/PR:N/UI:N/VC:N/VI:H/VA:N/SC:N/SI:N/SA:N"
    }
  ],
  "affected": [
    {
      "package": {
        "ecosystem": "PyPI",
        "name": "keystone"
      },
      "ranges": [
        {
          "type": "ECOSYSTEM",
          "events": [
            {
              "introduced": "0"
            },
            {
              "fixed": "8.0.0"
            }
          ]
        }
      ]
    }
  ],
  "references": [
    {
      "type": "ADVISORY",
      "url": "https://nvd.nist.gov/vuln/detail/CVE-2012-5563"
    },
    {
      "type": "WEB",
      "url": "https://github.com/openstack/keystone/commit/38c7e46a640a94da4da89a39a5a1ea9c081f1eb5"
    },
    {
      "type": "WEB",
      "url": "https://github.com/openstack/keystone/commit/f9d4766249a72d8f88d75dcf1575b28dd3496681"
    },
    {
      "type": "WEB",
      "url": "https://bugs.launchpad.net/keystone/+bug/1079216"
    },
    {
      "type": "WEB",
      "url": "https://exchange.xforce.ibmcloud.com/vulnerabilities/80370"
    },
    {
      "type": "PACKAGE",
      "url": "https://github.com/openstack/keystone"
    },
    {
      "type": "WEB",
      "url": "https://github.com/pypa/advisory-database/tree/main/vulns/keystone/PYSEC-2012-20.yaml"
    },
    {
      "type": "WEB",
      "url": "https://web.archive.org/web/20121201003009/http://secunia.com/advisories/51423"
    },
    {
      "type": "WEB",
      "url": "https://web.archive.org/web/20140802122732/http://secunia.com/advisories/51436"
    },
    {
      "type": "WEB",
      "url": "https://web.archive.org/web/20200228144943/http://www.securityfocus.com/bid/56727"
    },
    {
      "type": "WEB",
      "url": "http://rhn.redhat.com/errata/RHSA-2012-1557.html"
    },
    {
      "type": "WEB",
      "url": "http://www.openwall.com/lists/oss-security/2012/11/28/5"
    },
    {
      "type": "WEB",
      "url": "http://www.openwall.com/lists/oss-security/2012/11/28/6"
    },
    {
      "type": "WEB",
      "url": "http://www.ubuntu.com/usn/USN-1641-1"
    }
  ],
  "database_specific": {
    "cwe_ids": [
      "CWE-324",
      "CWE-863"
    ],
    "severity": "HIGH",
    "github_reviewed": true,
    "github_reviewed_at": "2023-02-14T00:53:23Z",
    "nvd_published_at": "2012-12-18T01:55:00Z"
  }
}