{
  "schema_version": "1.4.0",
  "id": "GHSA-rfm2-f94j-qhjp",
  "modified": "2024-07-03T20:18:57Z",
  "published": "2024-04-22T12:30:33Z",
  "aliases": [
    "CVE-2024-28717"
  ],
  "summary": "OpenStack Storlets arbitrary code execution vulnerability",
  "details": "An issue in OpenStack Storlets yoga-eom allows a remote attacker to execute arbitrary code via the gateway.py component.",
  "severity": [
    {
      "type": "CVSS_V3",
      "score": "CVSS:3.1/AV:L/AC:L/PR:L/UI:N/S:U/C:H/I:H/A:H"
    }
  ],
  "affected": [
    {
      "package": {
        "ecosystem": "PyPI",
        "name": "storlets"
      },
      "ranges": [
        {
          "type": "ECOSYSTEM",
          "events": [
            {
              "introduced": "0"
            },
            {
              "fixed": "13.0.0.0rc1"
            }
          ]
        }
      ]
    }
  ],
  "references": [
    {
      "type": "ADVISORY",
      "url": "https://nvd.nist.gov/vuln/detail/CVE-2024-28717"
    },
    {
      "type": "WEB",
      "url": "https://github.com/openstack/storlets/commit/5ad58804af885db3eb7a78bea5000c401eeeb70e"
    },
    {
      "type": "WEB",
      "url": "https://bugs.launchpad.net/storlets/+bug/2047723"
    },
    {
      "type": "WEB",
      "url": "https://gist.github.com/Fewword/f098d8d6375ac25e27b18c0e57be532f"
    },
    {
      "type": "PACKAGE",
      "url": "https://github.com/openstack/storlets"
    }
  ],
  "database_specific": {
    "cwe_ids": [
      "CWE-367",
      "CWE-400"
    ],
    "severity": "HIGH",
    "github_reviewed": true,
    "github_reviewed_at": "2024-04-22T15:56:33Z",
    "nvd_published_at": "2024-04-22T12:15:07Z"
  }
}