{
  "schema_version": "1.4.0",
  "id": "GHSA-5r8q-9fwv-2gpr",
  "modified": "2024-01-09T22:32:31Z",
  "published": "2022-05-13T01:25:43Z",
  "aliases": [
    "CVE-2019-1003044"
  ],
  "summary": "Jenkins Slack Notification Plugin CSRF vulnerability and missing permission checks",
  "details": "A cross-site request forgery vulnerability in Jenkins Slack Notification Plugin 2.19 and earlier allows attackers to connect to an attacker-specified URL using attacker-specified credentials IDs obtained through another method, capturing credentials stored in Jenkins.",
  "severity": [
    {
      "type": "CVSS_V3",
      "score": "CVSS:3.0/AV:N/AC:H/PR:L/UI:R/S:U/C:H/I:H/A:H"
    }
  ],
  "affected": [
    {
      "package": {
        "ecosystem": "Maven",
        "name": "org.jenkins-ci.plugins:slack"
      },
      "ranges": [
        {
          "type": "ECOSYSTEM",
          "events": [
            {
              "introduced": "0"
            },
            {
              "fixed": "2.20"
            }
          ]
        }
      ],
      "database_specific": {
        "last_known_affected_version_range": "<= 2.19"
      }
    }
  ],
  "references": [
    {
      "type": "ADVISORY",
      "url": "https://nvd.nist.gov/vuln/detail/CVE-2019-1003044"
    },
    {
      "type": "WEB",
      "url": "https://github.com/jenkinsci/slack-plugin/commit/0268bbefdcc283effd27be5318770f7e75c6f102"
    },
    {
      "type": "PACKAGE",
      "url": "https://github.com/jenkinsci/slack-plugin"
    },
    {
      "type": "WEB",
      "url": "https://jenkins.io/security/advisory/2019-03-25/#SECURITY-976"
    },
    {
      "type": "WEB",
      "url": "http://www.openwall.com/lists/oss-security/2019/03/28/2"
    },
    {
      "type": "WEB",
      "url": "http://www.securityfocus.com/bid/107628"
    }
  ],
  "database_specific": {
    "cwe_ids": [
      "CWE-352"
    ],
    "severity": "HIGH",
    "github_reviewed": true,
    "github_reviewed_at": "2024-01-09T22:32:31Z",
    "nvd_published_at": "2019-03-28T18:29:00Z"
  }
}