{
  "schema_version": "1.4.0",
  "id": "GHSA-58pf-pcwv-qg85",
  "modified": "2022-08-02T18:03:17Z",
  "published": "2021-05-18T21:08:28Z",
  "aliases": [
    "CVE-2020-7665"
  ],
  "summary": "Path traversal in u-root",
  "details": "This affects all versions of package github.com/u-root/u-root/pkg/uzip. It is vulnerable to both leading and non-leading relative path traversal attacks in zip file extraction.",
  "severity": [
    {
      "type": "CVSS_V3",
      "score": "CVSS:3.1/AV:N/AC:L/PR:N/UI:N/S:U/C:N/I:H/A:N"
    }
  ],
  "affected": [
    {
      "package": {
        "ecosystem": "Go",
        "name": "github.com/u-root/u-root"
      },
      "ranges": [
        {
          "type": "ECOSYSTEM",
          "events": [
            {
              "introduced": "0"
            },
            {
              "fixed": "0.9.0"
            }
          ]
        }
      ]
    }
  ],
  "references": [
    {
      "type": "ADVISORY",
      "url": "https://nvd.nist.gov/vuln/detail/CVE-2020-7665"
    },
    {
      "type": "WEB",
      "url": "https://github.com/u-root/u-root/pull/1817"
    },
    {
      "type": "WEB",
      "url": "https://github.com/u-root/u-root/pull/2344"
    },
    {
      "type": "WEB",
      "url": "https://snyk.io/vuln/SNYK-GOLANG-GITHUBCOMUROOTUROOTPKGUZIP-570441"
    }
  ],
  "database_specific": {
    "cwe_ids": [
      "CWE-22"
    ],
    "severity": "HIGH",
    "github_reviewed": true,
    "github_reviewed_at": "2021-05-18T20:51:25Z",
    "nvd_published_at": null
  }
}