{
  "schema_version": "1.4.0",
  "id": "GHSA-g53g-q539-93cv",
  "modified": "2022-05-24T20:52:03Z",
  "published": "2022-05-06T00:00:49Z",
  "aliases": [
    "CVE-2022-1592"
  ],
  "summary": "Server-Side Request Forgery in scout-browser",
  "details": "Pypi package scout-browser (GitHub repository clinical-genomics/scout) prior to v4.52 is vulnerable to server-side request forgery. An attacker could make the application perform arbitrary requests to steal cookies, request access to private areas, or lead to cross-site scripting.",
  "severity": [
    {
      "type": "CVSS_V3",
      "score": "CVSS:3.1/AV:N/AC:L/PR:N/UI:N/S:U/C:H/I:L/A:N"
    }
  ],
  "affected": [
    {
      "package": {
        "ecosystem": "PyPI",
        "name": "scout-browser"
      },
      "ranges": [
        {
          "type": "ECOSYSTEM",
          "events": [
            {
              "introduced": "0"
            },
            {
              "fixed": "4.52"
            }
          ]
        }
      ]
    }
  ],
  "references": [
    {
      "type": "ADVISORY",
      "url": "https://nvd.nist.gov/vuln/detail/CVE-2022-1592"
    },
    {
      "type": "WEB",
      "url": "https://github.com/Clinical-Genomics/scout/issues/3325"
    },
    {
      "type": "WEB",
      "url": "https://github.com/Clinical-Genomics/scout/pull/3326"
    },
    {
      "type": "WEB",
      "url": "https://github.com/clinical-genomics/scout/commit/b0ef15f4737d0c801154c1991b52ff5cab4f5c83"
    },
    {
      "type": "PACKAGE",
      "url": "https://github.com/clinical-genomics/scout"
    },
    {
      "type": "WEB",
      "url": "https://huntr.dev/bounties/352b39da-0f2e-415a-9793-5480cae8bd27"
    }
  ],
  "database_specific": {
    "cwe_ids": [
      "CWE-918"
    ],
    "severity": "HIGH",
    "github_reviewed": true,
    "github_reviewed_at": "2022-05-24T20:52:03Z",
    "nvd_published_at": "2022-05-05T11:15:00Z"
  }
}