{
  "schema_version": "1.4.0",
  "id": "GHSA-q9vm-29ph-p7mp",
  "modified": "2023-07-31T22:02:02Z",
  "published": "2023-07-31T03:30:23Z",
  "aliases": [
    "CVE-2023-4007"
  ],
  "summary": "phpMyFAQ Stored Cross-site Scripting vulnerability",
  "details": "Cross-site Scripting (XSS) - Stored in GitHub repository thorsten/phpmyfaq prior to 3.1.16.",
  "severity": [
    {
      "type": "CVSS_V3",
      "score": "CVSS:3.0/AV:N/AC:L/PR:L/UI:N/S:U/C:H/I:H/A:H"
    }
  ],
  "affected": [
    {
      "package": {
        "ecosystem": "Packagist",
        "name": "thorsten/phpmyfaq"
      },
      "ranges": [
        {
          "type": "ECOSYSTEM",
          "events": [
            {
              "introduced": "0"
            },
            {
              "fixed": "3.1.16"
            }
          ]
        }
      ]
    }
  ],
  "references": [
    {
      "type": "ADVISORY",
      "url": "https://nvd.nist.gov/vuln/detail/CVE-2023-4007"
    },
    {
      "type": "WEB",
      "url": "https://github.com/thorsten/phpmyfaq/commit/40eb9685198128908e83c2bef4c228751fd43a0e"
    },
    {
      "type": "PACKAGE",
      "url": "https://github.com/thorsten/phpmyfaq"
    },
    {
      "type": "WEB",
      "url": "https://huntr.dev/bounties/e891dcbc-2092-49d3-9518-23e37187a5ea"
    }
  ],
  "database_specific": {
    "cwe_ids": [
      "CWE-79"
    ],
    "severity": "HIGH",
    "github_reviewed": true,
    "github_reviewed_at": "2023-07-31T22:02:02Z",
    "nvd_published_at": "2023-07-31T01:15:10Z"
  }
}