{
  "schema_version": "1.4.0",
  "id": "GHSA-mq7g-6rv4-pj95",
  "modified": "2021-01-08T18:26:10Z",
  "published": "2019-02-18T23:35:23Z",
  "aliases": [
    "CVE-2016-10569"
  ],
  "summary": "Downloads Resources over HTTP in embedza",
  "details": "Affected versions of `embedza` insecurely download an executable over an unencrypted HTTP connection. \n\nIn scenarios where an attacker has a privileged network position, it is possible to intercept the response and replace the executable with a malicious one, resulting in code execution on the system running `embedza`.\n\n\n## Recommendation\n\nUpdate to version 1.2.4 or later.",
  "severity": [],
  "affected": [
    {
      "package": {
        "ecosystem": "npm",
        "name": "embedza"
      },
      "ranges": [
        {
          "type": "ECOSYSTEM",
          "events": [
            {
              "introduced": "0"
            },
            {
              "fixed": "1.2.4"
            }
          ]
        }
      ]
    }
  ],
  "references": [
    {
      "type": "ADVISORY",
      "url": "https://nvd.nist.gov/vuln/detail/CVE-2016-10569"
    },
    {
      "type": "ADVISORY",
      "url": "https://github.com/advisories/GHSA-mq7g-6rv4-pj95"
    },
    {
      "type": "WEB",
      "url": "https://www.npmjs.com/advisories/187"
    }
  ],
  "database_specific": {
    "cwe_ids": [
      "CWE-311"
    ],
    "severity": "HIGH",
    "github_reviewed": true,
    "github_reviewed_at": "2020-06-16T21:46:57Z",
    "nvd_published_at": null
  }
}