{
  "schema_version": "1.4.0",
  "id": "GHSA-j8x2-2m5w-j939",
  "modified": "2023-04-03T19:24:00Z",
  "published": "2022-12-12T14:38:28Z",
  "aliases": [
    "CVE-2022-23511"
  ],
  "summary": "Amazon CloudWatch Agent for Windows has Privilege Escalation Vector",
  "details": "### Impact\nA privilege escalation issue exists within the Amazon CloudWatch Agent for Windows in versions up to and including v1.247354. When users trigger a repair of the Agent, a pop-up window opens with SYSTEM permissions. Users with administrative access to affected hosts may use this to create a new command prompt as NT AUTHORITY\\SYSTEM. \n \nTo trigger this issue, the third party must be able to access the affected host and elevate their privileges such that they\u2019re able to trigger the agent repair process. They must also be able to install the tools required to trigger the issue. \n\nThis issue does not affect the CloudWatch Agent for macOS or Linux. \n\n### Patches\nMaintainers recommend that Agent users upgrade to the latest available version of the CloudWatch Agent to address this issue. \n\n### Workarounds\nThere is no recommended work around. Affected users must update the installed version of the CloudWatch Agent to address this issue.\n\n### References\nhttps://github.com/aws/amazon-cloudwatch-agent/commit/6119858864c317ff26f41f576c169148d1250837\n\n### For more information \n \nIf you have any questions or comments about this advisory, contact AWS/Amazon Security via their [vulnerability reporting page](http://aws.amazon.com/security/vulnerability-reporting/) or directly via email to [aws-security@amazon.com](mailto:aws-security@amazon.com). Please do not create a public GitHub issue.\n",
  "severity": [
    {
      "type": "CVSS_V3",
      "score": "CVSS:3.1/AV:N/AC:H/PR:L/UI:R/S:C/C:H/I:L/A:L"
    }
  ],
  "affected": [
    {
      "package": {
        "ecosystem": "Go",
        "name": "github.com/aws/amazon-cloudwatch-agent"
      },
      "ranges": [
        {
          "type": "ECOSYSTEM",
          "events": [
            {
              "introduced": "0"
            },
            {
              "fixed": "1.247355.0"
            }
          ]
        }
      ]
    }
  ],
  "references": [
    {
      "type": "WEB",
      "url": "https://github.com/aws/amazon-cloudwatch-agent/security/advisories/GHSA-j8x2-2m5w-j939"
    },
    {
      "type": "ADVISORY",
      "url": "https://nvd.nist.gov/vuln/detail/CVE-2022-23511"
    },
    {
      "type": "WEB",
      "url": "https://github.com/aws/amazon-cloudwatch-agent/commit/6119858864c317ff26f41f576c169148d1250837"
    },
    {
      "type": "WEB",
      "url": "https://github.com/aws/amazon-cloudwatch-agent/commit/6119858864c317ff26f41f576c169148d1250837#diff-76ed074a9305c04054cdebb9e9aad2d818052b07091de1f20cad0bbac34ffb52"
    },
    {
      "type": "PACKAGE",
      "url": "https://github.com/aws/amazon-cloudwatch-agent"
    }
  ],
  "database_specific": {
    "cwe_ids": [
      "CWE-274"
    ],
    "severity": "HIGH",
    "github_reviewed": true,
    "github_reviewed_at": "2022-12-12T14:38:28Z",
    "nvd_published_at": "2022-12-12T13:15:00Z"
  }
}