{
  "schema_version": "1.4.0",
  "id": "GHSA-46fh-8fc5-xcwx",
  "modified": "2020-08-31T18:46:13Z",
  "published": "2020-09-03T18:09:16Z",
  "aliases": [],
  "summary": "Prototype Pollution in lodash.defaultsdeep",
  "details": "Versions of `lodash.defaultsdeep` before 4.6.1 are vulnerable to Prototype Pollution. The function 'defaultsDeep' may allow a malicious user to modify the prototype of `Object` via `__proto__` causing the addition or modification of an existing property that will exist on all objects.\n\n\n\n\n## Recommendation\n\nUpdate to version 4.6.1 or later.",
  "severity": [],
  "affected": [
    {
      "package": {
        "ecosystem": "npm",
        "name": "lodash.defaultsdeep"
      },
      "ranges": [
        {
          "type": "ECOSYSTEM",
          "events": [
            {
              "introduced": "0"
            },
            {
              "fixed": "4.6.1"
            }
          ]
        }
      ]
    }
  ],
  "references": [
    {
      "type": "WEB",
      "url": "https://www.npmjs.com/advisories/1070"
    }
  ],
  "database_specific": {
    "cwe_ids": [
      "CWE-1321"
    ],
    "severity": "HIGH",
    "github_reviewed": true,
    "github_reviewed_at": "2020-08-31T18:46:13Z",
    "nvd_published_at": null
  }
}