{
  "schema_version": "1.4.0",
  "id": "GHSA-xg5v-696h-c3vr",
  "modified": "2024-03-01T23:42:50Z",
  "published": "2022-05-14T03:41:29Z",
  "aliases": [
    "CVE-2018-1192"
  ],
  "summary": "Cloud Foundry UAA SessionID present in Audit Event Logs",
  "details": "In Cloud Foundry Foundation cf-release versions prior to v285; cf-deployment versions prior to v1.7; UAA 4.5.x versions prior to 4.5.5, 4.8.x versions prior to 4.8.3, and 4.7.x versions prior to 4.7.4; and UAA-release 45.7.x versions prior to 45.7, 52.7.x versions prior to 52.7, and 53.3.x versions prior to 53.3, the SessionID is logged in audit event logs. An attacker can use the SessionID to impersonate a logged-in user.",
  "severity": [
    {
      "type": "CVSS_V3",
      "score": "CVSS:3.0/AV:N/AC:L/PR:L/UI:N/S:U/C:H/I:H/A:H"
    }
  ],
  "affected": [
    {
      "package": {
        "ecosystem": "Maven",
        "name": "org.cloudfoundry.identity:cloudfoundry-identity-server"
      },
      "ranges": [
        {
          "type": "ECOSYSTEM",
          "events": [
            {
              "introduced": "0"
            },
            {
              "fixed": "4.5.5"
            }
          ]
        }
      ]
    },
    {
      "package": {
        "ecosystem": "Maven",
        "name": "org.cloudfoundry.identity:cloudfoundry-identity-server"
      },
      "ranges": [
        {
          "type": "ECOSYSTEM",
          "events": [
            {
              "introduced": "4.6.0"
            },
            {
              "fixed": "4.7.4"
            }
          ]
        }
      ]
    },
    {
      "package": {
        "ecosystem": "Maven",
        "name": "org.cloudfoundry.identity:cloudfoundry-identity-server"
      },
      "ranges": [
        {
          "type": "ECOSYSTEM",
          "events": [
            {
              "introduced": "4.8.0"
            },
            {
              "fixed": "4.8.3"
            }
          ]
        }
      ]
    }
  ],
  "references": [
    {
      "type": "ADVISORY",
      "url": "https://nvd.nist.gov/vuln/detail/CVE-2018-1192"
    },
    {
      "type": "WEB",
      "url": "https://github.com/cloudfoundry/uaa/commit/1f529fcb43fd200cab10587e889343ef1683c6e6"
    },
    {
      "type": "WEB",
      "url": "https://github.com/cloudfoundry/uaa/commit/599391fe5d564c7e4860b8a6ec17cda872a822a3"
    },
    {
      "type": "WEB",
      "url": "https://github.com/cloudfoundry/uaa/commit/a61bfabbad22f646ecf1f00016b448b26a60daf"
    },
    {
      "type": "PACKAGE",
      "url": "https://github.com/cloudfoundry/uaa"
    },
    {
      "type": "WEB",
      "url": "https://www.cloudfoundry.org/blog/cve-2018-1192"
    }
  ],
  "database_specific": {
    "cwe_ids": [
      "CWE-200"
    ],
    "severity": "HIGH",
    "github_reviewed": true,
    "github_reviewed_at": "2024-03-01T23:42:50Z",
    "nvd_published_at": "2018-02-01T20:29:00Z"
  }
}