{
  "schema_version": "1.4.0",
  "id": "GHSA-hjp8-2cm3-cc45",
  "modified": "2022-03-03T22:02:13Z",
  "published": "2022-02-24T00:00:54Z",
  "aliases": [
    "CVE-2022-0654"
  ],
  "summary": "Cookie exposure in requestretry",
  "details": "Exposure of Sensitive Information to an Unauthorized Actor in GitHub repository fgribreau/node-request-retry prior to 7.0.0 via cookies being leaked to external sites.",
  "severity": [
    {
      "type": "CVSS_V3",
      "score": "CVSS:3.1/AV:N/AC:L/PR:N/UI:N/S:U/C:H/I:N/A:N"
    }
  ],
  "affected": [
    {
      "package": {
        "ecosystem": "npm",
        "name": "requestretry"
      },
      "ranges": [
        {
          "type": "ECOSYSTEM",
          "events": [
            {
              "introduced": "0"
            },
            {
              "fixed": "7.0.0"
            }
          ]
        }
      ]
    }
  ],
  "references": [
    {
      "type": "ADVISORY",
      "url": "https://nvd.nist.gov/vuln/detail/CVE-2022-0654"
    },
    {
      "type": "WEB",
      "url": "https://github.com/fgribreau/node-request-retry/commit/0979c6001d9d57c2aac3157c11b007397158922a"
    },
    {
      "type": "WEB",
      "url": "https://huntr.dev/bounties/a779faf5-c2cc-48be-a31d-4ddfac357afc"
    }
  ],
  "database_specific": {
    "cwe_ids": [
      "CWE-200"
    ],
    "severity": "HIGH",
    "github_reviewed": true,
    "github_reviewed_at": "2022-03-01T19:03:55Z",
    "nvd_published_at": "2022-02-23T00:15:00Z"
  }
}