{
  "schema_version": "1.4.0",
  "id": "GHSA-g8h7-mcp6-pf47",
  "modified": "2023-09-22T19:46:51Z",
  "published": "2023-09-20T03:30:17Z",
  "aliases": [
    "CVE-2023-38887"
  ],
  "summary": "File Upload vulnerability in Dolibarr ERP CRM",
  "details": "File Upload vulnerability in Dolibarr ERP CRM v.17.0.1 and before allows a remote attacker to execute arbitrary code and obtain sensitive information via the extension filtering and renaming functions.",
  "severity": [
    {
      "type": "CVSS_V3",
      "score": "CVSS:3.1/AV:N/AC:L/PR:L/UI:N/S:U/C:H/I:H/A:H"
    }
  ],
  "affected": [
    {
      "package": {
        "ecosystem": "Packagist",
        "name": "dolibarr/dolibarr"
      },
      "ranges": [
        {
          "type": "ECOSYSTEM",
          "events": [
            {
              "introduced": "0"
            },
            {
              "fixed": "17.0.1"
            }
          ]
        }
      ]
    }
  ],
  "references": [
    {
      "type": "ADVISORY",
      "url": "https://nvd.nist.gov/vuln/detail/CVE-2023-38887"
    },
    {
      "type": "WEB",
      "url": "https://akerva.com/wp-content/uploads/2023/09/AKERVA_Security-Advisory_CVE-2023-38887_Dolibarr_AFU.pdf"
    },
    {
      "type": "PACKAGE",
      "url": "https://github.com/Dolibarr/dolibarr"
    },
    {
      "type": "WEB",
      "url": "http://dolibarr.com"
    }
  ],
  "database_specific": {
    "cwe_ids": [
      "CWE-434"
    ],
    "severity": "HIGH",
    "github_reviewed": true,
    "github_reviewed_at": "2023-09-21T17:03:51Z",
    "nvd_published_at": "2023-09-20T01:15:56Z"
  }
}