{
  "schema_version": "1.4.0",
  "id": "GHSA-wmq3-24jm-m8xh",
  "modified": "2024-01-30T21:09:04Z",
  "published": "2022-05-13T01:15:01Z",
  "aliases": [
    "CVE-2019-10280"
  ],
  "summary": "Jenkins Assembla Auth Plugin stores credentials in plain text ",
  "details": "Jenkins Assembla Auth Plugin stores credentials unencrypted in the global config.xml configuration file on the Jenkins master where they can be viewed by users with access to the master file system.",
  "severity": [
    {
      "type": "CVSS_V3",
      "score": "CVSS:3.1/AV:N/AC:L/PR:L/UI:N/S:U/C:H/I:H/A:H"
    }
  ],
  "affected": [
    {
      "package": {
        "ecosystem": "Maven",
        "name": "org.jenkins-ci.plugins:assembla-auth"
      },
      "ranges": [
        {
          "type": "ECOSYSTEM",
          "events": [
            {
              "introduced": "0"
            },
            {
              "fixed": "1.13"
            }
          ]
        }
      ],
      "database_specific": {
        "last_known_affected_version_range": "<= 1.11"
      }
    }
  ],
  "references": [
    {
      "type": "ADVISORY",
      "url": "https://nvd.nist.gov/vuln/detail/CVE-2019-10280"
    },
    {
      "type": "WEB",
      "url": "https://jenkins.io/security/advisory/2019-04-03/#SECURITY-1093"
    },
    {
      "type": "WEB",
      "url": "http://www.openwall.com/lists/oss-security/2019/04/12/2"
    },
    {
      "type": "WEB",
      "url": "http://www.securityfocus.com/bid/107790"
    }
  ],
  "database_specific": {
    "cwe_ids": [
      "CWE-522"
    ],
    "severity": "HIGH",
    "github_reviewed": true,
    "github_reviewed_at": "2024-01-30T21:09:04Z",
    "nvd_published_at": "2019-04-04T16:29:00Z"
  }
}