{
  "schema_version": "1.4.0",
  "id": "GHSA-g9fx-6j5c-grmw",
  "modified": "2023-05-25T13:24:03Z",
  "published": "2022-02-16T00:01:36Z",
  "aliases": [
    "CVE-2022-25174"
  ],
  "summary": "Improper Neutralization of Special Elements used in an OS Command in Jenkins Pipeline: Shared Groovy Libraries Plugin",
  "details": "Jenkins Pipeline: Shared Groovy Libraries Plugin prior to 561.va_ce0de3c2d69, 2.21.1, and 2.18.1 uses the same checkout directories for distinct SCMs for Pipeline libraries, allowing attackers with Item/Configure permission to invoke arbitrary OS commands on the controller through crafted SCM contents.",
  "severity": [
    {
      "type": "CVSS_V3",
      "score": "CVSS:3.1/AV:N/AC:L/PR:L/UI:N/S:U/C:H/I:H/A:H"
    }
  ],
  "affected": [
    {
      "package": {
        "ecosystem": "Maven",
        "name": "org.jenkins-ci.plugins.workflow:workflow-cps-global-lib"
      },
      "ranges": [
        {
          "type": "ECOSYSTEM",
          "events": [
            {
              "introduced": "544.vff04fa68714d"
            },
            {
              "fixed": "561.va"
            }
          ]
        }
      ]
    },
    {
      "package": {
        "ecosystem": "Maven",
        "name": "org.jenkins-ci.plugins.workflow:workflow-cps-global-lib"
      },
      "ranges": [
        {
          "type": "ECOSYSTEM",
          "events": [
            {
              "introduced": "2.19"
            },
            {
              "fixed": "2.21.1"
            }
          ]
        }
      ]
    },
    {
      "package": {
        "ecosystem": "Maven",
        "name": "org.jenkins-ci.plugins.workflow:workflow-cps-global-lib"
      },
      "ranges": [
        {
          "type": "ECOSYSTEM",
          "events": [
            {
              "introduced": "0"
            },
            {
              "fixed": "2.18.1"
            }
          ]
        }
      ]
    }
  ],
  "references": [
    {
      "type": "ADVISORY",
      "url": "https://nvd.nist.gov/vuln/detail/CVE-2022-25174"
    },
    {
      "type": "WEB",
      "url": "https://github.com/jenkinsci/workflow-cps-global-lib-plugin/commit/ace0de3c2d691662021ea10306eeb407da6b6365"
    },
    {
      "type": "WEB",
      "url": "https://github.com/CVEProject/cvelist/blob/e19344451ce1c4a4181b9f094b8fd38cd8d86c9f/2022/25xxx/CVE-2022-25174.json"
    },
    {
      "type": "WEB",
      "url": "https://www.jenkins.io/security/advisory/2022-02-15/#SECURITY-2463"
    }
  ],
  "database_specific": {
    "cwe_ids": [
      "CWE-78"
    ],
    "severity": "HIGH",
    "github_reviewed": true,
    "github_reviewed_at": "2022-06-20T22:48:09Z",
    "nvd_published_at": "2022-02-15T17:15:00Z"
  }
}