{
  "schema_version": "1.4.0",
  "id": "GHSA-96jg-pmc4-cx39",
  "modified": "2024-05-30T14:52:14Z",
  "published": "2024-05-30T14:52:14Z",
  "aliases": [],
  "summary": "TYPO3 CMS Insecure Deserialization",
  "details": "It has been discovered that the Form Framework (system extension `form`) is vulnerable to Insecure Deserialization when being used with the additional PHP PECL package `yaml`, which is capable of unserializing YAML contents to PHP objects. A valid backend user account as well as having PHP setting `yaml.decode_php` enabled is needed to exploit this vulnerability (which is the default value according to PHP documentation).",
  "severity": [
    {
      "type": "CVSS_V3",
      "score": "CVSS:3.1/AV:N/AC:H/PR:L/UI:N/S:U/C:H/I:H/A:H"
    }
  ],
  "affected": [
    {
      "package": {
        "ecosystem": "Packagist",
        "name": "typo3/cms-core"
      },
      "ranges": [
        {
          "type": "ECOSYSTEM",
          "events": [
            {
              "introduced": "8.5.0"
            },
            {
              "fixed": "8.7.17"
            }
          ]
        }
      ]
    },
    {
      "package": {
        "ecosystem": "Packagist",
        "name": "typo3/cms-core"
      },
      "ranges": [
        {
          "type": "ECOSYSTEM",
          "events": [
            {
              "introduced": "9.0.0"
            },
            {
              "fixed": "9.3.1"
            }
          ]
        }
      ]
    }
  ],
  "references": [
    {
      "type": "WEB",
      "url": "https://github.com/FriendsOfPHP/security-advisories/blob/master/typo3/cms-core/2018-07-12-4.yaml"
    },
    {
      "type": "PACKAGE",
      "url": "https://github.com/TYPO3-CMS/core"
    },
    {
      "type": "WEB",
      "url": "https://typo3.org/security/advisory/typo3-core-sa-2018-004"
    }
  ],
  "database_specific": {
    "cwe_ids": [
      "CWE-502"
    ],
    "severity": "HIGH",
    "github_reviewed": true,
    "github_reviewed_at": "2024-05-30T14:52:14Z",
    "nvd_published_at": null
  }
}