{
  "schema_version": "1.4.0",
  "id": "GHSA-p7xc-35m8-57pr",
  "modified": "2024-09-20T17:36:12Z",
  "published": "2018-07-13T15:17:14Z",
  "aliases": [
    "CVE-2017-1000001"
  ],
  "summary": "FedMsg not properly completing message validation",
  "details": "FedMsg 0.18.1 and older is vulnerable to a message validation flaw resulting in message validation not being enabled if configured to be on.",
  "severity": [
    {
      "type": "CVSS_V3",
      "score": "CVSS:3.0/AV:N/AC:L/PR:N/UI:N/S:U/C:N/I:H/A:N"
    },
    {
      "type": "CVSS_V4",
      "score": "CVSS:4.0/AV:N/AC:L/AT:N/PR:N/UI:N/VC:N/VI:H/VA:N/SC:N/SI:N/SA:N"
    }
  ],
  "affected": [
    {
      "package": {
        "ecosystem": "PyPI",
        "name": "FedMsg"
      },
      "ranges": [
        {
          "type": "ECOSYSTEM",
          "events": [
            {
              "introduced": "0"
            },
            {
              "fixed": "0.18.2"
            }
          ]
        }
      ]
    }
  ],
  "references": [
    {
      "type": "ADVISORY",
      "url": "https://nvd.nist.gov/vuln/detail/CVE-2017-1000001"
    },
    {
      "type": "ADVISORY",
      "url": "https://github.com/advisories/GHSA-p7xc-35m8-57pr"
    },
    {
      "type": "PACKAGE",
      "url": "https://github.com/fedora-infra/fedmsg"
    },
    {
      "type": "WEB",
      "url": "https://github.com/fedora-infra/fedmsg/blob/0.18.2/CHANGELOG.rst"
    },
    {
      "type": "WEB",
      "url": "https://github.com/pypa/advisory-database/tree/main/vulns/fedmsg/PYSEC-2017-13.yaml"
    }
  ],
  "database_specific": {
    "cwe_ids": [
      "CWE-20"
    ],
    "severity": "HIGH",
    "github_reviewed": true,
    "github_reviewed_at": "2020-06-16T21:48:31Z",
    "nvd_published_at": null
  }
}