{
  "schema_version": "1.4.0",
  "id": "GHSA-gpgx-whwh-r297",
  "modified": "2023-06-19T16:50:23Z",
  "published": "2022-02-11T00:00:46Z",
  "withdrawn": "2023-06-19T16:50:23Z",
  "aliases": [],
  "summary": "Duplicate advisory: swift-nio-http2 vulnerable to denial of service via ALTSVC or ORIGIN frames",
  "details": "## Duplicate Advisory\n\nThis advisory has been withdrawn because it is a duplicate of GHSA-pgfx-g6rc-8cjv. This link is maintained to preserve external references.\n\n## Original Description\n\nA program using swift-nio-http2 is vulnerable to a denial of service attack caused by a network peer sending ALTSVC or ORIGIN frames. This attack affects all swift-nio-http2 versions from 1.0.0 to 1.19.1. This vulnerability is caused by a logical error after frame parsing but before frame handling. ORIGIN and ALTSVC frames are not currently supported by swift-nio-http2, and should be ignored. However, one code path that encounters them has a deliberate trap instead. This was left behind from the original development process and was never removed. Sending an ALTSVC or ORIGIN frame does not require any special permission, so any HTTP/2 connection peer may send such a frame. For clients, this means any server to which they connect may launch this attack. For servers, anyone they allow to connect to them may launch such an attack. The attack is low-effort: it takes very little resources to send one of these frames. The impact on availability is high: receiving the frame immediately crashes the server, dropping all in-flight connections and causing the service to need to restart. It is straightforward for an attacker to repeatedly send these frames, so attackers require very few resources to achieve a substantial denial of service. The attack does not have any confidentiality or integrity risks in and of itself. This is a controlled, intentional crash. However, sudden process crashes can lead to violations of invariants in services, so it is possible that this attack can be used to trigger an error condition that has confidentiality or integrity risks. The risk can be mitigated if untrusted peers can be prevented from communicating with the service. This mitigation is not available to many services. The issue is fixed by rewriting the parsing code to correctly handle the condition. The issue was found by automated fuzzing by oss-fuzz.",
  "severity": [
    {
      "type": "CVSS_V3",
      "score": "CVSS:3.1/AV:N/AC:L/PR:N/UI:N/S:U/C:N/I:N/A:H"
    }
  ],
  "affected": [
    {
      "package": {
        "ecosystem": "SwiftURL",
        "name": "github.com/apple/swift-nio-http2"
      },
      "ranges": [
        {
          "type": "ECOSYSTEM",
          "events": [
            {
              "introduced": "1.0.0"
            },
            {
              "fixed": "1.19.2"
            }
          ]
        }
      ]
    }
  ],
  "references": [
    {
      "type": "WEB",
      "url": "https://github.com/apple/swift-nio-http2/security/advisories/GHSA-pgfx-g6rc-8cjv"
    },
    {
      "type": "ADVISORY",
      "url": "https://nvd.nist.gov/vuln/detail/CVE-2022-24668"
    },
    {
      "type": "PACKAGE",
      "url": "https://github.com/apple/swift-nio-http2"
    }
  ],
  "database_specific": {
    "cwe_ids": [
      "CWE-241"
    ],
    "severity": "HIGH",
    "github_reviewed": true,
    "github_reviewed_at": "2023-06-19T16:50:23Z",
    "nvd_published_at": "2022-02-09T23:15:00Z"
  }
}