{
  "schema_version": "1.4.0",
  "id": "GHSA-74w6-ww7w-45j9",
  "modified": "2024-01-23T18:11:51Z",
  "published": "2022-05-02T03:13:52Z",
  "aliases": [
    "CVE-2009-0258"
  ],
  "summary": "Indexed Search Engine for TYPO3 Command Execution via Metacharacter Injection",
  "details": "The Indexed Search Engine (indexed_search) system extension in TYPO3 4.0.0 through 4.0.9, 4.1.0 through 4.1.7, and 4.2.0 through 4.2.3 allows remote attackers to execute arbitrary commands via a crafted filename containing shell metacharacters, which is not properly handled by the command-line indexer.",
  "severity": [],
  "affected": [
    {
      "package": {
        "ecosystem": "Packagist",
        "name": "typo3/cms"
      },
      "ranges": [
        {
          "type": "ECOSYSTEM",
          "events": [
            {
              "introduced": "4.0.0"
            },
            {
              "fixed": "4.0.10"
            }
          ]
        }
      ],
      "database_specific": {
        "last_known_affected_version_range": "<= 4.0.9"
      }
    },
    {
      "package": {
        "ecosystem": "Packagist",
        "name": "typo3/cms"
      },
      "ranges": [
        {
          "type": "ECOSYSTEM",
          "events": [
            {
              "introduced": "4.1.0"
            },
            {
              "fixed": "4.1.8"
            }
          ]
        }
      ],
      "database_specific": {
        "last_known_affected_version_range": "<= 4.1.7"
      }
    },
    {
      "package": {
        "ecosystem": "Packagist",
        "name": "typo3/cms"
      },
      "ranges": [
        {
          "type": "ECOSYSTEM",
          "events": [
            {
              "introduced": "4.2.0"
            },
            {
              "fixed": "4.2.4"
            }
          ]
        }
      ],
      "database_specific": {
        "last_known_affected_version_range": "<= 4.2.3"
      }
    }
  ],
  "references": [
    {
      "type": "ADVISORY",
      "url": "https://nvd.nist.gov/vuln/detail/CVE-2009-0258"
    },
    {
      "type": "WEB",
      "url": "https://exchange.xforce.ibmcloud.com/vulnerabilities/48138"
    },
    {
      "type": "WEB",
      "url": "https://web.archive.org/web/20111210005350/http://www.securityfocus.com/bid/33376"
    },
    {
      "type": "WEB",
      "url": "http://typo3.org/teams/security/security-bulletins/typo3-sa-2009-001"
    },
    {
      "type": "WEB",
      "url": "http://www.debian.org/security/2009/dsa-1711"
    },
    {
      "type": "WEB",
      "url": "http://www.openwall.com/lists/oss-security/2009/01/23/4"
    }
  ],
  "database_specific": {
    "cwe_ids": [
      "CWE-20",
      "CWE-78"
    ],
    "severity": "HIGH",
    "github_reviewed": true,
    "github_reviewed_at": "2024-01-23T18:11:51Z",
    "nvd_published_at": "2009-01-22T23:30:00Z"
  }
}