{
  "schema_version": "1.4.0",
  "id": "GHSA-697v-pxg3-j262",
  "modified": "2023-01-10T15:47:23Z",
  "published": "2022-07-15T20:55:21Z",
  "aliases": [
    "CVE-2020-28191"
  ],
  "summary": "Togglz console missing cross-site request forgery (CSRF) protection",
  "details": "Togglz is an implementation of the Feature Toggles pattern for Java. There is no CSRF protection in the togglz console and could allow an attacker to guess the CSRF token value. Version 2.9.4 adds the necessary CSRF protection.",
  "severity": [
    {
      "type": "CVSS_V3",
      "score": "CVSS:3.1/AV:N/AC:L/PR:N/UI:R/S:U/C:H/I:H/A:H"
    }
  ],
  "affected": [
    {
      "package": {
        "ecosystem": "Maven",
        "name": "org.togglz:togglz-console"
      },
      "ranges": [
        {
          "type": "ECOSYSTEM",
          "events": [
            {
              "introduced": "0"
            },
            {
              "fixed": "2.9.4"
            }
          ]
        }
      ]
    }
  ],
  "references": [
    {
      "type": "ADVISORY",
      "url": "https://nvd.nist.gov/vuln/detail/CVE-2020-28191"
    },
    {
      "type": "WEB",
      "url": "https://github.com/togglz/togglz/pull/495"
    },
    {
      "type": "WEB",
      "url": "https://github.com/togglz/togglz/commit/ed66e3f584de954297ebaf98ea4a235286784707"
    },
    {
      "type": "ADVISORY",
      "url": "https://github.com/advisories/GHSA-697v-pxg3-j262"
    },
    {
      "type": "PACKAGE",
      "url": "https://github.com/togglz/togglz"
    },
    {
      "type": "WEB",
      "url": "https://www.mend.io/vulnerability-database/CVE-2020-28191"
    }
  ],
  "database_specific": {
    "cwe_ids": [
      "CWE-352"
    ],
    "severity": "HIGH",
    "github_reviewed": true,
    "github_reviewed_at": "2022-07-15T20:55:21Z",
    "nvd_published_at": "2022-12-26T22:15:00Z"
  }
}