{
  "schema_version": "1.4.0",
  "id": "GHSA-p6h7-hfj2-vmcf",
  "modified": "2025-03-21T21:56:53Z",
  "published": "2025-03-20T12:32:48Z",
  "aliases": [
    "CVE-2024-8501"
  ],
  "summary": "AgentScope arbitrary file download vulnerability in rpc_agent_client",
  "details": "An arbitrary file download vulnerability exists in the rpc_agent_client component of modelscope/agentscope version v0.0.4. This vulnerability allows any user to download any file from the rpc_agent's host by exploiting the download_file method. This can lead to unauthorized access to sensitive information, including configuration files, credentials, and potentially system files, which may facilitate further exploitation such as privilege escalation or lateral movement within the network.",
  "severity": [
    {
      "type": "CVSS_V3",
      "score": "CVSS:3.0/AV:N/AC:L/PR:N/UI:N/S:U/C:H/I:N/A:N"
    }
  ],
  "affected": [
    {
      "package": {
        "ecosystem": "PyPI",
        "name": "agentscope"
      },
      "ranges": [
        {
          "type": "ECOSYSTEM",
          "events": [
            {
              "introduced": "0"
            },
            {
              "last_affected": "0.0.4"
            }
          ]
        }
      ]
    }
  ],
  "references": [
    {
      "type": "ADVISORY",
      "url": "https://nvd.nist.gov/vuln/detail/CVE-2024-8501"
    },
    {
      "type": "PACKAGE",
      "url": "https://github.com/modelscope/agentscope"
    },
    {
      "type": "WEB",
      "url": "https://huntr.com/bounties/83e433c0-ed2d-4b10-8358-d3c1eee0a47c"
    }
  ],
  "database_specific": {
    "cwe_ids": [
      "CWE-36"
    ],
    "severity": "HIGH",
    "github_reviewed": true,
    "github_reviewed_at": "2025-03-21T21:56:53Z",
    "nvd_published_at": "2025-03-20T10:15:42Z"
  }
}