{
  "schema_version": "1.4.0",
  "id": "GHSA-7vx2-5349-qj99",
  "modified": "2023-06-06T18:32:24Z",
  "published": "2022-12-06T00:30:16Z",
  "withdrawn": "2023-06-06T18:32:24Z",
  "aliases": [
    "CVE-2022-46464"
  ],
  "summary": "Withdrawn: ConcreteCMS vulnerable to Xpath injection attacks",
  "details": "## Withdrawn\nThis advisory has been withdrawn because it has been found not to be a security issue and withdrawn by its CNA. Please see the message from NVD [here](https://nvd.nist.gov/vuln/detail/CVE-2022-46464) for more information. This link is maintained to preserve external references.\n\n## Original Description \n\nConcreteCMS v9.1.3 was discovered to be vulnerable to Xpath injection attacks. This vulnerability allows attackers to access sensitive XML data via a crafted payload injected into the URL path folder \"3\".",
  "severity": [
    {
      "type": "CVSS_V3",
      "score": "CVSS:3.1/AV:N/AC:L/PR:N/UI:N/S:U/C:H/I:N/A:N"
    }
  ],
  "affected": [
    {
      "package": {
        "ecosystem": "Packagist",
        "name": "concrete5/concrete5"
      },
      "ranges": [
        {
          "type": "ECOSYSTEM",
          "events": [
            {
              "introduced": "0"
            },
            {
              "last_affected": "9.1.3"
            }
          ]
        }
      ]
    }
  ],
  "references": [
    {
      "type": "ADVISORY",
      "url": "https://nvd.nist.gov/vuln/detail/CVE-2022-46464"
    },
    {
      "type": "PACKAGE",
      "url": "https://github.com/concretecms/concretecms"
    },
    {
      "type": "WEB",
      "url": "https://github.com/nu11secur1ty/CVE-nu11secur1ty/tree/main/vendors/concretecms.org/2022/concretecms-9.1.3"
    }
  ],
  "database_specific": {
    "cwe_ids": [
      "CWE-91"
    ],
    "severity": "HIGH",
    "github_reviewed": true,
    "github_reviewed_at": "2022-12-06T15:35:16Z",
    "nvd_published_at": "2022-12-05T23:15:00Z"
  }
}