{
  "schema_version": "1.4.0",
  "id": "GHSA-qjmc-wwmw-cq9r",
  "modified": "2024-11-18T22:05:12Z",
  "published": "2022-05-17T04:58:00Z",
  "aliases": [
    "CVE-2013-4510"
  ],
  "summary": "Tryton Directory Traversal vulnerability",
  "details": "Directory traversal vulnerability in the client in Tryton 3.0.0, as distributed before 20131104 and earlier, allows remote servers to write arbitrary files via path separators in the extension of a report.",
  "severity": [
    {
      "type": "CVSS_V3",
      "score": "CVSS:3.1/AV:N/AC:L/PR:N/UI:N/S:U/C:N/I:H/A:N"
    },
    {
      "type": "CVSS_V4",
      "score": "CVSS:4.0/AV:N/AC:L/AT:N/PR:N/UI:N/VC:N/VI:H/VA:N/SC:N/SI:N/SA:N"
    }
  ],
  "affected": [
    {
      "package": {
        "ecosystem": "PyPI",
        "name": "trytond"
      },
      "versions": [
        "3.0.0"
      ]
    }
  ],
  "references": [
    {
      "type": "ADVISORY",
      "url": "https://nvd.nist.gov/vuln/detail/CVE-2013-4510"
    },
    {
      "type": "WEB",
      "url": "https://bugs.tryton.org/issue3446"
    },
    {
      "type": "WEB",
      "url": "https://github.com/pypa/advisory-database/tree/main/vulns/tryton/PYSEC-2013-28.yaml"
    },
    {
      "type": "WEB",
      "url": "http://hg.tryton.org/tryton/rev/357d0a4d9cb8"
    },
    {
      "type": "WEB",
      "url": "http://www.debian.org/security/2013/dsa-2791"
    },
    {
      "type": "WEB",
      "url": "http://www.openwall.com/lists/oss-security/2013/11/04/21"
    },
    {
      "type": "WEB",
      "url": "http://www.tryton.org/posts/security-release-for-issue3446.html"
    }
  ],
  "database_specific": {
    "cwe_ids": [
      "CWE-22"
    ],
    "severity": "HIGH",
    "github_reviewed": true,
    "github_reviewed_at": "2024-05-01T10:44:44Z",
    "nvd_published_at": "2013-11-18T02:55:00Z"
  }
}