{
  "schema_version": "1.4.0",
  "id": "GHSA-p55x-7x9v-q8m4",
  "modified": "2021-05-20T20:59:20Z",
  "published": "2021-06-29T21:45:07Z",
  "aliases": [
    "CVE-2017-15133"
  ],
  "summary": "Denial of Service in miekg-dns",
  "details": "A denial of service flaw was found in miekg-dns before 1.0.4. A remote attacker could use carefully timed TCP packets to block the DNS server from accepting new connections.",
  "severity": [
    {
      "type": "CVSS_V3",
      "score": "CVSS:3.0/AV:N/AC:L/PR:N/UI:N/S:U/C:N/I:N/A:H"
    }
  ],
  "affected": [
    {
      "package": {
        "ecosystem": "Go",
        "name": "github.com/miekg/dns"
      },
      "ranges": [
        {
          "type": "ECOSYSTEM",
          "events": [
            {
              "introduced": "0"
            },
            {
              "fixed": "1.0.4"
            }
          ]
        }
      ]
    }
  ],
  "references": [
    {
      "type": "ADVISORY",
      "url": "https://nvd.nist.gov/vuln/detail/CVE-2017-15133"
    },
    {
      "type": "WEB",
      "url": "https://github.com/miekg/dns/issues/627"
    },
    {
      "type": "WEB",
      "url": "https://github.com/miekg/dns/pull/631"
    },
    {
      "type": "WEB",
      "url": "https://github.com/miekg/dns/commit/43913f2f4fbd7dcff930b8a809e709591e4dd79e"
    },
    {
      "type": "WEB",
      "url": "https://bugzilla.redhat.com/show_bug.cgi?id=1538763"
    },
    {
      "type": "WEB",
      "url": "https://pkg.go.dev/vuln/GO-2020-0006"
    }
  ],
  "database_specific": {
    "cwe_ids": [
      "CWE-400"
    ],
    "severity": "HIGH",
    "github_reviewed": true,
    "github_reviewed_at": "2021-05-20T20:59:20Z",
    "nvd_published_at": null
  }
}