{
  "schema_version": "1.4.0",
  "id": "GHSA-3mwj-7vmq-w43p",
  "modified": "2022-12-20T22:13:04Z",
  "published": "2022-05-24T17:25:24Z",
  "aliases": [
    "CVE-2020-2236"
  ],
  "summary": "Stored XSS vulnerability in Jenkins Yet Another Build Visualizer Plugin",
  "details": "Yet Another Build Visualizer Plugin 1.11 and earlier does not escape tooltip content.\n\nThis results in a stored cross-site scripting (XSS) vulnerability exploitable by users with Run/Update permission.\n\nYet Another Build Visualizer Plugin 1.12 escapes tooltip content.",
  "severity": [
    {
      "type": "CVSS_V3",
      "score": "CVSS:3.0/AV:N/AC:L/PR:L/UI:R/S:U/C:H/I:H/A:H"
    }
  ],
  "affected": [
    {
      "package": {
        "ecosystem": "Maven",
        "name": "com.axis.system.jenkins.plugins.downstream:yet-another-build-visualizer"
      },
      "ranges": [
        {
          "type": "ECOSYSTEM",
          "events": [
            {
              "introduced": "0"
            },
            {
              "fixed": "1.12"
            }
          ]
        }
      ]
    }
  ],
  "references": [
    {
      "type": "ADVISORY",
      "url": "https://nvd.nist.gov/vuln/detail/CVE-2020-2236"
    },
    {
      "type": "WEB",
      "url": "https://github.com/jenkinsci/yet-another-build-visualizer-plugin/commit/0e6db61ef66f4ed4f2e580240e364f195b00ee6e"
    },
    {
      "type": "PACKAGE",
      "url": "https://github.com/jenkinsci/yet-another-build-visualizer-plugin"
    },
    {
      "type": "WEB",
      "url": "https://jenkins.io/security/advisory/2020-08-12/#SECURITY-1940"
    },
    {
      "type": "WEB",
      "url": "http://www.openwall.com/lists/oss-security/2020/08/12/4"
    }
  ],
  "database_specific": {
    "cwe_ids": [
      "CWE-79"
    ],
    "severity": "HIGH",
    "github_reviewed": true,
    "github_reviewed_at": "2022-12-20T22:13:04Z",
    "nvd_published_at": "2020-08-12T14:15:00Z"
  }
}