{
  "schema_version": "1.4.0",
  "id": "GHSA-wmrx-57hm-mw7r",
  "modified": "2022-03-24T22:47:39Z",
  "published": "2022-02-18T00:00:34Z",
  "aliases": [
    "CVE-2022-24683"
  ],
  "summary": "Arbitrary file reads in HashiCorp Nomad",
  "details": "Nomad is an easy-to-use, flexible, and performant workload orchestrator that can deploy a mix of microservice, batch, containerized, and non-containerized applications. HashiCorp Nomad and Nomad Enterprise 0.9.2 through 1.0.17, 1.1.11, and 1.2.5 allow operators with read-fs and alloc-exec (or job-submit) capabilities to read arbitrary files on the host filesystem as root. There are currently no known workarounds. Users are recommended to upgrade as soon as possible to avoid this issue.",
  "severity": [
    {
      "type": "CVSS_V3",
      "score": "CVSS:3.1/AV:N/AC:L/PR:N/UI:N/S:U/C:H/I:N/A:N"
    }
  ],
  "affected": [
    {
      "package": {
        "ecosystem": "Go",
        "name": "github.com/hashicorp/nomad"
      },
      "ranges": [
        {
          "type": "ECOSYSTEM",
          "events": [
            {
              "introduced": "0.9.2"
            },
            {
              "fixed": "1.0.18"
            }
          ]
        }
      ]
    },
    {
      "package": {
        "ecosystem": "Go",
        "name": "github.com/hashicorp/nomad"
      },
      "ranges": [
        {
          "type": "ECOSYSTEM",
          "events": [
            {
              "introduced": "1.1.0"
            },
            {
              "fixed": "1.1.12"
            }
          ]
        }
      ]
    },
    {
      "package": {
        "ecosystem": "Go",
        "name": "github.com/hashicorp/nomad"
      },
      "ranges": [
        {
          "type": "ECOSYSTEM",
          "events": [
            {
              "introduced": "1.2.0"
            },
            {
              "fixed": "1.2.6"
            }
          ]
        }
      ]
    }
  ],
  "references": [
    {
      "type": "ADVISORY",
      "url": "https://nvd.nist.gov/vuln/detail/CVE-2022-24683"
    },
    {
      "type": "WEB",
      "url": "https://github.com/hashicorp/nomad/commit/1aa46c3796e924b72eb45a7f02dae32df0c1179c"
    },
    {
      "type": "WEB",
      "url": "https://github.com/hashicorp/nomad/commit/b3c0e6a7a53d624003698b48b6c59739552c3721"
    },
    {
      "type": "WEB",
      "url": "https://github.com/hashicorp/nomad/commit/fcb3a5d016a3dfcc63efcdb567373735a0703279"
    },
    {
      "type": "WEB",
      "url": "https://discuss.hashicorp.com"
    },
    {
      "type": "WEB",
      "url": "https://discuss.hashicorp.com/t/hcsec-2022-02-nomad-alloc-filesystem-and-container-escape/35560"
    },
    {
      "type": "WEB",
      "url": "https://security.netapp.com/advisory/ntap-20220318-0008"
    },
    {
      "type": "PACKAGE",
      "url": "github.com/hashicorp/nomad"
    }
  ],
  "database_specific": {
    "cwe_ids": [
      "CWE-22"
    ],
    "severity": "HIGH",
    "github_reviewed": true,
    "github_reviewed_at": "2022-03-01T21:36:15Z",
    "nvd_published_at": "2022-02-17T17:15:00Z"
  }
}