{
  "schema_version": "1.4.0",
  "id": "GHSA-rwrx-x2hw-9h5w",
  "modified": "2023-03-20T17:28:36Z",
  "published": "2023-03-20T15:30:20Z",
  "aliases": [
    "CVE-2023-26513"
  ],
  "summary": "Apache Sling Resource Merger has Excessive Iteration vulnerability",
  "details": "Excessive Iteration vulnerability in Apache Software Foundation Apache Sling Resource Merger. This issue affects Apache Sling Resource Merger: from 1.2.0 before 1.4.2.",
  "severity": [
    {
      "type": "CVSS_V3",
      "score": "CVSS:3.1/AV:N/AC:L/PR:N/UI:N/S:U/C:N/I:N/A:H"
    }
  ],
  "affected": [
    {
      "package": {
        "ecosystem": "Maven",
        "name": "org.apache.sling:org.apache.sling.resourcemerger"
      },
      "ranges": [
        {
          "type": "ECOSYSTEM",
          "events": [
            {
              "introduced": "1.2.0"
            },
            {
              "fixed": "1.4.2"
            }
          ]
        }
      ]
    }
  ],
  "references": [
    {
      "type": "ADVISORY",
      "url": "https://nvd.nist.gov/vuln/detail/CVE-2023-26513"
    },
    {
      "type": "WEB",
      "url": "https://issues.apache.org/jira/browse/SLING-11776"
    },
    {
      "type": "WEB",
      "url": "https://lists.apache.org/thread/xpcpo1y88ldss5hgmvogsf6h3735l5zb"
    }
  ],
  "database_specific": {
    "cwe_ids": [
      "CWE-834"
    ],
    "severity": "HIGH",
    "github_reviewed": true,
    "github_reviewed_at": "2023-03-20T17:28:36Z",
    "nvd_published_at": "2023-03-20T13:15:00Z"
  }
}