{
  "schema_version": "1.4.0",
  "id": "GHSA-wm8w-qp2f-728q",
  "modified": "2024-01-04T18:29:29Z",
  "published": "2022-05-17T02:16:00Z",
  "aliases": [
    "CVE-2016-4433"
  ],
  "summary": "Apache Struts Open Redirect",
  "details": "Apache Struts 2 2.3.20 through 2.3.28.1 allows remote attackers to bypass intended access restrictions and conduct redirection attacks via a crafted request.",
  "severity": [
    {
      "type": "CVSS_V3",
      "score": "CVSS:3.0/AV:N/AC:L/PR:N/UI:N/S:U/C:N/I:H/A:N"
    }
  ],
  "affected": [
    {
      "package": {
        "ecosystem": "Maven",
        "name": "org.apache.struts.xwork:xwork-core"
      },
      "ranges": [
        {
          "type": "ECOSYSTEM",
          "events": [
            {
              "introduced": "2.3.20"
            },
            {
              "fixed": "2.3.29"
            }
          ]
        }
      ],
      "database_specific": {
        "last_known_affected_version_range": "<= 2.3.28.1"
      }
    }
  ],
  "references": [
    {
      "type": "ADVISORY",
      "url": "https://nvd.nist.gov/vuln/detail/CVE-2016-4433"
    },
    {
      "type": "WEB",
      "url": "https://github.com/apache/struts/commit/b28b78c062f0bf3c79793a25aab8c9b6c12bce6e"
    },
    {
      "type": "WEB",
      "url": "https://bugzilla.redhat.com/show_bug.cgi?id=1348251"
    },
    {
      "type": "PACKAGE",
      "url": "https://github.com/apache/struts"
    },
    {
      "type": "WEB",
      "url": "https://struts.apache.org/docs/s2-039.html"
    },
    {
      "type": "WEB",
      "url": "https://web.archive.org/web/20210123144955/http://www.securityfocus.com/bid/91282"
    },
    {
      "type": "WEB",
      "url": "http://jvn.jp/en/jp/JVN45093481/index.html"
    },
    {
      "type": "WEB",
      "url": "http://jvndb.jvn.jp/jvndb/JVNDB-2016-000112"
    },
    {
      "type": "WEB",
      "url": "http://www-01.ibm.com/support/docview.wss?uid=ssg1S1009282"
    },
    {
      "type": "WEB",
      "url": "http://www-01.ibm.com/support/docview.wss?uid=swg21987854"
    },
    {
      "type": "WEB",
      "url": "http://www.oracle.com/technetwork/security-advisory/cpujul2017-3236622.html"
    }
  ],
  "database_specific": {
    "cwe_ids": [
      "CWE-20"
    ],
    "severity": "HIGH",
    "github_reviewed": true,
    "github_reviewed_at": "2023-07-31T22:25:00Z",
    "nvd_published_at": "2016-07-04T22:59:00Z"
  }
}