{
  "schema_version": "1.4.0",
  "id": "GHSA-qgm6-9472-pwq7",
  "modified": "2022-02-08T21:34:31Z",
  "published": "2021-08-25T20:52:19Z",
  "aliases": [
    "CVE-2021-23840"
  ],
  "summary": "Integer Overflow in openssl-src",
  "details": "Calls to EVP_CipherUpdate, EVP_EncryptUpdate and EVP_DecryptUpdate may overflow the output length argument in some cases where the input length is close to the maximum permissable length for an integer on the platform. In such cases the return value from the function call will be 1 (indicating success), but the output length value will be negative. This could cause applications to behave incorrectly or crash. OpenSSL versions 1.1.1i and below are affected by this issue. Users of these versions should upgrade to OpenSSL 1.1.1j. OpenSSL versions 1.0.2x and below are affected by this issue. However OpenSSL 1.0.2 is out of support and no longer receiving public updates. Premium support customers of OpenSSL 1.0.2 should upgrade to 1.0.2y. Other users should upgrade to 1.1.1j. Fixed in OpenSSL 1.1.1j (Affected 1.1.1-1.1.1i). Fixed in OpenSSL 1.0.2y (Affected 1.0.2-1.0.2x).",
  "severity": [
    {
      "type": "CVSS_V3",
      "score": "CVSS:3.1/AV:N/AC:L/PR:N/UI:N/S:U/C:N/I:N/A:H"
    }
  ],
  "affected": [
    {
      "package": {
        "ecosystem": "crates.io",
        "name": "openssl-src"
      },
      "ranges": [
        {
          "type": "ECOSYSTEM",
          "events": [
            {
              "introduced": "0"
            },
            {
              "fixed": "111.14.0"
            }
          ]
        }
      ]
    }
  ],
  "references": [
    {
      "type": "ADVISORY",
      "url": "https://nvd.nist.gov/vuln/detail/CVE-2021-23840"
    },
    {
      "type": "WEB",
      "url": "https://www.tenable.com/security/tns-2021-10"
    },
    {
      "type": "WEB",
      "url": "https://www.tenable.com/security/tns-2021-09"
    },
    {
      "type": "WEB",
      "url": "https://www.tenable.com/security/tns-2021-03"
    },
    {
      "type": "WEB",
      "url": "https://www.oracle.com/security-alerts/cpuoct2021.html"
    },
    {
      "type": "WEB",
      "url": "https://www.oracle.com/security-alerts/cpujan2022.html"
    },
    {
      "type": "WEB",
      "url": "https://www.oracle.com/security-alerts/cpuapr2022.html"
    },
    {
      "type": "WEB",
      "url": "https://www.oracle.com/security-alerts/cpuApr2021.html"
    },
    {
      "type": "WEB",
      "url": "https://www.oracle.com//security-alerts/cpujul2021.html"
    },
    {
      "type": "WEB",
      "url": "https://www.openssl.org/news/secadv/20210216.txt"
    },
    {
      "type": "WEB",
      "url": "https://www.debian.org/security/2021/dsa-4855"
    },
    {
      "type": "WEB",
      "url": "https://security.netapp.com/advisory/ntap-20210219-0009"
    },
    {
      "type": "WEB",
      "url": "https://security.gentoo.org/glsa/202103-03"
    },
    {
      "type": "WEB",
      "url": "https://rustsec.org/advisories/RUSTSEC-2021-0057.html"
    },
    {
      "type": "WEB",
      "url": "https://lists.apache.org/thread.html/rf4c02775860db415b4955778a131c2795223f61cb8c6a450893651e4@%3Cissues.bookkeeper.apache.org%3E"
    },
    {
      "type": "WEB",
      "url": "https://lists.apache.org/thread.html/r58af02e294bd07f487e2c64ffc0a29b837db5600e33b6e698b9d696b@%3Cissues.bookkeeper.apache.org%3E"
    },
    {
      "type": "WEB",
      "url": "https://kc.mcafee.com/corporate/index?page=content&id=SB10366"
    },
    {
      "type": "WEB",
      "url": "https://kb.pulsesecure.net/articles/Pulse_Security_Advisories/SA44846"
    },
    {
      "type": "PACKAGE",
      "url": "https://github.com/alexcrichton/openssl-src-rs"
    },
    {
      "type": "WEB",
      "url": "https://git.openssl.org/gitweb/?p=openssl.git;a=commitdiff;h=9b1129239f3ebb1d1c98ce9ed41d5c9476c47cb2"
    },
    {
      "type": "WEB",
      "url": "https://git.openssl.org/gitweb/?p=openssl.git;a=commitdiff;h=6a51b9e1d0cf0bf8515f7201b68fb0a3482b3dc1"
    },
    {
      "type": "WEB",
      "url": "https://cert-portal.siemens.com/productcert/pdf/ssa-389290.pdf"
    }
  ],
  "database_specific": {
    "cwe_ids": [
      "CWE-190"
    ],
    "severity": "HIGH",
    "github_reviewed": true,
    "github_reviewed_at": "2021-08-19T17:35:16Z",
    "nvd_published_at": "2021-02-16T17:15:00Z"
  }
}