{
  "schema_version": "1.4.0",
  "id": "GHSA-46f2-x6h2-x9hx",
  "modified": "2023-05-17T03:07:51Z",
  "published": "2023-05-16T18:30:16Z",
  "aliases": [
    "CVE-2023-32986"
  ],
  "summary": "Jenkins File Parameter Plugin arbitrary file write vulnerability",
  "details": "Jenkins File Parameter Plugin 285.v757c5b_67a_c25 and earlier does not restrict the name (and resulting uploaded file name) of Stashed File Parameters.\n\nThis allows attackers with Item/Configure permission to create or replace arbitrary files on the Jenkins controller file system with attacker-specified content.\n\nFile Parameter Plugin 285.287.v4b_7b_29d3469d restricts the name (and resulting uploaded file name) of Stashed File Parameters.",
  "severity": [
    {
      "type": "CVSS_V3",
      "score": "CVSS:3.1/AV:N/AC:L/PR:L/UI:N/S:U/C:H/I:H/A:H"
    }
  ],
  "affected": [
    {
      "package": {
        "ecosystem": "Maven",
        "name": "io.jenkins.plugins:file-parameters"
      },
      "ranges": [
        {
          "type": "ECOSYSTEM",
          "events": [
            {
              "introduced": "0"
            },
            {
              "fixed": "285.287.v4b"
            }
          ]
        }
      ]
    }
  ],
  "references": [
    {
      "type": "ADVISORY",
      "url": "https://nvd.nist.gov/vuln/detail/CVE-2023-32986"
    },
    {
      "type": "WEB",
      "url": "https://github.com/jenkinsci/file-parameters-plugin/commit/4b7b29d3469dc020ec61a387c0c793c1f1ac31dd"
    },
    {
      "type": "WEB",
      "url": "https://www.jenkins.io/security/advisory/2023-05-16/#SECURITY-3123"
    }
  ],
  "database_specific": {
    "cwe_ids": [
      "CWE-732"
    ],
    "severity": "HIGH",
    "github_reviewed": true,
    "github_reviewed_at": "2023-05-17T03:07:51Z",
    "nvd_published_at": "2023-05-16T16:15:11Z"
  }
}