{
  "schema_version": "1.4.0",
  "id": "GHSA-h4c9-rr5m-32fm",
  "modified": "2023-04-07T21:01:39Z",
  "published": "2023-04-02T03:30:16Z",
  "aliases": [
    "CVE-2023-27025"
  ],
  "summary": "RuoYi vulnerable to arbitrary file download",
  "details": "An arbitrary file download vulnerability in the background management module of RuoYi v4.7.6 and below allows attackers to download arbitrary files in the server.",
  "severity": [
    {
      "type": "CVSS_V3",
      "score": "CVSS:3.1/AV:N/AC:L/PR:N/UI:N/S:U/C:H/I:N/A:N"
    }
  ],
  "affected": [
    {
      "package": {
        "ecosystem": "Maven",
        "name": "com.ruoyi:ruoyi"
      },
      "ranges": [
        {
          "type": "ECOSYSTEM",
          "events": [
            {
              "introduced": "0"
            },
            {
              "fixed": "4.7.6"
            }
          ]
        }
      ]
    }
  ],
  "references": [
    {
      "type": "ADVISORY",
      "url": "https://nvd.nist.gov/vuln/detail/CVE-2023-27025"
    },
    {
      "type": "WEB",
      "url": "https://gitee.com/y_project/RuoYi"
    },
    {
      "type": "WEB",
      "url": "https://gitee.com/y_project/RuoYi/commit/432d5ce1be2e9384a6230d7ccd8401eef5ce02b0"
    },
    {
      "type": "WEB",
      "url": "https://gitee.com/y_project/RuoYi/issues/I697Q5"
    }
  ],
  "database_specific": {
    "cwe_ids": [
      "CWE-494"
    ],
    "severity": "HIGH",
    "github_reviewed": true,
    "github_reviewed_at": "2023-04-07T21:01:39Z",
    "nvd_published_at": "2023-04-02T01:15:00Z"
  }
}