{
  "schema_version": "1.4.0",
  "id": "GHSA-h254-g997-685c",
  "modified": "2025-03-21T16:38:28Z",
  "published": "2025-03-20T12:32:42Z",
  "aliases": [
    "CVE-2024-11603"
  ],
  "summary": "FastChat Server-Side Request Forgery vulnerability",
  "details": "A Server-Side Request Forgery (SSRF) vulnerability exists in lm-sys/fastchat version 0.2.36. The vulnerability is present in the `/queue/join?` endpoint, where insufficient validation of the path parameter allows an attacker to send crafted requests. This can lead to unauthorized access to internal networks or the AWS metadata endpoint, potentially exposing sensitive data and compromising internal servers.",
  "severity": [
    {
      "type": "CVSS_V3",
      "score": "CVSS:3.0/AV:N/AC:L/PR:N/UI:N/S:U/C:H/I:N/A:N"
    }
  ],
  "affected": [
    {
      "package": {
        "ecosystem": "PyPI",
        "name": "fschat"
      },
      "ranges": [
        {
          "type": "ECOSYSTEM",
          "events": [
            {
              "introduced": "0"
            },
            {
              "last_affected": "0.2.36"
            }
          ]
        }
      ]
    }
  ],
  "references": [
    {
      "type": "ADVISORY",
      "url": "https://nvd.nist.gov/vuln/detail/CVE-2024-11603"
    },
    {
      "type": "PACKAGE",
      "url": "https://github.com/lm-sys/FastChat"
    },
    {
      "type": "WEB",
      "url": "https://huntr.com/bounties/89f1158d-4a75-4000-a1bd-f82dd1a62bff"
    }
  ],
  "database_specific": {
    "cwe_ids": [
      "CWE-918"
    ],
    "severity": "HIGH",
    "github_reviewed": true,
    "github_reviewed_at": "2025-03-21T16:38:28Z",
    "nvd_published_at": "2025-03-20T10:15:25Z"
  }
}