{
  "schema_version": "1.4.0",
  "id": "GHSA-wppj-3pjr-9w79",
  "modified": "2022-01-20T15:08:18Z",
  "published": "2022-01-21T23:55:11Z",
  "aliases": [
    "CVE-2021-4080"
  ],
  "summary": "crater is vulnerable to Unrestricted Upload of File with Dangerous Type",
  "details": "crater is vulnerable to Unrestricted Upload of File with Dangerous Type",
  "severity": [
    {
      "type": "CVSS_V3",
      "score": "CVSS:3.1/AV:N/AC:L/PR:L/UI:N/S:U/C:H/I:H/A:H"
    }
  ],
  "affected": [
    {
      "package": {
        "ecosystem": "Packagist",
        "name": "bytefury/crater"
      },
      "ranges": [
        {
          "type": "ECOSYSTEM",
          "events": [
            {
              "introduced": "0"
            },
            {
              "fixed": "6.0.0"
            }
          ]
        }
      ]
    }
  ],
  "references": [
    {
      "type": "ADVISORY",
      "url": "https://nvd.nist.gov/vuln/detail/CVE-2021-4080"
    },
    {
      "type": "WEB",
      "url": "https://github.com/crater-invoice/crater/commit/cdc913d16cf624aee852bc9163a7c6ffc8d1da9d"
    },
    {
      "type": "PACKAGE",
      "url": "https://github.com/crater-invoice/crater"
    },
    {
      "type": "WEB",
      "url": "https://huntr.dev/bounties/d7453360-baca-4e56-985f-481275fa38db"
    }
  ],
  "database_specific": {
    "cwe_ids": [
      "CWE-434"
    ],
    "severity": "HIGH",
    "github_reviewed": true,
    "github_reviewed_at": "2022-01-20T15:08:18Z",
    "nvd_published_at": "2022-01-12T14:15:00Z"
  }
}