{
  "schema_version": "1.4.0",
  "id": "GHSA-c3hr-wwh3-qm54",
  "modified": "2023-09-07T00:09:46Z",
  "published": "2020-09-01T16:47:09Z",
  "aliases": [
    "CVE-2017-16090"
  ],
  "summary": "Directory Traversal in fsk-server",
  "details": "Affected versions of `fsk-server` resolve relative file paths, resulting in a directory traversal vulnerability. A malicious actor can use this vulnerability to access files outside of the intended directory root, which may result in the disclosure of private files on the vulnerable system.\n\n**Example request:**\n```http\nGET /../../../../../../../../../../etc/passwd HTTP/1.1\nhost:foo\n```\n\n\n## Recommendation\n\nNo patch is available for this vulnerability.\n\nIt is recommended that the package is only used for local development, and if the functionality is needed for production, a different package is used instead.",
  "severity": [],
  "affected": [
    {
      "package": {
        "ecosystem": "npm",
        "name": "fsk-server"
      },
      "ranges": [
        {
          "type": "ECOSYSTEM",
          "events": [
            {
              "introduced": "0.0.0"
            }
          ]
        }
      ]
    }
  ],
  "references": [
    {
      "type": "ADVISORY",
      "url": "https://nvd.nist.gov/vuln/detail/CVE-2017-16090"
    },
    {
      "type": "WEB",
      "url": "https://github.com/JacksonGL/NPM-Vuln-PoC/tree/master/directory-traversal/fsk-server"
    },
    {
      "type": "WEB",
      "url": "https://www.npmjs.com/advisories/345"
    }
  ],
  "database_specific": {
    "cwe_ids": [
      "CWE-22"
    ],
    "severity": "HIGH",
    "github_reviewed": true,
    "github_reviewed_at": "2020-08-31T18:20:05Z",
    "nvd_published_at": null
  }
}