{
  "schema_version": "1.4.0",
  "id": "GHSA-rm7f-mpcj-w4f6",
  "modified": "2021-05-19T22:11:25Z",
  "published": "2021-06-16T17:17:24Z",
  "aliases": [
    "CVE-2021-31164"
  ],
  "summary": "Command injection in Apache Unomi",
  "details": "Apache Unomi prior to version 1.5.5 allows CRLF log injection because of the lack of escaping in the log statements.",
  "severity": [
    {
      "type": "CVSS_V3",
      "score": "CVSS:3.1/AV:N/AC:L/PR:N/UI:N/S:U/C:N/I:H/A:N"
    }
  ],
  "affected": [
    {
      "package": {
        "ecosystem": "Maven",
        "name": "org.apache.unomi:unomi"
      },
      "ranges": [
        {
          "type": "ECOSYSTEM",
          "events": [
            {
              "introduced": "0"
            },
            {
              "fixed": "1.5.5"
            }
          ]
        }
      ]
    }
  ],
  "references": [
    {
      "type": "ADVISORY",
      "url": "https://nvd.nist.gov/vuln/detail/CVE-2021-31164"
    },
    {
      "type": "WEB",
      "url": "http://unomi.apache.org/security/cve-2021-31164"
    }
  ],
  "database_specific": {
    "cwe_ids": [
      "CWE-74"
    ],
    "severity": "HIGH",
    "github_reviewed": true,
    "github_reviewed_at": "2021-05-19T22:11:25Z",
    "nvd_published_at": "2021-05-04T07:15:00Z"
  }
}