{
  "schema_version": "1.4.0",
  "id": "GHSA-chgm-7r52-whjj",
  "modified": "2025-01-10T15:31:33Z",
  "published": "2024-10-31T00:30:36Z",
  "aliases": [
    "CVE-2024-10005"
  ],
  "summary": "Hashicorp Consul Path Traversal vulnerability",
  "details": "A vulnerability was identified in Consul and Consul Enterprise (\"Consul\") such that using URL paths in L7 traffic intentions could bypass HTTP request path-based access rules.",
  "severity": [
    {
      "type": "CVSS_V3",
      "score": "CVSS:3.1/AV:N/AC:L/PR:L/UI:N/S:U/C:H/I:H/A:N"
    },
    {
      "type": "CVSS_V4",
      "score": "CVSS:4.0/AV:N/AC:L/AT:N/PR:L/UI:N/VC:H/VI:H/VA:N/SC:N/SI:N/SA:N"
    }
  ],
  "affected": [
    {
      "package": {
        "ecosystem": "Go",
        "name": "github.com/hashicorp/consul"
      },
      "ranges": [
        {
          "type": "ECOSYSTEM",
          "events": [
            {
              "introduced": "1.9.0"
            },
            {
              "fixed": "1.20.1"
            }
          ]
        }
      ]
    }
  ],
  "references": [
    {
      "type": "ADVISORY",
      "url": "https://nvd.nist.gov/vuln/detail/CVE-2024-10005"
    },
    {
      "type": "WEB",
      "url": "https://github.com/hashicorp/consul/pull/21816"
    },
    {
      "type": "WEB",
      "url": "https://github.com/hashicorp/consul/commit/d9206fc7e284a9244af4d62f8653a63ca30bd00c"
    },
    {
      "type": "WEB",
      "url": "https://discuss.hashicorp.com/t/hcsec-2024-22-consul-l7-intentions-vulnerable-to-url-path-bypass"
    },
    {
      "type": "ADVISORY",
      "url": "https://github.com/advisories/GHSA-chgm-7r52-whjj"
    },
    {
      "type": "PACKAGE",
      "url": "https://github.com/hashicorp/consul"
    },
    {
      "type": "WEB",
      "url": "https://security.netapp.com/advisory/ntap-20250110-0004"
    }
  ],
  "database_specific": {
    "cwe_ids": [
      "CWE-22"
    ],
    "severity": "HIGH",
    "github_reviewed": true,
    "github_reviewed_at": "2024-10-31T14:49:27Z",
    "nvd_published_at": "2024-10-30T22:15:02Z"
  }
}