{
  "schema_version": "1.4.0",
  "id": "GHSA-jrcp-c39h-r29x",
  "modified": "2024-02-22T18:33:36Z",
  "published": "2022-05-14T03:13:01Z",
  "aliases": [
    "CVE-2015-5346"
  ],
  "summary": "Improper Neutralization of Input During Web Page Generation in Apache Tomcat",
  "details": "Session fixation vulnerability in Apache Tomcat 7.x before 7.0.66, 8.x before 8.0.30, and 9.x before 9.0.0.M2, when different session settings are used for deployments of multiple versions of the same web application, might allow remote attackers to hijack web sessions by leveraging use of a requestedSessionSSL field for an unintended request, related to CoyoteAdapter.java and Request.java.",
  "severity": [
    {
      "type": "CVSS_V3",
      "score": "CVSS:3.0/AV:N/AC:H/PR:N/UI:N/S:U/C:H/I:H/A:H"
    }
  ],
  "affected": [
    {
      "package": {
        "ecosystem": "Maven",
        "name": "org.apache.tomcat:tomcat"
      },
      "ranges": [
        {
          "type": "ECOSYSTEM",
          "events": [
            {
              "introduced": "9.0.0.M1"
            },
            {
              "fixed": "9.0.0.M2"
            }
          ]
        }
      ],
      "versions": [
        "9.0.0.M1"
      ]
    },
    {
      "package": {
        "ecosystem": "Maven",
        "name": "org.apache.tomcat:tomcat"
      },
      "ranges": [
        {
          "type": "ECOSYSTEM",
          "events": [
            {
              "introduced": "8.0.0.RC1"
            },
            {
              "fixed": "8.0.31"
            }
          ]
        }
      ],
      "database_specific": {
        "last_known_affected_version_range": "<= 8.0.30"
      }
    },
    {
      "package": {
        "ecosystem": "Maven",
        "name": "org.apache.tomcat:tomcat"
      },
      "ranges": [
        {
          "type": "ECOSYSTEM",
          "events": [
            {
              "introduced": "7.0.0"
            },
            {
              "fixed": "7.0.66"
            }
          ]
        }
      ],
      "database_specific": {
        "last_known_affected_version_range": "<= 7.0.65"
      }
    }
  ],
  "references": [
    {
      "type": "ADVISORY",
      "url": "https://nvd.nist.gov/vuln/detail/CVE-2015-5346"
    },
    {
      "type": "WEB",
      "url": "https://github.com/apache/tomcat/commit/04164c1f01b973e548d95511d417f414ca723cb8"
    },
    {
      "type": "WEB",
      "url": "https://github.com/apache/tomcat/commit/6287be37d8d06c320215c45f7e2b8380411692e0"
    },
    {
      "type": "WEB",
      "url": "https://github.com/apache/tomcat/commit/83679b99cd40caa401d173c8f8e72fc98eb5d5be"
    },
    {
      "type": "WEB",
      "url": "https://github.com/apache/tomcat80/commit/41fbee7ba15435a831f765597ff907c56ebf2169"
    },
    {
      "type": "WEB",
      "url": "https://github.com/apache/tomcat80/commit/c39b7ffc2145644f7f3cf9e3cd4aada5048e56a0"
    },
    {
      "type": "WEB",
      "url": "https://web.archive.org/web/20160912063818/http://www.securityfocus.com/bid/83323"
    },
    {
      "type": "WEB",
      "url": "https://web.archive.org/web/20160321234551/http://www.securitytracker.com/id/1035069"
    },
    {
      "type": "WEB",
      "url": "https://security.netapp.com/advisory/ntap-20180531-0001"
    },
    {
      "type": "WEB",
      "url": "https://security.gentoo.org/glsa/201705-09"
    },
    {
      "type": "WEB",
      "url": "https://lists.apache.org/thread.html/r9136ff5b13e4f1941360b5a309efee2c114a14855578c3a2cbe5d19c@%3Cdev.tomcat.apache.org%3E"
    },
    {
      "type": "WEB",
      "url": "https://lists.apache.org/thread.html/r9136ff5b13e4f1941360b5a309efee2c114a14855578c3a2cbe5d19c%40%3Cdev.tomcat.apache.org%3E"
    },
    {
      "type": "WEB",
      "url": "https://h20566.www2.hpe.com/portal/site/hpsc/public/kb/docDisplay?docId=emr_na-c05158626"
    },
    {
      "type": "WEB",
      "url": "https://h20566.www2.hpe.com/portal/site/hpsc/public/kb/docDisplay?docId=emr_na-c05150442"
    },
    {
      "type": "PACKAGE",
      "url": "https://github.com/apache/tomcat"
    },
    {
      "type": "WEB",
      "url": "https://bz.apache.org/bugzilla/show_bug.cgi?id=58809"
    },
    {
      "type": "WEB",
      "url": "https://bto.bluecoat.com/security-advisory/sa118"
    },
    {
      "type": "WEB",
      "url": "https://access.redhat.com/errata/RHSA-2016:1088"
    },
    {
      "type": "WEB",
      "url": "https://access.redhat.com/errata/RHSA-2016:1087"
    },
    {
      "type": "WEB",
      "url": "http://lists.opensuse.org/opensuse-security-announce/2016-03/msg00047.html"
    },
    {
      "type": "WEB",
      "url": "http://lists.opensuse.org/opensuse-security-announce/2016-03/msg00069.html"
    },
    {
      "type": "WEB",
      "url": "http://lists.opensuse.org/opensuse-security-announce/2016-03/msg00085.html"
    },
    {
      "type": "WEB",
      "url": "http://packetstormsecurity.com/files/135890/Apache-Tomcat-Session-Fixation.html"
    },
    {
      "type": "WEB",
      "url": "http://rhn.redhat.com/errata/RHSA-2016-1089.html"
    },
    {
      "type": "WEB",
      "url": "http://rhn.redhat.com/errata/RHSA-2016-2046.html"
    },
    {
      "type": "WEB",
      "url": "http://rhn.redhat.com/errata/RHSA-2016-2807.html"
    },
    {
      "type": "WEB",
      "url": "http://rhn.redhat.com/errata/RHSA-2016-2808.html"
    },
    {
      "type": "WEB",
      "url": "http://seclists.org/bugtraq/2016/Feb/143"
    },
    {
      "type": "WEB",
      "url": "http://svn.apache.org/viewvc?view=revision&revision=1713184"
    },
    {
      "type": "WEB",
      "url": "http://svn.apache.org/viewvc?view=revision&revision=1713185"
    },
    {
      "type": "WEB",
      "url": "http://svn.apache.org/viewvc?view=revision&revision=1713187"
    },
    {
      "type": "WEB",
      "url": "http://svn.apache.org/viewvc?view=revision&revision=1723414"
    },
    {
      "type": "WEB",
      "url": "http://svn.apache.org/viewvc?view=revision&revision=1723506"
    },
    {
      "type": "WEB",
      "url": "http://tomcat.apache.org/security-7.html"
    },
    {
      "type": "WEB",
      "url": "http://tomcat.apache.org/security-8.html"
    },
    {
      "type": "WEB",
      "url": "http://tomcat.apache.org/security-9.html"
    },
    {
      "type": "WEB",
      "url": "http://www.debian.org/security/2016/dsa-3530"
    },
    {
      "type": "WEB",
      "url": "http://www.debian.org/security/2016/dsa-3552"
    },
    {
      "type": "WEB",
      "url": "http://www.debian.org/security/2016/dsa-3609"
    },
    {
      "type": "WEB",
      "url": "http://www.oracle.com/technetwork/security-advisory/cpujul2018-4258247.html"
    },
    {
      "type": "WEB",
      "url": "http://www.oracle.com/technetwork/topics/security/bulletinjan2016-2867206.html"
    },
    {
      "type": "WEB",
      "url": "http://www.oracle.com/technetwork/topics/security/linuxbulletinoct2016-3090545.html"
    },
    {
      "type": "WEB",
      "url": "http://www.ubuntu.com/usn/USN-3024-1"
    }
  ],
  "database_specific": {
    "cwe_ids": [
      "CWE-79"
    ],
    "severity": "HIGH",
    "github_reviewed": true,
    "github_reviewed_at": "2022-07-06T20:12:06Z",
    "nvd_published_at": "2016-02-25T01:59:00Z"
  }
}