{
  "schema_version": "1.4.0",
  "id": "GHSA-54r5-wr8x-x5v3",
  "modified": "2024-10-07T21:00:34Z",
  "published": "2022-12-20T00:30:27Z",
  "withdrawn": "2024-10-07T21:00:34Z",
  "aliases": [],
  "summary": "Duplicate Advisory: Apiman has insufficient checks for read permissions",
  "details": "## Duplicate Advisory\nThis advisory has been withdrawn because it is a duplicate of GHSA-j94p-hv25-rm5g. This link is maintained to preserve external references.\n\n## Original Description\nApiman 1.5.7 through 2.2.3.Final has insufficient checks for read permissions within the Apiman Manager REST API. A malicious user may be able to find and subscribe to private APIs they do not have permission for, thus accessing API Management-protected resources they should not be allowed to access. The root cause of the issue is the Apiman project's accidental acceptance of a large contribution that was not fully compatible with the security model of Apiman versions before 3.0.0.Final. Because of this, 3.0.0.Final is not affected by the vulnerability.",
  "severity": [
    {
      "type": "CVSS_V3",
      "score": "CVSS:3.1/AV:N/AC:L/PR:L/UI:N/S:U/C:H/I:L/A:N"
    }
  ],
  "affected": [
    {
      "package": {
        "ecosystem": "Maven",
        "name": "io.apiman:apiman-manager-api-rest-impl"
      },
      "ranges": [
        {
          "type": "ECOSYSTEM",
          "events": [
            {
              "introduced": "1.5.7"
            },
            {
              "fixed": "3.0.0.Final"
            }
          ]
        }
      ],
      "database_specific": {
        "last_known_affected_version_range": "<= 2.2.3.Final"
      }
    }
  ],
  "references": [
    {
      "type": "ADVISORY",
      "url": "https://nvd.nist.gov/vuln/detail/CVE-2022-47551"
    },
    {
      "type": "WEB",
      "url": "https://github.com/apiman/apiman/discussions/2409"
    },
    {
      "type": "WEB",
      "url": "https://www.apiman.io/blog/permissions-bypass-disclosure"
    },
    {
      "type": "PACKAGE",
      "url": "https://www.github.com/apiman/apiman"
    }
  ],
  "database_specific": {
    "cwe_ids": [
      "CWE-276",
      "CWE-280"
    ],
    "severity": "HIGH",
    "github_reviewed": true,
    "github_reviewed_at": "2022-12-20T17:37:18Z",
    "nvd_published_at": "2022-12-20T00:15:00Z"
  }
}