{
  "schema_version": "1.4.0",
  "id": "GHSA-9wrv-g75h-8ccc",
  "modified": "2022-05-04T03:52:17Z",
  "published": "2022-04-22T21:04:27Z",
  "aliases": [
    "CVE-2022-24872"
  ],
  "summary": "Improper Access Control in Shopware",
  "details": "Shopware 6 is an open commerce platform based on Symfony Framework and Vue and supported by a worldwide community and more than 1.500 community extensions. Permissions set to sales channel context by admin-api are still useable within normal user session. We recommend updating to the current version 6.4.10.1. You can get the update to 6.4.10.1 regularly via the Auto-Updater or directly via the download overview. For older versions of 6.1, 6.2, and 6.3, corresponding security measures are also available via a plugin. For the full range of functions, we recommend updating to the latest Shopware version.",
  "severity": [
    {
      "type": "CVSS_V3",
      "score": "CVSS:3.1/AV:N/AC:L/PR:L/UI:N/S:U/C:H/I:H/A:N"
    }
  ],
  "affected": [
    {
      "package": {
        "ecosystem": "Packagist",
        "name": "shopware/platform"
      },
      "ranges": [
        {
          "type": "ECOSYSTEM",
          "events": [
            {
              "introduced": "0"
            },
            {
              "fixed": "6.4.10.1"
            }
          ]
        }
      ],
      "database_specific": {
        "last_known_affected_version_range": "<= 6.3.4.0"
      }
    },
    {
      "package": {
        "ecosystem": "Packagist",
        "name": "shopware/core"
      },
      "ranges": [
        {
          "type": "ECOSYSTEM",
          "events": [
            {
              "introduced": "0"
            },
            {
              "fixed": "6.4.10.1"
            }
          ]
        }
      ],
      "database_specific": {
        "last_known_affected_version_range": "<= 6.3.4.0"
      }
    }
  ],
  "references": [
    {
      "type": "WEB",
      "url": "https://github.com/shopware/platform/security/advisories/GHSA-9wrv-g75h-8ccc"
    },
    {
      "type": "ADVISORY",
      "url": "https://nvd.nist.gov/vuln/detail/CVE-2022-24872"
    },
    {
      "type": "WEB",
      "url": "https://github.com/shopware/platform/commit/083765e2d64a00315050c4891800c9e98ba0c77c"
    },
    {
      "type": "WEB",
      "url": "https://docs.shopware.com/en/shopware-6-en/security-updates/security-update-04-2022"
    },
    {
      "type": "PACKAGE",
      "url": "https://github.com/shopware/platform"
    }
  ],
  "database_specific": {
    "cwe_ids": [
      "CWE-732"
    ],
    "severity": "HIGH",
    "github_reviewed": true,
    "github_reviewed_at": "2022-04-22T21:04:27Z",
    "nvd_published_at": "2022-04-20T20:15:00Z"
  }
}