{
  "schema_version": "1.4.0",
  "id": "GHSA-9jmf-237g-qf46",
  "modified": "2024-07-10T21:41:33Z",
  "published": "2024-07-10T06:33:52Z",
  "aliases": [
    "CVE-2024-39330"
  ],
  "summary": "Django Path Traversal vulnerability",
  "details": "An issue was discovered in Django 5.0 before 5.0.7 and 4.2 before 4.2.14. Derived classes of the `django.core.files.storage.Storage` base class, when they override `generate_filename()` without replicating the file-path validations from the parent class, potentially allow directory traversal via certain inputs during a `save()` call. (Built-in Storage sub-classes are unaffected.)",
  "severity": [
    {
      "type": "CVSS_V3",
      "score": "CVSS:3.1/AV:N/AC:L/PR:N/UI:N/S:U/C:H/I:N/A:N"
    },
    {
      "type": "CVSS_V4",
      "score": "CVSS:4.0/AV:N/AC:L/AT:N/PR:N/UI:N/VC:H/VI:N/VA:N/SC:N/SI:N/SA:N"
    }
  ],
  "affected": [
    {
      "package": {
        "ecosystem": "PyPI",
        "name": "Django"
      },
      "ranges": [
        {
          "type": "ECOSYSTEM",
          "events": [
            {
              "introduced": "5.0"
            },
            {
              "fixed": "5.0.7"
            }
          ]
        }
      ]
    },
    {
      "package": {
        "ecosystem": "PyPI",
        "name": "Django"
      },
      "ranges": [
        {
          "type": "ECOSYSTEM",
          "events": [
            {
              "introduced": "4.2"
            },
            {
              "fixed": "4.2.14"
            }
          ]
        }
      ]
    }
  ],
  "references": [
    {
      "type": "ADVISORY",
      "url": "https://nvd.nist.gov/vuln/detail/CVE-2024-39330"
    },
    {
      "type": "WEB",
      "url": "https://github.com/django/django/commit/2b00edc0151a660d1eb86da4059904a0fc4e095e"
    },
    {
      "type": "WEB",
      "url": "https://github.com/django/django/commit/9f4f63e9ebb7bf6cb9547ee4e2526b9b96703270"
    },
    {
      "type": "WEB",
      "url": "https://docs.djangoproject.com/en/dev/releases/security"
    },
    {
      "type": "PACKAGE",
      "url": "https://github.com/django/django"
    },
    {
      "type": "WEB",
      "url": "https://github.com/pypa/advisory-database/tree/main/vulns/django/PYSEC-2024-58.yaml"
    },
    {
      "type": "WEB",
      "url": "https://groups.google.com/forum/#%21forum/django-announce"
    },
    {
      "type": "WEB",
      "url": "https://www.djangoproject.com/weblog/2024/jul/09/security-releases"
    }
  ],
  "database_specific": {
    "cwe_ids": [
      "CWE-22"
    ],
    "severity": "HIGH",
    "github_reviewed": true,
    "github_reviewed_at": "2024-07-10T21:41:33Z",
    "nvd_published_at": "2024-07-10T05:15:12Z"
  }
}