{
  "schema_version": "1.4.0",
  "id": "GHSA-3h69-4frw-g2jm",
  "modified": "2024-02-12T11:48:24Z",
  "published": "2022-05-24T16:52:28Z",
  "aliases": [
    "CVE-2019-7930"
  ],
  "summary": "Magento 2 Community Unrestricted File Upload",
  "details": "A file upload restriction bypass exists in Magento 2.1 prior to 2.1.18, Magento 2.2 prior to 2.2.9, Magento 2.3 prior to 2.3.2. An authenticated user with administrator privileges to the import feature can make modifications to a configuration file, resulting in potentially unauthorized removal of file upload restrictions. This can result in arbitrary code execution when a malicious file is then uploaded and executed on the system.",
  "severity": [
    {
      "type": "CVSS_V3",
      "score": "CVSS:3.0/AV:N/AC:L/PR:H/UI:N/S:U/C:H/I:H/A:H"
    }
  ],
  "affected": [
    {
      "package": {
        "ecosystem": "Packagist",
        "name": "magento/community-edition"
      },
      "ranges": [
        {
          "type": "ECOSYSTEM",
          "events": [
            {
              "introduced": "2.1"
            },
            {
              "fixed": "2.1.18"
            }
          ]
        }
      ]
    },
    {
      "package": {
        "ecosystem": "Packagist",
        "name": "magento/community-edition"
      },
      "ranges": [
        {
          "type": "ECOSYSTEM",
          "events": [
            {
              "introduced": "2.2"
            },
            {
              "fixed": "2.2.9"
            }
          ]
        }
      ]
    },
    {
      "package": {
        "ecosystem": "Packagist",
        "name": "magento/community-edition"
      },
      "ranges": [
        {
          "type": "ECOSYSTEM",
          "events": [
            {
              "introduced": "2.3"
            },
            {
              "fixed": "2.3.2"
            }
          ]
        }
      ]
    }
  ],
  "references": [
    {
      "type": "ADVISORY",
      "url": "https://nvd.nist.gov/vuln/detail/CVE-2019-7930"
    },
    {
      "type": "WEB",
      "url": "https://github.com/FriendsOfPHP/security-advisories/blob/master/magento/product-community-edition/CVE-2019-7930.yaml"
    },
    {
      "type": "WEB",
      "url": "https://magento.com/security/patches/magento-2.3.2-2.2.9-and-2.1.18-security-update-13"
    },
    {
      "type": "WEB",
      "url": "https://web.archive.org/web/20211206084839/https://magento.com/security/patches/magento-2.3.2-2.2.9-and-2.1.18-security-update-13"
    }
  ],
  "database_specific": {
    "cwe_ids": [
      "CWE-434"
    ],
    "severity": "HIGH",
    "github_reviewed": true,
    "github_reviewed_at": "2023-07-17T18:30:22Z",
    "nvd_published_at": "2019-08-02T22:15:00Z"
  }
}