{
  "schema_version": "1.4.0",
  "id": "GHSA-vmf5-924f-25f2",
  "modified": "2021-03-18T22:36:03Z",
  "published": "2021-03-29T20:59:12Z",
  "aliases": [
    "CVE-2019-1103"
  ],
  "summary": "Out-of-bounds write",
  "details": "A remote code execution vulnerability exists in the way that the Chakra scripting engine handles objects in memory in Microsoft Edge, aka 'Chakra Scripting Engine Memory Corruption Vulnerability'. This CVE ID is unique from CVE-2019-1062, CVE-2019-1092, CVE-2019-1106, CVE-2019-1107.",
  "severity": [
    {
      "type": "CVSS_V3",
      "score": "CVSS:3.0/AV:N/AC:H/PR:N/UI:R/S:U/C:H/I:H/A:H"
    }
  ],
  "affected": [
    {
      "package": {
        "ecosystem": "NuGet",
        "name": "Microsoft.ChakraCore"
      },
      "ranges": [
        {
          "type": "ECOSYSTEM",
          "events": [
            {
              "introduced": "0"
            },
            {
              "fixed": "1.11.11"
            }
          ]
        }
      ]
    }
  ],
  "references": [
    {
      "type": "ADVISORY",
      "url": "https://nvd.nist.gov/vuln/detail/CVE-2019-1103"
    },
    {
      "type": "WEB",
      "url": "https://github.com/chakra-core/ChakraCore/commit/75162b7f2d8ac2b37d17564e9c979ba1bae707e8"
    },
    {
      "type": "WEB",
      "url": "https://github.com/chakra-core/ChakraCore/commit/efab3101028045cbfa0cc21bd852f75bcc037dba"
    },
    {
      "type": "WEB",
      "url": "https://portal.msrc.microsoft.com/en-US/security-guidance/advisory/CVE-2019-1103"
    }
  ],
  "database_specific": {
    "cwe_ids": [
      "CWE-787"
    ],
    "severity": "HIGH",
    "github_reviewed": true,
    "github_reviewed_at": "2021-03-18T22:36:03Z",
    "nvd_published_at": "2019-07-15T19:15:00Z"
  }
}