{
  "schema_version": "1.4.0",
  "id": "GHSA-x832-r2rj-4g5p",
  "modified": "2023-07-11T00:15:22Z",
  "published": "2022-02-20T00:00:32Z",
  "aliases": [
    "CVE-2022-24980"
  ],
  "summary": "SSRF in Kitodo.Presentation",
  "details": "An issue was discovered in the Kitodo.Presentation (aka dlf) extension before 2.3.2, 3.x before 3.2.3, and 3.3.x before 3.3.4 for TYPO3. A missing access check in an eID script allows an unauthenticated user to submit arbitrary URLs to this component. This results in SSRF, allowing attackers to view the content of any file or webpage the webserver has access to.",
  "severity": [
    {
      "type": "CVSS_V3",
      "score": "CVSS:3.1/AV:N/AC:L/PR:N/UI:N/S:U/C:H/I:N/A:N"
    }
  ],
  "affected": [
    {
      "package": {
        "ecosystem": "Packagist",
        "name": "kitodo/presentation"
      },
      "ranges": [
        {
          "type": "ECOSYSTEM",
          "events": [
            {
              "introduced": "0"
            },
            {
              "fixed": "2.3.2"
            }
          ]
        }
      ]
    },
    {
      "package": {
        "ecosystem": "Packagist",
        "name": "kitodo/presentation"
      },
      "ranges": [
        {
          "type": "ECOSYSTEM",
          "events": [
            {
              "introduced": "3.0.0"
            },
            {
              "fixed": "3.2.3"
            }
          ]
        }
      ]
    },
    {
      "package": {
        "ecosystem": "Packagist",
        "name": "kitodo/presentation"
      },
      "ranges": [
        {
          "type": "ECOSYSTEM",
          "events": [
            {
              "introduced": "3.3.0"
            },
            {
              "fixed": "3.3.4"
            }
          ]
        }
      ]
    }
  ],
  "references": [
    {
      "type": "ADVISORY",
      "url": "https://nvd.nist.gov/vuln/detail/CVE-2022-24980"
    },
    {
      "type": "WEB",
      "url": "https://github.com/kitodo/kitodo-presentation/commit/059be3f82b08c60cbb798986cd3ff22dbf60a5e4"
    },
    {
      "type": "WEB",
      "url": "https://github.com/kitodo/kitodo-presentation/commit/4a20621afc30778ba3b045be5110353cf4fd4fd4"
    },
    {
      "type": "WEB",
      "url": "https://github.com/kitodo/kitodo-presentation/commit/9700478b46445f562c3e2051d61565d779f59275"
    },
    {
      "type": "WEB",
      "url": "https://security.snyk.io/vuln/SNYK-PHP-KITODOPRESENTATION-2407280"
    },
    {
      "type": "WEB",
      "url": "https://typo3.org/help/security-advisories"
    },
    {
      "type": "WEB",
      "url": "https://typo3.org/security/advisory/typo3-ext-sa-2022-001"
    }
  ],
  "database_specific": {
    "cwe_ids": [
      "CWE-918"
    ],
    "severity": "HIGH",
    "github_reviewed": true,
    "github_reviewed_at": "2023-07-11T00:15:22Z",
    "nvd_published_at": "2022-02-19T04:15:00Z"
  }
}