{
  "schema_version": "1.4.0",
  "id": "GHSA-cwh5-3cw7-4286",
  "modified": "2024-11-13T22:51:51Z",
  "published": "2018-07-12T20:30:44Z",
  "aliases": [
    "CVE-2018-1000159"
  ],
  "summary": "tlslite-ng off-by-one error on mac checking",
  "details": "tlslite-ng version 0.7.3 and earlier, since commit [d7b288316bca7bcdd082e6ccff5491e241305233](https://github.com/tlsfuzzer/tlslite-ng/commit/d7b288316bca7bcdd082e6ccff5491e241305233) contains a CWE-354: Improper Validation of Integrity Check Value vulnerability in TLS implementation, `tlslite/utils/constanttime.py`: `ct_check_cbc_mac_and_pad()`; line `end_pos = data_len - 1 - mac.digest_size` that can result in an attacker manipulating the TLS ciphertext which will not be detected by receiving tlslite-ng. This attack appears to be exploitable via man in the middle on a network connection. This vulnerability appears to have been fixed after commit [3674815d1b0f7484454995e2737a352e0a6a93d8](https://github.com/tlsfuzzer/tlslite-ng/pull/234/commits/3674815d1b0f7484454995e2737a352e0a6a93d8).",
  "severity": [
    {
      "type": "CVSS_V3",
      "score": "CVSS:3.0/AV:N/AC:H/PR:N/UI:N/S:U/C:N/I:H/A:N"
    },
    {
      "type": "CVSS_V4",
      "score": "CVSS:4.0/AV:N/AC:L/AT:P/PR:N/UI:N/VC:N/VI:H/VA:N/SC:N/SI:N/SA:N"
    }
  ],
  "affected": [
    {
      "package": {
        "ecosystem": "PyPI",
        "name": "tlslite-ng"
      },
      "ranges": [
        {
          "type": "ECOSYSTEM",
          "events": [
            {
              "introduced": "0"
            },
            {
              "fixed": "0.7.4"
            }
          ]
        }
      ]
    }
  ],
  "references": [
    {
      "type": "ADVISORY",
      "url": "https://nvd.nist.gov/vuln/detail/CVE-2018-1000159"
    },
    {
      "type": "WEB",
      "url": "https://github.com/tlsfuzzer/tlslite-ng/pull/234/commits/3674815d1b0f7484454995e2737a352e0a6a93d8"
    },
    {
      "type": "WEB",
      "url": "https://github.com/tomato42/tlslite-ng/pull/234"
    },
    {
      "type": "WEB",
      "url": "https://github.com/tlsfuzzer/tlslite-ng/commit/d7b288316bca7bcdd082e6ccff5491e241305233"
    },
    {
      "type": "WEB",
      "url": "https://github.com/pypa/advisory-database/tree/main/vulns/tlslite-ng/PYSEC-2018-31.yaml"
    },
    {
      "type": "PACKAGE",
      "url": "https://github.com/tomato42/tlslite-ng"
    }
  ],
  "database_specific": {
    "cwe_ids": [
      "CWE-354"
    ],
    "severity": "HIGH",
    "github_reviewed": true,
    "github_reviewed_at": "2020-06-16T21:33:04Z",
    "nvd_published_at": null
  }
}