{
  "schema_version": "1.4.0",
  "id": "GHSA-487g-3m3v-hjhq",
  "modified": "2024-02-29T03:33:05Z",
  "published": "2024-02-19T18:31:32Z",
  "aliases": [
    "CVE-2024-25978"
  ],
  "summary": "Uncontrolled Resource Consumption in moodle",
  "details": "Insufficient file size checks resulted in a denial of service risk in the file picker's unzip functionality.",
  "severity": [
    {
      "type": "CVSS_V3",
      "score": "CVSS:3.1/AV:N/AC:L/PR:N/UI:N/S:U/C:N/I:N/A:H"
    }
  ],
  "affected": [
    {
      "package": {
        "ecosystem": "Packagist",
        "name": "moodle/moodle"
      },
      "ranges": [
        {
          "type": "ECOSYSTEM",
          "events": [
            {
              "introduced": "4.3.0"
            },
            {
              "fixed": "4.3.3"
            }
          ]
        }
      ]
    },
    {
      "package": {
        "ecosystem": "Packagist",
        "name": "moodle/moodle"
      },
      "ranges": [
        {
          "type": "ECOSYSTEM",
          "events": [
            {
              "introduced": "4.2.0"
            },
            {
              "fixed": "4.2.6"
            }
          ]
        }
      ]
    },
    {
      "package": {
        "ecosystem": "Packagist",
        "name": "moodle/moodle"
      },
      "ranges": [
        {
          "type": "ECOSYSTEM",
          "events": [
            {
              "introduced": "0"
            },
            {
              "fixed": "4.1.9"
            }
          ]
        }
      ]
    }
  ],
  "references": [
    {
      "type": "ADVISORY",
      "url": "https://nvd.nist.gov/vuln/detail/CVE-2024-25978"
    },
    {
      "type": "WEB",
      "url": "https://github.com/moodle/moodle/commit/9ba14233597480fb78c04d531050c090de4e60a2"
    },
    {
      "type": "WEB",
      "url": "https://github.com/moodle/moodle/commit/a73e0ac76d77b67602f91bb211962813d60bc573"
    },
    {
      "type": "WEB",
      "url": "https://bugzilla.redhat.com/show_bug.cgi?id=2264074"
    },
    {
      "type": "WEB",
      "url": "https://lists.fedoraproject.org/archives/list/package-announce@lists.fedoraproject.org/message/KXGBYJ43BUEBUAQZU3DT5I5A3YLF47CB"
    },
    {
      "type": "WEB",
      "url": "https://moodle.org/mod/forum/discuss.php?d=455634"
    },
    {
      "type": "WEB",
      "url": "http://git.moodle.org/gw?p=moodle.git&a=search&h=HEAD&st=commit&s=MDL-74641"
    }
  ],
  "database_specific": {
    "cwe_ids": [
      "CWE-400",
      "CWE-770"
    ],
    "severity": "HIGH",
    "github_reviewed": true,
    "github_reviewed_at": "2024-02-21T00:08:30Z",
    "nvd_published_at": "2024-02-19T17:15:08Z"
  }
}