{
  "schema_version": "1.4.0",
  "id": "GHSA-769f-539v-f5jg",
  "modified": "2020-01-08T03:10:06Z",
  "published": "2020-01-08T03:10:44Z",
  "aliases": [],
  "summary": "PrestaShop gamification module ZIP archives were vulnerable from CVE-2017-9841",
  "details": "### Impact\n\nWe have identified that some gamification module ZIP archives have been built with phpunit dev dependencies. PHPUnit contains a php script that would allow, on a webserver, an attacker to perform a RCE.\n\nThis vulnerability impacts\n- phpunit before 4.8.28 and 5.x before 5.6.3 as reported in [CVE-2017-9841](https://nvd.nist.gov/vuln/detail/CVE-2017-9841)\n- phpunit >= 5.63 before 7.5.19 and 8.5.1 (this is a newly found vulnerability that is currently being submitted as a CVE after disclosure was provided to phpunit maintainers)\n\nYou can read PrestaShop official statement about this vulnerability [here](https://build.prestashop.com/news/critical-security-vulnerability-in-prestashop-modules/).\n\n### Patches\n\nIn the [security patch](https://github.com/PrestaShop/gamification/releases/tag/v2.3.2), we look for the unwanted vendor/phpunit folder and remove it if we find it. This allows users to fix the security issue when upgrading.\n\n### Workarounds\nUsers can also simply remove the unwanted vendor/phpunit folder.\n\n### References\nhttps://nvd.nist.gov/vuln/detail/CVE-2017-9841\n\n### For more information\nIf you have any questions or comments about this advisory, email us at security@prestashop.com",
  "severity": [],
  "affected": [
    {
      "package": {
        "ecosystem": "Packagist",
        "name": "prestashop/gamification"
      },
      "ranges": [
        {
          "type": "ECOSYSTEM",
          "events": [
            {
              "introduced": "0"
            },
            {
              "fixed": "2.3.2"
            }
          ]
        }
      ]
    }
  ],
  "references": [
    {
      "type": "WEB",
      "url": "https://github.com/PrestaShop/gamification/security/advisories/GHSA-769f-539v-f5jg"
    },
    {
      "type": "WEB",
      "url": "https://github.com/PrestaShop/gamification/commit/5044bda903a7ea9596c21faa2b9a42244763568c"
    },
    {
      "type": "WEB",
      "url": "https://build.prestashop.com/news/critical-security-vulnerability-in-prestashop-modules"
    }
  ],
  "database_specific": {
    "cwe_ids": [],
    "severity": "HIGH",
    "github_reviewed": true,
    "github_reviewed_at": "2020-01-08T03:10:06Z",
    "nvd_published_at": null
  }
}