{
  "schema_version": "1.4.0",
  "id": "GHSA-f2rp-4rv7-fc95",
  "modified": "2023-01-24T15:07:15Z",
  "published": "2021-06-10T15:54:43Z",
  "aliases": [
    "CVE-2021-20259"
  ],
  "summary": "Exposure of Sensitive Information to an Unauthorized Actor in foreman_fog_proxmox",
  "details": "A flaw was found in the Foreman project. The Proxmox compute resource exposes the password through the API to an authenticated local attacker with view_hosts permission. The highest threat from this vulnerability is to data confidentiality and integrity as well as system availability. Versions of foreman_fog_proxmox prior to 0.13.1 are affected.",
  "severity": [
    {
      "type": "CVSS_V3",
      "score": "CVSS:3.1/AV:L/AC:L/PR:L/UI:N/S:U/C:H/I:H/A:H"
    }
  ],
  "affected": [
    {
      "package": {
        "ecosystem": "RubyGems",
        "name": "foreman_fog_proxmox"
      },
      "ranges": [
        {
          "type": "ECOSYSTEM",
          "events": [
            {
              "introduced": "0"
            },
            {
              "fixed": "0.13.1"
            }
          ]
        }
      ]
    }
  ],
  "references": [
    {
      "type": "ADVISORY",
      "url": "https://nvd.nist.gov/vuln/detail/CVE-2021-20259"
    },
    {
      "type": "WEB",
      "url": "https://github.com/theforeman/foreman_fog_proxmox/pull/184/commits/b7e910bf61563f5d447c71b1b41e2a373a794d7b"
    },
    {
      "type": "WEB",
      "url": "https://bugzilla.redhat.com/show_bug.cgi?id=1932144"
    },
    {
      "type": "PACKAGE",
      "url": "https://github.com/theforeman/foreman_fog_proxmox"
    },
    {
      "type": "WEB",
      "url": "https://github.com/theforeman/foreman_fog_proxmox/releases/tag/v0.13.1"
    }
  ],
  "database_specific": {
    "cwe_ids": [
      "CWE-200"
    ],
    "severity": "HIGH",
    "github_reviewed": true,
    "github_reviewed_at": "2021-06-10T14:58:17Z",
    "nvd_published_at": "2021-06-07T21:15:00Z"
  }
}