{
  "schema_version": "1.4.0",
  "id": "GHSA-cgrg-x34r-78f3",
  "modified": "2024-03-01T20:07:35Z",
  "published": "2022-05-13T01:07:26Z",
  "aliases": [
    "CVE-2017-4991"
  ],
  "summary": "Cloud Foundry UAA password reset vulnerability",
  "details": "An issue was discovered in Cloud Foundry Foundation cf-release versions prior to v260; UAA release 2.x versions prior to v2.7.4.16, 3.6.x versions prior to v3.6.10, 3.9.x versions prior to v3.9.12, and other versions prior to v3.17.0; and UAA bosh release (uaa-release) 13.x versions prior to v13.14, 24.x versions prior to v24.9, 30.x versions prior to 30.2, and other versions prior to v36. Privileged users in one zone are allowed to perform a password reset for users in a different zone.",
  "severity": [
    {
      "type": "CVSS_V3",
      "score": "CVSS:3.0/AV:N/AC:L/PR:H/UI:N/S:U/C:H/I:H/A:H"
    }
  ],
  "affected": [
    {
      "package": {
        "ecosystem": "Maven",
        "name": "org.cloudfoundry.identity:cloudfoundry-identity-server"
      },
      "ranges": [
        {
          "type": "ECOSYSTEM",
          "events": [
            {
              "introduced": "2.0.0"
            },
            {
              "fixed": "2.7.4.16"
            }
          ]
        }
      ]
    },
    {
      "package": {
        "ecosystem": "Maven",
        "name": "org.cloudfoundry.identity:cloudfoundry-identity-server"
      },
      "ranges": [
        {
          "type": "ECOSYSTEM",
          "events": [
            {
              "introduced": "3.0.0"
            },
            {
              "fixed": "3.6.10"
            }
          ]
        }
      ]
    },
    {
      "package": {
        "ecosystem": "Maven",
        "name": "org.cloudfoundry.identity:cloudfoundry-identity-server"
      },
      "ranges": [
        {
          "type": "ECOSYSTEM",
          "events": [
            {
              "introduced": "3.7.0"
            },
            {
              "fixed": "3.9.12"
            }
          ]
        }
      ]
    },
    {
      "package": {
        "ecosystem": "Maven",
        "name": "org.cloudfoundry.identity:cloudfoundry-identity-server"
      },
      "ranges": [
        {
          "type": "ECOSYSTEM",
          "events": [
            {
              "introduced": "3.10.0"
            },
            {
              "fixed": "3.17.0"
            }
          ]
        }
      ]
    }
  ],
  "references": [
    {
      "type": "ADVISORY",
      "url": "https://nvd.nist.gov/vuln/detail/CVE-2017-4991"
    },
    {
      "type": "WEB",
      "url": "https://github.com/cloudfoundry/uaa/commit/2ca35f1723e039aa7d2318134b05d02e40072a18"
    },
    {
      "type": "WEB",
      "url": "https://github.com/cloudfoundry/uaa/commit/ba23bcf109704ab2eae519b705d7b2a75e023553"
    },
    {
      "type": "WEB",
      "url": "https://github.com/cloudfoundry/uaa/commit/bbf6751bc0d87c4a3aaf21b54e26ce328ab998b3"
    },
    {
      "type": "WEB",
      "url": "https://github.com/cloudfoundry/uaa/commit/eb3f86054489039e11eabd54a8ec9a46c22abfc8"
    },
    {
      "type": "PACKAGE",
      "url": "https://github.com/cloudfoundry/uaa"
    },
    {
      "type": "WEB",
      "url": "https://www.cloudfoundry.org/cve-2017-4991"
    }
  ],
  "database_specific": {
    "cwe_ids": [
      "CWE-269"
    ],
    "severity": "HIGH",
    "github_reviewed": true,
    "github_reviewed_at": "2024-03-01T20:07:35Z",
    "nvd_published_at": "2017-06-13T06:29:00Z"
  }
}