{
  "schema_version": "1.4.0",
  "id": "GHSA-9mjw-79r6-c9m8",
  "modified": "2024-12-04T22:18:00Z",
  "published": "2024-10-02T06:30:26Z",
  "aliases": [
    "CVE-2024-33662"
  ],
  "summary": "Portainer improperly uses an encryption algorithm in the AesEncrypt function",
  "details": "Portainer before 2.20.2 improperly uses an encryption algorithm in the `AesEncrypt` function.",
  "severity": [
    {
      "type": "CVSS_V3",
      "score": "CVSS:3.1/AV:N/AC:L/PR:N/UI:N/S:U/C:H/I:N/A:N"
    },
    {
      "type": "CVSS_V4",
      "score": "CVSS:4.0/AV:N/AC:L/AT:N/PR:N/UI:N/VC:H/VI:N/VA:N/SC:N/SI:N/SA:N"
    }
  ],
  "affected": [
    {
      "package": {
        "ecosystem": "Go",
        "name": "github.com/portainer/portainer"
      },
      "ranges": [
        {
          "type": "ECOSYSTEM",
          "events": [
            {
              "introduced": "0"
            },
            {
              "fixed": "2.20.2"
            }
          ]
        }
      ]
    }
  ],
  "references": [
    {
      "type": "ADVISORY",
      "url": "https://nvd.nist.gov/vuln/detail/CVE-2024-33662"
    },
    {
      "type": "WEB",
      "url": "https://github.com/portainer/portainer/issues/11737"
    },
    {
      "type": "PACKAGE",
      "url": "https://github.com/portainer/portainer"
    },
    {
      "type": "WEB",
      "url": "https://github.com/portainer/portainer/compare/2.20.1...2.20.2"
    },
    {
      "type": "WEB",
      "url": "https://github.com/search?q=repo%3Aportainer%2Fportainer+EE-6764&type=pullrequests"
    },
    {
      "type": "WEB",
      "url": "https://pkg.go.dev/vuln/GO-2024-3172"
    },
    {
      "type": "WEB",
      "url": "https://www.portainer.io"
    }
  ],
  "database_specific": {
    "cwe_ids": [
      "CWE-326",
      "CWE-327"
    ],
    "severity": "HIGH",
    "github_reviewed": true,
    "github_reviewed_at": "2024-10-02T17:58:14Z",
    "nvd_published_at": "2024-10-02T05:15:11Z"
  }
}