{
  "schema_version": "1.4.0",
  "id": "GHSA-vfxf-76hv-v4w4",
  "modified": "2024-09-06T21:40:14Z",
  "published": "2024-01-03T21:30:17Z",
  "withdrawn": "2024-01-23T12:49:53Z",
  "aliases": [],
  "summary": "Withdrawn Advisory: User-provided environment values allow execution on macOS agents",
  "details": "## Withdrawn Advisory\nThis advisory has been withdrawn because the vulnerability affects a binary, not a library in a [supported ecosystem](https://github.com/github/advisory-database#supported-ecosystems). Therefore, users of the library should not receive alerts. This link is maintained to preserve external references.\n\n## Original Description\n\n### Impact\nAgents running on macOS could be susceptible to unexpected code execution through user supplied environment variables.\n\n### Patches\nFixed in versions 14.2.4, 13.4.13 and 12.4.31.\n\n### References\n* Fix PR: https://github.com/gravitational/teleport/pull/36132\n",
  "severity": [],
  "affected": [
    {
      "package": {
        "ecosystem": "Go",
        "name": "github.com/gravitational/teleport"
      },
      "ranges": [
        {
          "type": "ECOSYSTEM",
          "events": [
            {
              "introduced": "14.0.0"
            },
            {
              "fixed": "14.2.4"
            }
          ]
        }
      ]
    },
    {
      "package": {
        "ecosystem": "Go",
        "name": "github.com/gravitational/teleport"
      },
      "ranges": [
        {
          "type": "ECOSYSTEM",
          "events": [
            {
              "introduced": "13.0.0"
            },
            {
              "fixed": "13.4.13"
            }
          ]
        }
      ]
    },
    {
      "package": {
        "ecosystem": "Go",
        "name": "github.com/gravitational/teleport"
      },
      "ranges": [
        {
          "type": "ECOSYSTEM",
          "events": [
            {
              "introduced": "0"
            },
            {
              "fixed": "12.4.31"
            }
          ]
        }
      ]
    }
  ],
  "references": [
    {
      "type": "WEB",
      "url": "https://github.com/gravitational/teleport/security/advisories/GHSA-vfxf-76hv-v4w4"
    },
    {
      "type": "WEB",
      "url": "https://github.com/gravitational/teleport/pull/36132"
    },
    {
      "type": "WEB",
      "url": "https://github.com/gravitational/teleport/commit/fcc97de9f99dfec8696ecfd620672a26f29cf9ac"
    },
    {
      "type": "PACKAGE",
      "url": "https://github.com/gravitational/teleport"
    }
  ],
  "database_specific": {
    "cwe_ids": [],
    "severity": "HIGH",
    "github_reviewed": true,
    "github_reviewed_at": "2024-01-03T21:30:17Z",
    "nvd_published_at": null
  }
}