{
  "schema_version": "1.4.0",
  "id": "GHSA-83x4-9cwr-5487",
  "modified": "2022-02-02T16:07:18Z",
  "published": "2022-01-06T18:32:58Z",
  "aliases": [
    "CVE-2021-4133"
  ],
  "summary": "Improper Authorization in Keycloak",
  "details": "A incorrect authorization flaw was found in Keycloak 12.0.0, the flaw allows an attacker with any existing user account to create new default user accounts via the administrative REST API even where new user registration is disabled.",
  "severity": [
    {
      "type": "CVSS_V3",
      "score": "CVSS:3.1/AV:N/AC:L/PR:L/UI:N/S:U/C:H/I:H/A:H"
    }
  ],
  "affected": [
    {
      "package": {
        "ecosystem": "Maven",
        "name": "org.keycloak:keycloak-services"
      },
      "ranges": [
        {
          "type": "ECOSYSTEM",
          "events": [
            {
              "introduced": "0"
            },
            {
              "fixed": "15.1.1"
            }
          ]
        }
      ]
    }
  ],
  "references": [
    {
      "type": "WEB",
      "url": "https://github.com/keycloak/keycloak/security/advisories/GHSA-83x4-9cwr-5487"
    },
    {
      "type": "ADVISORY",
      "url": "https://nvd.nist.gov/vuln/detail/CVE-2021-4133"
    },
    {
      "type": "WEB",
      "url": "https://github.com/keycloak/keycloak/issues/9247"
    },
    {
      "type": "WEB",
      "url": "https://bugzilla.redhat.com/show_bug.cgi?id=2033602"
    },
    {
      "type": "PACKAGE",
      "url": "https://github.com/keycloak/keycloak"
    },
    {
      "type": "WEB",
      "url": "https://www.oracle.com/security-alerts/cpuapr2022.html"
    }
  ],
  "database_specific": {
    "cwe_ids": [
      "CWE-863"
    ],
    "severity": "HIGH",
    "github_reviewed": true,
    "github_reviewed_at": "2022-01-04T20:27:06Z",
    "nvd_published_at": "2022-01-25T20:15:00Z"
  }
}