{
  "schema_version": "1.4.0",
  "id": "GHSA-vw6x-c5rg-jmjp",
  "modified": "2024-10-31T19:32:11Z",
  "published": "2024-10-25T21:31:27Z",
  "aliases": [
    "CVE-2024-48225"
  ],
  "summary": "SQL injection in funadmin",
  "details": "Funadmin v5.0.2 has an arbitrary file deletion vulnerability in `/curd/index/delfile`.",
  "severity": [
    {
      "type": "CVSS_V3",
      "score": "CVSS:3.1/AV:N/AC:L/PR:N/UI:N/S:U/C:N/I:H/A:H"
    },
    {
      "type": "CVSS_V4",
      "score": "CVSS:4.0/AV:N/AC:L/AT:N/PR:N/UI:N/VC:N/VI:H/VA:H/SC:N/SI:N/SA:N/E:P"
    }
  ],
  "affected": [
    {
      "package": {
        "ecosystem": "Packagist",
        "name": "funadmin/funadmin"
      },
      "ranges": [
        {
          "type": "ECOSYSTEM",
          "events": [
            {
              "introduced": "0"
            },
            {
              "last_affected": "5.0.2"
            }
          ]
        }
      ]
    }
  ],
  "references": [
    {
      "type": "ADVISORY",
      "url": "https://nvd.nist.gov/vuln/detail/CVE-2024-48225"
    },
    {
      "type": "WEB",
      "url": "https://github.com/funadmin/funadmin/issues/25"
    },
    {
      "type": "PACKAGE",
      "url": "https://github.com/funadmin/funadmin"
    }
  ],
  "database_specific": {
    "cwe_ids": [
      "CWE-89"
    ],
    "severity": "HIGH",
    "github_reviewed": true,
    "github_reviewed_at": "2024-10-25T21:47:29Z",
    "nvd_published_at": "2024-10-25T21:15:03Z"
  }
}