{
  "schema_version": "1.4.0",
  "id": "GHSA-m34x-wgrh-g897",
  "modified": "2022-04-28T20:13:30Z",
  "published": "2018-01-24T19:38:52Z",
  "aliases": [
    "CVE-2018-6184"
  ],
  "summary": "Directory traversal vulnerability in Next.js",
  "details": "Next.js 4 before 4.2.3 has Directory Traversal under the `/_next` request namespace.",
  "severity": [
    {
      "type": "CVSS_V3",
      "score": "CVSS:3.0/AV:N/AC:L/PR:N/UI:N/S:U/C:H/I:N/A:N"
    }
  ],
  "affected": [
    {
      "package": {
        "ecosystem": "npm",
        "name": "next"
      },
      "ranges": [
        {
          "type": "ECOSYSTEM",
          "events": [
            {
              "introduced": "1.0.0"
            },
            {
              "fixed": "4.2.3"
            }
          ]
        }
      ]
    }
  ],
  "references": [
    {
      "type": "ADVISORY",
      "url": "https://nvd.nist.gov/vuln/detail/CVE-2018-6184"
    },
    {
      "type": "ADVISORY",
      "url": "https://github.com/advisories/GHSA-m34x-wgrh-g897"
    },
    {
      "type": "WEB",
      "url": "https://github.com/vercel/next.js/releases/tag/4.2.3"
    },
    {
      "type": "PACKAGE",
      "url": "https://github.com/zeit/next.js"
    }
  ],
  "database_specific": {
    "cwe_ids": [
      "CWE-22"
    ],
    "severity": "HIGH",
    "github_reviewed": true,
    "github_reviewed_at": "2020-06-16T21:44:41Z",
    "nvd_published_at": null
  }
}