{
  "schema_version": "1.4.0",
  "id": "GHSA-6p78-f7h9-6838",
  "modified": "2024-02-05T23:06:18Z",
  "published": "2024-01-30T09:30:34Z",
  "aliases": [
    "CVE-2023-36260"
  ],
  "summary": "Craft CMS Feed-Me",
  "details": "An issue discovered in Craft CMS version 4.6.1.1 allows remote attackers to cause a denial of service (DoS) via crafted string to Feed-Me Name and Feed-Me URL fields due to saving a feed using an Asset element type with no volume selected.",
  "severity": [
    {
      "type": "CVSS_V3",
      "score": "CVSS:3.1/AV:N/AC:L/PR:N/UI:N/S:U/C:N/I:N/A:H"
    }
  ],
  "affected": [
    {
      "package": {
        "ecosystem": "Packagist",
        "name": "craftcms/cms"
      },
      "ranges": [
        {
          "type": "ECOSYSTEM",
          "events": [
            {
              "introduced": "0"
            },
            {
              "fixed": "4.6.2"
            }
          ]
        }
      ]
    }
  ],
  "references": [
    {
      "type": "ADVISORY",
      "url": "https://nvd.nist.gov/vuln/detail/CVE-2023-36260"
    },
    {
      "type": "WEB",
      "url": "https://github.com/craftcms/feed-me/commit/b5d6ede51848349bd91bc95fec288b6793f15e28"
    },
    {
      "type": "WEB",
      "url": "https://github.com/craftcms/feed-me/commit/b5d6ede51848349bd91bc95fec288b6793f15e28%29"
    },
    {
      "type": "PACKAGE",
      "url": "https://github.com/craftcms/feed-me"
    },
    {
      "type": "WEB",
      "url": "https://github.com/craftcms/feed-me/releases/tag/4.6.2"
    },
    {
      "type": "WEB",
      "url": "https://www.linkedin.com/pulse/threat-briefing-craftcms-amrcybersecurity-emi0e/?trackingId=E75GttWvQp6gfvPiJDDUBA%3D%3D"
    }
  ],
  "database_specific": {
    "cwe_ids": [
      "CWE-74"
    ],
    "severity": "HIGH",
    "github_reviewed": true,
    "github_reviewed_at": "2024-01-30T18:42:48Z",
    "nvd_published_at": "2024-01-30T09:15:47Z"
  }
}