{
  "schema_version": "1.4.0",
  "id": "GHSA-6cpj-3g83-q2j4",
  "modified": "2022-07-12T21:32:13Z",
  "published": "2022-05-17T04:50:16Z",
  "aliases": [
    "CVE-2012-6612"
  ],
  "summary": "Improper Restriction of XML External Entity Reference in Apache Solr",
  "details": "The (1) UpdateRequestHandler for XSLT or (2) XPathEntityProcessor in Apache Solr before 4.1 allows remote attackers to have an unspecified impact via XML data containing an external entity declaration in conjunction with an entity reference, related to an XML External Entity (XXE) issue, different vectors than CVE-2013-6407.",
  "severity": [],
  "affected": [
    {
      "package": {
        "ecosystem": "Maven",
        "name": "org.apache.solr:solr-core"
      },
      "ranges": [
        {
          "type": "ECOSYSTEM",
          "events": [
            {
              "introduced": "0"
            },
            {
              "fixed": "4.1.0"
            }
          ]
        }
      ]
    }
  ],
  "references": [
    {
      "type": "ADVISORY",
      "url": "https://nvd.nist.gov/vuln/detail/CVE-2012-6612"
    },
    {
      "type": "WEB",
      "url": "https://github.com/apache/lucene-solr/commit/0d21b900975b7048d2e925d852aeacb9bdc6766c"
    },
    {
      "type": "WEB",
      "url": "https://github.com/apache/lucene-solr/commit/f230486ce6707762c1a6e81655d0fac52887906d"
    },
    {
      "type": "PACKAGE",
      "url": "https://github.com/apache/lucene-solr"
    },
    {
      "type": "WEB",
      "url": "https://issues.apache.org/jira/browse/SOLR-3895"
    },
    {
      "type": "WEB",
      "url": "http://rhn.redhat.com/errata/RHSA-2013-1844.html"
    },
    {
      "type": "WEB",
      "url": "http://rhn.redhat.com/errata/RHSA-2014-0029.html"
    },
    {
      "type": "WEB",
      "url": "http://svn.apache.org/viewvc/lucene/dev/branches/branch_4x/solr/CHANGES.txt?view=markup"
    }
  ],
  "database_specific": {
    "cwe_ids": [
      "CWE-611"
    ],
    "severity": "HIGH",
    "github_reviewed": true,
    "github_reviewed_at": "2022-07-12T21:32:13Z",
    "nvd_published_at": "2013-12-07T21:55:00Z"
  }
}