{
  "schema_version": "1.4.0",
  "id": "GHSA-crf7-fvjx-863q",
  "modified": "2020-08-31T18:44:37Z",
  "published": "2020-09-03T17:09:26Z",
  "aliases": [],
  "summary": "Path Traversal in zero",
  "details": "Versions of `zero` prior to 1.0.6 are vulnerable to Path Traversal.  Due to insufficient input sanitization in URLs, attackers can access server files by using relative paths when fetching files. \n\n\n## Recommendation\n\nUpgrade to version 1.0.6 or later.\n",
  "severity": [],
  "affected": [
    {
      "package": {
        "ecosystem": "npm",
        "name": "zero"
      },
      "ranges": [
        {
          "type": "ECOSYSTEM",
          "events": [
            {
              "introduced": "0"
            },
            {
              "fixed": "1.0.6"
            }
          ]
        }
      ]
    }
  ],
  "references": [
    {
      "type": "WEB",
      "url": "https://www.npmjs.com/advisories/1025"
    }
  ],
  "database_specific": {
    "cwe_ids": [
      "CWE-22"
    ],
    "severity": "HIGH",
    "github_reviewed": true,
    "github_reviewed_at": "2020-08-31T18:44:37Z",
    "nvd_published_at": null
  }
}