{
  "schema_version": "1.4.0",
  "id": "GHSA-66mv-xh68-h6v2",
  "modified": "2020-08-31T19:00:58Z",
  "published": "2020-09-03T15:48:53Z",
  "aliases": [],
  "summary": "Denial of Service in @commercial/hapi",
  "details": "Affected versions of `@commercial/hapi` are vulnerable to Denial of Service. The CORS request handler has a vulnerability which will cause the function to throw a system error if the header contains some invalid values. If no unhandled exception handler is available, the application will exist, allowing an attacker to shut down services.\n\n\n## Recommendation\n\nUpgrade to versions 16.8.2, 17.9.2, 18.4.1, 19.1.1 or later.",
  "severity": [],
  "affected": [
    {
      "package": {
        "ecosystem": "npm",
        "name": "@commercial/hapi"
      },
      "ranges": [
        {
          "type": "ECOSYSTEM",
          "events": [
            {
              "introduced": "0"
            },
            {
              "fixed": "16.8.2"
            }
          ]
        }
      ]
    },
    {
      "package": {
        "ecosystem": "npm",
        "name": "@commercial/hapi"
      },
      "ranges": [
        {
          "type": "ECOSYSTEM",
          "events": [
            {
              "introduced": "17.0.0"
            },
            {
              "fixed": "17.9.2"
            }
          ]
        }
      ]
    },
    {
      "package": {
        "ecosystem": "npm",
        "name": "@commercial/hapi"
      },
      "ranges": [
        {
          "type": "ECOSYSTEM",
          "events": [
            {
              "introduced": "18.0.0"
            },
            {
              "fixed": "18.4.1"
            }
          ]
        }
      ]
    },
    {
      "package": {
        "ecosystem": "npm",
        "name": "@commercial/hapi"
      },
      "ranges": [
        {
          "type": "ECOSYSTEM",
          "events": [
            {
              "introduced": "19.0.0"
            },
            {
              "fixed": "19.1.1"
            }
          ]
        }
      ]
    }
  ],
  "references": [
    {
      "type": "WEB",
      "url": "https://www.npmjs.com/advisories/1483"
    }
  ],
  "database_specific": {
    "cwe_ids": [],
    "severity": "HIGH",
    "github_reviewed": true,
    "github_reviewed_at": "2020-08-31T19:00:58Z",
    "nvd_published_at": null
  }
}