{
  "schema_version": "1.4.0",
  "id": "GHSA-9m4x-8w29-r78g",
  "modified": "2023-09-13T19:18:38Z",
  "published": "2020-08-13T18:54:19Z",
  "aliases": [
    "CVE-2020-8205"
  ],
  "summary": "Server-Side Request Forgery in @uppy/companion",
  "details": "The @uppy/companion npm package before versions 1.13.2 and 2.0.0-alpha.5 is vulnerable to a Server-Side Request Forgery (SSRF) vulnerability, which allows an attacker to scan local or external networks or otherwise interact with internal systems.",
  "severity": [
    {
      "type": "CVSS_V3",
      "score": "CVSS:3.1/AV:N/AC:L/PR:N/UI:N/S:U/C:H/I:N/A:N"
    }
  ],
  "affected": [
    {
      "package": {
        "ecosystem": "npm",
        "name": "@uppy/companion"
      },
      "ranges": [
        {
          "type": "ECOSYSTEM",
          "events": [
            {
              "introduced": "0"
            },
            {
              "fixed": "1.13.2"
            }
          ]
        }
      ]
    },
    {
      "package": {
        "ecosystem": "npm",
        "name": "@uppy/companion"
      },
      "ranges": [
        {
          "type": "ECOSYSTEM",
          "events": [
            {
              "introduced": "2.0.0-alpha.0"
            },
            {
              "fixed": "2.0.0-alpha.5"
            }
          ]
        }
      ],
      "database_specific": {
        "last_known_affected_version_range": "<= 2.0.0-alpha.4"
      }
    }
  ],
  "references": [
    {
      "type": "ADVISORY",
      "url": "https://nvd.nist.gov/vuln/detail/CVE-2020-8205"
    },
    {
      "type": "WEB",
      "url": "https://github.com/transloadit/uppy/pull/2322/commits/dbf2f4f30aeaf3bcc5971bb867bb0b5984084828"
    },
    {
      "type": "WEB",
      "url": "https://hackerone.com/reports/891270"
    },
    {
      "type": "WEB",
      "url": "https://github.com/transloadit/uppy/blob/master/CHANGELOG.md#1161"
    }
  ],
  "database_specific": {
    "cwe_ids": [
      "CWE-918"
    ],
    "severity": "HIGH",
    "github_reviewed": true,
    "github_reviewed_at": "2020-08-13T18:54:01Z",
    "nvd_published_at": null
  }
}