{
  "schema_version": "1.4.0",
  "id": "GHSA-6rj8-9cm9-6gff",
  "modified": "2022-10-21T13:03:12Z",
  "published": "2022-10-19T19:00:24Z",
  "aliases": [
    "CVE-2022-3608"
  ],
  "summary": "phpMyFAQ vulnerable to Cross-site Scripting",
  "details": "phpMyFAQ versions 3.1.7 and prior are vulnerable to stored cross-site scripting (XSS). A patch is available on the `main` branch of the repository and anticipated to be part of version 3.2.0-alpha.",
  "severity": [
    {
      "type": "CVSS_V3",
      "score": "CVSS:3.1/AV:N/AC:L/PR:H/UI:R/S:C/C:H/I:H/A:H"
    }
  ],
  "affected": [
    {
      "package": {
        "ecosystem": "Packagist",
        "name": "thorsten/phpmyfaq"
      },
      "ranges": [
        {
          "type": "ECOSYSTEM",
          "events": [
            {
              "introduced": "0"
            },
            {
              "fixed": "3.2.0-alpha"
            }
          ]
        }
      ],
      "database_specific": {
        "last_known_affected_version_range": "<= 3.1.7"
      }
    },
    {
      "package": {
        "ecosystem": "Packagist",
        "name": "phpmyfaq/phpmyfaq"
      },
      "ranges": [
        {
          "type": "ECOSYSTEM",
          "events": [
            {
              "introduced": "0"
            },
            {
              "fixed": "3.2.0-alpha"
            }
          ]
        }
      ],
      "database_specific": {
        "last_known_affected_version_range": "<= 3.1.7"
      }
    }
  ],
  "references": [
    {
      "type": "ADVISORY",
      "url": "https://nvd.nist.gov/vuln/detail/CVE-2022-3608"
    },
    {
      "type": "WEB",
      "url": "https://github.com/thorsten/phpmyfaq/commit/37123edd50f854bd141e6fbe65221af2d5cf2677"
    },
    {
      "type": "PACKAGE",
      "url": "https://github.com/thorsten/phpMyFAQ"
    },
    {
      "type": "WEB",
      "url": "https://huntr.dev/bounties/8f0f3635-9d81-4c55-9826-2ba955c3a850"
    }
  ],
  "database_specific": {
    "cwe_ids": [
      "CWE-79"
    ],
    "severity": "HIGH",
    "github_reviewed": true,
    "github_reviewed_at": "2022-10-19T22:22:07Z",
    "nvd_published_at": "2022-10-19T13:15:00Z"
  }
}