{
  "schema_version": "1.4.0",
  "id": "GHSA-38j3-6fm8-pfgc",
  "modified": "2022-06-23T21:25:08Z",
  "published": "2022-06-15T00:00:24Z",
  "aliases": [
    "CVE-2021-40660"
  ],
  "summary": "Regular expression denial of service in Delight Nashorn Sandbox",
  "details": "An issue was discovered in Delight Nashorn Sandbox. There is an ReDoS vulnerability that can be exploited to launching a denial of service (DoS) attack.",
  "severity": [
    {
      "type": "CVSS_V3",
      "score": "CVSS:3.1/AV:N/AC:L/PR:N/UI:N/S:U/C:N/I:N/A:H"
    }
  ],
  "affected": [
    {
      "package": {
        "ecosystem": "Maven",
        "name": "org.javadelight:delight-nashorn-sandbox"
      },
      "ranges": [
        {
          "type": "ECOSYSTEM",
          "events": [
            {
              "introduced": "0"
            },
            {
              "fixed": "0.3.1"
            }
          ]
        }
      ]
    }
  ],
  "references": [
    {
      "type": "ADVISORY",
      "url": "https://nvd.nist.gov/vuln/detail/CVE-2021-40660"
    },
    {
      "type": "WEB",
      "url": "https://github.com/javadelight/delight-nashorn-sandbox/issues/117"
    },
    {
      "type": "WEB",
      "url": "https://github.com/javadelight/delight-nashorn-sandbox/issues/117#issuecomment-1564983722"
    },
    {
      "type": "WEB",
      "url": "https://github.com/javadelight/delight-nashorn-sandbox/pull/139"
    },
    {
      "type": "WEB",
      "url": "https://github.com/javadelight/delight-nashorn-sandbox/commit/b899b8ecad46090fdc042ac7683e1164114a69de"
    },
    {
      "type": "PACKAGE",
      "url": "https://github.com/javadelight/delight-nashorn-sandbox"
    },
    {
      "type": "WEB",
      "url": "https://github.com/javadelight/delight-nashorn-sandbox/releases/tag/0.3.1"
    }
  ],
  "database_specific": {
    "cwe_ids": [
      "CWE-1333"
    ],
    "severity": "HIGH",
    "github_reviewed": true,
    "github_reviewed_at": "2022-06-17T01:14:44Z",
    "nvd_published_at": "2022-06-14T14:15:00Z"
  }
}