{
  "schema_version": "1.4.0",
  "id": "GHSA-68x5-4jg5-gjgg",
  "modified": "2024-07-18T19:45:33Z",
  "published": "2024-05-31T21:30:55Z",
  "aliases": [
    "CVE-2024-34008"
  ],
  "summary": "Moodle CSRF risk in analytics management of models",
  "details": "Actions in the admin management of analytics models did not include the necessary token to prevent a CSRF risk.",
  "severity": [
    {
      "type": "CVSS_V3",
      "score": "CVSS:3.1/AV:N/AC:L/PR:N/UI:R/S:U/C:H/I:H/A:H"
    }
  ],
  "affected": [
    {
      "package": {
        "ecosystem": "Packagist",
        "name": "moodle/moodle"
      },
      "ranges": [
        {
          "type": "ECOSYSTEM",
          "events": [
            {
              "introduced": "4.3.0"
            },
            {
              "fixed": "4.3.4"
            }
          ]
        }
      ]
    },
    {
      "package": {
        "ecosystem": "Packagist",
        "name": "moodle/moodle"
      },
      "ranges": [
        {
          "type": "ECOSYSTEM",
          "events": [
            {
              "introduced": "4.2.0"
            },
            {
              "fixed": "4.2.7"
            }
          ]
        }
      ]
    },
    {
      "package": {
        "ecosystem": "Packagist",
        "name": "moodle/moodle"
      },
      "ranges": [
        {
          "type": "ECOSYSTEM",
          "events": [
            {
              "introduced": "0"
            },
            {
              "fixed": "4.1.10"
            }
          ]
        }
      ]
    }
  ],
  "references": [
    {
      "type": "ADVISORY",
      "url": "https://nvd.nist.gov/vuln/detail/CVE-2024-34008"
    },
    {
      "type": "PACKAGE",
      "url": "https://github.com/moodle/moodle"
    },
    {
      "type": "WEB",
      "url": "https://moodle.org/mod/forum/discuss.php?d=458397"
    },
    {
      "type": "WEB",
      "url": "http://git.moodle.org/gw?p=moodle.git&a=search&h=HEAD&st=commit&s=MDL-81059"
    }
  ],
  "database_specific": {
    "cwe_ids": [
      "CWE-352"
    ],
    "severity": "HIGH",
    "github_reviewed": true,
    "github_reviewed_at": "2024-06-04T17:36:33Z",
    "nvd_published_at": "2024-05-31T21:15:09Z"
  }
}