{
  "schema_version": "1.4.0",
  "id": "GHSA-pp4v-55vr-9gxh",
  "modified": "2023-09-12T18:42:41Z",
  "published": "2019-02-18T23:39:13Z",
  "aliases": [
    "CVE-2016-10527"
  ],
  "summary": "Regular Expression Denial of Service in riot-compiler",
  "details": "Affected versions of `riot-compiler` are susceptible to a regular expression denial of service vulnerability.\n\n\n## Recommendation\n\nUpdate to version 2.3.22 or later.",
  "severity": [
    {
      "type": "CVSS_V3",
      "score": "CVSS:3.0/AV:N/AC:L/PR:N/UI:N/S:U/C:N/I:N/A:H"
    }
  ],
  "affected": [
    {
      "package": {
        "ecosystem": "npm",
        "name": "riot-compiler"
      },
      "ranges": [
        {
          "type": "ECOSYSTEM",
          "events": [
            {
              "introduced": "0"
            },
            {
              "fixed": "2.3.22"
            }
          ]
        }
      ]
    }
  ],
  "references": [
    {
      "type": "ADVISORY",
      "url": "https://nvd.nist.gov/vuln/detail/CVE-2016-10527"
    },
    {
      "type": "WEB",
      "url": "https://github.com/riot/compiler/issues/46"
    },
    {
      "type": "ADVISORY",
      "url": "https://github.com/advisories/GHSA-pp4v-55vr-9gxh"
    },
    {
      "type": "WEB",
      "url": "https://www.npmjs.com/advisories/86"
    }
  ],
  "database_specific": {
    "cwe_ids": [
      "CWE-400"
    ],
    "severity": "HIGH",
    "github_reviewed": true,
    "github_reviewed_at": "2020-06-16T21:49:41Z",
    "nvd_published_at": null
  }
}