{
  "schema_version": "1.4.0",
  "id": "GHSA-8rjh-3mhm-966q",
  "modified": "2023-07-06T23:38:09Z",
  "published": "2023-07-06T21:14:59Z",
  "aliases": [
    "CVE-2023-31453"
  ],
  "summary": "Apache InLong Incorrect Permission Assignment for Critical Resource Vulnerability",
  "details": "Incorrect Permission Assignment for Critical Resource Vulnerability in Apache Software Foundation Apache InLong.This issue affects Apache InLong: from 1.2.0 through 1.6.0. The\u00a0attacker can delete others' subscriptions, even if they are not the owner\nof the deleted subscription.\u00a0Users are advised to upgrade to Apache InLong's 1.7.0 or cherry-pick https://github.com/apache/inlong/pull/7949 to solve it.",
  "severity": [
    {
      "type": "CVSS_V3",
      "score": "CVSS:3.1/AV:N/AC:L/PR:N/UI:N/S:U/C:N/I:H/A:N"
    }
  ],
  "affected": [
    {
      "package": {
        "ecosystem": "Maven",
        "name": "org.apache.inlong:manager-service"
      },
      "ranges": [
        {
          "type": "ECOSYSTEM",
          "events": [
            {
              "introduced": "1.2.0"
            },
            {
              "fixed": "1.7.0"
            }
          ]
        }
      ]
    },
    {
      "package": {
        "ecosystem": "Maven",
        "name": "org.apache.inlong:manager-web"
      },
      "ranges": [
        {
          "type": "ECOSYSTEM",
          "events": [
            {
              "introduced": "1.2.0"
            },
            {
              "fixed": "1.7.0"
            }
          ]
        }
      ]
    }
  ],
  "references": [
    {
      "type": "ADVISORY",
      "url": "https://nvd.nist.gov/vuln/detail/CVE-2023-31453"
    },
    {
      "type": "WEB",
      "url": "https://github.com/apache/inlong/pull/7949"
    },
    {
      "type": "PACKAGE",
      "url": "https://github.com/apache/inlong"
    },
    {
      "type": "WEB",
      "url": "https://lists.apache.org/thread/9nz8o2skgc5230w276h4w92j0zstnl06"
    }
  ],
  "database_specific": {
    "cwe_ids": [
      "CWE-732"
    ],
    "severity": "HIGH",
    "github_reviewed": true,
    "github_reviewed_at": "2023-07-06T23:38:09Z",
    "nvd_published_at": "2023-05-22T14:15:09Z"
  }
}