{
  "schema_version": "1.4.0",
  "id": "GHSA-m93v-9qjc-3g79",
  "modified": "2021-01-07T23:48:11Z",
  "published": "2020-07-07T00:01:07Z",
  "aliases": [
    "CVE-2020-4076"
  ],
  "summary": "Context isolation bypass via leaked cross-context objects in Electron",
  "details": "### Impact\nApps using `contextIsolation` are affected.\n\nThis is a context isolation bypass, meaning that code running in the main world context in the renderer can reach into the isolated Electron context and perform privileged actions.\n\n### Workarounds\nThere are no app-side workarounds, you must update your Electron version to be protected.\n\n### Fixed Versions\n* `9.0.0-beta.21`\n* `8.2.4`\n* `7.2.4`\n\n### Non-Impacted Versions\n* `9.0.0-beta.*`\n\n### For more information\nIf you have any questions or comments about this advisory:\n* Email us at [security@electronjs.org](mailto:security@electronjs.org)",
  "severity": [
    {
      "type": "CVSS_V3",
      "score": "CVSS:3.1/AV:L/AC:H/PR:N/UI:N/S:C/C:H/I:H/A:N"
    }
  ],
  "affected": [
    {
      "package": {
        "ecosystem": "npm",
        "name": "electron"
      },
      "ranges": [
        {
          "type": "ECOSYSTEM",
          "events": [
            {
              "introduced": "0"
            },
            {
              "fixed": "7.2.4"
            }
          ]
        }
      ]
    },
    {
      "package": {
        "ecosystem": "npm",
        "name": "electron"
      },
      "ranges": [
        {
          "type": "ECOSYSTEM",
          "events": [
            {
              "introduced": "8.0.0"
            },
            {
              "fixed": "8.2.4"
            }
          ]
        }
      ]
    }
  ],
  "references": [
    {
      "type": "WEB",
      "url": "https://github.com/electron/electron/security/advisories/GHSA-m93v-9qjc-3g79"
    },
    {
      "type": "ADVISORY",
      "url": "https://nvd.nist.gov/vuln/detail/CVE-2020-4076"
    },
    {
      "type": "WEB",
      "url": "https://www.electronjs.org/releases/stable?page=3#release-notes-for-v824"
    }
  ],
  "database_specific": {
    "cwe_ids": [
      "CWE-501"
    ],
    "severity": "HIGH",
    "github_reviewed": true,
    "github_reviewed_at": "2020-07-06T23:55:29Z",
    "nvd_published_at": null
  }
}