{
  "schema_version": "1.4.0",
  "id": "GHSA-frh8-wrx9-gc53",
  "modified": "2023-10-06T01:02:25Z",
  "published": "2022-05-13T01:20:39Z",
  "aliases": [
    "CVE-2018-8137"
  ],
  "summary": "ChakraCore RCE Vulnerability",
  "details": "A remote code execution vulnerability exists in the way that the scripting engine handles objects in memory in Microsoft Edge, aka \"Scripting Engine Memory Corruption Vulnerability.\" This affects Microsoft Edge, ChakraCore. This CVE ID is unique from CVE-2018-0945, CVE-2018-0946, CVE-2018-0951, CVE-2018-0953, CVE-2018-0954, CVE-2018-0955, CVE-2018-1022, CVE-2018-8114, CVE-2018-8122, CVE-2018-8128, CVE-2018-8139.",
  "severity": [
    {
      "type": "CVSS_V3",
      "score": "CVSS:3.0/AV:N/AC:H/PR:N/UI:R/S:U/C:H/I:H/A:H"
    }
  ],
  "affected": [
    {
      "package": {
        "ecosystem": "NuGet",
        "name": "Microsoft.ChakraCore"
      },
      "ranges": [
        {
          "type": "ECOSYSTEM",
          "events": [
            {
              "introduced": "0"
            },
            {
              "fixed": "1.8.4"
            }
          ]
        }
      ]
    }
  ],
  "references": [
    {
      "type": "ADVISORY",
      "url": "https://nvd.nist.gov/vuln/detail/CVE-2018-8137"
    },
    {
      "type": "WEB",
      "url": "https://github.com/chakra-core/ChakraCore/commit/6e362fe94bc4bba7c8b8c6f819c1bee94c51893c"
    },
    {
      "type": "PACKAGE",
      "url": "https://github.com/chakra-core/ChakraCore"
    },
    {
      "type": "WEB",
      "url": "https://portal.msrc.microsoft.com/en-US/security-guidance/advisory/CVE-2018-8137"
    },
    {
      "type": "WEB",
      "url": "https://web.archive.org/web/20210124164218/http://www.securityfocus.com/bid/103967"
    },
    {
      "type": "WEB",
      "url": "https://web.archive.org/web/20211204185256/http://www.securitytracker.com/id/1040844"
    }
  ],
  "database_specific": {
    "cwe_ids": [
      "CWE-787"
    ],
    "severity": "HIGH",
    "github_reviewed": true,
    "github_reviewed_at": "2023-07-21T17:49:53Z",
    "nvd_published_at": "2018-05-09T19:29:00Z"
  }
}