{
  "schema_version": "1.4.0",
  "id": "GHSA-9jh5-qf84-x6pr",
  "modified": "2024-04-09T21:00:46Z",
  "published": "2024-04-09T15:50:59Z",
  "aliases": [
    "CVE-2024-28235"
  ],
  "summary": "Contao: Possible cookie sharing with external domains while checking protected pages for broken links",
  "details": "### Impact\n\nIf the crawler is set to crawl protected pages, it sends the cookie header to externals URLs.\n\n### Patches\n\nUpdate to Contao 4.13.40 or 5.3.4.\n\n### Workarounds\n\nDisable crawling protected pages.\n\n### References\n\nhttps://contao.org/en/security-advisories/session-cookie-disclosure-in-the-crawler\n\n### For more information\n\nIf you have any questions or comments about this advisory, open an issue in [contao/contao](https://github.com/contao/contao/issues/new/choose).",
  "severity": [
    {
      "type": "CVSS_V3",
      "score": "CVSS:3.1/AV:N/AC:H/PR:N/UI:R/S:C/C:H/I:H/A:H"
    }
  ],
  "affected": [
    {
      "package": {
        "ecosystem": "Packagist",
        "name": "contao/core-bundle"
      },
      "ranges": [
        {
          "type": "ECOSYSTEM",
          "events": [
            {
              "introduced": "4.9.0"
            },
            {
              "fixed": "4.13.40"
            }
          ]
        }
      ]
    },
    {
      "package": {
        "ecosystem": "Packagist",
        "name": "contao/core-bundle"
      },
      "ranges": [
        {
          "type": "ECOSYSTEM",
          "events": [
            {
              "introduced": "5.0.0-RC1"
            },
            {
              "fixed": "5.3.4"
            }
          ]
        }
      ]
    }
  ],
  "references": [
    {
      "type": "WEB",
      "url": "https://github.com/contao/contao/security/advisories/GHSA-9jh5-qf84-x6pr"
    },
    {
      "type": "ADVISORY",
      "url": "https://nvd.nist.gov/vuln/detail/CVE-2024-28235"
    },
    {
      "type": "WEB",
      "url": "https://github.com/contao/contao/commit/73a2770e2d3535ec9f1b03d54be00e56ebb8ff16"
    },
    {
      "type": "WEB",
      "url": "https://github.com/contao/contao/commit/79b7620d01ce8f46ce2b331455e0d95e5208de3d"
    },
    {
      "type": "WEB",
      "url": "https://contao.org/en/security-advisories/session-cookie-disclosure-in-the-crawler"
    },
    {
      "type": "PACKAGE",
      "url": "https://github.com/contao/contao"
    },
    {
      "type": "WEB",
      "url": "https://github.com/contao/contao/blob/14e9ef4bc8b82936ba2d0e04164581145a075e2a/core-bundle/src/Resources/contao/classes/Crawl.php#L129"
    }
  ],
  "database_specific": {
    "cwe_ids": [
      "CWE-200"
    ],
    "severity": "HIGH",
    "github_reviewed": true,
    "github_reviewed_at": "2024-04-09T15:50:59Z",
    "nvd_published_at": "2024-04-09T16:15:07Z"
  }
}