{
  "schema_version": "1.4.0",
  "id": "GHSA-hf54-fq2m-p9v6",
  "modified": "2024-05-14T22:32:03Z",
  "published": "2024-05-14T21:34:44Z",
  "aliases": [
    "CVE-2020-26312"
  ],
  "summary": "dotmesh arbitrary file read and/or write",
  "details": "Dotmesh is a git-like command-line interface for capturing, organizing and sharing application states. In versions 0.8.1 and prior, the unsafe handling of symbolic links in an unpacking routine may enable attackers to read and/or write to arbitrary locations outside the designated target folder.\u00a0The routine `untarFile` attempts to guard against creating symbolic links that point outside the directory a tar archive is extracted to. However, a malicious tarball first linking `subdir/parent` to `..` (allowed, because `subdir/..` falls within the archive root) and then linking `subdir/parent/escapes` to `..` results in a symbolic link pointing to the tarball\u2019s parent directory, contrary to the routine\u2019s goals. This issue may lead to arbitrary file write (with same permissions as the program running the unpack operation) if the attacker can control the archive file. Additionally, if the attacker has read access to the unpacked files, they may be able to read arbitrary system files the parent process has permissions to read. As of time of publication, no patch for this issue is available.\n",
  "severity": [
    {
      "type": "CVSS_V3",
      "score": "CVSS:3.1/AV:N/AC:L/PR:L/UI:N/S:U/C:H/I:H/A:N"
    }
  ],
  "affected": [
    {
      "package": {
        "ecosystem": "Go",
        "name": "github.com/dotmesh-io/dotmesh"
      },
      "ranges": [
        {
          "type": "ECOSYSTEM",
          "events": [
            {
              "introduced": "0"
            },
            {
              "last_affected": "0.8.1"
            }
          ]
        }
      ]
    }
  ],
  "references": [
    {
      "type": "ADVISORY",
      "url": "https://nvd.nist.gov/vuln/detail/CVE-2020-26312"
    },
    {
      "type": "PACKAGE",
      "url": "https://github.com/dotmesh-io/dotmesh"
    },
    {
      "type": "WEB",
      "url": "https://github.com/dotmesh-io/dotmesh/blob/master/pkg/archiver/tar.go#L255"
    },
    {
      "type": "ADVISORY",
      "url": "https://securitylab.github.com/advisories/GHSL-2020-254-zipslip-dotmesh"
    }
  ],
  "database_specific": {
    "cwe_ids": [
      "CWE-125"
    ],
    "severity": "HIGH",
    "github_reviewed": true,
    "github_reviewed_at": "2024-05-14T22:32:03Z",
    "nvd_published_at": "2024-05-14T21:15:10Z"
  }
}