{
  "schema_version": "1.4.0",
  "id": "GHSA-hmw6-r547-42fr",
  "modified": "2023-07-12T22:31:55Z",
  "published": "2023-07-12T18:30:38Z",
  "aliases": [
    "CVE-2023-37957"
  ],
  "summary": "Jenkins Pipeline restFul API Plugin vulnerable to Cross Site Request Forgery",
  "details": "Jenkins Pipeline restFul API Plugin 0.11 and earlier does not require POST requests for an HTTP endpoint, resulting in a cross-site request forgery (CSRF) vulnerability.\n\nThis vulnerability allows attackers to have Jenkins connect to an attacker-specified URL, capturing a newly generated JCLI token that allows impersonating the victim.",
  "severity": [
    {
      "type": "CVSS_V3",
      "score": "CVSS:3.1/AV:N/AC:L/PR:N/UI:R/S:U/C:H/I:H/A:H"
    }
  ],
  "affected": [
    {
      "package": {
        "ecosystem": "Maven",
        "name": "io.jenkins.plugins:pipeline-restful-api"
      },
      "ranges": [
        {
          "type": "ECOSYSTEM",
          "events": [
            {
              "introduced": "0"
            },
            {
              "last_affected": "0.11"
            }
          ]
        }
      ]
    }
  ],
  "references": [
    {
      "type": "ADVISORY",
      "url": "https://nvd.nist.gov/vuln/detail/CVE-2023-37957"
    },
    {
      "type": "WEB",
      "url": "https://www.jenkins.io/security/advisory/2023-07-12/#SECURITY-3126"
    },
    {
      "type": "WEB",
      "url": "http://www.openwall.com/lists/oss-security/2023/07/12/2"
    }
  ],
  "database_specific": {
    "cwe_ids": [
      "CWE-352"
    ],
    "severity": "HIGH",
    "github_reviewed": true,
    "github_reviewed_at": "2023-07-12T22:31:55Z",
    "nvd_published_at": "2023-07-12T16:15:13Z"
  }
}