{
  "schema_version": "1.4.0",
  "id": "GHSA-rrjv-34p5-4c7r",
  "modified": "2022-06-02T20:38:28Z",
  "published": "2022-05-25T00:00:42Z",
  "aliases": [
    "CVE-2022-29305"
  ],
  "summary": "SQL injection in helloxz/imgurl",
  "details": "imgurl v2.31 was discovered to contain a Blind SQL injection vulnerability via /upload/localhost.",
  "severity": [
    {
      "type": "CVSS_V3",
      "score": "CVSS:3.1/AV:N/AC:H/PR:N/UI:N/S:U/C:H/I:H/A:H"
    }
  ],
  "affected": [
    {
      "package": {
        "ecosystem": "Packagist",
        "name": "helloxz/imgurl"
      },
      "versions": [
        "2.31"
      ]
    }
  ],
  "references": [
    {
      "type": "ADVISORY",
      "url": "https://nvd.nist.gov/vuln/detail/CVE-2022-29305"
    },
    {
      "type": "WEB",
      "url": "https://github.com/helloxz/imgurl/issues/75"
    },
    {
      "type": "PACKAGE",
      "url": "https://github.com/helloxz/imgurl"
    }
  ],
  "database_specific": {
    "cwe_ids": [
      "CWE-89"
    ],
    "severity": "HIGH",
    "github_reviewed": true,
    "github_reviewed_at": "2022-06-02T20:38:28Z",
    "nvd_published_at": "2022-05-24T03:15:00Z"
  }
}