{
  "schema_version": "1.4.0",
  "id": "GHSA-58fm-v4pr-jh8p",
  "modified": "2024-04-23T23:36:24Z",
  "published": "2022-05-17T03:38:33Z",
  "aliases": [
    "CVE-2016-9187"
  ],
  "summary": "Moodle Unrestricted file upload vulnerability",
  "details": "Unrestricted file upload vulnerability in the double extension support in the \"image\" module in Moodle 3.1.2 allows remote authenticated users to execute arbitrary code by uploading a file with an executable extension, and then accessing it via unspecified vectors.",
  "severity": [
    {
      "type": "CVSS_V3",
      "score": "CVSS:3.0/AV:N/AC:L/PR:L/UI:N/S:U/C:H/I:H/A:H"
    }
  ],
  "affected": [
    {
      "package": {
        "ecosystem": "Packagist",
        "name": "moodle/moodle"
      },
      "ranges": [
        {
          "type": "ECOSYSTEM",
          "events": [
            {
              "introduced": "2.0.1"
            },
            {
              "last_affected": "3.2.1"
            }
          ]
        }
      ]
    }
  ],
  "references": [
    {
      "type": "ADVISORY",
      "url": "https://nvd.nist.gov/vuln/detail/CVE-2016-9187"
    },
    {
      "type": "PACKAGE",
      "url": "https://github.com/moodle/moodle"
    },
    {
      "type": "WEB",
      "url": "https://packetstormsecurity.com/files/139466/Moodle-CMS-3.1.2-Cross-Site-Scripting-File-Upload.html"
    },
    {
      "type": "WEB",
      "url": "http://www.securityfocus.com/bid/94191"
    }
  ],
  "database_specific": {
    "cwe_ids": [
      "CWE-434"
    ],
    "severity": "HIGH",
    "github_reviewed": true,
    "github_reviewed_at": "2024-04-23T23:36:24Z",
    "nvd_published_at": "2016-11-04T10:59:00Z"
  }
}