{
  "schema_version": "1.4.0",
  "id": "GHSA-c3rp-4cjh-cp38",
  "modified": "2024-02-12T17:57:56Z",
  "published": "2022-04-30T18:18:41Z",
  "aliases": [
    "CVE-2002-0170"
  ],
  "summary": "Zope does not properly verify the access for objects with proxy roles",
  "details": "Zope 2.2.0 through 2.5.1 does not properly verify the access for objects with proxy roles, which could allow some users to access documents in violation of the intended configuration.",
  "severity": [],
  "affected": [
    {
      "package": {
        "ecosystem": "PyPI",
        "name": "zope"
      },
      "ranges": [
        {
          "type": "ECOSYSTEM",
          "events": [
            {
              "introduced": "2.2.0"
            },
            {
              "fixed": "2.4.4"
            }
          ]
        }
      ]
    },
    {
      "package": {
        "ecosystem": "PyPI",
        "name": "zope"
      },
      "ranges": [
        {
          "type": "ECOSYSTEM",
          "events": [
            {
              "introduced": "2.5.0"
            },
            {
              "fixed": "2.5.1"
            }
          ]
        }
      ]
    }
  ],
  "references": [
    {
      "type": "ADVISORY",
      "url": "https://nvd.nist.gov/vuln/detail/CVE-2002-0170"
    },
    {
      "type": "PACKAGE",
      "url": "https://github.com/zopefoundation/Zope"
    },
    {
      "type": "WEB",
      "url": "https://launchpad.net/zope2/+milestone/2.4.4"
    },
    {
      "type": "WEB",
      "url": "https://launchpad.net/zope2/+milestone/2.5.1"
    },
    {
      "type": "WEB",
      "url": "https://web.archive.org/web/20021120034302/http://online.securityfocus.com/bid/4229"
    },
    {
      "type": "WEB",
      "url": "https://web.archive.org/web/20070914020022/http://xforce.iss.net/xforce/xfdb/8334"
    },
    {
      "type": "WEB",
      "url": "http://marc.info/?l=bugtraq&m=101503023511996&w=2"
    },
    {
      "type": "WEB",
      "url": "http://www.redhat.com/support/errata/RHSA-2002-060.html"
    }
  ],
  "database_specific": {
    "cwe_ids": [
      "CWE-284"
    ],
    "severity": "HIGH",
    "github_reviewed": true,
    "github_reviewed_at": "2024-02-12T17:57:56Z",
    "nvd_published_at": "2002-04-22T04:00:00Z"
  }
}