{
  "schema_version": "1.4.0",
  "id": "GHSA-p4c9-x742-qh8c",
  "modified": "2025-01-03T19:40:48Z",
  "published": "2023-06-14T15:30:38Z",
  "aliases": [
    "CVE-2023-34616"
  ],
  "summary": "pbjson vulnerable to stack exhaustion",
  "details": "An issue was discovered pbjson through 0.4.0 allows attackers to cause a denial of service or other unspecified impacts via a crafted object that uses cyclic dependencies.",
  "severity": [
    {
      "type": "CVSS_V3",
      "score": "CVSS:3.1/AV:N/AC:L/PR:N/UI:N/S:U/C:N/I:N/A:H"
    }
  ],
  "affected": [
    {
      "package": {
        "ecosystem": "Maven",
        "name": "com.progsbase.libraries:JSON"
      },
      "ranges": [
        {
          "type": "ECOSYSTEM",
          "events": [
            {
              "introduced": "0"
            },
            {
              "last_affected": "0.4.0"
            }
          ]
        }
      ]
    }
  ],
  "references": [
    {
      "type": "ADVISORY",
      "url": "https://nvd.nist.gov/vuln/detail/CVE-2023-34616"
    },
    {
      "type": "WEB",
      "url": "https://github.com/InductiveComputerScience/pbJson/issues/2"
    },
    {
      "type": "PACKAGE",
      "url": "https://github.com/InductiveComputerScience/pbJson"
    }
  ],
  "database_specific": {
    "cwe_ids": [
      "CWE-400",
      "CWE-787"
    ],
    "severity": "HIGH",
    "github_reviewed": true,
    "github_reviewed_at": "2023-06-14T20:47:57Z",
    "nvd_published_at": "2023-06-14T14:15:10Z"
  }
}