{
  "schema_version": "1.4.0",
  "id": "GHSA-2hw6-4rv9-82fp",
  "modified": "2025-02-13T18:50:46Z",
  "published": "2023-04-05T00:30:39Z",
  "aliases": [
    "CVE-2023-0265"
  ],
  "summary": "Uvdesk remote code execution vulnerability",
  "details": "Uvdesk version 1.1.1 allows an authenticated remote attacker to execute commands on the server. This is possible because the application does not properly validate profile pictures uploaded by customers.",
  "severity": [
    {
      "type": "CVSS_V3",
      "score": "CVSS:3.1/AV:N/AC:L/PR:L/UI:N/S:U/C:H/I:H/A:H"
    }
  ],
  "affected": [
    {
      "package": {
        "ecosystem": "Packagist",
        "name": "uvdesk/community-skeleton"
      },
      "ranges": [
        {
          "type": "ECOSYSTEM",
          "events": [
            {
              "introduced": "0"
            },
            {
              "last_affected": "1.1.1"
            }
          ]
        }
      ]
    }
  ],
  "references": [
    {
      "type": "ADVISORY",
      "url": "https://nvd.nist.gov/vuln/detail/CVE-2023-0265"
    },
    {
      "type": "WEB",
      "url": "https://fluidattacks.com/advisories/supply"
    },
    {
      "type": "PACKAGE",
      "url": "https://github.com/uvdesk/community-skeleton"
    }
  ],
  "database_specific": {
    "cwe_ids": [
      "CWE-434"
    ],
    "severity": "HIGH",
    "github_reviewed": true,
    "github_reviewed_at": "2023-04-11T21:58:45Z",
    "nvd_published_at": "2023-04-04T22:15:00Z"
  }
}