{
  "schema_version": "1.4.0",
  "id": "GHSA-wh3w-jcc7-mhmf",
  "modified": "2024-10-21T20:10:13Z",
  "published": "2023-04-20T21:33:27Z",
  "aliases": [
    "CVE-2023-28459"
  ],
  "summary": "pretalx vulnerable to path traversal in HTML export",
  "details": "pretalx before 2.3.2 allows path traversal in HTML export (a non-default feature). Users were able to upload crafted HTML documents that trigger the reading of arbitrary files.",
  "severity": [
    {
      "type": "CVSS_V3",
      "score": "CVSS:3.1/AV:N/AC:L/PR:L/UI:N/S:U/C:H/I:N/A:N"
    },
    {
      "type": "CVSS_V4",
      "score": "CVSS:4.0/AV:N/AC:L/AT:N/PR:L/UI:N/VC:H/VI:N/VA:N/SC:N/SI:N/SA:N"
    }
  ],
  "affected": [
    {
      "package": {
        "ecosystem": "PyPI",
        "name": "pretalx"
      },
      "ranges": [
        {
          "type": "ECOSYSTEM",
          "events": [
            {
              "introduced": "0"
            },
            {
              "fixed": "2.3.2"
            }
          ]
        }
      ]
    }
  ],
  "references": [
    {
      "type": "ADVISORY",
      "url": "https://nvd.nist.gov/vuln/detail/CVE-2023-28459"
    },
    {
      "type": "WEB",
      "url": "https://github.com/pretalx/pretalx/commit/60722c43cf975f319e94102e6bff320723776890"
    },
    {
      "type": "PACKAGE",
      "url": "https://github.com/pretalx/pretalx"
    },
    {
      "type": "WEB",
      "url": "https://github.com/pretalx/pretalx/releases/tag/v2.3.2"
    },
    {
      "type": "WEB",
      "url": "https://github.com/pypa/advisory-database/tree/main/vulns/pretalx/PYSEC-2023-41.yaml"
    },
    {
      "type": "WEB",
      "url": "https://pretalx.com/p/news/security-release-232"
    },
    {
      "type": "WEB",
      "url": "https://www.sonarsource.com/blog/pretalx-vulnerabilities-how-to-get-accepted-at-every-conference"
    }
  ],
  "database_specific": {
    "cwe_ids": [
      "CWE-22"
    ],
    "severity": "HIGH",
    "github_reviewed": true,
    "github_reviewed_at": "2023-04-24T20:16:25Z",
    "nvd_published_at": "2023-04-20T21:15:08Z"
  }
}