{
  "schema_version": "1.4.0",
  "id": "GHSA-58m3-rcvp-f9ww",
  "modified": "2024-06-28T21:09:00Z",
  "published": "2024-06-27T21:32:08Z",
  "aliases": [
    "CVE-2024-5979"
  ],
  "summary": "h2o vulnerable to unexpected POST request shutting down server",
  "details": "In h2oai/h2o-3 version 3.46.0, the `run_tool` command in the `rapids` component allows the `main` function of any class under the `water.tools` namespace to be called. One such class, `MojoConvertTool`, crashes the server when invoked with an invalid argument, causing a denial of service.",
  "severity": [
    {
      "type": "CVSS_V3",
      "score": "CVSS:3.0/AV:N/AC:L/PR:N/UI:N/S:U/C:N/I:N/A:H"
    }
  ],
  "affected": [
    {
      "package": {
        "ecosystem": "PyPI",
        "name": "h2o"
      },
      "ranges": [
        {
          "type": "ECOSYSTEM",
          "events": [
            {
              "introduced": "0"
            },
            {
              "last_affected": "3.46.0"
            }
          ]
        }
      ]
    }
  ],
  "references": [
    {
      "type": "ADVISORY",
      "url": "https://nvd.nist.gov/vuln/detail/CVE-2024-5979"
    },
    {
      "type": "PACKAGE",
      "url": "https://github.com/h2oai/h2o-3"
    },
    {
      "type": "WEB",
      "url": "https://huntr.com/bounties/d80a2139-fc03-44b7-b739-de41e323b458"
    }
  ],
  "database_specific": {
    "cwe_ids": [
      "CWE-400"
    ],
    "severity": "HIGH",
    "github_reviewed": true,
    "github_reviewed_at": "2024-06-28T21:09:00Z",
    "nvd_published_at": "2024-06-27T19:15:18Z"
  }
}