{
  "schema_version": "1.4.0",
  "id": "GHSA-f3hw-3h74-wr98",
  "modified": "2022-11-29T17:53:46Z",
  "published": "2022-11-20T06:30:16Z",
  "aliases": [
    "CVE-2022-4068"
  ],
  "summary": "Cross-site Scripting in librenms/librenms",
  "details": "A user is able to enable their own account if it was disabled by an admin while the user still holds a valid session. Moreover, the username is not properly sanitized in the admin user overview. This enables an XSS attack that enables an attacker with a low privilege user to execute arbitrary JavaScript in the context of an admin's account.",
  "severity": [
    {
      "type": "CVSS_V3",
      "score": "CVSS:3.0/AV:N/AC:L/PR:L/UI:R/S:U/C:H/I:H/A:L"
    }
  ],
  "affected": [
    {
      "package": {
        "ecosystem": "Packagist",
        "name": "librenms/librenms"
      },
      "ranges": [
        {
          "type": "ECOSYSTEM",
          "events": [
            {
              "introduced": "0"
            },
            {
              "fixed": "22.10.0"
            }
          ]
        }
      ]
    }
  ],
  "references": [
    {
      "type": "ADVISORY",
      "url": "https://nvd.nist.gov/vuln/detail/CVE-2022-4068"
    },
    {
      "type": "WEB",
      "url": "https://github.com/librenms/librenms/commit/09a2977adb8bc4b1db116c725d661160c930d3a1"
    },
    {
      "type": "PACKAGE",
      "url": "https://github.com/librenms/librenms"
    },
    {
      "type": "WEB",
      "url": "https://huntr.dev/bounties/becfecc4-22a6-4f94-bf83-d6030b625fdc"
    }
  ],
  "database_specific": {
    "cwe_ids": [
      "CWE-79"
    ],
    "severity": "HIGH",
    "github_reviewed": true,
    "github_reviewed_at": "2022-11-21T23:56:23Z",
    "nvd_published_at": "2022-11-20T05:15:00Z"
  }
}