{
  "schema_version": "1.4.0",
  "id": "GHSA-jpxc-vmjf-9fcj",
  "modified": "2025-02-24T15:15:37Z",
  "published": "2024-09-16T14:37:26Z",
  "aliases": [
    "CVE-2024-8775"
  ],
  "summary": "Ansible vulnerable to Insertion of Sensitive Information into Log File",
  "details": "A flaw was found in Ansible, where sensitive information stored in Ansible Vault files can be exposed in plaintext during the execution of a playbook. This occurs when using tasks such as include_vars to load vaulted variables without setting the no_log: true parameter, resulting in sensitive data being printed in the playbook output or logs. This can lead to the unintentional disclosure of secrets like passwords or API keys, compromising security and potentially allowing unauthorized access or actions.",
  "severity": [
    {
      "type": "CVSS_V3",
      "score": "CVSS:3.1/AV:L/AC:L/PR:L/UI:N/S:U/C:H/I:N/A:N"
    },
    {
      "type": "CVSS_V4",
      "score": "CVSS:4.0/AV:N/AC:L/AT:N/PR:L/UI:N/VC:H/VI:N/VA:N/SC:N/SI:N/SA:N"
    }
  ],
  "affected": [
    {
      "package": {
        "ecosystem": "PyPI",
        "name": "ansible-core"
      },
      "ranges": [
        {
          "type": "ECOSYSTEM",
          "events": [
            {
              "introduced": "2.17.0b1"
            },
            {
              "fixed": "2.17.6"
            }
          ]
        }
      ]
    },
    {
      "package": {
        "ecosystem": "PyPI",
        "name": "ansible-core"
      },
      "ranges": [
        {
          "type": "ECOSYSTEM",
          "events": [
            {
              "introduced": "0"
            },
            {
              "fixed": "2.16.13"
            }
          ]
        }
      ]
    }
  ],
  "references": [
    {
      "type": "ADVISORY",
      "url": "https://nvd.nist.gov/vuln/detail/CVE-2024-8775"
    },
    {
      "type": "WEB",
      "url": "https://github.com/ansible/ansible/commit/8a87e1c5d37422bc99d27ad4237d185cc233e035"
    },
    {
      "type": "WEB",
      "url": "https://access.redhat.com/errata/RHSA-2024:10762"
    },
    {
      "type": "WEB",
      "url": "https://access.redhat.com/errata/RHSA-2024:8969"
    },
    {
      "type": "WEB",
      "url": "https://access.redhat.com/errata/RHSA-2024:9894"
    },
    {
      "type": "WEB",
      "url": "https://access.redhat.com/errata/RHSA-2025:1249"
    },
    {
      "type": "WEB",
      "url": "https://access.redhat.com/security/cve/CVE-2024-8775"
    },
    {
      "type": "WEB",
      "url": "https://bugzilla.redhat.com/show_bug.cgi?id=2312119"
    },
    {
      "type": "ADVISORY",
      "url": "https://github.com/advisories/GHSA-jpxc-vmjf-9fcj"
    },
    {
      "type": "PACKAGE",
      "url": "https://github.com/ansible/ansible"
    },
    {
      "type": "WEB",
      "url": "https://github.com/ansible/ansible/blob/v2.16.13/changelogs/CHANGELOG-v2.16.rst#security-fixes"
    },
    {
      "type": "WEB",
      "url": "https://github.com/ansible/ansible/blob/v2.17.6/changelogs/CHANGELOG-v2.17.rst#security-fixes"
    }
  ],
  "database_specific": {
    "cwe_ids": [
      "CWE-532"
    ],
    "severity": "HIGH",
    "github_reviewed": true,
    "github_reviewed_at": "2024-09-16T22:49:05Z",
    "nvd_published_at": "2024-09-14T03:15:08Z"
  }
}