{
  "schema_version": "1.4.0",
  "id": "GHSA-2xvx-368h-qcmv",
  "modified": "2023-07-31T22:02:15Z",
  "published": "2023-07-31T03:30:23Z",
  "aliases": [
    "CVE-2023-4006"
  ],
  "summary": "phpMyFAQ Improper Neutralization of Formula Elements in a CSV File vulnerability",
  "details": "Improper Neutralization of Formula Elements in a CSV File in GitHub repository thorsten/phpmyfaq prior to 3.1.16.",
  "severity": [
    {
      "type": "CVSS_V3",
      "score": "CVSS:3.0/AV:N/AC:L/PR:L/UI:N/S:U/C:H/I:H/A:H"
    }
  ],
  "affected": [
    {
      "package": {
        "ecosystem": "Packagist",
        "name": "thorsten/phpmyfaq"
      },
      "ranges": [
        {
          "type": "ECOSYSTEM",
          "events": [
            {
              "introduced": "0"
            },
            {
              "fixed": "3.1.16"
            }
          ]
        }
      ]
    }
  ],
  "references": [
    {
      "type": "ADVISORY",
      "url": "https://nvd.nist.gov/vuln/detail/CVE-2023-4006"
    },
    {
      "type": "WEB",
      "url": "https://github.com/thorsten/phpmyfaq/commit/03946eca488724251eaed8d9d36fed92e6d8fd22"
    },
    {
      "type": "PACKAGE",
      "url": "https://github.com/thorsten/phpmyfaq"
    },
    {
      "type": "WEB",
      "url": "https://huntr.dev/bounties/36149a42-cbd5-445e-a371-e351c899b189"
    }
  ],
  "database_specific": {
    "cwe_ids": [
      "CWE-1236"
    ],
    "severity": "HIGH",
    "github_reviewed": true,
    "github_reviewed_at": "2023-07-31T22:02:15Z",
    "nvd_published_at": "2023-07-31T01:15:09Z"
  }
}