{
  "schema_version": "1.4.0",
  "id": "GHSA-93vr-9q9m-pj8p",
  "modified": "2023-03-27T21:26:44Z",
  "published": "2023-03-24T21:58:53Z",
  "aliases": [
    "CVE-2023-25659"
  ],
  "summary": "TensorFlow vulnerable to Out-of-Bounds Read in DynamicStitch",
  "details": "### Impact\nIf the parameter `indices` for `DynamicStitch` does not match the shape of the parameter `data`, it can trigger an stack OOB read.\n\n```python\nimport tensorflow as tf\nfunc = tf.raw_ops.DynamicStitch\npara={'indices': [[0xdeadbeef], [405], [519], [758], [1015]], 'data': [[110.27793884277344], [120.29475402832031], [157.2418212890625], [157.2626953125], [188.45382690429688]]}\ny = func(**para)\n```\n\n### Patches\nWe have patched the issue in GitHub commit [ee004b18b976eeb5a758020af8880236cd707d05](https://github.com/tensorflow/tensorflow/commit/ee004b18b976eeb5a758020af8880236cd707d05).\n\nThe fix will be included in TensorFlow 2.12. We will also cherrypick this commit on TensorFlow 2.11.1.\n\n\n### For more information\nPlease consult [our security guide](https://github.com/tensorflow/tensorflow/blob/master/SECURITY.md) for more information regarding the security model and how to contact us with issues and questions.\n\n\n### Attribution\nThis has been reported via Google OSS VRP.",
  "severity": [
    {
      "type": "CVSS_V3",
      "score": "CVSS:3.1/AV:N/AC:L/PR:N/UI:N/S:U/C:N/I:N/A:H"
    }
  ],
  "affected": [
    {
      "package": {
        "ecosystem": "PyPI",
        "name": "tensorflow"
      },
      "ranges": [
        {
          "type": "ECOSYSTEM",
          "events": [
            {
              "introduced": "0"
            },
            {
              "fixed": "2.11.1"
            }
          ]
        }
      ]
    },
    {
      "package": {
        "ecosystem": "PyPI",
        "name": "tensorflow-cpu"
      },
      "ranges": [
        {
          "type": "ECOSYSTEM",
          "events": [
            {
              "introduced": "0"
            },
            {
              "fixed": "2.11.1"
            }
          ]
        }
      ]
    },
    {
      "package": {
        "ecosystem": "PyPI",
        "name": "tensorflow-gpu"
      },
      "ranges": [
        {
          "type": "ECOSYSTEM",
          "events": [
            {
              "introduced": "0"
            },
            {
              "fixed": "2.11.1"
            }
          ]
        }
      ]
    }
  ],
  "references": [
    {
      "type": "WEB",
      "url": "https://github.com/tensorflow/tensorflow/security/advisories/GHSA-93vr-9q9m-pj8p"
    },
    {
      "type": "ADVISORY",
      "url": "https://nvd.nist.gov/vuln/detail/CVE-2023-25659"
    },
    {
      "type": "WEB",
      "url": "https://github.com/tensorflow/tensorflow/commit/ee004b18b976eeb5a758020af8880236cd707d05"
    },
    {
      "type": "PACKAGE",
      "url": "https://github.com/tensorflow/tensorflow"
    }
  ],
  "database_specific": {
    "cwe_ids": [
      "CWE-125"
    ],
    "severity": "HIGH",
    "github_reviewed": true,
    "github_reviewed_at": "2023-03-24T21:58:53Z",
    "nvd_published_at": "2023-03-25T00:15:00Z"
  }
}