{
  "schema_version": "1.4.0",
  "id": "GHSA-xx4r-5265-48j6",
  "modified": "2024-05-27T21:53:33Z",
  "published": "2024-05-27T21:53:32Z",
  "aliases": [],
  "summary": "silverstripe/framework SQL injection in full text search ",
  "details": "When performing a fulltext search in SilverStripe 4.0.0 the 'start' querystring parameter is never escaped safely. This exposes a possible SQL injection vulnerability.\n\nThe issue exists in 3.5 and 3.6 but is less vulnerable, as SearchForm sanitises these variables prior to passing to mysql.",
  "severity": [
    {
      "type": "CVSS_V3",
      "score": "CVSS:3.1/AV:N/AC:L/PR:L/UI:N/S:U/C:H/I:H/A:H"
    }
  ],
  "affected": [
    {
      "package": {
        "ecosystem": "Packagist",
        "name": "silverstripe/framework"
      },
      "ranges": [
        {
          "type": "ECOSYSTEM",
          "events": [
            {
              "introduced": "3.5.0-rc1"
            },
            {
              "fixed": "3.5.6"
            }
          ]
        }
      ]
    },
    {
      "package": {
        "ecosystem": "Packagist",
        "name": "silverstripe/framework"
      },
      "ranges": [
        {
          "type": "ECOSYSTEM",
          "events": [
            {
              "introduced": "3.6.0-rc1"
            },
            {
              "fixed": "3.6.3"
            }
          ]
        }
      ]
    },
    {
      "package": {
        "ecosystem": "Packagist",
        "name": "silverstripe/framework"
      },
      "ranges": [
        {
          "type": "ECOSYSTEM",
          "events": [
            {
              "introduced": "4.0.0-rc1"
            },
            {
              "fixed": "4.0.1"
            }
          ]
        }
      ]
    }
  ],
  "references": [
    {
      "type": "WEB",
      "url": "https://github.com/silverstripe/silverstripe-framework/commit/099a5a3c2d99ed39bdd8815e1e2790bb9351770b"
    },
    {
      "type": "WEB",
      "url": "https://github.com/silverstripe/silverstripe-framework/commit/a8465900bdc77199176c953890ce7587045b1ea4"
    },
    {
      "type": "WEB",
      "url": "https://github.com/FriendsOfPHP/security-advisories/blob/master/silverstripe/framework/SS-2017-008-1.yaml"
    },
    {
      "type": "PACKAGE",
      "url": "https://github.com/silverstripe/silverstripe-framework"
    },
    {
      "type": "WEB",
      "url": "https://www.silverstripe.org/download/security-releases/ss-2017-008"
    }
  ],
  "database_specific": {
    "cwe_ids": [
      "CWE-89"
    ],
    "severity": "HIGH",
    "github_reviewed": true,
    "github_reviewed_at": "2024-05-27T21:53:32Z",
    "nvd_published_at": null
  }
}