{
  "schema_version": "1.4.0",
  "id": "GHSA-26rr-v2j2-25fh",
  "modified": "2021-08-30T16:42:41Z",
  "published": "2021-08-30T17:20:52Z",
  "aliases": [
    "CVE-2021-32758"
  ],
  "summary": "Layout XML Arbitrary Code Fix ",
  "details": "### Impact\nLayout XML enabled admin users to execute arbitrary commands via block methods.",
  "severity": [],
  "affected": [
    {
      "package": {
        "ecosystem": "Packagist",
        "name": "openmage/magento-lts"
      },
      "ranges": [
        {
          "type": "ECOSYSTEM",
          "events": [
            {
              "introduced": "0"
            },
            {
              "fixed": "19.4.15"
            }
          ]
        }
      ]
    },
    {
      "package": {
        "ecosystem": "Packagist",
        "name": "openmage/magento-lts"
      },
      "ranges": [
        {
          "type": "ECOSYSTEM",
          "events": [
            {
              "introduced": "20.0.0"
            },
            {
              "fixed": "20.0.13"
            }
          ]
        }
      ]
    }
  ],
  "references": [
    {
      "type": "WEB",
      "url": "https://github.com/OpenMage/magento-lts/security/advisories/GHSA-26rr-v2j2-25fh"
    },
    {
      "type": "ADVISORY",
      "url": "https://nvd.nist.gov/vuln/detail/CVE-2021-32758"
    },
    {
      "type": "WEB",
      "url": "https://github.com/OpenMage/magento-lts/commit/b99307d00b59c4a226a1e3e4083f02cf2fc8fce7"
    },
    {
      "type": "WEB",
      "url": "https://github.com/OpenMage/magento-lts/releases/tag/v19.4.15"
    },
    {
      "type": "WEB",
      "url": "https://github.com/OpenMage/magento-lts/releases/tag/v20.0.13"
    }
  ],
  "database_specific": {
    "cwe_ids": [
      "CWE-91"
    ],
    "severity": "HIGH",
    "github_reviewed": true,
    "github_reviewed_at": "2021-08-30T16:42:41Z",
    "nvd_published_at": "2021-08-27T18:15:00Z"
  }
}