{
  "schema_version": "1.4.0",
  "id": "GHSA-rpx8-fg6w-rm6x",
  "modified": "2024-07-19T19:59:18Z",
  "published": "2024-06-06T21:30:37Z",
  "aliases": [
    "CVE-2024-5478"
  ],
  "summary": "lunary-ai/lunary XSS in SAML metadata endpoint",
  "details": "A Cross-site Scripting (XSS) vulnerability exists in the SAML metadata endpoint `/auth/saml/${org?.id}/metadata` of lunary-ai/lunary version 1.2.7. The vulnerability arises due to the application's failure to escape or validate the `orgId` parameter supplied by the user before incorporating it into the generated response. Specifically, the endpoint generates XML responses for SAML metadata, where the `orgId` parameter is directly embedded into the XML structure without proper sanitization or validation. This flaw allows an attacker to inject arbitrary JavaScript code into the generated SAML metadata page, leading to potential theft of user cookies or authentication tokens.",
  "severity": [
    {
      "type": "CVSS_V3",
      "score": "CVSS:3.0/AV:N/AC:L/PR:N/UI:R/S:C/C:H/I:N/A:N"
    }
  ],
  "affected": [
    {
      "package": {
        "ecosystem": "npm",
        "name": "lunary"
      },
      "ranges": [
        {
          "type": "ECOSYSTEM",
          "events": [
            {
              "introduced": "0"
            },
            {
              "last_affected": "1.2.7"
            }
          ]
        }
      ]
    }
  ],
  "references": [
    {
      "type": "ADVISORY",
      "url": "https://nvd.nist.gov/vuln/detail/CVE-2024-5478"
    },
    {
      "type": "PACKAGE",
      "url": "https://github.com/lunary-ai/lunary"
    },
    {
      "type": "WEB",
      "url": "https://github.com/lunary-ai/lunary/blob/main/packages/backend/src/api/v1/auth/saml.ts#L34"
    },
    {
      "type": "WEB",
      "url": "https://huntr.com/bounties/e899f496-d493-4c06-b596-cb0a88ad451b"
    }
  ],
  "database_specific": {
    "cwe_ids": [
      "CWE-79"
    ],
    "severity": "HIGH",
    "github_reviewed": true,
    "github_reviewed_at": "2024-07-19T19:59:18Z",
    "nvd_published_at": "2024-06-06T19:16:08Z"
  }
}