{
  "schema_version": "1.4.0",
  "id": "GHSA-f3r3-h2mq-hx2h",
  "modified": "2024-12-03T18:42:48Z",
  "published": "2024-12-03T18:42:48Z",
  "aliases": [
    "CVE-2024-52815"
  ],
  "summary": "Synapse allows a a malformed invite to break the invitee's `/sync`",
  "details": "### Impact\n\nSynapse versions before 1.120.1 fail to properly validate invites received over federation. This vulnerability allows a malicious server to send a specially crafted invite that disrupts the invited user's `/sync` functionality.\n\n### Patches\n\nSynapse 1.120.1 rejects such invalid invites received over federation and restores the ability to sync for affected users.\n\n### Workarounds\n\nServer administrators can disable federation from untrusted servers.\n\n### For more information\n\nIf you have any questions or comments about this advisory, please email us at [security at element.io](mailto:security@element.io).\n",
  "severity": [
    {
      "type": "CVSS_V4",
      "score": "CVSS:4.0/AV:N/AC:L/AT:N/PR:N/UI:N/VC:N/VI:N/VA:H/SC:N/SI:N/SA:N"
    }
  ],
  "affected": [
    {
      "package": {
        "ecosystem": "PyPI",
        "name": "matrix-synapse"
      },
      "ranges": [
        {
          "type": "ECOSYSTEM",
          "events": [
            {
              "introduced": "0"
            },
            {
              "fixed": "1.120.1"
            }
          ]
        }
      ]
    }
  ],
  "references": [
    {
      "type": "WEB",
      "url": "https://github.com/element-hq/synapse/security/advisories/GHSA-f3r3-h2mq-hx2h"
    },
    {
      "type": "ADVISORY",
      "url": "https://nvd.nist.gov/vuln/detail/CVE-2024-52815"
    },
    {
      "type": "PACKAGE",
      "url": "https://github.com/element-hq/synapse"
    }
  ],
  "database_specific": {
    "cwe_ids": [
      "CWE-20"
    ],
    "severity": "HIGH",
    "github_reviewed": true,
    "github_reviewed_at": "2024-12-03T18:42:48Z",
    "nvd_published_at": "2024-12-03T17:15:12Z"
  }
}