{
  "schema_version": "1.4.0",
  "id": "GHSA-qgrq-cx4c-2rmm",
  "modified": "2022-06-24T01:24:56Z",
  "published": "2022-02-15T01:39:27Z",
  "aliases": [
    "CVE-2020-1748"
  ],
  "summary": "Incorrect Authorization in WildFly Elytron",
  "details": "A flaw was found in all supported versions before wildfly-elytron-1.6.8.Final-redhat-00001, where the WildFlySecurityManager checks were bypassed when using custom security managers, resulting in an improper authorization. This flaw leads to information exposure by unauthenticated access to secure resources.",
  "severity": [
    {
      "type": "CVSS_V3",
      "score": "CVSS:3.1/AV:N/AC:L/PR:N/UI:N/S:U/C:H/I:N/A:N"
    }
  ],
  "affected": [
    {
      "package": {
        "ecosystem": "Maven",
        "name": "org.wildfly.security:wildfly-elytron"
      },
      "ranges": [
        {
          "type": "ECOSYSTEM",
          "events": [
            {
              "introduced": "0"
            },
            {
              "fixed": "1.6.8"
            }
          ]
        }
      ],
      "database_specific": {
        "last_known_affected_version_range": "<= 1.6.7"
      }
    }
  ],
  "references": [
    {
      "type": "ADVISORY",
      "url": "https://nvd.nist.gov/vuln/detail/CVE-2020-1748"
    },
    {
      "type": "WEB",
      "url": "https://bugzilla.redhat.com/show_bug.cgi?id=1807707"
    },
    {
      "type": "WEB",
      "url": "https://security.netapp.com/advisory/ntap-20201001-0005"
    }
  ],
  "database_specific": {
    "cwe_ids": [
      "CWE-863"
    ],
    "severity": "HIGH",
    "github_reviewed": true,
    "github_reviewed_at": "2022-06-24T01:24:56Z",
    "nvd_published_at": "2020-09-16T16:15:00Z"
  }
}