{
  "schema_version": "1.4.0",
  "id": "GHSA-vj9x-w7ch-f46p",
  "modified": "2022-01-19T14:22:43Z",
  "published": "2022-01-21T23:50:08Z",
  "aliases": [
    "CVE-2022-0258"
  ],
  "summary": "pimcore is vulnerable to SQL Injection",
  "details": "pimcore is vulnerable to Improper Neutralization of Special Elements used in an SQL Command",
  "severity": [
    {
      "type": "CVSS_V3",
      "score": "CVSS:3.0/AV:N/AC:L/PR:L/UI:N/S:U/C:H/I:H/A:L"
    }
  ],
  "affected": [
    {
      "package": {
        "ecosystem": "Packagist",
        "name": "pimcore/pimcore"
      },
      "ranges": [
        {
          "type": "ECOSYSTEM",
          "events": [
            {
              "introduced": "0"
            },
            {
              "fixed": "10.2.9"
            }
          ]
        }
      ]
    }
  ],
  "references": [
    {
      "type": "ADVISORY",
      "url": "https://nvd.nist.gov/vuln/detail/CVE-2022-0258"
    },
    {
      "type": "WEB",
      "url": "https://github.com/pimcore/pimcore/commit/66281c12479dc01a06258d8533eaddfb1770d5bd"
    },
    {
      "type": "PACKAGE",
      "url": "https://github.com/pimcore/pimcore"
    },
    {
      "type": "WEB",
      "url": "https://huntr.dev/bounties/0df891e4-6412-4d9a-a9b7-d9df50311802"
    }
  ],
  "database_specific": {
    "cwe_ids": [
      "CWE-89"
    ],
    "severity": "HIGH",
    "github_reviewed": true,
    "github_reviewed_at": "2022-01-19T14:22:43Z",
    "nvd_published_at": "2022-01-17T16:15:00Z"
  }
}