{
  "schema_version": "1.4.0",
  "id": "GHSA-w86j-99wg-r29f",
  "modified": "2024-01-09T21:28:41Z",
  "published": "2022-05-14T02:57:12Z",
  "aliases": [
    "CVE-2018-1999025"
  ],
  "summary": "Jenkins TraceTronic ECU-TEST Plugin Man in the middle vulnerability",
  "details": "A man in the middle vulnerability exists in Jenkins TraceTronic ECU-TEST Plugin 2.3 and earlier in ATXPublisher.java, ATXValidator.java that allows attackers to impersonate any service that Jenkins connects to.",
  "severity": [
    {
      "type": "CVSS_V3",
      "score": "CVSS:3.0/AV:N/AC:H/PR:N/UI:N/S:U/C:H/I:H/A:N"
    }
  ],
  "affected": [
    {
      "package": {
        "ecosystem": "Maven",
        "name": "de.tracetronic.jenkins.plugins:ecutest"
      },
      "ranges": [
        {
          "type": "ECOSYSTEM",
          "events": [
            {
              "introduced": "0"
            },
            {
              "fixed": "2.4"
            }
          ]
        }
      ],
      "database_specific": {
        "last_known_affected_version_range": "<= 2.3"
      }
    }
  ],
  "references": [
    {
      "type": "ADVISORY",
      "url": "https://nvd.nist.gov/vuln/detail/CVE-2018-1999025"
    },
    {
      "type": "WEB",
      "url": "https://github.com/jenkinsci/ecutest-plugin/commit/d2b730c0e1c986d53d8d48c0cd5bb9a3b205a2bb"
    },
    {
      "type": "PACKAGE",
      "url": "https://github.com/jenkinsci/ecutest-plugin"
    },
    {
      "type": "WEB",
      "url": "https://jenkins.io/security/advisory/2018-07-30/#SECURITY-932"
    }
  ],
  "database_specific": {
    "cwe_ids": [
      "CWE-295"
    ],
    "severity": "HIGH",
    "github_reviewed": true,
    "github_reviewed_at": "2024-01-09T21:28:41Z",
    "nvd_published_at": "2018-08-01T13:29:00Z"
  }
}