{
  "schema_version": "1.4.0",
  "id": "GHSA-g2m8-f3x2-qprw",
  "modified": "2024-09-23T19:11:59Z",
  "published": "2024-09-12T15:33:00Z",
  "aliases": [
    "CVE-2024-27320"
  ],
  "summary": "Refuel Autolab Eval Injection vulnerability",
  "details": "An arbitrary code execution vulnerability exists in versions 0.0.8 and newer of the Refuel Autolabel library because of the way its classification tasks handle provided CSV files. If a victim user creates a classification task using a maliciously crafted CSV file containing Python code, the code will be passed to an eval function which executes it.",
  "severity": [
    {
      "type": "CVSS_V3",
      "score": "CVSS:3.1/AV:L/AC:L/PR:N/UI:R/S:U/C:H/I:H/A:H"
    },
    {
      "type": "CVSS_V4",
      "score": "CVSS:4.0/AV:N/AC:L/AT:N/PR:L/UI:P/VC:H/VI:H/VA:H/SC:N/SI:N/SA:N"
    }
  ],
  "affected": [
    {
      "package": {
        "ecosystem": "PyPI",
        "name": "refuel-autolabel"
      },
      "ranges": [
        {
          "type": "ECOSYSTEM",
          "events": [
            {
              "introduced": "0.0.8"
            },
            {
              "last_affected": "0.0.16"
            }
          ]
        }
      ]
    }
  ],
  "references": [
    {
      "type": "ADVISORY",
      "url": "https://nvd.nist.gov/vuln/detail/CVE-2024-27320"
    },
    {
      "type": "PACKAGE",
      "url": "https://github.com/refuel-ai/autolabel"
    },
    {
      "type": "WEB",
      "url": "https://github.com/refuel-ai/autolabel/blob/v0.0.16/src/autolabel/dataset/validation.py#L57-L79"
    },
    {
      "type": "WEB",
      "url": "https://hiddenlayer.com/sai-security-advisory/2024-09-autolabel"
    }
  ],
  "database_specific": {
    "cwe_ids": [
      "CWE-1236",
      "CWE-95"
    ],
    "severity": "HIGH",
    "github_reviewed": true,
    "github_reviewed_at": "2024-09-12T19:49:53Z",
    "nvd_published_at": "2024-09-12T13:15:11Z"
  }
}