{
  "schema_version": "1.4.0",
  "id": "GHSA-qghr-877h-f9jh",
  "modified": "2025-02-13T18:51:56Z",
  "published": "2023-04-05T00:30:38Z",
  "aliases": [
    "CVE-2023-0835"
  ],
  "summary": "markdown-pdf vulnerable to local file read via server side cross-site scripting (XSS)",
  "details": "markdown-pdf version 11.0.0 allows an external attacker to remotely obtain arbitrary local files. This is possible because the application does not validate the Markdown content entered by the user.",
  "severity": [
    {
      "type": "CVSS_V3",
      "score": "CVSS:3.1/AV:N/AC:L/PR:N/UI:N/S:U/C:H/I:N/A:N"
    }
  ],
  "affected": [
    {
      "package": {
        "ecosystem": "npm",
        "name": "markdown-pdf"
      },
      "ranges": [
        {
          "type": "ECOSYSTEM",
          "events": [
            {
              "introduced": "0"
            },
            {
              "last_affected": "11.0.0"
            }
          ]
        }
      ]
    }
  ],
  "references": [
    {
      "type": "ADVISORY",
      "url": "https://nvd.nist.gov/vuln/detail/CVE-2023-0835"
    },
    {
      "type": "WEB",
      "url": "https://fluidattacks.com/advisories/relsb"
    },
    {
      "type": "PACKAGE",
      "url": "https://github.com/alanshaw/markdown-pdf"
    },
    {
      "type": "WEB",
      "url": "https://www.npmjs.com/package/markdown-pdf"
    }
  ],
  "database_specific": {
    "cwe_ids": [
      "CWE-79"
    ],
    "severity": "HIGH",
    "github_reviewed": true,
    "github_reviewed_at": "2023-04-05T17:55:20Z",
    "nvd_published_at": "2023-04-04T23:15:00Z"
  }
}