{
  "schema_version": "1.4.0",
  "id": "GHSA-754x-4jwp-cqp6",
  "modified": "2023-09-11T21:38:46Z",
  "published": "2020-03-31T17:02:26Z",
  "aliases": [
    "CVE-2019-15600"
  ],
  "summary": "Cross-Site Scripting in http_server",
  "details": "All versions of `http_server` are vulnerable to Cross-Site Scripting (XSS). The package fails to sanitize filenames, allowing attackers to execute arbitrary JavaScript in the victim's browser through files with names containing malicious code.\n\n\n## Recommendation\n\nNo fix is currently available. Consider using an alternative package until a fix is made available.",
  "severity": [
    {
      "type": "CVSS_V3",
      "score": "CVSS:3.1/AV:N/AC:L/PR:N/UI:N/S:U/C:H/I:N/A:N"
    }
  ],
  "affected": [
    {
      "package": {
        "ecosystem": "npm",
        "name": "http_server"
      },
      "ranges": [
        {
          "type": "ECOSYSTEM",
          "events": [
            {
              "introduced": "0"
            },
            {
              "last_affected": "1.0.12"
            }
          ]
        }
      ]
    }
  ],
  "references": [
    {
      "type": "ADVISORY",
      "url": "https://nvd.nist.gov/vuln/detail/CVE-2019-15600"
    },
    {
      "type": "WEB",
      "url": "https://hackerone.com/reports/578138"
    },
    {
      "type": "WEB",
      "url": "https://hackerone.com/reports/692262"
    },
    {
      "type": "WEB",
      "url": "https://www.npmjs.com/advisories/1170"
    }
  ],
  "database_specific": {
    "cwe_ids": [
      "CWE-22"
    ],
    "severity": "HIGH",
    "github_reviewed": true,
    "github_reviewed_at": "2020-03-31T15:39:05Z",
    "nvd_published_at": null
  }
}