{
  "schema_version": "1.4.0",
  "id": "GHSA-rp63-jfmw-532w",
  "modified": "2023-09-05T22:04:31Z",
  "published": "2017-10-24T18:33:38Z",
  "aliases": [
    "CVE-2012-2140"
  ],
  "summary": "Mail Gem Improper Input Validation vulnerability",
  "details": "The Mail gem before 2.4.3 for Ruby allows remote attackers to execute arbitrary commands via shell metacharacters in a (1) sendmail or (2) exim delivery.",
  "severity": [],
  "affected": [
    {
      "package": {
        "ecosystem": "RubyGems",
        "name": "mail"
      },
      "ranges": [
        {
          "type": "ECOSYSTEM",
          "events": [
            {
              "introduced": "0"
            },
            {
              "fixed": "2.4.3"
            }
          ]
        }
      ]
    }
  ],
  "references": [
    {
      "type": "ADVISORY",
      "url": "https://nvd.nist.gov/vuln/detail/CVE-2012-2140"
    },
    {
      "type": "WEB",
      "url": "https://github.com/mikel/mail/commit/39b590ddb08f90ddbe445837359a2c8843e533d0"
    },
    {
      "type": "WEB",
      "url": "https://github.com/mikel/mail/commit/ac56f03bdfc30b379aeecd4ff317d08fdaa328c2"
    },
    {
      "type": "WEB",
      "url": "https://bugzilla.novell.com/show_bug.cgi?id=759092"
    },
    {
      "type": "WEB",
      "url": "https://bugzilla.redhat.com/show_bug.cgi?id=816352"
    },
    {
      "type": "PACKAGE",
      "url": "https://github.com/mikel/mail"
    },
    {
      "type": "WEB",
      "url": "https://github.com/mikel/mail/blob/9beb079c70d236a5ad2e1ba95b2c977e55deb7af/CHANGELOG.rdoc"
    },
    {
      "type": "WEB",
      "url": "http://lists.fedoraproject.org/pipermail/package-announce/2012-May/080645.html"
    },
    {
      "type": "WEB",
      "url": "http://lists.fedoraproject.org/pipermail/package-announce/2012-May/080648.html"
    },
    {
      "type": "WEB",
      "url": "http://lists.fedoraproject.org/pipermail/package-announce/2012-May/080747.html"
    },
    {
      "type": "WEB",
      "url": "http://www.openwall.com/lists/oss-security/2012/04/25/8"
    },
    {
      "type": "WEB",
      "url": "http://www.openwall.com/lists/oss-security/2012/04/26/1"
    }
  ],
  "database_specific": {
    "cwe_ids": [
      "CWE-20"
    ],
    "severity": "HIGH",
    "github_reviewed": true,
    "github_reviewed_at": "2020-06-16T21:55:16Z",
    "nvd_published_at": null
  }
}