{
  "schema_version": "1.4.0",
  "id": "GHSA-2q95-593f-g7h7",
  "modified": "2021-08-26T14:59:25Z",
  "published": "2021-09-02T17:16:06Z",
  "aliases": [
    "CVE-2020-22345"
  ],
  "summary": "OS Command Injection in Centreon",
  "details": "/graphStatus/displayServiceStatus.php in Centreon 19.10.8 allows remote attackers to execute arbitrary OS commands via shell metacharacters in the RRDdatabase_path parameter.",
  "severity": [
    {
      "type": "CVSS_V3",
      "score": "CVSS:3.1/AV:N/AC:L/PR:L/UI:N/S:U/C:H/I:H/A:H"
    }
  ],
  "affected": [
    {
      "package": {
        "ecosystem": "Packagist",
        "name": "centreon/centreon"
      },
      "ranges": [
        {
          "type": "ECOSYSTEM",
          "events": [
            {
              "introduced": "0"
            },
            {
              "fixed": "20.04.0"
            }
          ]
        }
      ],
      "database_specific": {
        "last_known_affected_version_range": "<= 19.10.8"
      }
    }
  ],
  "references": [
    {
      "type": "ADVISORY",
      "url": "https://nvd.nist.gov/vuln/detail/CVE-2020-22345"
    },
    {
      "type": "WEB",
      "url": "https://github.com/centreon/centreon/pull/8467#event-3163627607"
    },
    {
      "type": "WEB",
      "url": "https://engindemirbilek.github.io/centreon-19.10-rce"
    },
    {
      "type": "PACKAGE",
      "url": "https://github.com/centreon/centreon"
    }
  ],
  "database_specific": {
    "cwe_ids": [
      "CWE-78"
    ],
    "severity": "HIGH",
    "github_reviewed": true,
    "github_reviewed_at": "2021-08-26T14:59:25Z",
    "nvd_published_at": "2021-08-18T21:15:00Z"
  }
}