{
  "schema_version": "1.4.0",
  "id": "GHSA-rgh3-987h-wpmw",
  "modified": "2021-09-22T18:47:03Z",
  "published": "2020-06-30T22:48:14Z",
  "aliases": [
    "CVE-2016-3674"
  ],
  "summary": "XML External Entity Injection in XStream",
  "details": "Multiple XML external entity (XXE) vulnerabilities in the (1) Dom4JDriver, (2) DomDriver, (3) JDomDriver, (4) JDom2Driver, (5) SjsxpDriver, (6) StandardStaxDriver, and (7) WstxDriver drivers in XStream before 1.4.9 allow remote attackers to read arbitrary files via a crafted XML document.",
  "severity": [
    {
      "type": "CVSS_V3",
      "score": "CVSS:3.0/AV:N/AC:L/PR:N/UI:N/S:U/C:H/I:N/A:N"
    }
  ],
  "affected": [
    {
      "package": {
        "ecosystem": "Maven",
        "name": "com.thoughtworks.xstream:xstream"
      },
      "ranges": [
        {
          "type": "ECOSYSTEM",
          "events": [
            {
              "introduced": "0"
            },
            {
              "fixed": "1.4.9"
            }
          ]
        }
      ]
    }
  ],
  "references": [
    {
      "type": "ADVISORY",
      "url": "https://nvd.nist.gov/vuln/detail/CVE-2016-3674"
    },
    {
      "type": "WEB",
      "url": "https://github.com/x-stream/xstream/issues/25"
    },
    {
      "type": "PACKAGE",
      "url": "https://github.com/x-stream/xstream"
    },
    {
      "type": "WEB",
      "url": "https://snyk.io/vuln/SNYK-JAVA-COMTHOUGHTWORKSXSTREAM-30385"
    },
    {
      "type": "WEB",
      "url": "http://lists.fedoraproject.org/pipermail/package-announce/2016-April/183180.html"
    },
    {
      "type": "WEB",
      "url": "http://lists.fedoraproject.org/pipermail/package-announce/2016-April/183208.html"
    },
    {
      "type": "WEB",
      "url": "http://rhn.redhat.com/errata/RHSA-2016-2822.html"
    },
    {
      "type": "WEB",
      "url": "http://rhn.redhat.com/errata/RHSA-2016-2823.html"
    },
    {
      "type": "WEB",
      "url": "http://www.debian.org/security/2016/dsa-3575"
    },
    {
      "type": "WEB",
      "url": "http://www.openwall.com/lists/oss-security/2016/03/25/8"
    },
    {
      "type": "WEB",
      "url": "http://www.openwall.com/lists/oss-security/2016/03/28/1"
    },
    {
      "type": "WEB",
      "url": "http://www.securityfocus.com/bid/85381"
    },
    {
      "type": "WEB",
      "url": "http://www.securitytracker.com/id/1036419"
    },
    {
      "type": "WEB",
      "url": "http://x-stream.github.io/changes.html#1.4.9"
    }
  ],
  "database_specific": {
    "cwe_ids": [
      "CWE-200"
    ],
    "severity": "HIGH",
    "github_reviewed": true,
    "github_reviewed_at": "2020-06-30T22:47:58Z",
    "nvd_published_at": null
  }
}