{
  "schema_version": "1.4.0",
  "id": "GHSA-fcr8-4r9f-r66m",
  "modified": "2025-01-17T21:56:51Z",
  "published": "2025-01-17T16:29:16Z",
  "aliases": [
    "CVE-2025-23205"
  ],
  "summary": "nbgrader's `frame-ancestors: self` grants all users access to formgrader",
  "details": "### Impact\n\nEnabling frame-ancestors: 'self' grants any JupyterHub user the ability to extract formgrader content by sending malicious links to users with access to formgrader, at least when using the default JupyterHub configuration of `enable_subdomains = False`.\n\n#1915 disables a protection which would allow user Alice to craft a page embedding formgrader in an IFrame. If Bob visits that page, his credentials will be sent and the formgrader page loaded. Because Alice's page is on the same Origin as the formgrader iframe, Javasript on Alice's page has _full access_ to the contents of the page served by formgrader using Bob's credentials.\n\n### Workarounds\n\n- Disable `frame-ancestors: self`, or\n- enable per-user and per-service subdomains with `JupyterHub.enable_subdomains = True` (then even if embedding in an IFrame is allowed, the host page does not have access to the contents of the frame).\n\n### References\n\nJupyterHub documentation on why and when `frame-ancestors: self` is insecure, and why it was disabled by default: https://jupyterhub.readthedocs.io/en/stable/explanation/websecurity.html#:~:text=frame-ancestors",
  "severity": [
    {
      "type": "CVSS_V4",
      "score": "CVSS:4.0/AV:N/AC:L/AT:N/PR:N/UI:P/VC:H/VI:H/VA:N/SC:N/SI:N/SA:N"
    }
  ],
  "affected": [
    {
      "package": {
        "ecosystem": "PyPI",
        "name": "nbgrader"
      },
      "ranges": [
        {
          "type": "ECOSYSTEM",
          "events": [
            {
              "introduced": "0.9.4"
            },
            {
              "fixed": "0.9.5"
            }
          ]
        }
      ],
      "versions": [
        "0.9.4"
      ]
    }
  ],
  "references": [
    {
      "type": "WEB",
      "url": "https://github.com/jupyter/nbgrader/security/advisories/GHSA-fcr8-4r9f-r66m"
    },
    {
      "type": "ADVISORY",
      "url": "https://nvd.nist.gov/vuln/detail/CVE-2025-23205"
    },
    {
      "type": "WEB",
      "url": "https://github.com/jupyter/nbgrader/pull/1915"
    },
    {
      "type": "WEB",
      "url": "https://github.com/jupyter/nbgrader/commit/73e137511ac1dc02e95790d4fd6d4d88dab42325"
    },
    {
      "type": "PACKAGE",
      "url": "https://github.com/jupyter/nbgrader"
    },
    {
      "type": "WEB",
      "url": "https://jupyterhub.readthedocs.io/en/stable/explanation/websecurity.html"
    }
  ],
  "database_specific": {
    "cwe_ids": [
      "CWE-1021",
      "CWE-668"
    ],
    "severity": "HIGH",
    "github_reviewed": true,
    "github_reviewed_at": "2025-01-17T16:29:16Z",
    "nvd_published_at": "2025-01-17T21:15:11Z"
  }
}