{
  "schema_version": "1.4.0",
  "id": "GHSA-ccgv-vj62-xf9h",
  "modified": "2025-02-13T19:12:19Z",
  "published": "2024-02-23T06:30:31Z",
  "aliases": [
    "CVE-2024-22243"
  ],
  "summary": "Spring Web vulnerable to Open Redirect or Server Side Request Forgery",
  "details": "Applications that use UriComponentsBuilder\u00a0to parse an externally provided URL (e.g. through a query parameter) AND\u00a0perform validation checks on the host of the parsed URL may be vulnerable to a  open redirect attack or to a SSRF attack if the URL is used after passing validation checks.",
  "severity": [
    {
      "type": "CVSS_V3",
      "score": "CVSS:3.1/AV:N/AC:L/PR:N/UI:R/S:U/C:H/I:H/A:N"
    }
  ],
  "affected": [
    {
      "package": {
        "ecosystem": "Maven",
        "name": "org.springframework:spring-web"
      },
      "ranges": [
        {
          "type": "ECOSYSTEM",
          "events": [
            {
              "introduced": "6.1.0"
            },
            {
              "fixed": "6.1.4"
            }
          ]
        }
      ]
    },
    {
      "package": {
        "ecosystem": "Maven",
        "name": "org.springframework:spring-web"
      },
      "ranges": [
        {
          "type": "ECOSYSTEM",
          "events": [
            {
              "introduced": "6.0.0"
            },
            {
              "fixed": "6.0.17"
            }
          ]
        }
      ]
    },
    {
      "package": {
        "ecosystem": "Maven",
        "name": "org.springframework:spring-web"
      },
      "ranges": [
        {
          "type": "ECOSYSTEM",
          "events": [
            {
              "introduced": "5.3.0"
            },
            {
              "fixed": "5.3.32"
            }
          ]
        }
      ]
    },
    {
      "package": {
        "ecosystem": "Maven",
        "name": "org.springframework:spring-web"
      },
      "ranges": [
        {
          "type": "ECOSYSTEM",
          "events": [
            {
              "introduced": "0"
            },
            {
              "last_affected": "5.2.25.RELEASE"
            }
          ]
        }
      ]
    }
  ],
  "references": [
    {
      "type": "ADVISORY",
      "url": "https://nvd.nist.gov/vuln/detail/CVE-2024-22243"
    },
    {
      "type": "PACKAGE",
      "url": "https://github.com/spring-projects/spring-framework"
    },
    {
      "type": "WEB",
      "url": "https://github.com/spring-projects/spring-framework/blob/main/spring-web/src/main/java/org/springframework/web/util/UriComponentsBuilder.java"
    },
    {
      "type": "WEB",
      "url": "https://security.netapp.com/advisory/ntap-20240524-0001"
    },
    {
      "type": "WEB",
      "url": "https://spring.io/security/cve-2024-22243"
    },
    {
      "type": "WEB",
      "url": "http://seclists.org/fulldisclosure/2024/Sep/24"
    }
  ],
  "database_specific": {
    "cwe_ids": [
      "CWE-601"
    ],
    "severity": "HIGH",
    "github_reviewed": true,
    "github_reviewed_at": "2024-02-23T18:03:48Z",
    "nvd_published_at": "2024-02-23T05:15:08Z"
  }
}