{
  "schema_version": "1.4.0",
  "id": "GHSA-5q2v-6j86-5h9v",
  "modified": "2022-09-01T19:00:53Z",
  "published": "2022-06-17T21:44:01Z",
  "aliases": [
    "CVE-2022-29862"
  ],
  "summary": "Security Update for the OPC UA .NET Standard Stack",
  "details": "A vulnerability was discovered in OPC UA .NET Standard Stack that allows a malicious client or server to cause a peer to hang with a carefully crafted message sent during secure channel creation.",
  "severity": [
    {
      "type": "CVSS_V3",
      "score": "CVSS:3.1/AV:N/AC:L/PR:N/UI:N/S:U/C:N/I:N/A:H"
    }
  ],
  "affected": [
    {
      "package": {
        "ecosystem": "NuGet",
        "name": "OPCFoundation.NetStandard.Opc.Ua.Core"
      },
      "ranges": [
        {
          "type": "ECOSYSTEM",
          "events": [
            {
              "introduced": "0"
            },
            {
              "fixed": "1.4.368.58"
            }
          ]
        }
      ],
      "database_specific": {
        "last_known_affected_version_range": "<= 1.4.368.53"
      }
    }
  ],
  "references": [
    {
      "type": "WEB",
      "url": "https://github.com/OPCFoundation/UA-.NETStandard/security/advisories/GHSA-5q2v-6j86-5h9v"
    },
    {
      "type": "ADVISORY",
      "url": "https://nvd.nist.gov/vuln/detail/CVE-2022-29862"
    },
    {
      "type": "WEB",
      "url": "https://files.opcfoundation.org/SecurityBulletins/OPC%20Foundation%20Security%20Bulletin%20CVE-2022-29862.pdf"
    },
    {
      "type": "PACKAGE",
      "url": "https://github.com/OPCFoundation/UA-.NETStandard"
    }
  ],
  "database_specific": {
    "cwe_ids": [
      "CWE-835"
    ],
    "severity": "HIGH",
    "github_reviewed": true,
    "github_reviewed_at": "2022-06-17T21:44:01Z",
    "nvd_published_at": "2022-06-16T17:15:00Z"
  }
}