{
  "schema_version": "1.4.0",
  "id": "GHSA-vvf9-fxhv-4rgj",
  "modified": "2024-02-12T11:48:00Z",
  "published": "2022-05-24T16:52:28Z",
  "aliases": [
    "CVE-2019-7942"
  ],
  "summary": "Magento 2 Community Edition RCE",
  "details": "A remote code execution vulnerability exists in Magento 2.1 prior to 2.1.18, Magento 2.2 prior to 2.2.9, Magento 2.3 prior to 2.3.2. An authenticated user with admin privileges to create or edit a product can execute arbitrary code via malicious XML layout updates.",
  "severity": [
    {
      "type": "CVSS_V3",
      "score": "CVSS:3.0/AV:N/AC:L/PR:H/UI:N/S:U/C:H/I:H/A:H"
    }
  ],
  "affected": [
    {
      "package": {
        "ecosystem": "Packagist",
        "name": "magento/community-edition"
      },
      "ranges": [
        {
          "type": "ECOSYSTEM",
          "events": [
            {
              "introduced": "2.1.0"
            },
            {
              "fixed": "2.1.18"
            }
          ]
        }
      ]
    },
    {
      "package": {
        "ecosystem": "Packagist",
        "name": "magento/community-edition"
      },
      "ranges": [
        {
          "type": "ECOSYSTEM",
          "events": [
            {
              "introduced": "2.2.0"
            },
            {
              "fixed": "2.2.9"
            }
          ]
        }
      ]
    },
    {
      "package": {
        "ecosystem": "Packagist",
        "name": "magento/community-edition"
      },
      "ranges": [
        {
          "type": "ECOSYSTEM",
          "events": [
            {
              "introduced": "2.3.0"
            },
            {
              "fixed": "2.3.2"
            }
          ]
        }
      ]
    }
  ],
  "references": [
    {
      "type": "ADVISORY",
      "url": "https://nvd.nist.gov/vuln/detail/CVE-2019-7942"
    },
    {
      "type": "WEB",
      "url": "https://github.com/FriendsOfPHP/security-advisories/blob/master/magento/product-community-edition/CVE-2019-7942.yaml"
    },
    {
      "type": "PACKAGE",
      "url": "https://github.com/magento/magento2"
    },
    {
      "type": "WEB",
      "url": "https://magento.com/security/patches/magento-2.3.2-2.2.9-and-2.1.18-security-update-13"
    },
    {
      "type": "WEB",
      "url": "https://web.archive.org/web/20211206084839/https://magento.com/security/patches/magento-2.3.2-2.2.9-and-2.1.18-security-update-13"
    }
  ],
  "database_specific": {
    "cwe_ids": [
      "CWE-94"
    ],
    "severity": "HIGH",
    "github_reviewed": true,
    "github_reviewed_at": "2023-07-14T23:20:20Z",
    "nvd_published_at": "2019-08-02T22:15:00Z"
  }
}