{
  "schema_version": "1.4.0",
  "id": "GHSA-cxv7-6jgf-7gwf",
  "modified": "2024-04-24T22:43:32Z",
  "published": "2022-05-24T17:43:31Z",
  "aliases": [
    "CVE-2020-35296"
  ],
  "summary": "ThinkAdmin Admin Panel Access using Default Credentials",
  "details": "ThinkAdmin v6 has default administrator credentials, which allows attackers to gain unrestricted administratior dashboard access.",
  "severity": [
    {
      "type": "CVSS_V3",
      "score": "CVSS:3.1/AV:N/AC:L/PR:N/UI:N/S:U/C:H/I:N/A:N"
    }
  ],
  "affected": [
    {
      "package": {
        "ecosystem": "Packagist",
        "name": "zoujingli/thinkadmin"
      },
      "versions": [
        "6.0"
      ]
    }
  ],
  "references": [
    {
      "type": "ADVISORY",
      "url": "https://nvd.nist.gov/vuln/detail/CVE-2020-35296"
    },
    {
      "type": "WEB",
      "url": "https://github.com/Shrimant12/CVE-References/blob/main/CVE-2020-35296.md"
    },
    {
      "type": "PACKAGE",
      "url": "https://github.com/zoujingli/ThinkAdmin"
    },
    {
      "type": "WEB",
      "url": "https://smshrimant.com/admin-panel-access-using-default-credentials"
    }
  ],
  "database_specific": {
    "cwe_ids": [
      "CWE-798"
    ],
    "severity": "HIGH",
    "github_reviewed": true,
    "github_reviewed_at": "2024-04-24T22:43:32Z",
    "nvd_published_at": "2021-03-03T16:15:00Z"
  }
}