{
  "schema_version": "1.4.0",
  "id": "GHSA-79hg-357g-rrgv",
  "modified": "2023-07-22T00:08:05Z",
  "published": "2022-05-14T00:55:28Z",
  "aliases": [
    "CVE-2018-19271"
  ],
  "summary": "Centreon SQL Injection",
  "details": "Centreon 3.4.x (fixed in Centreon 18.10.0 and Centreon web 2.8.28) allows SQL Injection via the main.php searchH parameter.",
  "severity": [
    {
      "type": "CVSS_V3",
      "score": "CVSS:3.0/AV:N/AC:L/PR:L/UI:N/S:U/C:H/I:H/A:H"
    }
  ],
  "affected": [
    {
      "package": {
        "ecosystem": "Packagist",
        "name": "centreon/centreon"
      },
      "ranges": [
        {
          "type": "ECOSYSTEM",
          "events": [
            {
              "introduced": "18.0.0"
            },
            {
              "fixed": "18.10.0"
            }
          ]
        }
      ]
    },
    {
      "package": {
        "ecosystem": "Packagist",
        "name": "centreon/centreon"
      },
      "ranges": [
        {
          "type": "ECOSYSTEM",
          "events": [
            {
              "introduced": "0"
            },
            {
              "fixed": "2.8.28"
            }
          ]
        }
      ]
    }
  ],
  "references": [
    {
      "type": "ADVISORY",
      "url": "https://nvd.nist.gov/vuln/detail/CVE-2018-19271"
    },
    {
      "type": "WEB",
      "url": "https://github.com/centreon/centreon-archived/pull/6625"
    },
    {
      "type": "WEB",
      "url": "https://documentation.centreon.com/docs/centreon/en/latest/release_notes/centreon-18.10/centreon-18.10.0.html"
    },
    {
      "type": "WEB",
      "url": "https://documentation.centreon.com/docs/centreon/en/latest/release_notes/centreon-2.8/centreon-2.8.28.html"
    },
    {
      "type": "WEB",
      "url": "http://www.rootlabs.com.br/authenticated-sql-injection-in-centreon-3-4-x"
    }
  ],
  "database_specific": {
    "cwe_ids": [
      "CWE-89"
    ],
    "severity": "HIGH",
    "github_reviewed": true,
    "github_reviewed_at": "2023-07-22T00:08:05Z",
    "nvd_published_at": "2018-11-14T11:29:00Z"
  }
}