{
  "schema_version": "1.4.0",
  "id": "GHSA-mf22-92pm-m8p8",
  "modified": "2022-03-09T21:12:59Z",
  "published": "2022-02-25T15:36:47Z",
  "aliases": [
    "CVE-2022-24709"
  ],
  "summary": "Cross site scripting in @awsui/components-react",
  "details": "### Impact\nComponents could potentially allow cross-site scripting (XSS) in certain circumstances. These components could render content without adequate neutralization.\n\n### Patches\nFixed in 3.0.367.",
  "severity": [
    {
      "type": "CVSS_V3",
      "score": "CVSS:3.1/AV:N/AC:L/PR:N/UI:R/S:U/C:H/I:H/A:H"
    }
  ],
  "affected": [
    {
      "package": {
        "ecosystem": "npm",
        "name": "@awsui/components-react"
      },
      "ranges": [
        {
          "type": "ECOSYSTEM",
          "events": [
            {
              "introduced": "0"
            },
            {
              "fixed": "3.0.367"
            }
          ]
        }
      ]
    }
  ],
  "references": [
    {
      "type": "WEB",
      "url": "https://github.com/aws/awsui-documentation/security/advisories/GHSA-mf22-92pm-m8p8"
    },
    {
      "type": "ADVISORY",
      "url": "https://nvd.nist.gov/vuln/detail/CVE-2022-24709"
    },
    {
      "type": "WEB",
      "url": "https://github.com/aws/awsui-documentation"
    },
    {
      "type": "WEB",
      "url": "https://www.npmjs.com/package/@awsui/components-react"
    }
  ],
  "database_specific": {
    "cwe_ids": [
      "CWE-79"
    ],
    "severity": "HIGH",
    "github_reviewed": true,
    "github_reviewed_at": "2022-02-25T15:36:47Z",
    "nvd_published_at": "2022-02-24T20:15:00Z"
  }
}