{
  "schema_version": "1.4.0",
  "id": "GHSA-6jqp-j69q-pm62",
  "modified": "2022-04-25T22:28:16Z",
  "published": "2018-03-05T19:16:56Z",
  "aliases": [
    "CVE-2018-7560"
  ],
  "summary": "AWS Lambda parser is vulnerable to Regular Expression Denial of Service",
  "details": "index.js in the aws-lambda-multipart-parser NPM package before 0.1.2 has a Regular Expression Denial of Service (ReDoS) issue via a crafted multipart/form-data boundary string.",
  "severity": [
    {
      "type": "CVSS_V3",
      "score": "CVSS:3.1/AV:N/AC:L/PR:N/UI:N/S:U/C:N/I:N/A:H"
    }
  ],
  "affected": [
    {
      "package": {
        "ecosystem": "npm",
        "name": "aws-lambda-multipart-parser"
      },
      "ranges": [
        {
          "type": "ECOSYSTEM",
          "events": [
            {
              "introduced": "0"
            },
            {
              "fixed": "0.1.2"
            }
          ]
        }
      ]
    }
  ],
  "references": [
    {
      "type": "ADVISORY",
      "url": "https://nvd.nist.gov/vuln/detail/CVE-2018-7560"
    },
    {
      "type": "WEB",
      "url": "https://github.com/myshenin/aws-lambda-multipart-parser/commit/56ccb03af4dddebc2b2defb348b6558783d5757e"
    },
    {
      "type": "ADVISORY",
      "url": "https://github.com/advisories/GHSA-6jqp-j69q-pm62"
    },
    {
      "type": "PACKAGE",
      "url": "https://github.com/myshenin/aws-lambda-multipart-parser"
    }
  ],
  "database_specific": {
    "cwe_ids": [
      "CWE-20"
    ],
    "severity": "HIGH",
    "github_reviewed": true,
    "github_reviewed_at": "2020-06-16T21:19:35Z",
    "nvd_published_at": null
  }
}