{
  "schema_version": "1.4.0",
  "id": "GHSA-vw7g-3cc7-7rmh",
  "modified": "2024-08-07T19:37:15Z",
  "published": "2024-08-01T18:32:50Z",
  "aliases": [
    "CVE-2024-41265"
  ],
  "summary": "cortex establishes TLS connections with `InsecureSkipVerify` set to `true`",
  "details": "A TLS certificate verification issue discovered in cortex v0.42.1 allows attackers to obtain sensitive information via the makeOperatorRequest function.",
  "severity": [
    {
      "type": "CVSS_V3",
      "score": "CVSS:3.1/AV:N/AC:L/PR:N/UI:N/S:U/C:H/I:N/A:N"
    },
    {
      "type": "CVSS_V4",
      "score": "CVSS:4.0/AV:N/AC:L/AT:N/PR:N/UI:N/VC:H/VI:N/VA:N/SC:N/SI:N/SA:N"
    }
  ],
  "affected": [
    {
      "package": {
        "ecosystem": "Go",
        "name": "github.com/cortexproject/cortex"
      },
      "ranges": [
        {
          "type": "ECOSYSTEM",
          "events": [
            {
              "introduced": "0"
            },
            {
              "last_affected": "0.42.1"
            }
          ]
        }
      ]
    }
  ],
  "references": [
    {
      "type": "ADVISORY",
      "url": "https://nvd.nist.gov/vuln/detail/CVE-2024-41265"
    },
    {
      "type": "WEB",
      "url": "https://gist.github.com/nyxfqq/1a8237f3f9cf793c6433f08b17d1593c"
    },
    {
      "type": "PACKAGE",
      "url": "https://github.com/cortexproject/cortex"
    },
    {
      "type": "WEB",
      "url": "https://pkg.go.dev/vuln/GO-2024-3036"
    }
  ],
  "database_specific": {
    "cwe_ids": [
      "CWE-599"
    ],
    "severity": "HIGH",
    "github_reviewed": true,
    "github_reviewed_at": "2024-08-02T21:18:36Z",
    "nvd_published_at": "2024-08-01T16:15:06Z"
  }
}