{
  "schema_version": "1.4.0",
  "id": "GHSA-3q8r-f3pj-3gc4",
  "modified": "2024-09-11T18:26:16Z",
  "published": "2022-10-07T18:16:01Z",
  "aliases": [
    "CVE-2022-41672"
  ],
  "summary": "Apache Airflow may allow authenticated users who have been deactivated to continue using the UI or API",
  "details": "In Apache Airflow, prior to version 2.4.1, deactivating a user wouldn't prevent an already authenticated user from being able to continue using the UI or API.",
  "severity": [
    {
      "type": "CVSS_V3",
      "score": "CVSS:3.1/AV:N/AC:L/PR:L/UI:N/S:U/C:H/I:H/A:N"
    },
    {
      "type": "CVSS_V4",
      "score": "CVSS:4.0/AV:N/AC:L/AT:N/PR:L/UI:N/VC:H/VI:H/VA:N/SC:N/SI:N/SA:N"
    }
  ],
  "affected": [
    {
      "package": {
        "ecosystem": "PyPI",
        "name": "apache-airflow"
      },
      "ranges": [
        {
          "type": "ECOSYSTEM",
          "events": [
            {
              "introduced": "0"
            },
            {
              "fixed": "2.4.1rc1"
            }
          ]
        }
      ]
    }
  ],
  "references": [
    {
      "type": "ADVISORY",
      "url": "https://nvd.nist.gov/vuln/detail/CVE-2022-41672"
    },
    {
      "type": "WEB",
      "url": "https://github.com/apache/airflow/pull/26635"
    },
    {
      "type": "WEB",
      "url": "https://github.com/apache/airflow/commit/12bfb571a895a28a58d3189b0fc10cfc1b89e24c"
    },
    {
      "type": "PACKAGE",
      "url": "https://github.com/apache/airflow"
    },
    {
      "type": "WEB",
      "url": "https://github.com/pypa/advisory-database/tree/main/vulns/apache-airflow/PYSEC-2022-42983.yaml"
    },
    {
      "type": "WEB",
      "url": "https://lists.apache.org/thread/ohf3pvd3dftb8zb01yngbn1jtkq5m08y"
    }
  ],
  "database_specific": {
    "cwe_ids": [
      "CWE-285",
      "CWE-613"
    ],
    "severity": "HIGH",
    "github_reviewed": true,
    "github_reviewed_at": "2022-10-07T21:57:35Z",
    "nvd_published_at": "2022-10-07T07:15:00Z"
  }
}