{
  "schema_version": "1.4.0",
  "id": "GHSA-hw6x-2qwv-rxr7",
  "modified": "2022-06-28T22:28:13Z",
  "published": "2022-05-24T16:55:58Z",
  "aliases": [
    "CVE-2019-10392"
  ],
  "summary": "Improper Neutralization of Special Elements used in an OS Command in Jenkins Git Client Plugin",
  "details": "Jenkins Git Client Plugin 2.8.4 and earlier did not properly restrict values passed as URL argument to an invocation of 'git ls-remote', resulting in OS command injection.",
  "severity": [
    {
      "type": "CVSS_V3",
      "score": "CVSS:3.1/AV:N/AC:L/PR:L/UI:N/S:U/C:H/I:H/A:H"
    }
  ],
  "affected": [
    {
      "package": {
        "ecosystem": "Maven",
        "name": "org.jenkins-ci.plugins:git-client"
      },
      "ranges": [
        {
          "type": "ECOSYSTEM",
          "events": [
            {
              "introduced": "0"
            },
            {
              "fixed": "2.8.5"
            }
          ]
        }
      ],
      "database_specific": {
        "last_known_affected_version_range": "<= 2.8.4"
      }
    }
  ],
  "references": [
    {
      "type": "ADVISORY",
      "url": "https://nvd.nist.gov/vuln/detail/CVE-2019-10392"
    },
    {
      "type": "WEB",
      "url": "https://github.com/jenkinsci/git-client-plugin/commit/899123fa2eb9dd2c37137aae630c47c6be6b4b02"
    },
    {
      "type": "WEB",
      "url": "https://jenkins.io/security/advisory/2019-09-12/#SECURITY-1534"
    },
    {
      "type": "WEB",
      "url": "http://www.openwall.com/lists/oss-security/2019/09/12/2"
    }
  ],
  "database_specific": {
    "cwe_ids": [
      "CWE-78"
    ],
    "severity": "HIGH",
    "github_reviewed": true,
    "github_reviewed_at": "2022-06-28T22:28:13Z",
    "nvd_published_at": "2019-09-12T14:15:00Z"
  }
}