{
  "schema_version": "1.4.0",
  "id": "GHSA-2gjg-5x33-mmp2",
  "modified": "2023-03-01T01:47:01Z",
  "published": "2018-07-25T22:44:05Z",
  "aliases": [
    "CVE-2018-3729"
  ],
  "summary": "Path Traversal in localhost-now",
  "details": "Versions of `localhost-now` before 1.0.2 are vulnerable to path traversal. This allows a remote attacker to read the content of an arbitrary file.\n\n\n## Recommendation\n\nUpdate to version 1.0.2 or later.",
  "severity": [
    {
      "type": "CVSS_V3",
      "score": "CVSS:3.1/AV:N/AC:L/PR:N/UI:N/S:U/C:H/I:N/A:N"
    }
  ],
  "affected": [
    {
      "package": {
        "ecosystem": "npm",
        "name": "localhost-now"
      },
      "ranges": [
        {
          "type": "ECOSYSTEM",
          "events": [
            {
              "introduced": "0"
            },
            {
              "fixed": "1.0.2"
            }
          ]
        }
      ]
    }
  ],
  "references": [
    {
      "type": "ADVISORY",
      "url": "https://nvd.nist.gov/vuln/detail/CVE-2018-3729"
    },
    {
      "type": "WEB",
      "url": "https://github.com/DCKT/localhost-now/commit/30b004c7f145d677df8800a106c2edc982313995#diff-b9cfc7f2cdf78a7f4b91a753d10865a2"
    },
    {
      "type": "WEB",
      "url": "https://hackerone.com/reports/312889"
    },
    {
      "type": "ADVISORY",
      "url": "https://github.com/advisories/GHSA-2gjg-5x33-mmp2"
    },
    {
      "type": "WEB",
      "url": "https://www.npmjs.com/advisories/582"
    }
  ],
  "database_specific": {
    "cwe_ids": [
      "CWE-22"
    ],
    "severity": "HIGH",
    "github_reviewed": true,
    "github_reviewed_at": "2020-06-16T20:52:01Z",
    "nvd_published_at": "2018-06-07T02:29:00Z"
  }
}