{
  "schema_version": "1.4.0",
  "id": "GHSA-wf3x-jccf-5g5g",
  "modified": "2024-11-18T16:26:57Z",
  "published": "2024-07-31T15:21:06Z",
  "aliases": [
    "CVE-2024-37900"
  ],
  "summary": "XWiki Platform vulnerable to Cross-site Scripting through attachment filename in uploader",
  "details": "### Impact\nWhen uploading an attachment with a malicious filename, malicious JavaScript code could be executed. This requires a social engineering attack to get the victim into uploading a file with a malicious name. The malicious code is solely executed during the upload and affects only the user uploading the attachment. While this allows performing actions in the name of that user, it seems unlikely that a user wouldn't notice the malicious filename while uploading the attachment.\n\nIn order to reproduce, as any user, create a file named `\"><img src=1 onerror=alert(1)>.jpg`. Then go to any page where you have edit rights and upload the file in the attachments tab. If alerts appear and display \"1\", then the instance is vulnerable.\n\n### Patches\nThis has been patched in XWiki 14.10.21, 15.5.5, 15.10.6 and 16.0.0.\n\n### Workarounds\nWe're not aware of any workaround except upgrading.\n\n### References\n* https://jira.xwiki.org/browse/XWIKI-19611\n* https://jira.xwiki.org/browse/XWIKI-21769\n* https://jira.xwiki.org/browse/XWIKI-19602\n* https://github.com/xwiki/xwiki-platform/commit/910a5018a50039e8b24556573dfe342f143ef949\n\n### Attribution\n\nThis vulnerability has been independently reported by Aleksey Solovev (Positive Technologies) and Georgios Roumeliotis for TwelveSec.",
  "severity": [
    {
      "type": "CVSS_V3",
      "score": "CVSS:3.1/AV:N/AC:H/PR:L/UI:R/S:U/C:H/I:H/A:N"
    },
    {
      "type": "CVSS_V4",
      "score": "CVSS:4.0/AV:N/AC:L/AT:P/PR:L/UI:P/VC:H/VI:H/VA:N/SC:H/SI:H/SA:N"
    }
  ],
  "affected": [
    {
      "package": {
        "ecosystem": "Maven",
        "name": "org.xwiki.platform:xwiki-platform-web-war"
      },
      "ranges": [
        {
          "type": "ECOSYSTEM",
          "events": [
            {
              "introduced": "4.2-milestone-3"
            },
            {
              "fixed": "14.10.21"
            }
          ]
        }
      ]
    },
    {
      "package": {
        "ecosystem": "Maven",
        "name": "org.xwiki.platform:xwiki-platform-web-war"
      },
      "ranges": [
        {
          "type": "ECOSYSTEM",
          "events": [
            {
              "introduced": "15.0-rc-1"
            },
            {
              "fixed": "15.5.5"
            }
          ]
        }
      ]
    },
    {
      "package": {
        "ecosystem": "Maven",
        "name": "org.xwiki.platform:xwiki-platform-web-war"
      },
      "ranges": [
        {
          "type": "ECOSYSTEM",
          "events": [
            {
              "introduced": "15.6-rc-1"
            },
            {
              "fixed": "15.10.6"
            }
          ]
        }
      ]
    },
    {
      "package": {
        "ecosystem": "Maven",
        "name": "org.xwiki.platform:xwiki-platform-web-war"
      },
      "ranges": [
        {
          "type": "ECOSYSTEM",
          "events": [
            {
              "introduced": "16.0.0-rc-1"
            },
            {
              "fixed": "16.0.0"
            }
          ]
        }
      ]
    }
  ],
  "references": [
    {
      "type": "WEB",
      "url": "https://github.com/xwiki/xwiki-platform/security/advisories/GHSA-wf3x-jccf-5g5g"
    },
    {
      "type": "ADVISORY",
      "url": "https://nvd.nist.gov/vuln/detail/CVE-2024-37900"
    },
    {
      "type": "WEB",
      "url": "https://github.com/xwiki/xwiki-platform/commit/6cdd69d31d6bf3caa7f40ec55eb317e4e528ad28"
    },
    {
      "type": "WEB",
      "url": "https://github.com/xwiki/xwiki-platform/commit/8b8a2d80529b9a9c038014c1eb6c2adc08069dfd"
    },
    {
      "type": "WEB",
      "url": "https://github.com/xwiki/xwiki-platform/commit/910a5018a50039e8b24556573dfe342f143ef949"
    },
    {
      "type": "WEB",
      "url": "https://github.com/xwiki/xwiki-platform/commit/9df46f8e5313af46f93bccd1ebc682e28126573f"
    },
    {
      "type": "PACKAGE",
      "url": "https://github.com/xwiki/xwiki-platform"
    },
    {
      "type": "WEB",
      "url": "https://jira.xwiki.org/browse/XWIKI-19602"
    },
    {
      "type": "WEB",
      "url": "https://jira.xwiki.org/browse/XWIKI-19611"
    },
    {
      "type": "WEB",
      "url": "https://jira.xwiki.org/browse/XWIKI-21769"
    }
  ],
  "database_specific": {
    "cwe_ids": [
      "CWE-94",
      "CWE-96"
    ],
    "severity": "HIGH",
    "github_reviewed": true,
    "github_reviewed_at": "2024-07-31T15:21:06Z",
    "nvd_published_at": "2024-07-31T16:15:03Z"
  }
}