{
  "schema_version": "1.4.0",
  "id": "GHSA-p43w-g3c5-g5mq",
  "modified": "2024-10-09T20:12:53Z",
  "published": "2021-03-29T16:35:27Z",
  "aliases": [
    "CVE-2021-25293"
  ],
  "summary": "Out of bounds read in Pillow",
  "details": "An issue was discovered in Pillow before 8.1.1. There is an out-of-bounds read in SGIRleDecode.c.",
  "severity": [
    {
      "type": "CVSS_V3",
      "score": "CVSS:3.1/AV:N/AC:L/PR:N/UI:N/S:U/C:N/I:N/A:H"
    },
    {
      "type": "CVSS_V4",
      "score": "CVSS:4.0/AV:N/AC:L/AT:N/PR:N/UI:N/VC:N/VI:N/VA:H/SC:N/SI:N/SA:N"
    }
  ],
  "affected": [
    {
      "package": {
        "ecosystem": "PyPI",
        "name": "Pillow"
      },
      "ranges": [
        {
          "type": "ECOSYSTEM",
          "events": [
            {
              "introduced": "4.3.0"
            },
            {
              "fixed": "8.1.1"
            }
          ]
        }
      ]
    }
  ],
  "references": [
    {
      "type": "ADVISORY",
      "url": "https://nvd.nist.gov/vuln/detail/CVE-2021-25293"
    },
    {
      "type": "WEB",
      "url": "https://github.com/python-pillow/Pillow/commit/4853e522bddbec66022c0915b9a56255d0188bf9"
    },
    {
      "type": "WEB",
      "url": "https://github.com/python-pillow/Pillow/commit/f891baa604636cd2506a9360d170bc2cf4963cc5"
    },
    {
      "type": "ADVISORY",
      "url": "https://github.com/advisories/GHSA-p43w-g3c5-g5mq"
    },
    {
      "type": "WEB",
      "url": "https://github.com/pypa/advisory-database/tree/main/vulns/pillow/PYSEC-2021-39.yaml"
    },
    {
      "type": "PACKAGE",
      "url": "https://github.com/python-pillow/Pillow"
    },
    {
      "type": "WEB",
      "url": "https://pillow.readthedocs.io/en/stable/releasenotes/8.1.1.html"
    },
    {
      "type": "WEB",
      "url": "https://security.gentoo.org/glsa/202107-33"
    }
  ],
  "database_specific": {
    "cwe_ids": [
      "CWE-125"
    ],
    "severity": "HIGH",
    "github_reviewed": true,
    "github_reviewed_at": "2021-03-22T22:07:38Z",
    "nvd_published_at": "2021-03-19T04:15:00Z"
  }
}