{
  "schema_version": "1.4.0",
  "id": "GHSA-hr8g-f6r6-mr22",
  "modified": "2024-11-26T18:40:59Z",
  "published": "2022-05-26T00:01:27Z",
  "aliases": [
    "CVE-2022-30595"
  ],
  "summary": "Buffer over-flow in Pillow",
  "details": "When reading a TGA file with RLE packets that cross scan lines, Pillow reads the information past the end of the first line without deducting that from the length of the remaining file data. This vulnerability was introduced in Pillow 9.1.0, and can cause a heap buffer overflow.\n\nOpening an image with a zero or negative height has been found to bypass a decompression bomb check. This will now raise a SyntaxError instead, in turn raising a PIL.UnidentifiedImageError.",
  "severity": [
    {
      "type": "CVSS_V3",
      "score": "CVSS:3.1/AV:N/AC:L/PR:N/UI:N/S:U/C:N/I:N/A:H"
    },
    {
      "type": "CVSS_V4",
      "score": "CVSS:4.0/AV:N/AC:L/AT:N/PR:N/UI:N/VC:N/VI:N/VA:H/SC:N/SI:N/SA:N"
    }
  ],
  "affected": [
    {
      "package": {
        "ecosystem": "PyPI",
        "name": "Pillow"
      },
      "ranges": [
        {
          "type": "ECOSYSTEM",
          "events": [
            {
              "introduced": "9.1.0"
            },
            {
              "fixed": "9.1.1"
            }
          ]
        }
      ],
      "versions": [
        "9.1.0"
      ]
    }
  ],
  "references": [
    {
      "type": "ADVISORY",
      "url": "https://nvd.nist.gov/vuln/detail/CVE-2022-30595"
    },
    {
      "type": "WEB",
      "url": "https://github.com/python-pillow/Pillow/commit/c846cc881ebe34e3518412c2e3636433d9947280"
    },
    {
      "type": "WEB",
      "url": "https://github.com/pypa/advisory-database/tree/main/vulns/pillow/PYSEC-2022-43145.yaml"
    },
    {
      "type": "PACKAGE",
      "url": "https://github.com/python-pillow/Pillow"
    },
    {
      "type": "WEB",
      "url": "https://github.com/python-pillow/Pillow/blob/main/src/libImaging/TgaRleDecode.c"
    },
    {
      "type": "WEB",
      "url": "https://pillow.readthedocs.io/en/stable/releasenotes/9.1.1.html"
    }
  ],
  "database_specific": {
    "cwe_ids": [
      "CWE-120"
    ],
    "severity": "HIGH",
    "github_reviewed": true,
    "github_reviewed_at": "2022-06-01T21:22:06Z",
    "nvd_published_at": "2022-05-25T12:15:00Z"
  }
}