{
  "schema_version": "1.4.0",
  "id": "GHSA-r342-vjc4-wrmj",
  "modified": "2024-04-25T22:32:14Z",
  "published": "2022-05-13T01:20:14Z",
  "aliases": [
    "CVE-2018-3814"
  ],
  "summary": "Craft CMS PHP Code Injection Vulnerability",
  "details": "Craft CMS 2.6.3000 allows remote attackers to execute arbitrary PHP code by using the \"Assets->Upload files\" screen and then the \"Replace it\" option, because this allows a .jpg file to have embedded PHP code, and then be renamed to a .php extension.",
  "severity": [
    {
      "type": "CVSS_V3",
      "score": "CVSS:3.0/AV:N/AC:L/PR:L/UI:N/S:U/C:H/I:H/A:H"
    }
  ],
  "affected": [
    {
      "package": {
        "ecosystem": "Packagist",
        "name": "craftcms/cms"
      },
      "ranges": [
        {
          "type": "ECOSYSTEM",
          "events": [
            {
              "introduced": "0"
            },
            {
              "last_affected": "2.6.3000"
            }
          ]
        }
      ]
    }
  ],
  "references": [
    {
      "type": "ADVISORY",
      "url": "https://nvd.nist.gov/vuln/detail/CVE-2018-3814"
    },
    {
      "type": "WEB",
      "url": "https://github.com/Snowty/myCVE/blob/master/CraftCMS-2.6.3000/README.md"
    },
    {
      "type": "PACKAGE",
      "url": "https://github.com/craftcms/cms"
    },
    {
      "type": "WEB",
      "url": "https://web.archive.org/web/20170612231205/http://0day5.com/archives/4122"
    }
  ],
  "database_specific": {
    "cwe_ids": [
      "CWE-434"
    ],
    "severity": "HIGH",
    "github_reviewed": true,
    "github_reviewed_at": "2024-04-25T22:32:14Z",
    "nvd_published_at": "2018-01-01T20:29:00Z"
  }
}