{
  "schema_version": "1.4.0",
  "id": "GHSA-x3jj-rgw9-7r5g",
  "modified": "2022-12-06T21:30:50Z",
  "published": "2022-09-22T00:00:28Z",
  "aliases": [
    "CVE-2022-41237"
  ],
  "summary": "RCE vulnerability in Jenkins DotCi Plugin",
  "details": "DotCi Plugin 2.40.00 and earlier does not configure its YAML parser to prevent the instantiation of arbitrary types.\n\nThis results in a remote code execution (RCE) vulnerability exploitable by attackers able to modify `.ci.yml` files in SCM. This plugin has been suspended.",
  "severity": [
    {
      "type": "CVSS_V3",
      "score": "CVSS:3.1/AV:N/AC:L/PR:L/UI:N/S:U/C:H/I:H/A:H"
    }
  ],
  "affected": [
    {
      "package": {
        "ecosystem": "Maven",
        "name": "com.groupon.jenkins-ci.plugins:DotCi"
      },
      "ranges": [
        {
          "type": "ECOSYSTEM",
          "events": [
            {
              "introduced": "0"
            },
            {
              "last_affected": "2.40.00"
            }
          ]
        }
      ]
    }
  ],
  "references": [
    {
      "type": "ADVISORY",
      "url": "https://nvd.nist.gov/vuln/detail/CVE-2022-41237"
    },
    {
      "type": "PACKAGE",
      "url": "https://github.com/jenkinsci/DotCi"
    },
    {
      "type": "WEB",
      "url": "https://plugins.jenkins.io/DotCi"
    },
    {
      "type": "WEB",
      "url": "https://www.jenkins.io/security/advisory/2022-09-21/#SECURITY-1737"
    },
    {
      "type": "WEB",
      "url": "https://www.jenkins.io/security/plugins/#suspensions"
    }
  ],
  "database_specific": {
    "cwe_ids": [
      "CWE-502"
    ],
    "severity": "HIGH",
    "github_reviewed": true,
    "github_reviewed_at": "2022-12-06T21:30:50Z",
    "nvd_published_at": "2022-09-21T16:15:00Z"
  }
}