{
  "schema_version": "1.4.0",
  "id": "GHSA-3xvg-x47j-x75w",
  "modified": "2024-09-09T21:00:14Z",
  "published": "2022-05-13T01:07:34Z",
  "aliases": [
    "CVE-2018-10874"
  ],
  "summary": "Ansible Improper Input Validation vulnerability",
  "details": "In ansible it was found that inventory variables are loaded from current working directory when running ad-hoc command which are under attacker's control, allowing to run arbitrary code as a result.",
  "severity": [
    {
      "type": "CVSS_V3",
      "score": "CVSS:3.0/AV:L/AC:L/PR:L/UI:N/S:U/C:H/I:H/A:H"
    },
    {
      "type": "CVSS_V4",
      "score": "CVSS:4.0/AV:L/AC:L/AT:N/PR:L/UI:N/VC:H/VI:H/VA:H/SC:N/SI:N/SA:N"
    }
  ],
  "affected": [
    {
      "package": {
        "ecosystem": "PyPI",
        "name": "ansible"
      },
      "ranges": [
        {
          "type": "ECOSYSTEM",
          "events": [
            {
              "introduced": "0"
            },
            {
              "fixed": "2.4.6.0"
            }
          ]
        }
      ]
    },
    {
      "package": {
        "ecosystem": "PyPI",
        "name": "ansible"
      },
      "ranges": [
        {
          "type": "ECOSYSTEM",
          "events": [
            {
              "introduced": "2.5"
            },
            {
              "fixed": "2.5.6"
            }
          ]
        }
      ]
    },
    {
      "package": {
        "ecosystem": "PyPI",
        "name": "ansible"
      },
      "ranges": [
        {
          "type": "ECOSYSTEM",
          "events": [
            {
              "introduced": "2.6"
            },
            {
              "fixed": "2.6.1"
            }
          ]
        }
      ]
    }
  ],
  "references": [
    {
      "type": "ADVISORY",
      "url": "https://nvd.nist.gov/vuln/detail/CVE-2018-10874"
    },
    {
      "type": "WEB",
      "url": "https://github.com/ansible/ansible/pull/42067"
    },
    {
      "type": "WEB",
      "url": "https://github.com/ansible/ansible/commit/44874addc7ea136f83c67d5869047ece02645fdb"
    },
    {
      "type": "WEB",
      "url": "https://github.com/ansible/ansible/commit/1f80949f964a946773f9d3ac1899535bd2cc2b8e"
    },
    {
      "type": "WEB",
      "url": "https://github.com/ansible/ansible/commit/10d6fe6c98cfee9a7be0fea6102ba5dec951aec7"
    },
    {
      "type": "WEB",
      "url": "https://web.archive.org/web/20201130165946/http://www.securitytracker.com/id/1041396"
    },
    {
      "type": "WEB",
      "url": "https://usn.ubuntu.com/4072-1"
    },
    {
      "type": "WEB",
      "url": "https://github.com/pypa/advisory-database/tree/main/vulns/ansible/PYSEC-2018-81.yaml"
    },
    {
      "type": "PACKAGE",
      "url": "https://github.com/ansible/ansible"
    },
    {
      "type": "WEB",
      "url": "https://bugzilla.redhat.com/show_bug.cgi?id=CVE-2018-10874"
    },
    {
      "type": "WEB",
      "url": "https://bugzilla.redhat.com/show_bug.cgi?id=1596528"
    },
    {
      "type": "WEB",
      "url": "https://access.redhat.com/security/cve/CVE-2018-10874"
    },
    {
      "type": "WEB",
      "url": "https://access.redhat.com/errata/RHSA-2019:0054"
    },
    {
      "type": "WEB",
      "url": "https://access.redhat.com/errata/RHSA-2018:2585"
    },
    {
      "type": "WEB",
      "url": "https://access.redhat.com/errata/RHSA-2018:2321"
    },
    {
      "type": "WEB",
      "url": "https://access.redhat.com/errata/RHSA-2018:2166"
    },
    {
      "type": "WEB",
      "url": "https://access.redhat.com/errata/RHSA-2018:2152"
    },
    {
      "type": "WEB",
      "url": "https://access.redhat.com/errata/RHSA-2018:2151"
    },
    {
      "type": "WEB",
      "url": "https://access.redhat.com/errata/RHSA-2018:2150"
    },
    {
      "type": "WEB",
      "url": "https://access.redhat.com/errata/RHBA-2018:3788"
    }
  ],
  "database_specific": {
    "cwe_ids": [
      "CWE-20",
      "CWE-426"
    ],
    "severity": "HIGH",
    "github_reviewed": true,
    "github_reviewed_at": "2023-02-08T18:08:29Z",
    "nvd_published_at": "2018-07-02T13:29:00Z"
  }
}