{
  "schema_version": "1.4.0",
  "id": "GHSA-w8hx-f868-pvch",
  "modified": "2024-09-26T14:51:10Z",
  "published": "2022-05-24T19:03:37Z",
  "aliases": [
    "CVE-2021-20267"
  ],
  "summary": "Openstack Neutron has Insufficient Verification of IPv6 addresses",
  "details": "A flaw was found in openstack-neutron's default Open vSwitch firewall rules. By sending carefully crafted packets, anyone in control of a server instance connected to the virtual switch can impersonate the IPv6 addresses of other systems on the network, resulting in denial of service or in some cases possibly interception of traffic intended for other destinations. Only deployments using the Open vSwitch driver are affected. Source: OpenStack project. Versions before openstack-neutron 15.3.3, openstack-neutron 16.3.1 and openstack-neutron 17.1.1 are affected.",
  "severity": [
    {
      "type": "CVSS_V3",
      "score": "CVSS:3.1/AV:N/AC:L/PR:L/UI:N/S:U/C:L/I:N/A:H"
    },
    {
      "type": "CVSS_V4",
      "score": "CVSS:4.0/AV:N/AC:L/AT:N/PR:L/UI:N/VC:L/VI:N/VA:H/SC:N/SI:N/SA:N"
    }
  ],
  "affected": [
    {
      "package": {
        "ecosystem": "PyPI",
        "name": "neutron"
      },
      "ranges": [
        {
          "type": "ECOSYSTEM",
          "events": [
            {
              "introduced": "16.0.0"
            },
            {
              "fixed": "16.3.1"
            }
          ]
        }
      ]
    },
    {
      "package": {
        "ecosystem": "PyPI",
        "name": "neutron"
      },
      "ranges": [
        {
          "type": "ECOSYSTEM",
          "events": [
            {
              "introduced": "0"
            },
            {
              "fixed": "15.3.3"
            }
          ]
        }
      ]
    },
    {
      "package": {
        "ecosystem": "PyPI",
        "name": "neutron"
      },
      "ranges": [
        {
          "type": "ECOSYSTEM",
          "events": [
            {
              "introduced": "17.0.0"
            },
            {
              "fixed": "17.1.1"
            }
          ]
        }
      ]
    }
  ],
  "references": [
    {
      "type": "ADVISORY",
      "url": "https://nvd.nist.gov/vuln/detail/CVE-2021-20267"
    },
    {
      "type": "WEB",
      "url": "https://bugzilla.redhat.com/show_bug.cgi?id=1934330"
    },
    {
      "type": "PACKAGE",
      "url": "https://github.com/openstack/neutron"
    },
    {
      "type": "WEB",
      "url": "https://github.com/pypa/advisory-database/tree/main/vulns/neutron/PYSEC-2021-136.yaml"
    },
    {
      "type": "WEB",
      "url": "https://security.openstack.org/ossa/OSSA-2021-001.html"
    }
  ],
  "database_specific": {
    "cwe_ids": [
      "CWE-345"
    ],
    "severity": "HIGH",
    "github_reviewed": true,
    "github_reviewed_at": "2024-02-23T21:28:05Z",
    "nvd_published_at": "2021-05-28T19:15:00Z"
  }
}