{
  "schema_version": "1.4.0",
  "id": "GHSA-8qq4-8jvq-mfw4",
  "modified": "2022-07-01T21:20:58Z",
  "published": "2022-05-14T01:10:16Z",
  "aliases": [
    "CVE-2017-12616"
  ],
  "summary": "Exposure of Sensitive Information to an Unauthorized Actor in Apache Tomcat",
  "details": "When using a VirtualDirContext with Apache Tomcat 7.0.0 to 7.0.80 it was possible to bypass security constraints and/or view the source code of JSPs for resources served by the VirtualDirContext using a specially crafted request.",
  "severity": [
    {
      "type": "CVSS_V3",
      "score": "CVSS:3.0/AV:N/AC:L/PR:N/UI:N/S:U/C:H/I:N/A:N"
    }
  ],
  "affected": [
    {
      "package": {
        "ecosystem": "Maven",
        "name": "org.apache.tomcat:tomcat-catalina"
      },
      "ranges": [
        {
          "type": "ECOSYSTEM",
          "events": [
            {
              "introduced": "7.0.0"
            },
            {
              "fixed": "7.0.81"
            }
          ]
        }
      ],
      "database_specific": {
        "last_known_affected_version_range": "<= 7.0.80"
      }
    }
  ],
  "references": [
    {
      "type": "ADVISORY",
      "url": "https://nvd.nist.gov/vuln/detail/CVE-2017-12616"
    },
    {
      "type": "WEB",
      "url": "https://access.redhat.com/errata/RHSA-2018:0465"
    },
    {
      "type": "WEB",
      "url": "https://access.redhat.com/errata/RHSA-2018:0466"
    },
    {
      "type": "PACKAGE",
      "url": "https://github.com/apache/tomcat"
    },
    {
      "type": "WEB",
      "url": "https://lists.apache.org/thread.html/1df9b4552464caa42047062fe7175da0da06c18ecc8daf99258bbda6@%3Cannounce.tomcat.apache.org%3E"
    },
    {
      "type": "WEB",
      "url": "https://lists.apache.org/thread.html/388a323769f1dff84c9ec905455aa73fbcb20338e3c7eb131457f708@%3Cdev.tomcat.apache.org%3E"
    },
    {
      "type": "WEB",
      "url": "https://lists.apache.org/thread.html/3d19773b4cf0377db62d1e9328bf9160bf1819f04f988315086931d7@%3Cdev.tomcat.apache.org%3E"
    },
    {
      "type": "WEB",
      "url": "https://lists.apache.org/thread.html/845312a10aabbe2c499fca94003881d2c79fc993d85f34c1f5c77424@%3Cdev.tomcat.apache.org%3E"
    },
    {
      "type": "WEB",
      "url": "https://lists.apache.org/thread.html/r9136ff5b13e4f1941360b5a309efee2c114a14855578c3a2cbe5d19c@%3Cdev.tomcat.apache.org%3E"
    },
    {
      "type": "WEB",
      "url": "https://lists.debian.org/debian-lts-announce/2018/06/msg00008.html"
    },
    {
      "type": "WEB",
      "url": "https://security.netapp.com/advisory/ntap-20171018-0001"
    },
    {
      "type": "WEB",
      "url": "https://support.hpe.com/hpsc/doc/public/display?docLocale=en_US&docId=emr_na-hpesbux03828en_us"
    },
    {
      "type": "WEB",
      "url": "https://usn.ubuntu.com/3665-1"
    },
    {
      "type": "WEB",
      "url": "https://www.synology.com/support/security/Synology_SA_17_54_Tomcat"
    }
  ],
  "database_specific": {
    "cwe_ids": [
      "CWE-200"
    ],
    "severity": "HIGH",
    "github_reviewed": true,
    "github_reviewed_at": "2022-07-01T21:20:58Z",
    "nvd_published_at": "2017-09-19T13:29:00Z"
  }
}