{
  "schema_version": "1.4.0",
  "id": "GHSA-9p2w-rmx4-9mw7",
  "modified": "2021-10-04T19:12:12Z",
  "published": "2020-09-04T16:54:02Z",
  "aliases": [],
  "summary": "Command Injection in strapi",
  "details": "Versions of `strapi` before 3.0.0-beta.17.8 are vulnerable to Command Injection. The package fails to sanitize plugin names in the `/admin/plugins/install/` route. This may allow an authenticated attacker with admin privileges to run arbitrary commands in the server.\n\n\n## Recommendation\n\nUpgrade to version 3.0.0-beta.17.8 or later",
  "severity": [],
  "affected": [
    {
      "package": {
        "ecosystem": "npm",
        "name": "strapi"
      },
      "ranges": [
        {
          "type": "ECOSYSTEM",
          "events": [
            {
              "introduced": "0"
            },
            {
              "fixed": "3.0.0-beta.17.8"
            }
          ]
        }
      ],
      "database_specific": {
        "last_known_affected_version_range": "<= 3.0.0-beta.17.7"
      }
    }
  ],
  "references": [
    {
      "type": "PACKAGE",
      "url": "https://github.com/strapi/strapi"
    },
    {
      "type": "WEB",
      "url": "https://www.npmjs.com/advisories/1424"
    }
  ],
  "database_specific": {
    "cwe_ids": [
      "CWE-77"
    ],
    "severity": "HIGH",
    "github_reviewed": true,
    "github_reviewed_at": "2020-08-31T18:58:49Z",
    "nvd_published_at": null
  }
}