{
  "schema_version": "1.4.0",
  "id": "GHSA-xm9m-2vj8-fmfr",
  "modified": "2021-08-30T21:56:39Z",
  "published": "2021-09-01T18:30:40Z",
  "aliases": [
    "CVE-2021-28029"
  ],
  "summary": "Uninitialized memory access in toodee",
  "details": "An issue was discovered in the toodee crate before 0.3.0 for Rust. The row-insertion feature allows attackers to read the contents of uninitialized memory locations.",
  "severity": [
    {
      "type": "CVSS_V3",
      "score": "CVSS:3.1/AV:N/AC:L/PR:N/UI:N/S:U/C:H/I:N/A:N"
    }
  ],
  "affected": [
    {
      "package": {
        "ecosystem": "crates.io",
        "name": "toodee"
      },
      "ranges": [
        {
          "type": "ECOSYSTEM",
          "events": [
            {
              "introduced": "0"
            },
            {
              "fixed": "0.3.0"
            }
          ]
        }
      ]
    }
  ],
  "references": [
    {
      "type": "ADVISORY",
      "url": "https://nvd.nist.gov/vuln/detail/CVE-2021-28029"
    },
    {
      "type": "WEB",
      "url": "https://github.com/antonmarsden/toodee/issues/13"
    },
    {
      "type": "PACKAGE",
      "url": "https://github.com/antonmarsden/toodee"
    },
    {
      "type": "WEB",
      "url": "https://rustsec.org/advisories/RUSTSEC-2021-0028.html"
    }
  ],
  "database_specific": {
    "cwe_ids": [
      "CWE-908"
    ],
    "severity": "HIGH",
    "github_reviewed": true,
    "github_reviewed_at": "2021-08-30T21:56:39Z",
    "nvd_published_at": "2021-03-05T09:15:00Z"
  }
}