{
  "schema_version": "1.4.0",
  "id": "GHSA-qpfw-4m9x-rxx8",
  "modified": "2024-01-02T14:13:05Z",
  "published": "2022-05-24T17:47:26Z",
  "aliases": [
    "CVE-2021-28458"
  ],
  "summary": "Improper Privilege Management in Azure ms-rest-nodeauth",
  "details": "Azure ms-rest-nodeauth Library Elevation of Privilege Vulnerability",
  "severity": [
    {
      "type": "CVSS_V3",
      "score": "CVSS:3.1/AV:L/AC:L/PR:N/UI:R/S:U/C:H/I:H/A:H"
    }
  ],
  "affected": [
    {
      "package": {
        "ecosystem": "npm",
        "name": "@azure/ms-rest-nodeauth"
      },
      "ranges": [
        {
          "type": "ECOSYSTEM",
          "events": [
            {
              "introduced": "0"
            },
            {
              "fixed": "3.0.8"
            }
          ]
        }
      ],
      "database_specific": {
        "last_known_affected_version_range": "<= 3.0.7"
      }
    }
  ],
  "references": [
    {
      "type": "ADVISORY",
      "url": "https://nvd.nist.gov/vuln/detail/CVE-2021-28458"
    },
    {
      "type": "WEB",
      "url": "https://github.com/Azure/ms-rest-nodeauth/commit/1b8dcfb6d7e1c8a0a00044286021a841961cf636"
    },
    {
      "type": "PACKAGE",
      "url": "https://github.com/Azure/ms-rest-nodeauth"
    },
    {
      "type": "WEB",
      "url": "https://portal.msrc.microsoft.com/en-US/security-guidance/advisory/CVE-2021-28458"
    }
  ],
  "database_specific": {
    "cwe_ids": [
      "CWE-269"
    ],
    "severity": "HIGH",
    "github_reviewed": true,
    "github_reviewed_at": "2022-06-22T18:12:10Z",
    "nvd_published_at": "2021-04-13T20:15:00Z"
  }
}