{
  "schema_version": "1.4.0",
  "id": "GHSA-m4hf-j54p-p353",
  "modified": "2024-11-13T22:12:12Z",
  "published": "2022-02-10T00:19:50Z",
  "aliases": [
    "CVE-2022-21731"
  ],
  "summary": "Type confusion leading to segfault in Tensorflow",
  "details": "### Impact \nThe [implementation of shape inference for `ConcatV2`](https://github.com/tensorflow/tensorflow/blob/5100e359aef5c8021f2e71c7b986420b85ce7b3d/tensorflow/core/framework/common_shape_fns.cc#L1961-L2059) can be used to trigger a denial of service attack via a segfault caused by a type confusion:\n\n```python\nimport tensorflow as tf\n\n@tf.function\ndef test():\n  y = tf.raw_ops.ConcatV2(\n    values=[[1,2,3],[4,5,6]],\n    axis = 0xb500005b)\n  return y\n\ntest()\n```\n\nThe `axis` argument is translated into `concat_dim` in the `ConcatShapeHelper` helper function. Then, a value for `min_rank` is computed based on `concat_dim`. This is then used to validate that the `values` tensor has at least the required rank:\n\n```cc\n  int64_t concat_dim;\n  if (concat_dim_t->dtype() == DT_INT32) {\n    concat_dim = static_cast<int64_t>(concat_dim_t->flat<int32>()(0));\n  } else {\n    concat_dim = concat_dim_t->flat<int64_t>()(0);\n  }\n\n  // Minimum required number of dimensions.\n  const int min_rank = concat_dim < 0 ? -concat_dim : concat_dim + 1;\n\n  // ...\n  ShapeHandle input = c->input(end_value_index - 1);\n  TF_RETURN_IF_ERROR(c->WithRankAtLeast(input, min_rank, &input));\n```\n\nHowever, [`WithRankAtLeast`](https://github.com/tensorflow/tensorflow/blob/5100e359aef5c8021f2e71c7b986420b85ce7b3d/tensorflow/core/framework/shape_inference.cc#L345-L358) receives the lower bound as a 64-bits value and then compares it against the maximum 32-bits integer value that could be represented:\n\n```cc\nStatus InferenceContext::WithRankAtLeast(ShapeHandle shape, int64_t rank,\n                                         ShapeHandle* out) {\n  if (rank > kint32max) {\n    return errors::InvalidArgument(\"Rank cannot exceed kint32max\");\n  }\n  // ...\n}\n```\n\nDue to the fact that `min_rank` is a 32-bits value and the value of `axis`, the `rank` argument is a [negative value](https://godbolt.org/z/Gcr5haMob), so the error check is bypassed.\n\n### Patches\nWe have patched the issue in GitHub commit [08d7b00c0a5a20926363849f611729f53f3ec022](https://github.com/tensorflow/tensorflow/commit/08d7b00c0a5a20926363849f611729f53f3ec022).\n\nThe fix will be included in TensorFlow 2.8.0. We will also cherrypick this commit on TensorFlow 2.7.1, TensorFlow 2.6.3, and TensorFlow 2.5.3, as these are also affected and still in supported range.\n\n### For more information\nPlease consult [our security guide](https://github.com/tensorflow/tensorflow/blob/master/SECURITY.md) for more information regarding the security model and how to contact us with issues and questions.\n\n### Attribution\nThis vulnerability has been reported by Yu Tian of Qihoo 360 AIVul Team.",
  "severity": [
    {
      "type": "CVSS_V3",
      "score": "CVSS:3.1/AV:N/AC:L/PR:L/UI:N/S:U/C:N/I:N/A:H"
    },
    {
      "type": "CVSS_V4",
      "score": "CVSS:4.0/AV:N/AC:L/AT:N/PR:L/UI:N/VC:N/VI:N/VA:H/SC:N/SI:N/SA:N"
    }
  ],
  "affected": [
    {
      "package": {
        "ecosystem": "PyPI",
        "name": "tensorflow"
      },
      "ranges": [
        {
          "type": "ECOSYSTEM",
          "events": [
            {
              "introduced": "0"
            },
            {
              "fixed": "2.5.3"
            }
          ]
        }
      ]
    },
    {
      "package": {
        "ecosystem": "PyPI",
        "name": "tensorflow"
      },
      "ranges": [
        {
          "type": "ECOSYSTEM",
          "events": [
            {
              "introduced": "2.6.0"
            },
            {
              "fixed": "2.6.3"
            }
          ]
        }
      ]
    },
    {
      "package": {
        "ecosystem": "PyPI",
        "name": "tensorflow"
      },
      "ranges": [
        {
          "type": "ECOSYSTEM",
          "events": [
            {
              "introduced": "2.7.0"
            },
            {
              "fixed": "2.7.1"
            }
          ]
        }
      ],
      "versions": [
        "2.7.0"
      ]
    },
    {
      "package": {
        "ecosystem": "PyPI",
        "name": "tensorflow-cpu"
      },
      "ranges": [
        {
          "type": "ECOSYSTEM",
          "events": [
            {
              "introduced": "0"
            },
            {
              "fixed": "2.5.3"
            }
          ]
        }
      ]
    },
    {
      "package": {
        "ecosystem": "PyPI",
        "name": "tensorflow-cpu"
      },
      "ranges": [
        {
          "type": "ECOSYSTEM",
          "events": [
            {
              "introduced": "2.6.0"
            },
            {
              "fixed": "2.6.3"
            }
          ]
        }
      ]
    },
    {
      "package": {
        "ecosystem": "PyPI",
        "name": "tensorflow-cpu"
      },
      "ranges": [
        {
          "type": "ECOSYSTEM",
          "events": [
            {
              "introduced": "2.7.0"
            },
            {
              "fixed": "2.7.1"
            }
          ]
        }
      ],
      "versions": [
        "2.7.0"
      ]
    },
    {
      "package": {
        "ecosystem": "PyPI",
        "name": "tensorflow-gpu"
      },
      "ranges": [
        {
          "type": "ECOSYSTEM",
          "events": [
            {
              "introduced": "0"
            },
            {
              "fixed": "2.5.3"
            }
          ]
        }
      ]
    },
    {
      "package": {
        "ecosystem": "PyPI",
        "name": "tensorflow-gpu"
      },
      "ranges": [
        {
          "type": "ECOSYSTEM",
          "events": [
            {
              "introduced": "2.6.0"
            },
            {
              "fixed": "2.6.3"
            }
          ]
        }
      ]
    },
    {
      "package": {
        "ecosystem": "PyPI",
        "name": "tensorflow-gpu"
      },
      "ranges": [
        {
          "type": "ECOSYSTEM",
          "events": [
            {
              "introduced": "2.7.0"
            },
            {
              "fixed": "2.7.1"
            }
          ]
        }
      ],
      "versions": [
        "2.7.0"
      ]
    }
  ],
  "references": [
    {
      "type": "WEB",
      "url": "https://github.com/tensorflow/tensorflow/security/advisories/GHSA-m4hf-j54p-p353"
    },
    {
      "type": "ADVISORY",
      "url": "https://nvd.nist.gov/vuln/detail/CVE-2022-21731"
    },
    {
      "type": "WEB",
      "url": "https://github.com/tensorflow/tensorflow/commit/08d7b00c0a5a20926363849f611729f53f3ec022"
    },
    {
      "type": "WEB",
      "url": "https://github.com/pypa/advisory-database/tree/main/vulns/tensorflow-cpu/PYSEC-2022-55.yaml"
    },
    {
      "type": "WEB",
      "url": "https://github.com/pypa/advisory-database/tree/main/vulns/tensorflow-gpu/PYSEC-2022-110.yaml"
    },
    {
      "type": "WEB",
      "url": "https://github.com/tensorflow/tensorflow"
    },
    {
      "type": "WEB",
      "url": "https://github.com/tensorflow/tensorflow/blob/5100e359aef5c8021f2e71c7b986420b85ce7b3d/tensorflow/core/framework/common_shape_fns.cc#L1961-L2059"
    },
    {
      "type": "WEB",
      "url": "https://github.com/tensorflow/tensorflow/blob/5100e359aef5c8021f2e71c7b986420b85ce7b3d/tensorflow/core/framework/shape_inference.cc#L345-L358"
    }
  ],
  "database_specific": {
    "cwe_ids": [
      "CWE-754",
      "CWE-843"
    ],
    "severity": "HIGH",
    "github_reviewed": true,
    "github_reviewed_at": "2022-02-03T19:01:09Z",
    "nvd_published_at": "2022-02-03T12:15:00Z"
  }
}