{
  "schema_version": "1.4.0",
  "id": "GHSA-qx2j-85q5-ffp8",
  "modified": "2022-07-07T17:14:28Z",
  "published": "2022-06-24T00:00:32Z",
  "aliases": [
    "CVE-2022-34296"
  ],
  "summary": "Query predicate bypass in Zalando Skipper",
  "details": "In Zalando Skipper before 0.13.218, a query predicate could be bypassed via a prepared request.",
  "severity": [
    {
      "type": "CVSS_V3",
      "score": "CVSS:3.1/AV:N/AC:L/PR:N/UI:N/S:U/C:N/I:H/A:N"
    }
  ],
  "affected": [
    {
      "package": {
        "ecosystem": "Go",
        "name": "github.com/zalando/skipper"
      },
      "ranges": [
        {
          "type": "ECOSYSTEM",
          "events": [
            {
              "introduced": "0"
            },
            {
              "fixed": "0.13.218"
            }
          ]
        }
      ]
    }
  ],
  "references": [
    {
      "type": "ADVISORY",
      "url": "https://nvd.nist.gov/vuln/detail/CVE-2022-34296"
    },
    {
      "type": "WEB",
      "url": "https://github.com/zalando/skipper/pull/2028"
    },
    {
      "type": "WEB",
      "url": "https://github.com/zalando/skipper/commit/998a658ce5a68a336a98f4e63e4371e200860dfc"
    },
    {
      "type": "PACKAGE",
      "url": "https://github.com/zalando/skipper"
    },
    {
      "type": "WEB",
      "url": "https://github.com/zalando/skipper/releases/tag/v0.13.218"
    }
  ],
  "database_specific": {
    "cwe_ids": [],
    "severity": "HIGH",
    "github_reviewed": true,
    "github_reviewed_at": "2022-06-25T07:23:27Z",
    "nvd_published_at": "2022-06-23T17:15:00Z"
  }
}