{
  "schema_version": "1.4.0",
  "id": "GHSA-wfpm-qchc-6cf9",
  "modified": "2025-02-10T17:56:47Z",
  "published": "2025-02-08T00:32:18Z",
  "aliases": [
    "CVE-2024-57606"
  ],
  "summary": "SQL injection in JeecgBoot",
  "details": "SQL injection vulnerability in Beijing Guoju Information Technology Co., Ltd JeecgBoot v.3.7.2 allows a remote attacker to obtain sensitive information via the getTotalData component.",
  "severity": [
    {
      "type": "CVSS_V3",
      "score": "CVSS:3.1/AV:N/AC:L/PR:N/UI:N/S:U/C:H/I:N/A:N"
    }
  ],
  "affected": [
    {
      "package": {
        "ecosystem": "Maven",
        "name": "org.jeecgframework.boot:jeecg-boot-common"
      },
      "ranges": [
        {
          "type": "ECOSYSTEM",
          "events": [
            {
              "introduced": "0"
            },
            {
              "fixed": "3.7.3"
            }
          ]
        }
      ],
      "database_specific": {
        "last_known_affected_version_range": "<= 3.7.2"
      }
    }
  ],
  "references": [
    {
      "type": "ADVISORY",
      "url": "https://nvd.nist.gov/vuln/detail/CVE-2024-57606"
    },
    {
      "type": "WEB",
      "url": "https://github.com/jeecgboot/JeecgBoot/issues/7665"
    }
  ],
  "database_specific": {
    "cwe_ids": [
      "CWE-200",
      "CWE-89"
    ],
    "severity": "HIGH",
    "github_reviewed": true,
    "github_reviewed_at": "2025-02-10T17:56:47Z",
    "nvd_published_at": "2025-02-07T22:15:13Z"
  }
}