{
  "schema_version": "1.4.0",
  "id": "GHSA-fvq6-392h-6mjj",
  "modified": "2021-11-18T00:06:51Z",
  "published": "2021-10-12T22:01:08Z",
  "aliases": [
    "CVE-2017-12599"
  ],
  "summary": "Out-of-bounds Read in OpenCV ",
  "details": "OpenCV (Open Source Computer Vision Library) through 3.3 (corresponding to OpenCV-Python 3.3.0.9) has an out-of-bounds read error in the function icvCvt_BGRA2BGR_8u_C4C3R when reading an image file by using cv::imread.",
  "severity": [
    {
      "type": "CVSS_V3",
      "score": "CVSS:3.0/AV:N/AC:L/PR:N/UI:R/S:U/C:H/I:H/A:H"
    }
  ],
  "affected": [
    {
      "package": {
        "ecosystem": "PyPI",
        "name": "opencv-python"
      },
      "ranges": [
        {
          "type": "ECOSYSTEM",
          "events": [
            {
              "introduced": "0"
            },
            {
              "fixed": "3.3.1.11"
            }
          ]
        }
      ],
      "database_specific": {
        "last_known_affected_version_range": "<= 3.3.0.9"
      }
    },
    {
      "package": {
        "ecosystem": "PyPI",
        "name": "opencv-contrib-python"
      },
      "ranges": [
        {
          "type": "ECOSYSTEM",
          "events": [
            {
              "introduced": "0"
            },
            {
              "fixed": "3.3.1.11"
            }
          ]
        }
      ],
      "database_specific": {
        "last_known_affected_version_range": "<= 3.3.0.9"
      }
    }
  ],
  "references": [
    {
      "type": "ADVISORY",
      "url": "https://nvd.nist.gov/vuln/detail/CVE-2017-12599"
    },
    {
      "type": "WEB",
      "url": "https://github.com/opencv/opencv/issues/9309"
    },
    {
      "type": "WEB",
      "url": "https://github.com/opencv/opencv/pull/9376"
    },
    {
      "type": "PACKAGE",
      "url": "https://github.com/opencv/opencv-python"
    },
    {
      "type": "WEB",
      "url": "https://github.com/opencv/opencv-python/releases/tag/11"
    },
    {
      "type": "WEB",
      "url": "https://github.com/opencv/opencv-python/releases/tag/9"
    },
    {
      "type": "WEB",
      "url": "https://github.com/xiaoqx/pocs/blob/master/opencv.md"
    },
    {
      "type": "WEB",
      "url": "https://lists.debian.org/debian-lts-announce/2018/07/msg00030.html"
    },
    {
      "type": "WEB",
      "url": "https://lists.debian.org/debian-lts-announce/2021/10/msg00028.html"
    },
    {
      "type": "WEB",
      "url": "https://security.gentoo.org/glsa/201712-02"
    }
  ],
  "database_specific": {
    "cwe_ids": [
      "CWE-125"
    ],
    "severity": "HIGH",
    "github_reviewed": true,
    "github_reviewed_at": "2021-10-08T14:47:17Z",
    "nvd_published_at": "2017-08-07T01:29:00Z"
  }
}