{
  "schema_version": "1.4.0",
  "id": "GHSA-7prj-hgx4-2xc3",
  "modified": "2024-12-13T21:46:53Z",
  "published": "2024-12-12T19:20:26Z",
  "aliases": [],
  "summary": "Potential Vulnerabilities Due to Outdated golang.org/x/crypto Dependency in NanoProxy",
  "details": "A security issue was identified in the NanoProxy project related to the `golang.org/x/crypto` dependency. The project was using an outdated version of this dependency, which potentially exposed the system to security vulnerabilities that have been addressed in subsequent updates.\n\nImpact:\nThe specific vulnerabilities in the outdated version of `golang.org/x/crypto` could include authorization bypasses, data breaches, or other security risks. These vulnerabilities can be exploited by attackers to compromise the integrity, confidentiality, or availability of the system.\n\nResolution:\nThe issue has been fixed in NanoProxy by upgrading the `golang.org/x/crypto` dependency to version 0.31.0. Users are strongly encouraged to update their instances of NanoProxy to include this fix and ensure they are using the latest secure version of all dependencies.\n\nFixed Version:\n* `golang.org/x/crypto` upgraded to version 0.31.0.",
  "severity": [],
  "affected": [
    {
      "package": {
        "ecosystem": "Go",
        "name": "github.com/ryanbekhen/nanoproxy"
      },
      "ranges": [
        {
          "type": "ECOSYSTEM",
          "events": [
            {
              "introduced": "0"
            },
            {
              "fixed": "0.15.0"
            }
          ]
        }
      ]
    }
  ],
  "references": [
    {
      "type": "WEB",
      "url": "https://github.com/ryanbekhen/nanoproxy/security/advisories/GHSA-7prj-hgx4-2xc3"
    },
    {
      "type": "ADVISORY",
      "url": "https://nvd.nist.gov/vuln/detail/CVE-2024-45337"
    },
    {
      "type": "PACKAGE",
      "url": "https://github.com/ryanbekhen/nanoproxy"
    },
    {
      "type": "WEB",
      "url": "https://pkg.go.dev/vuln/GO-2024-3330"
    }
  ],
  "database_specific": {
    "cwe_ids": [
      "CWE-1395",
      "CWE-285"
    ],
    "severity": "HIGH",
    "github_reviewed": true,
    "github_reviewed_at": "2024-12-12T19:20:26Z",
    "nvd_published_at": null
  }
}