{
  "schema_version": "1.4.0",
  "id": "GHSA-v744-h36c-hv5j",
  "modified": "2024-05-09T16:13:27Z",
  "published": "2022-04-29T02:59:37Z",
  "aliases": [
    "CVE-2004-1462"
  ],
  "summary": "MoinMoin Improper Access Control ",
  "details": "Unknown vulnerability in MoinMoin 1.2.2 and earlier allows remote attackers to gain unauthorized access to administrator functions such as (1) revert and (2) delete.",
  "severity": [],
  "affected": [
    {
      "package": {
        "ecosystem": "PyPI",
        "name": "Moin"
      },
      "ranges": [
        {
          "type": "ECOSYSTEM",
          "events": [
            {
              "introduced": "0"
            },
            {
              "fixed": "1.2.3"
            }
          ]
        }
      ],
      "database_specific": {
        "last_known_affected_version_range": "<= 1.2.2"
      }
    }
  ],
  "references": [
    {
      "type": "ADVISORY",
      "url": "https://nvd.nist.gov/vuln/detail/CVE-2004-1462"
    },
    {
      "type": "WEB",
      "url": "https://exchange.xforce.ibmcloud.com/vulnerabilities/16833"
    },
    {
      "type": "WEB",
      "url": "https://sourceforge.net/project/shownotes.php?group_id=8482&release_id=254801"
    },
    {
      "type": "WEB",
      "url": "http://www.gentoo.org/security/en/glsa/glsa-200408-25.xml"
    },
    {
      "type": "WEB",
      "url": "http://www.osvdb.org/displayvuln.php?osvdb_id=8194"
    },
    {
      "type": "WEB",
      "url": "http://www.securityfocus.com/bid/10805"
    }
  ],
  "database_specific": {
    "cwe_ids": [],
    "severity": "HIGH",
    "github_reviewed": true,
    "github_reviewed_at": "2024-05-09T16:13:27Z",
    "nvd_published_at": "2004-12-31T05:00:00Z"
  }
}