{
  "schema_version": "1.4.0",
  "id": "GHSA-qh4w-7pw3-p4rp",
  "modified": "2023-08-25T21:29:46Z",
  "published": "2020-04-29T15:34:50Z",
  "aliases": [
    "CVE-2015-4411"
  ],
  "summary": "BSON rubygem contains potential denial of service",
  "details": "The `Moped::BSON::ObjecId.legal?` method in `mongodb/bson-ruby` before 3.0.4 as used in rubygem-moped allows remote attackers to cause a denial of service (worker resource consumption) via a crafted string. NOTE: This issue is due to an incomplete fix to CVE-2015-4410.",
  "severity": [
    {
      "type": "CVSS_V3",
      "score": "CVSS:3.1/AV:N/AC:L/PR:N/UI:N/S:U/C:N/I:N/A:H"
    }
  ],
  "affected": [
    {
      "package": {
        "ecosystem": "RubyGems",
        "name": "bson"
      },
      "ranges": [
        {
          "type": "ECOSYSTEM",
          "events": [
            {
              "introduced": "0"
            },
            {
              "fixed": "3.0.4"
            }
          ]
        }
      ]
    }
  ],
  "references": [
    {
      "type": "ADVISORY",
      "url": "https://nvd.nist.gov/vuln/detail/CVE-2015-4411"
    },
    {
      "type": "WEB",
      "url": "https://github.com/mongodb/bson-ruby/commit/976da329ff03ecdfca3030eb6efe3c85e6db9999"
    },
    {
      "type": "WEB",
      "url": "https://github.com/mongodb/bson-ruby/commit/fef6f75413511d653c76bf924a932374a183a24f#diff-8c8558c185bbb548ccb5a6d6ac4bfee5R191"
    },
    {
      "type": "WEB",
      "url": "https://github.com/mongoid/moped/commit/dd5a7c14b5d2e466f7875d079af71ad19774609b#diff-3b93602f64c2fe46d38efd9f73ef5358R24"
    },
    {
      "type": "WEB",
      "url": "https://bugzilla.redhat.com/show_bug.cgi?id=1229706"
    },
    {
      "type": "ADVISORY",
      "url": "https://github.com/advisories/GHSA-qh4w-7pw3-p4rp"
    },
    {
      "type": "PACKAGE",
      "url": "https://github.com/mongodb/bson-ruby"
    },
    {
      "type": "WEB",
      "url": "https://github.com/mongodb/bson-ruby/compare/7446d7c6764dfda8dc4480ce16d5c023e74be5ca...28f34978a85b689a4480b4d343389bf4886522e7"
    },
    {
      "type": "WEB",
      "url": "https://github.com/rubysec/ruby-advisory-db/blob/master/gems/bson/CVE-2015-4411.yml"
    },
    {
      "type": "WEB",
      "url": "https://homakov.blogspot.ru/2012/05/saferweb-injects-in-various-ruby.html"
    },
    {
      "type": "WEB",
      "url": "https://sakurity.com/blog/2015/06/04/mongo_ruby_regexp.html"
    },
    {
      "type": "WEB",
      "url": "https://seclists.org/oss-sec/2015/q2/653"
    },
    {
      "type": "WEB",
      "url": "https://security-tracker.debian.org/tracker/CVE-2015-4411"
    },
    {
      "type": "WEB",
      "url": "https://web.archive.org/web/20200228085849/http://www.securityfocus.com/bid/75045"
    },
    {
      "type": "WEB",
      "url": "http://lists.fedoraproject.org/pipermail/package-announce/2015-July/161964.html"
    },
    {
      "type": "WEB",
      "url": "http://lists.fedoraproject.org/pipermail/package-announce/2015-July/161987.html"
    },
    {
      "type": "WEB",
      "url": "http://www.openwall.com/lists/oss-security/2015/06/06/3"
    }
  ],
  "database_specific": {
    "cwe_ids": [
      "CWE-400"
    ],
    "severity": "HIGH",
    "github_reviewed": true,
    "github_reviewed_at": "2020-04-23T20:14:17Z",
    "nvd_published_at": null
  }
}