{
  "schema_version": "1.4.0",
  "id": "GHSA-2gx6-qrpp-c4p3",
  "modified": "2024-12-02T20:18:25Z",
  "published": "2024-11-29T21:31:04Z",
  "aliases": [
    "CVE-2024-35371"
  ],
  "summary": "Ant-Media-Server vulnerable to Improper Output Neutralization for Logs",
  "details": "Ant-Media-Server v2.8.2 is affected by Improper Output Neutralization for Logs. The vulnerability stems from insufficient input sanitization in the logging mechanism. Without proper filtering or validation, user-controllable data, such as identifiers or other sensitive information, can be included in log entries without restrictions.",
  "severity": [
    {
      "type": "CVSS_V3",
      "score": "CVSS:3.1/AV:N/AC:L/PR:N/UI:N/S:U/C:H/I:N/A:N"
    },
    {
      "type": "CVSS_V4",
      "score": "CVSS:4.0/AV:N/AC:L/AT:N/PR:N/UI:N/VC:H/VI:N/VA:N/SC:N/SI:N/SA:N"
    }
  ],
  "affected": [
    {
      "package": {
        "ecosystem": "Maven",
        "name": "io.antmedia:ant-media-server"
      },
      "ranges": [
        {
          "type": "ECOSYSTEM",
          "events": [
            {
              "introduced": "0"
            },
            {
              "fixed": "2.9.0"
            }
          ]
        }
      ]
    }
  ],
  "references": [
    {
      "type": "ADVISORY",
      "url": "https://nvd.nist.gov/vuln/detail/CVE-2024-35371"
    },
    {
      "type": "WEB",
      "url": "https://github.com/ant-media/ant-media-server/commit/4d4763bd4fd06e515c19544e5170ca0f34c9ce45"
    },
    {
      "type": "WEB",
      "url": "https://gist.github.com/1047524396/4eb17867f2e375f4824274c5e7b4d384"
    },
    {
      "type": "PACKAGE",
      "url": "https://github.com/ant-media/Ant-Media-Server"
    },
    {
      "type": "WEB",
      "url": "https://github.com/ant-media/Ant-Media-Server/blob/ams-v2.8.2/src/main/java/io/antmedia/rest/RestServiceBase.java#L356"
    }
  ],
  "database_specific": {
    "cwe_ids": [
      "CWE-125"
    ],
    "severity": "HIGH",
    "github_reviewed": true,
    "github_reviewed_at": "2024-12-02T20:18:25Z",
    "nvd_published_at": "2024-11-29T20:15:20Z"
  }
}