{
  "schema_version": "1.4.0",
  "id": "GHSA-p5jh-8rxp-wqjj",
  "modified": "2022-12-20T22:38:03Z",
  "published": "2022-05-24T17:27:07Z",
  "aliases": [
    "CVE-2020-2244"
  ],
  "summary": "XSS vulnerability in Jenkins Build Failure Analyzer Plugin",
  "details": "Jenkins Build Failure Analyzer Plugin 1.27.0 and earlier does not escape matching text in a form validation response, resulting in a cross-site scripting (XSS) vulnerability exploitable by attackers able to provide console output for builds used to test build log indications.\n\nBuild Failure Analyzer Plugin 1.27.1 escapes matching text in the affected form validation response.",
  "severity": [
    {
      "type": "CVSS_V3",
      "score": "CVSS:3.1/AV:N/AC:L/PR:L/UI:R/S:U/C:H/I:H/A:H"
    }
  ],
  "affected": [
    {
      "package": {
        "ecosystem": "Maven",
        "name": "com.sonyericsson.jenkins.plugins.bfa:build-failure-analyzer"
      },
      "ranges": [
        {
          "type": "ECOSYSTEM",
          "events": [
            {
              "introduced": "0"
            },
            {
              "fixed": "1.27.1"
            }
          ]
        }
      ],
      "database_specific": {
        "last_known_affected_version_range": "<= 1.27.0"
      }
    }
  ],
  "references": [
    {
      "type": "ADVISORY",
      "url": "https://nvd.nist.gov/vuln/detail/CVE-2020-2244"
    },
    {
      "type": "WEB",
      "url": "https://github.com/jenkinsci/build-failure-analyzer-plugin/commit/c974938f213df0109269cb1b4508b8a1ec19f0ff"
    },
    {
      "type": "PACKAGE",
      "url": "https://github.com/jenkinsci/build-failure-analyzer-plugin"
    },
    {
      "type": "WEB",
      "url": "https://jenkins.io/security/advisory/2020-09-01/#SECURITY-1770"
    },
    {
      "type": "WEB",
      "url": "http://www.openwall.com/lists/oss-security/2020/09/01/3"
    }
  ],
  "database_specific": {
    "cwe_ids": [
      "CWE-79"
    ],
    "severity": "HIGH",
    "github_reviewed": true,
    "github_reviewed_at": "2022-12-20T22:38:03Z",
    "nvd_published_at": "2020-09-01T14:15:00Z"
  }
}