{
  "schema_version": "1.4.0",
  "id": "GHSA-c6fg-99pr-25m9",
  "modified": "2022-01-06T19:47:00Z",
  "published": "2022-01-06T23:53:58Z",
  "aliases": [],
  "summary": "Uncapped length of skin data fields submitted by players",
  "details": "### Impact\nSome skin data fields (e.g. skinID, geometryName) are not capped in length. These fields are typically saved in the NBT data of a player when the player quits the server, or during an autosave.\n\nThis is problematic due to the 32767 byte limit on `TAG_String`s. If any of these fields exceeds 32767 bytes, an exception will be thrown during data saving, which will cause the server to crash.\n\nOther fields (such as skinGeometryData) are also uncapped, but those have a much larger 2 GB length limit, so this is not a concern for those, particularly considering the decompressed packet size limit of 2 MB.\n\n### Patches\nPM3: 958a9dbf0fe3131ab60319c5a939f5dfbfe5dfbb\nPM4: 6492cac5c10f9fa8443ceddd2191a7b65b73f601\n\n### Workarounds\nA plugin may check player skins during `PlayerLoginEvent` and `PlayerSkinChangeEvent` and ensure that the offending fields are not larger than 32767 bytes.\n\n### For more information\nIf you have any questions or comments about this advisory:\n* Email us at [team@pmmp.io](mailto:team@pmmp.io)\n",
  "severity": [
    {
      "type": "CVSS_V3",
      "score": "CVSS:3.1/AV:N/AC:L/PR:N/UI:N/S:U/C:N/I:N/A:H"
    }
  ],
  "affected": [
    {
      "package": {
        "ecosystem": "Packagist",
        "name": "pocketmine/pocketmine-mp"
      },
      "ranges": [
        {
          "type": "ECOSYSTEM",
          "events": [
            {
              "introduced": "0"
            },
            {
              "fixed": "3.26.5"
            }
          ]
        }
      ]
    },
    {
      "package": {
        "ecosystem": "Packagist",
        "name": "pocketmine/pocketmine-mp"
      },
      "ranges": [
        {
          "type": "ECOSYSTEM",
          "events": [
            {
              "introduced": "4.0.0"
            },
            {
              "fixed": "4.0.5"
            }
          ]
        }
      ]
    }
  ],
  "references": [
    {
      "type": "WEB",
      "url": "https://github.com/pmmp/PocketMine-MP/security/advisories/GHSA-c6fg-99pr-25m9"
    },
    {
      "type": "WEB",
      "url": "https://github.com/pmmp/PocketMine-MP/commit/6492cac5c10f9fa8443ceddd2191a7b65b73f601"
    },
    {
      "type": "WEB",
      "url": "https://github.com/pmmp/PocketMine-MP/commit/958a9dbf0fe3131ab60319c5a939f5dfbfe5dfbb"
    },
    {
      "type": "PACKAGE",
      "url": "https://github.com/pmmp/PocketMine-MP"
    }
  ],
  "database_specific": {
    "cwe_ids": [],
    "severity": "HIGH",
    "github_reviewed": true,
    "github_reviewed_at": "2022-01-06T19:47:00Z",
    "nvd_published_at": null
  }
}