{
  "schema_version": "1.4.0",
  "id": "GHSA-57f3-gghm-9mhc",
  "modified": "2023-09-08T20:22:14Z",
  "published": "2021-03-12T21:28:46Z",
  "aliases": [
    "CVE-2021-23353"
  ],
  "summary": "jspdf vulnerable to Regular Expression Denial of Service (ReDoS)",
  "details": "This affects the package jspdf before 2.3.1. ReDoS is possible via the addImage function.",
  "severity": [
    {
      "type": "CVSS_V3",
      "score": "CVSS:3.1/AV:N/AC:L/PR:N/UI:N/S:U/C:N/I:N/A:H"
    }
  ],
  "affected": [
    {
      "package": {
        "ecosystem": "npm",
        "name": "jspdf"
      },
      "ranges": [
        {
          "type": "ECOSYSTEM",
          "events": [
            {
              "introduced": "0"
            },
            {
              "fixed": "2.3.1"
            }
          ]
        }
      ]
    }
  ],
  "references": [
    {
      "type": "ADVISORY",
      "url": "https://nvd.nist.gov/vuln/detail/CVE-2021-23353"
    },
    {
      "type": "WEB",
      "url": "https://github.com/MrRio/jsPDF/pull/3091"
    },
    {
      "type": "WEB",
      "url": "https://github.com/MrRio/jsPDF/commit/d8bb3b39efcd129994f7a3b01b632164144ec43e"
    },
    {
      "type": "WEB",
      "url": "https://snyk.io/vuln/SNYK-JAVA-ORGWEBJARS-1083289"
    },
    {
      "type": "WEB",
      "url": "https://snyk.io/vuln/SNYK-JAVA-ORGWEBJARSBOWER-1083287"
    },
    {
      "type": "WEB",
      "url": "https://snyk.io/vuln/SNYK-JAVA-ORGWEBJARSBOWERGITHUBMRRIO-1083288"
    },
    {
      "type": "WEB",
      "url": "https://snyk.io/vuln/SNYK-JAVA-ORGWEBJARSNPM-1083286"
    },
    {
      "type": "WEB",
      "url": "https://snyk.io/vuln/SNYK-JS-JSPDF-1073626"
    }
  ],
  "database_specific": {
    "cwe_ids": [
      "CWE-400"
    ],
    "severity": "HIGH",
    "github_reviewed": true,
    "github_reviewed_at": "2021-03-12T21:11:28Z",
    "nvd_published_at": "2021-03-09T19:15:00Z"
  }
}