{
  "schema_version": "1.4.0",
  "id": "GHSA-j8qv-mj4r-6fw4",
  "modified": "2022-06-28T23:27:28Z",
  "published": "2022-05-13T01:01:00Z",
  "aliases": [
    "CVE-2018-1999001"
  ],
  "summary": "Improper Input Validation in Jenkins",
  "details": "A unauthorized modification of configuration vulnerability exists in Jenkins 2.132 and earlier, 2.121.1 and earlier in User.java that allows attackers to provide crafted login credentials that cause Jenkins to move the config.xml file from the Jenkins home directory. If Jenkins is started without this file present, it will revert to the legacy defaults of granting administrator access to anonymous users.",
  "severity": [
    {
      "type": "CVSS_V3",
      "score": "CVSS:3.0/AV:N/AC:L/PR:N/UI:R/S:U/C:H/I:H/A:H"
    }
  ],
  "affected": [
    {
      "package": {
        "ecosystem": "Maven",
        "name": "org.jenkins-ci.main:jenkins-core"
      },
      "ranges": [
        {
          "type": "ECOSYSTEM",
          "events": [
            {
              "introduced": "0"
            },
            {
              "fixed": "2.121.2"
            }
          ]
        }
      ]
    },
    {
      "package": {
        "ecosystem": "Maven",
        "name": "org.jenkins-ci.main:jenkins-core"
      },
      "ranges": [
        {
          "type": "ECOSYSTEM",
          "events": [
            {
              "introduced": "2.122"
            },
            {
              "fixed": "2.132"
            }
          ]
        }
      ]
    }
  ],
  "references": [
    {
      "type": "ADVISORY",
      "url": "https://nvd.nist.gov/vuln/detail/CVE-2018-1999001"
    },
    {
      "type": "WEB",
      "url": "https://github.com/jenkinsci/jenkins/commit/5f4d014b3b7f89e206c6c8509540ed559f604959"
    },
    {
      "type": "PACKAGE",
      "url": "https://github.com/jenkinsci/jenkins"
    },
    {
      "type": "WEB",
      "url": "https://jenkins.io/security/advisory/2018-07-18/#SECURITY-897"
    },
    {
      "type": "WEB",
      "url": "https://www.oracle.com/security-alerts/cpuapr2022.html"
    }
  ],
  "database_specific": {
    "cwe_ids": [
      "CWE-20"
    ],
    "severity": "HIGH",
    "github_reviewed": true,
    "github_reviewed_at": "2022-06-28T23:27:28Z",
    "nvd_published_at": "2018-07-23T19:29:00Z"
  }
}