{
  "schema_version": "1.4.0",
  "id": "GHSA-f7cr-7c2c-fm8r",
  "modified": "2024-05-14T17:31:21Z",
  "published": "2022-05-13T01:07:34Z",
  "aliases": [
    "CVE-2016-4985"
  ],
  "summary": "OpenStack Ironic Exposure of Sensitive Information to an Unauthorized Actor",
  "details": "The ironic-api service in OpenStack Ironic before 4.2.5 (Liberty) and 5.x before 5.1.2 (Mitaka) allows remote attackers to obtain sensitive information about a registered node by leveraging knowledge of the MAC address of a network card belonging to that node and sending a crafted POST request to the `v1/drivers/$DRIVER_NAME/vendor_passthru` resource.",
  "severity": [
    {
      "type": "CVSS_V3",
      "score": "CVSS:3.0/AV:N/AC:L/PR:N/UI:N/S:U/C:H/I:N/A:N"
    }
  ],
  "affected": [
    {
      "package": {
        "ecosystem": "PyPI",
        "name": "ironic"
      },
      "ranges": [
        {
          "type": "ECOSYSTEM",
          "events": [
            {
              "introduced": "0"
            },
            {
              "fixed": "4.2.5"
            }
          ]
        }
      ]
    },
    {
      "package": {
        "ecosystem": "PyPI",
        "name": "ironic"
      },
      "ranges": [
        {
          "type": "ECOSYSTEM",
          "events": [
            {
              "introduced": "5.0"
            },
            {
              "fixed": "5.1.2"
            }
          ]
        }
      ]
    }
  ],
  "references": [
    {
      "type": "ADVISORY",
      "url": "https://nvd.nist.gov/vuln/detail/CVE-2016-4985"
    },
    {
      "type": "WEB",
      "url": "https://github.com/openstack/ironic/commit/426a306fb580762e97ada04e1253dedd9b64d410"
    },
    {
      "type": "WEB",
      "url": "https://github.com/openstack/ironic/commit/affec224977174581d19a2b914772cb0409f633e"
    },
    {
      "type": "WEB",
      "url": "https://github.com/openstack/ironic/commit/f5a3ff1dfcde068769f9a2a477ba6a9edaf69c77"
    },
    {
      "type": "WEB",
      "url": "https://access.redhat.com/errata/RHSA-2016:1377"
    },
    {
      "type": "WEB",
      "url": "https://access.redhat.com/errata/RHSA-2016:1378"
    },
    {
      "type": "WEB",
      "url": "https://access.redhat.com/security/cve/CVE-2016-4985"
    },
    {
      "type": "WEB",
      "url": "https://bugs.launchpad.net/ironic/+bug/1572796"
    },
    {
      "type": "WEB",
      "url": "https://bugzilla.redhat.com/show_bug.cgi?id=1346193"
    },
    {
      "type": "PACKAGE",
      "url": "https://github.com/openstack/ironic"
    },
    {
      "type": "WEB",
      "url": "https://review.openstack.org/332195"
    },
    {
      "type": "WEB",
      "url": "https://review.openstack.org/332196"
    },
    {
      "type": "WEB",
      "url": "https://review.openstack.org/332197"
    },
    {
      "type": "WEB",
      "url": "http://www.openwall.com/lists/oss-security/2016/06/21/6"
    }
  ],
  "database_specific": {
    "cwe_ids": [
      "CWE-200"
    ],
    "severity": "HIGH",
    "github_reviewed": true,
    "github_reviewed_at": "2024-05-14T17:31:21Z",
    "nvd_published_at": "2016-07-12T19:59:00Z"
  }
}