{
  "schema_version": "1.4.0",
  "id": "GHSA-h98h-8mxr-m8gx",
  "modified": "2024-10-28T14:23:04Z",
  "published": "2020-05-13T16:01:35Z",
  "aliases": [
    "CVE-2018-21233"
  ],
  "summary": "Out-of-bounds read in TensorFlow possibly causing disclosure of the contents of process memory.",
  "details": "TensorFlow before 1.7.0 has an integer overflow that causes an out-of-bounds read, possibly causing disclosure of the contents of process memory. This occurs in the DecodeBmp feature of the BMP decoder in `core/kernels/decode_bmp_op.cc`.",
  "severity": [
    {
      "type": "CVSS_V3",
      "score": "CVSS:3.1/AV:N/AC:L/PR:N/UI:R/S:U/C:H/I:N/A:N"
    },
    {
      "type": "CVSS_V4",
      "score": "CVSS:4.0/AV:N/AC:L/AT:N/PR:N/UI:P/VC:H/VI:N/VA:N/SC:N/SI:N/SA:N"
    }
  ],
  "affected": [
    {
      "package": {
        "ecosystem": "PyPI",
        "name": "tensorflow"
      },
      "ranges": [
        {
          "type": "ECOSYSTEM",
          "events": [
            {
              "introduced": "0"
            },
            {
              "fixed": "1.7.0"
            }
          ]
        }
      ]
    },
    {
      "package": {
        "ecosystem": "PyPI",
        "name": "tensorflow-gpu"
      },
      "ranges": [
        {
          "type": "ECOSYSTEM",
          "events": [
            {
              "introduced": "0"
            },
            {
              "fixed": "1.7.0"
            }
          ]
        }
      ]
    }
  ],
  "references": [
    {
      "type": "ADVISORY",
      "url": "https://nvd.nist.gov/vuln/detail/CVE-2018-21233"
    },
    {
      "type": "WEB",
      "url": "https://github.com/tensorflow/tensorflow/commit/49f73c55d56edffebde4bca4a407ad69c1cae433"
    },
    {
      "type": "ADVISORY",
      "url": "https://github.com/advisories/GHSA-h98h-8mxr-m8gx"
    },
    {
      "type": "WEB",
      "url": "https://github.com/pypa/advisory-database/tree/main/vulns/tensorflow-cpu/PYSEC-2020-269.yaml"
    },
    {
      "type": "WEB",
      "url": "https://github.com/pypa/advisory-database/tree/main/vulns/tensorflow-gpu/PYSEC-2020-304.yaml"
    },
    {
      "type": "WEB",
      "url": "https://github.com/pypa/advisory-database/tree/main/vulns/tensorflow/PYSEC-2020-253.yaml"
    },
    {
      "type": "PACKAGE",
      "url": "https://github.com/tensorflow/tensorflow"
    },
    {
      "type": "WEB",
      "url": "https://github.com/tensorflow/tensorflow/blob/master/tensorflow/security/advisory/tfsa-2018-001.md"
    }
  ],
  "database_specific": {
    "cwe_ids": [
      "CWE-125"
    ],
    "severity": "HIGH",
    "github_reviewed": true,
    "github_reviewed_at": "2020-05-13T16:01:21Z",
    "nvd_published_at": null
  }
}