{
  "schema_version": "1.4.0",
  "id": "GHSA-7rp6-w7mg-h8rw",
  "modified": "2021-09-17T18:29:23Z",
  "published": "2021-09-20T20:22:05Z",
  "aliases": [
    "CVE-2021-39239"
  ],
  "summary": "XML External Entity Reference in Apache Jena",
  "details": "A vulnerability in XML processing in Apache Jena, in versions up to 4.1.0, may allow an attacker to execute XML External Entities (XXE), including exposing the contents of local files to a remote server.",
  "severity": [],
  "affected": [
    {
      "package": {
        "ecosystem": "Maven",
        "name": "org.apache.jena:jena-core"
      },
      "ranges": [
        {
          "type": "ECOSYSTEM",
          "events": [
            {
              "introduced": "0"
            },
            {
              "fixed": "4.2.0"
            }
          ]
        }
      ]
    }
  ],
  "references": [
    {
      "type": "ADVISORY",
      "url": "https://nvd.nist.gov/vuln/detail/CVE-2021-39239"
    },
    {
      "type": "PACKAGE",
      "url": "https://gitbox.apache.org/repos/asf?p=jena.git"
    },
    {
      "type": "WEB",
      "url": "https://lists.apache.org/thread.html/r0f03ae7e102c3e8587fdd36531fc167309335738156dfbd7d9c1bf45@%3Cdev.jena.apache.org%3E"
    },
    {
      "type": "WEB",
      "url": "https://lists.apache.org/thread.html/rce5241b228a1f0e5880f6b2bfdb7ae9ee420e94cb692738a0bbfed9d@%3Cdev.jena.apache.org%3E"
    },
    {
      "type": "WEB",
      "url": "https://lists.apache.org/thread.html/rf44d529c54ef1d0097e813f576a0823a727e1669a9f610d3221d493d%40%3Cusers.jena.apache.org%3E"
    },
    {
      "type": "WEB",
      "url": "https://lists.apache.org/thread.html/rf44d529c54ef1d0097e813f576a0823a727e1669a9f610d3221d493d@%3Cannounce.apache.org%3E"
    }
  ],
  "database_specific": {
    "cwe_ids": [
      "CWE-611"
    ],
    "severity": "HIGH",
    "github_reviewed": true,
    "github_reviewed_at": "2021-09-17T18:29:23Z",
    "nvd_published_at": "2021-09-16T15:15:00Z"
  }
}