{
  "schema_version": "1.4.0",
  "id": "GHSA-pqj8-xhcx-prxm",
  "modified": "2024-12-11T22:02:35Z",
  "published": "2024-12-04T18:32:36Z",
  "aliases": [
    "CVE-2024-39163"
  ],
  "summary": "pyspider Cross-Site Request Forgery (CSRF) via the Flask endpoints",
  "details": "binux pyspider up to v0.3.10 was discovered to contain a Cross-Site Request Forgery (CSRF) via the Flask endpoints.",
  "severity": [
    {
      "type": "CVSS_V3",
      "score": "CVSS:3.1/AV:N/AC:L/PR:N/UI:R/S:U/C:H/I:H/A:H"
    }
  ],
  "affected": [
    {
      "package": {
        "ecosystem": "PyPI",
        "name": "pyspider"
      },
      "ranges": [
        {
          "type": "ECOSYSTEM",
          "events": [
            {
              "introduced": "0"
            },
            {
              "last_affected": "0.3.10"
            }
          ]
        }
      ]
    }
  ],
  "references": [
    {
      "type": "ADVISORY",
      "url": "https://nvd.nist.gov/vuln/detail/CVE-2024-39163"
    },
    {
      "type": "PACKAGE",
      "url": "https://github.com/binux/pyspider"
    },
    {
      "type": "WEB",
      "url": "https://github.com/binux/pyspider/blob/master/pyspider/webui/debug.py#L39"
    },
    {
      "type": "WEB",
      "url": "https://www.sonarsource.com/blog/basic-http-authentication-risk-uncovering-pyspider-vulnerabilities"
    }
  ],
  "database_specific": {
    "cwe_ids": [
      "CWE-352"
    ],
    "severity": "HIGH",
    "github_reviewed": true,
    "github_reviewed_at": "2024-12-11T22:02:35Z",
    "nvd_published_at": "2024-12-04T17:15:13Z"
  }
}