{
  "schema_version": "1.4.0",
  "id": "GHSA-9645-6g72-2pv8",
  "modified": "2024-02-09T19:06:40Z",
  "published": "2022-05-17T05:44:03Z",
  "aliases": [
    "CVE-2008-7252"
  ],
  "summary": "phpMyAdmin unsafely handles temporary files",
  "details": "`libraries/File.class.php` in phpMyAdmin 2.11.x before 2.11.10 uses predictable filenames for temporary files, which has unknown impact and attack vectors.",
  "severity": [],
  "affected": [
    {
      "package": {
        "ecosystem": "Packagist",
        "name": "phpmyadmin/phpmyadmin"
      },
      "ranges": [
        {
          "type": "ECOSYSTEM",
          "events": [
            {
              "introduced": "2.11.0"
            },
            {
              "fixed": "2.11.10"
            }
          ]
        }
      ]
    }
  ],
  "references": [
    {
      "type": "ADVISORY",
      "url": "https://nvd.nist.gov/vuln/detail/CVE-2008-7252"
    },
    {
      "type": "PACKAGE",
      "url": "https://github.com/phpmyadmin/composer"
    },
    {
      "type": "WEB",
      "url": "https://web.archive.org/web/20100613071447/http://secunia.com/advisories/38211"
    },
    {
      "type": "WEB",
      "url": "https://web.archive.org/web/20100613071509/http://secunia.com/advisories/39503"
    },
    {
      "type": "WEB",
      "url": "https://web.archive.org/web/20110729050522/http://www.securityfocus.com/bid/37826"
    },
    {
      "type": "WEB",
      "url": "http://lists.opensuse.org/opensuse-security-announce/2010-01/msg00007.html"
    },
    {
      "type": "WEB",
      "url": "http://phpmyadmin.svn.sourceforge.net/viewvc/phpmyadmin/branches/QA_2_11/phpMyAdmin/libraries/File.class.php?r1=11528&r2=11527&pathrev=11528"
    },
    {
      "type": "WEB",
      "url": "http://phpmyadmin.svn.sourceforge.net/viewvc/phpmyadmin?view=rev&revision=11528"
    },
    {
      "type": "WEB",
      "url": "http://www.debian.org/security/2010/dsa-2034"
    },
    {
      "type": "WEB",
      "url": "http://www.phpmyadmin.net/home_page/security/PMASA-2010-2.php"
    }
  ],
  "database_specific": {
    "cwe_ids": [
      "CWE-377"
    ],
    "severity": "HIGH",
    "github_reviewed": true,
    "github_reviewed_at": "2024-02-09T19:06:40Z",
    "nvd_published_at": "2010-01-19T16:30:00Z"
  }
}