{
  "schema_version": "1.4.0",
  "id": "GHSA-c92m-rrrc-q5wf",
  "modified": "2023-09-05T21:11:43Z",
  "published": "2017-10-24T18:33:35Z",
  "aliases": [
    "CVE-2016-3693"
  ],
  "summary": "safemode gem allows context-dependent attackers to obtain sensitive information via the inspect method",
  "details": "The Safemode gem before 1.2.4 for Ruby, when initialized with a delegate object that is a Rails controller, allows context-dependent attackers to obtain sensitive information via the inspect method.",
  "severity": [
    {
      "type": "CVSS_V3",
      "score": "CVSS:3.0/AV:N/AC:H/PR:N/UI:N/S:U/C:H/I:H/A:H"
    }
  ],
  "affected": [
    {
      "package": {
        "ecosystem": "RubyGems",
        "name": "safemode"
      },
      "ranges": [
        {
          "type": "ECOSYSTEM",
          "events": [
            {
              "introduced": "0"
            },
            {
              "fixed": "1.2.4"
            }
          ]
        }
      ]
    }
  ],
  "references": [
    {
      "type": "ADVISORY",
      "url": "https://nvd.nist.gov/vuln/detail/CVE-2016-3693"
    },
    {
      "type": "WEB",
      "url": "https://github.com/svenfuchs/safemode/commit/0f764a1720a3a68fd2842e21377c8bfad6d7126f"
    },
    {
      "type": "WEB",
      "url": "https://github.com/theforeman/foreman/commit/82f9b93c54f72c5814df6bab7fad057eab65b2f2"
    },
    {
      "type": "WEB",
      "url": "https://access.redhat.com/errata/RHSA-2018:0336"
    },
    {
      "type": "PACKAGE",
      "url": "https://github.com/svenfuchs/safemode"
    },
    {
      "type": "WEB",
      "url": "http://projects.theforeman.org/issues/14635"
    },
    {
      "type": "WEB",
      "url": "http://rubysec.com/advisories/CVE-2016-3693"
    },
    {
      "type": "WEB",
      "url": "http://theforeman.org/security.html#2016-3693"
    },
    {
      "type": "WEB",
      "url": "http://www.openwall.com/lists/oss-security/2016/04/20/8"
    }
  ],
  "database_specific": {
    "cwe_ids": [
      "CWE-200"
    ],
    "severity": "HIGH",
    "github_reviewed": true,
    "github_reviewed_at": "2020-06-16T21:30:40Z",
    "nvd_published_at": "2016-05-20T14:59:00Z"
  }
}