{
  "schema_version": "1.4.0",
  "id": "GHSA-7664-hcp7-f497",
  "modified": "2023-12-12T21:39:48Z",
  "published": "2023-12-06T09:30:17Z",
  "aliases": [
    "CVE-2023-6458"
  ],
  "summary": "Mattermost Injection vulnerability",
  "details": "Mattermost webapp fails to validate\u00a0route parameters in/<TEAM_NAME>/channels/<CHANNEL_NAME>\u00a0allowing an attacker to perform a client-side path traversal.\n\n",
  "severity": [
    {
      "type": "CVSS_V3",
      "score": "CVSS:3.1/AV:N/AC:H/PR:L/UI:R/S:C/C:L/I:H/A:L"
    }
  ],
  "affected": [
    {
      "package": {
        "ecosystem": "Go",
        "name": "github.com/mattermost/mattermost-server/v6"
      },
      "ranges": [
        {
          "type": "ECOSYSTEM",
          "events": [
            {
              "introduced": "0"
            },
            {
              "fixed": "7.8.14"
            }
          ]
        }
      ]
    },
    {
      "package": {
        "ecosystem": "Go",
        "name": "github.com/mattermost/mattermost/server/v8"
      },
      "ranges": [
        {
          "type": "ECOSYSTEM",
          "events": [
            {
              "introduced": "0"
            },
            {
              "fixed": "8.1.5"
            }
          ]
        }
      ]
    },
    {
      "package": {
        "ecosystem": "Go",
        "name": "github.com/mattermost/mattermost/server/v8"
      },
      "ranges": [
        {
          "type": "ECOSYSTEM",
          "events": [
            {
              "introduced": "9.0.0"
            },
            {
              "fixed": "9.0.3"
            }
          ]
        }
      ]
    },
    {
      "package": {
        "ecosystem": "Go",
        "name": "github.com/mattermost/mattermost/server"
      },
      "ranges": [
        {
          "type": "ECOSYSTEM",
          "events": [
            {
              "introduced": "9.1.0"
            },
            {
              "fixed": "9.1.2"
            }
          ]
        }
      ]
    }
  ],
  "references": [
    {
      "type": "ADVISORY",
      "url": "https://nvd.nist.gov/vuln/detail/CVE-2023-6458"
    },
    {
      "type": "PACKAGE",
      "url": "https://github.com/mattermost/mattermost"
    },
    {
      "type": "WEB",
      "url": "https://mattermost.com/security-updates"
    }
  ],
  "database_specific": {
    "cwe_ids": [
      "CWE-22",
      "CWE-74"
    ],
    "severity": "HIGH",
    "github_reviewed": true,
    "github_reviewed_at": "2023-12-08T21:57:03Z",
    "nvd_published_at": "2023-12-06T09:15:08Z"
  }
}