{
  "schema_version": "1.4.0",
  "id": "GHSA-5532-prrf-rf5x",
  "modified": "2024-01-30T22:43:47Z",
  "published": "2022-05-13T01:41:14Z",
  "aliases": [
    "CVE-2017-1000403"
  ],
  "summary": "Arbitrary code execution vulnerability in Jenkins Speaks! Plugin",
  "details": "Jenkins Speaks! Plugin, all current versions, allows users with Job/Configure permission to run arbitrary Groovy code inside the Jenkins JVM, effectively elevating privileges to Overall/Run Scripts.",
  "severity": [
    {
      "type": "CVSS_V3",
      "score": "CVSS:3.0/AV:N/AC:L/PR:L/UI:N/S:U/C:H/I:H/A:H"
    }
  ],
  "affected": [
    {
      "package": {
        "ecosystem": "Maven",
        "name": "org.jvnet.hudson.plugins:speaks"
      },
      "ranges": [
        {
          "type": "ECOSYSTEM",
          "events": [
            {
              "introduced": "0"
            },
            {
              "last_affected": "0.1.1"
            }
          ]
        }
      ]
    }
  ],
  "references": [
    {
      "type": "ADVISORY",
      "url": "https://nvd.nist.gov/vuln/detail/CVE-2017-1000403"
    },
    {
      "type": "WEB",
      "url": "https://jenkins.io/security/advisory/2017-10-11"
    }
  ],
  "database_specific": {
    "cwe_ids": [
      "CWE-732"
    ],
    "severity": "HIGH",
    "github_reviewed": true,
    "github_reviewed_at": "2024-01-30T22:43:47Z",
    "nvd_published_at": "2018-01-26T02:29:00Z"
  }
}