{
  "schema_version": "1.4.0",
  "id": "GHSA-787v-v9vq-4rgv",
  "modified": "2025-02-12T18:18:46Z",
  "published": "2024-12-12T15:31:09Z",
  "aliases": [
    "CVE-2024-55633"
  ],
  "summary": "Apache Superset: SQLLab Improper readonly query validation allows unauthorized write access",
  "details": "Improper Authorization vulnerability in Apache Superset. On Postgres analytic databases an attacker with SQLLab access can\u00a0craft a specially designed SQL DML statement\u00a0that is Incorrectly identified as a read-only query, enabling its execution. Non postgres analytics database connections and postgres analytics database connections set with a readonly user (advised) are not vulnerable.\u00a0\n\nThis issue affects Apache Superset: before 4.1.0.\n\nUsers are recommended to upgrade to version 4.1.0, which fixes the issue.",
  "severity": [
    {
      "type": "CVSS_V3",
      "score": "CVSS:3.1/AV:N/AC:L/PR:L/UI:N/S:U/C:N/I:H/A:N"
    },
    {
      "type": "CVSS_V4",
      "score": "CVSS:4.0/AV:N/AC:L/AT:N/PR:L/UI:N/VC:N/VI:H/VA:N/SC:N/SI:N/SA:N"
    }
  ],
  "affected": [
    {
      "package": {
        "ecosystem": "PyPI",
        "name": "apache-superset"
      },
      "ranges": [
        {
          "type": "ECOSYSTEM",
          "events": [
            {
              "introduced": "0"
            },
            {
              "fixed": "4.1.0"
            }
          ]
        }
      ]
    }
  ],
  "references": [
    {
      "type": "ADVISORY",
      "url": "https://nvd.nist.gov/vuln/detail/CVE-2024-55633"
    },
    {
      "type": "PACKAGE",
      "url": "https://github.com/apache/superset"
    },
    {
      "type": "WEB",
      "url": "https://lists.apache.org/thread/bwmd17fcvljt9q4cgctp4v09zh3qs7fb"
    },
    {
      "type": "WEB",
      "url": "http://www.openwall.com/lists/oss-security/2024/12/12/1"
    }
  ],
  "database_specific": {
    "cwe_ids": [
      "CWE-285",
      "CWE-863"
    ],
    "severity": "HIGH",
    "github_reviewed": true,
    "github_reviewed_at": "2024-12-12T19:23:21Z",
    "nvd_published_at": "2024-12-12T15:15:17Z"
  }
}