{
  "schema_version": "1.4.0",
  "id": "GHSA-f7f6-xrwc-9c57",
  "modified": "2022-07-01T21:57:58Z",
  "published": "2022-05-14T01:04:31Z",
  "aliases": [
    "CVE-2017-1000394"
  ],
  "summary": "Improper Input Validation in Jenkins",
  "details": "Jenkins 2.73.1 and earlier, 2.83 and earlier bundled a version of the commons-fileupload library with the denial-of-service vulnerability known as CVE-2016-3092. The fix for that vulnerability has been backported to the version of the library bundled with Jenkins.",
  "severity": [
    {
      "type": "CVSS_V3",
      "score": "CVSS:3.0/AV:N/AC:L/PR:N/UI:N/S:U/C:N/I:N/A:H"
    }
  ],
  "affected": [
    {
      "package": {
        "ecosystem": "Maven",
        "name": "org.jenkins-ci.main:jenkins-core"
      },
      "ranges": [
        {
          "type": "ECOSYSTEM",
          "events": [
            {
              "introduced": "0"
            },
            {
              "fixed": "2.73.2"
            }
          ]
        }
      ],
      "database_specific": {
        "last_known_affected_version_range": "<= 2.73.1"
      }
    },
    {
      "package": {
        "ecosystem": "Maven",
        "name": "org.jenkins-ci.main:jenkins-core"
      },
      "ranges": [
        {
          "type": "ECOSYSTEM",
          "events": [
            {
              "introduced": "2.74"
            },
            {
              "fixed": "2.84"
            }
          ]
        }
      ],
      "database_specific": {
        "last_known_affected_version_range": "<= 2.83"
      }
    }
  ],
  "references": [
    {
      "type": "ADVISORY",
      "url": "https://nvd.nist.gov/vuln/detail/CVE-2017-1000394"
    },
    {
      "type": "WEB",
      "url": "https://github.com/jenkinsci/jenkins/commit/ea981a029cb985b71f3a0dc0f9ce3b3e3e6c001b"
    },
    {
      "type": "PACKAGE",
      "url": "https://github.com/jenkinsci/jenkins"
    },
    {
      "type": "WEB",
      "url": "https://jenkins.io/security/advisory/2017-10-11"
    }
  ],
  "database_specific": {
    "cwe_ids": [
      "CWE-20"
    ],
    "severity": "HIGH",
    "github_reviewed": true,
    "github_reviewed_at": "2022-07-01T21:57:58Z",
    "nvd_published_at": "2018-01-26T02:29:00Z"
  }
}