{
  "schema_version": "1.4.0",
  "id": "GHSA-q4v3-wmm6-hcrx",
  "modified": "2024-10-23T15:56:18Z",
  "published": "2022-05-05T00:29:22Z",
  "aliases": [
    "CVE-2013-0294"
  ],
  "summary": "pyrad is vulnerable to the use of Insufficiently Random Values",
  "details": "packet.py in pyrad before 2.1 uses weak random numbers to generate RADIUS authenticators and hash passwords, which makes it easier for remote attackers to obtain sensitive information via a brute force attack.",
  "severity": [
    {
      "type": "CVSS_V3",
      "score": "CVSS:3.1/AV:N/AC:H/PR:N/UI:N/S:U/C:H/I:N/A:N"
    },
    {
      "type": "CVSS_V4",
      "score": "CVSS:4.0/AV:N/AC:L/AT:P/PR:N/UI:N/VC:H/VI:N/VA:N/SC:N/SI:N/SA:N"
    }
  ],
  "affected": [
    {
      "package": {
        "ecosystem": "PyPI",
        "name": "pyrad"
      },
      "ranges": [
        {
          "type": "ECOSYSTEM",
          "events": [
            {
              "introduced": "0"
            },
            {
              "fixed": "2.1"
            }
          ]
        }
      ]
    }
  ],
  "references": [
    {
      "type": "ADVISORY",
      "url": "https://nvd.nist.gov/vuln/detail/CVE-2013-0294"
    },
    {
      "type": "WEB",
      "url": "https://github.com/wichert/pyrad/commit/38f74b36814ca5b1a27d9898141126af4953bee5"
    },
    {
      "type": "WEB",
      "url": "https://bugzilla.redhat.com/show_bug.cgi?id=911682"
    },
    {
      "type": "WEB",
      "url": "https://exchange.xforce.ibmcloud.com/vulnerabilities/82133"
    },
    {
      "type": "WEB",
      "url": "https://github.com/pypa/advisory-database/tree/main/vulns/pyrad/PYSEC-2020-211.yaml"
    },
    {
      "type": "PACKAGE",
      "url": "https://github.com/pyradius/pyrad"
    },
    {
      "type": "WEB",
      "url": "https://web.archive.org/web/20200228160027/http://www.securityfocus.com/bid/57984"
    },
    {
      "type": "WEB",
      "url": "http://lists.fedoraproject.org/pipermail/package-announce/2013-September/115677.html"
    },
    {
      "type": "WEB",
      "url": "http://lists.fedoraproject.org/pipermail/package-announce/2013-September/115705.html"
    },
    {
      "type": "WEB",
      "url": "http://lists.fedoraproject.org/pipermail/package-announce/2013-September/116567.html"
    },
    {
      "type": "WEB",
      "url": "http://www.openwall.com/lists/oss-security/2013/02/15/13"
    }
  ],
  "database_specific": {
    "cwe_ids": [
      "CWE-330"
    ],
    "severity": "HIGH",
    "github_reviewed": true,
    "github_reviewed_at": "2024-02-23T21:26:31Z",
    "nvd_published_at": "2020-01-28T16:15:00Z"
  }
}