{
  "schema_version": "1.4.0",
  "id": "GHSA-m7vp-hqwv-7m5x",
  "modified": "2022-01-11T16:45:39Z",
  "published": "2022-01-12T22:33:04Z",
  "aliases": [],
  "summary": "Unbounded memory usage on exposed HTTP/2 (non-gRPC) endpoints",
  "details": "### Impact\nThe net/http Go package has a reported vulnerability tracked under CVE-2021-44716 which allows attacker controlled HTTP/2 requests to trigger unbounded memory usage in HTTP/2 endpoints. gRPC endpoints are not vulnerable as they rely on their own HTTP/2 implementation instead of the net/http package. HTTP/2 endpoints consuming the net/http package within SPIRE server and agent (or other components in this repository) that are _on by default_ include the following:\n- OIDC Discovery Provider\n- K8s Workload Registrar in webhook mode\n\nThe following endpoints are vulnerable _when enabled_:\n- SPIRE server bundle endpoint (i.e. Federation API)\n\nThe following endpoints are _NOT_ vulnerable, since HTTP/2 support in go is not enabled on non-TLS protected endpoints:\n- SPIRE server/agent metrics endpoint when configured for Prometheus\n- SPIRE server/agent health endpoints\n- SPIRE server/agent profiling endpoints\n\n### Patches\nSPIRE 1.0.3 and 1.1.3 have been released with an upgraded Go toolchain which patches the vulnerability\n\n### Workarounds\nThe vulnerability can be worked around entirely by including the `http2server=0` value in the `GODEBUG` environment variable (see https://github.com/golang/go/issues/50058). This turns off HTTP/2 support on all non-gRPC endpoints. They will still function with HTTP/1.1.\n\nThe risk associated with this vulnerability can be somewhat mitigated by limiting the exposure of the endpoints in question. If necessary, vulnerable components or endpoints that are optionally configured can be disabled temporarily.\n\n### References\n- https://github.com/golang/go/issues/50058\n- https://go-review.googlesource.com/c/go/+/370574/\n- https://nvd.nist.gov/vuln/detail/CVE-2021-44716\n",
  "severity": [],
  "affected": [
    {
      "package": {
        "ecosystem": "Go",
        "name": "github.com/spiffe/spire"
      },
      "ranges": [
        {
          "type": "ECOSYSTEM",
          "events": [
            {
              "introduced": "0"
            },
            {
              "fixed": "1.0.3"
            }
          ]
        }
      ]
    },
    {
      "package": {
        "ecosystem": "Go",
        "name": "github.com/spiffe/spire"
      },
      "ranges": [
        {
          "type": "ECOSYSTEM",
          "events": [
            {
              "introduced": "1.1.0"
            },
            {
              "fixed": "1.1.3"
            }
          ]
        }
      ]
    }
  ],
  "references": [
    {
      "type": "WEB",
      "url": "https://github.com/spiffe/spire/security/advisories/GHSA-m7vp-hqwv-7m5x"
    }
  ],
  "database_specific": {
    "cwe_ids": [],
    "severity": "HIGH",
    "github_reviewed": true,
    "github_reviewed_at": "2022-01-10T22:07:35Z",
    "nvd_published_at": null
  }
}