{
  "schema_version": "1.4.0",
  "id": "GHSA-vqh4-crjf-jjxx",
  "modified": "2024-10-21T21:28:49Z",
  "published": "2022-05-14T02:11:54Z",
  "aliases": [
    "CVE-2016-1866"
  ],
  "summary": "Salt Improper Access Control",
  "details": "Salt 2015.8.x before 2015.8.4 does not properly handle clear messages on the minion, which allows man-in-the-middle attackers to execute arbitrary code by inserting packets into the minion-master data stream.",
  "severity": [
    {
      "type": "CVSS_V3",
      "score": "CVSS:3.0/AV:N/AC:H/PR:N/UI:N/S:U/C:H/I:H/A:H"
    }
  ],
  "affected": [
    {
      "package": {
        "ecosystem": "PyPI",
        "name": "salt"
      },
      "ranges": [
        {
          "type": "ECOSYSTEM",
          "events": [
            {
              "introduced": "2015.8.0rc1"
            },
            {
              "fixed": "2015.8.4"
            }
          ]
        }
      ]
    }
  ],
  "references": [
    {
      "type": "ADVISORY",
      "url": "https://nvd.nist.gov/vuln/detail/CVE-2016-1866"
    },
    {
      "type": "WEB",
      "url": "https://docs.saltstack.com/en/latest/topics/releases/2015.8.4.html"
    },
    {
      "type": "WEB",
      "url": "https://github.com/pypa/advisory-database/tree/main/vulns/salt/PYSEC-2016-23.yaml"
    },
    {
      "type": "PACKAGE",
      "url": "https://github.com/saltstack/salt"
    },
    {
      "type": "WEB",
      "url": "http://lists.opensuse.org/opensuse-updates/2016-03/msg00034.html"
    }
  ],
  "database_specific": {
    "cwe_ids": [
      "CWE-284"
    ],
    "severity": "HIGH",
    "github_reviewed": true,
    "github_reviewed_at": "2023-07-28T23:19:01Z",
    "nvd_published_at": "2016-04-12T14:59:00Z"
  }
}