{
  "schema_version": "1.4.0",
  "id": "GHSA-27h2-hvpr-p74q",
  "modified": "2023-01-27T21:51:55Z",
  "published": "2022-12-22T03:31:28Z",
  "withdrawn": "2023-01-27T21:51:55Z",
  "aliases": [
    "CVE-2022-23529"
  ],
  "summary": "jsonwebtoken has insecure input validation in jwt.verify function",
  "details": "# Overview\n\nFor versions `<=8.5.1` of `jsonwebtoken` library, if a malicious actor has the ability to modify the key retrieval parameter (referring to the `secretOrPublicKey` argument from the [readme link](https://github.com/auth0/node-jsonwebtoken#jwtverifytoken-secretorpublickey-options-callback)) of the `jwt.verify()` function, they can gain remote code execution (RCE).\n\n# Am I affected?\n\nThis security issue is a concern when the `jsonwebtoken` library is used in an insecure way. Users are affected only if they allow untrusted entities to modify the key retrieval parameter of the `jwt.verify()` on a host that you control. In this scenario, if all the prerequisites are met, the issue may be exploitable. The source of this risk in this scenario would be in the calling code, and not in the library itself.\n\n# How do I fix it?\n\nUsers of jsonwebtoken 8.5.1 and earlier are encouraged to update to the latest version, 9.0.0, which presents safer code and important security checks that fixes this security flaw and others and prevents misuse of the package.",
  "severity": [
    {
      "type": "CVSS_V3",
      "score": "CVSS:3.1/AV:N/AC:L/PR:L/UI:N/S:U/C:L/I:H/A:L"
    }
  ],
  "affected": [
    {
      "package": {
        "ecosystem": "npm",
        "name": "jsonwebtoken"
      },
      "ranges": [
        {
          "type": "ECOSYSTEM",
          "events": [
            {
              "introduced": "0"
            },
            {
              "fixed": "9.0.0"
            }
          ]
        }
      ],
      "database_specific": {
        "last_known_affected_version_range": "<= 8.5.1"
      }
    }
  ],
  "references": [
    {
      "type": "WEB",
      "url": "https://github.com/auth0/node-jsonwebtoken/security/advisories/GHSA-27h2-hvpr-p74q"
    },
    {
      "type": "ADVISORY",
      "url": "https://nvd.nist.gov/vuln/detail/CVE-2022-23529"
    },
    {
      "type": "WEB",
      "url": "https://github.com/auth0/node-jsonwebtoken/commit/e1fa9dcc12054a8681db4e6373da1b30cf7016e3"
    },
    {
      "type": "PACKAGE",
      "url": "https://github.com/auth0/node-jsonwebtoken"
    }
  ],
  "database_specific": {
    "cwe_ids": [
      "CWE-20"
    ],
    "severity": "HIGH",
    "github_reviewed": true,
    "github_reviewed_at": "2022-12-22T03:31:28Z",
    "nvd_published_at": "2022-12-21T21:15:00Z"
  }
}