{
  "schema_version": "1.4.0",
  "id": "GHSA-6wp6-22x5-rr3w",
  "modified": "2024-08-02T16:14:19Z",
  "published": "2024-04-29T18:30:45Z",
  "aliases": [
    "CVE-2024-31621"
  ],
  "summary": "Flowise vulnerable to code injection via api/v1",
  "details": "An issue in FlowiseAI Inc Flowise prior to v1.8.1 allows a remote attacker to execute arbitrary code via a crafted script to the api/v1 component.",
  "severity": [
    {
      "type": "CVSS_V3",
      "score": "CVSS:3.1/AV:N/AC:L/PR:L/UI:N/S:U/C:L/I:H/A:L"
    },
    {
      "type": "CVSS_V4",
      "score": "CVSS:4.0/AV:N/AC:L/AT:N/PR:L/UI:N/VC:L/VI:H/VA:L/SC:N/SI:N/SA:N"
    }
  ],
  "affected": [
    {
      "package": {
        "ecosystem": "npm",
        "name": "flowise"
      },
      "ranges": [
        {
          "type": "ECOSYSTEM",
          "events": [
            {
              "introduced": "0"
            },
            {
              "fixed": "1.8.1"
            }
          ]
        }
      ]
    }
  ],
  "references": [
    {
      "type": "ADVISORY",
      "url": "https://nvd.nist.gov/vuln/detail/CVE-2024-31621"
    },
    {
      "type": "WEB",
      "url": "https://github.com/FlowiseAI/Flowise/commit/e32b64344544312bf38b3e1fefe7b26c1776a426"
    },
    {
      "type": "WEB",
      "url": "https://flowiseai.com"
    },
    {
      "type": "PACKAGE",
      "url": "https://github.com/FlowiseAI/Flowise"
    },
    {
      "type": "WEB",
      "url": "https://github.com/FlowiseAI/Flowise/blob/flowise%401.6.5/packages/server/src/index.ts#L143-L147"
    },
    {
      "type": "WEB",
      "url": "https://www.exploit-db.com/exploits/52001"
    }
  ],
  "database_specific": {
    "cwe_ids": [
      "CWE-94"
    ],
    "severity": "HIGH",
    "github_reviewed": true,
    "github_reviewed_at": "2024-08-02T16:14:19Z",
    "nvd_published_at": "2024-04-29T17:15:19Z"
  }
}