{
  "schema_version": "1.4.0",
  "id": "GHSA-4v3r-hqr9-69jf",
  "modified": "2024-09-26T14:40:11Z",
  "published": "2022-06-13T00:00:18Z",
  "aliases": [
    "CVE-2022-2054"
  ],
  "summary": "Command Injection in Nuitka",
  "details": "Nuitka 0.8.4 and prior is vulnerable to command injection. A patch is available and anticipated to be part of the `0.9` release.",
  "severity": [
    {
      "type": "CVSS_V3",
      "score": "CVSS:3.1/AV:L/AC:L/PR:L/UI:N/S:U/C:H/I:H/A:H"
    },
    {
      "type": "CVSS_V4",
      "score": "CVSS:4.0/AV:L/AC:L/AT:N/PR:L/UI:N/VC:H/VI:H/VA:H/SC:N/SI:N/SA:N"
    }
  ],
  "affected": [
    {
      "package": {
        "ecosystem": "PyPI",
        "name": "Nuitka"
      },
      "ranges": [
        {
          "type": "ECOSYSTEM",
          "events": [
            {
              "introduced": "0"
            },
            {
              "fixed": "0.9"
            }
          ]
        }
      ],
      "database_specific": {
        "last_known_affected_version_range": "<= 0.8.4"
      }
    }
  ],
  "references": [
    {
      "type": "ADVISORY",
      "url": "https://nvd.nist.gov/vuln/detail/CVE-2022-2054"
    },
    {
      "type": "WEB",
      "url": "https://github.com/Nuitka/Nuitka/commit/1765ffce2a9ab859853210337390de242cd80712"
    },
    {
      "type": "WEB",
      "url": "https://github.com/nuitka/nuitka/commit/09647745d7cbb6ff32f9fa948f19d5558b32bcad"
    },
    {
      "type": "PACKAGE",
      "url": "https://github.com/nuitka/nuitka"
    },
    {
      "type": "WEB",
      "url": "https://github.com/pypa/advisory-database/tree/main/vulns/nuitka/PYSEC-2022-209.yaml"
    },
    {
      "type": "WEB",
      "url": "https://huntr.dev/bounties/ea4a842c-c48c-4aae-a599-3305125c63a7"
    }
  ],
  "database_specific": {
    "cwe_ids": [
      "CWE-77",
      "CWE-94"
    ],
    "severity": "HIGH",
    "github_reviewed": true,
    "github_reviewed_at": "2022-06-23T06:44:17Z",
    "nvd_published_at": "2022-06-12T14:15:00Z"
  }
}