{
  "schema_version": "1.4.0",
  "id": "GHSA-6xf5-c3cx-67pv",
  "modified": "2022-12-09T17:38:17Z",
  "published": "2022-07-28T00:00:42Z",
  "aliases": [
    "CVE-2022-36894"
  ],
  "summary": "Arbitrary file write vulnerability in Jenkins CLIF Performance Testing plugin",
  "details": "An arbitrary file write vulnerability in Jenkins CLIF Performance Testing Plugin 64.vc0d66de1dfb_f and earlier allows attackers with Overall/Read permission to create or replace arbitrary files on the Jenkins controller file system with attacker-specified content.",
  "severity": [
    {
      "type": "CVSS_V3",
      "score": "CVSS:3.1/AV:N/AC:L/PR:L/UI:N/S:U/C:H/I:H/A:H"
    }
  ],
  "affected": [
    {
      "package": {
        "ecosystem": "Maven",
        "name": "org.jenkins-ci.plugins:clif-performance-testing"
      },
      "ranges": [
        {
          "type": "ECOSYSTEM",
          "events": [
            {
              "introduced": "0"
            },
            {
              "fixed": "71.v0741865e206f"
            }
          ]
        }
      ],
      "database_specific": {
        "last_known_affected_version_range": "<= 64.vc0d66de1dfb"
      }
    }
  ],
  "references": [
    {
      "type": "ADVISORY",
      "url": "https://nvd.nist.gov/vuln/detail/CVE-2022-36894"
    },
    {
      "type": "WEB",
      "url": "https://github.com/jenkinsci/clif-performance-testing-plugin/commit/0741865e206fdb2fe4cdbad7f9956de3121c7b26"
    },
    {
      "type": "PACKAGE",
      "url": "https://github.com/jenkinsci/clif-performance-testing-plugin"
    },
    {
      "type": "WEB",
      "url": "https://www.jenkins.io/security/advisory/2022-07-27/#SECURITY-2413"
    },
    {
      "type": "WEB",
      "url": "http://www.openwall.com/lists/oss-security/2022/07/27/1"
    }
  ],
  "database_specific": {
    "cwe_ids": [
      "CWE-22"
    ],
    "severity": "HIGH",
    "github_reviewed": true,
    "github_reviewed_at": "2022-08-10T21:11:21Z",
    "nvd_published_at": "2022-07-27T15:15:00Z"
  }
}