{
  "schema_version": "1.4.0",
  "id": "GHSA-gm5q-2cx5-wr2j",
  "modified": "2024-02-09T16:54:13Z",
  "published": "2022-05-01T23:57:57Z",
  "aliases": [
    "CVE-2008-3227"
  ],
  "summary": "Joomla! Open Redirect vulnerability",
  "details": "Unspecified vulnerability in Joomla! before 1.5.4 has unknown impact and attack vectors related to a \"User Redirect Spam fix,\" possibly an open redirect vulnerability.",
  "severity": [],
  "affected": [
    {
      "package": {
        "ecosystem": "Packagist",
        "name": "joomla/framework"
      },
      "ranges": [
        {
          "type": "ECOSYSTEM",
          "events": [
            {
              "introduced": "0"
            },
            {
              "fixed": "1.5.4"
            }
          ]
        }
      ]
    }
  ],
  "references": [
    {
      "type": "ADVISORY",
      "url": "https://nvd.nist.gov/vuln/detail/CVE-2008-3227"
    },
    {
      "type": "WEB",
      "url": "https://exchange.xforce.ibmcloud.com/vulnerabilities/44205"
    },
    {
      "type": "PACKAGE",
      "url": "https://github.com/joomla/joomla-framework"
    },
    {
      "type": "WEB",
      "url": "https://web.archive.org/web/20080501000000*/http://www.joomla.org/content/view/5180/1"
    },
    {
      "type": "WEB",
      "url": "http://www.openwall.com/lists/oss-security/2008/07/12/2"
    }
  ],
  "database_specific": {
    "cwe_ids": [
      "CWE-59"
    ],
    "severity": "HIGH",
    "github_reviewed": true,
    "github_reviewed_at": "2024-02-09T16:54:13Z",
    "nvd_published_at": "2008-07-18T16:41:00Z"
  }
}