{
  "schema_version": "1.4.0",
  "id": "GHSA-gg6x-448q-pqqm",
  "modified": "2024-12-10T22:41:21Z",
  "published": "2024-12-10T21:30:52Z",
  "aliases": [
    "CVE-2024-55500"
  ],
  "summary": "Avenwu Whistle Cross-Site Request Forgery (CSRF)",
  "details": "Cross-Site Request Forgery (CSRF) in Avenwu Whistle v.2.9.90 and before allows attackers to perform malicious API calls, resulting in the execution of arbitrary code on the victim's machine.",
  "severity": [
    {
      "type": "CVSS_V4",
      "score": "CVSS:4.0/AV:N/AC:L/AT:N/PR:N/UI:P/VC:H/VI:H/VA:H/SC:N/SI:N/SA:N"
    }
  ],
  "affected": [
    {
      "package": {
        "ecosystem": "npm",
        "name": "whistle"
      },
      "ranges": [
        {
          "type": "ECOSYSTEM",
          "events": [
            {
              "introduced": "0"
            },
            {
              "last_affected": "2.9.90"
            }
          ]
        }
      ]
    }
  ],
  "references": [
    {
      "type": "ADVISORY",
      "url": "https://nvd.nist.gov/vuln/detail/CVE-2024-55500"
    },
    {
      "type": "WEB",
      "url": "https://github.com/avwo/whistle/commit/d1b8ca275dc4e453bd2efed392c0fd4b92f73cdf"
    },
    {
      "type": "PACKAGE",
      "url": "https://github.com/avwo/whistle"
    },
    {
      "type": "WEB",
      "url": "https://www.sonarsource.com/blog/never-underestimate-csrf-why-origin-reflection-is-a-bad-idea"
    }
  ],
  "database_specific": {
    "cwe_ids": [
      "CWE-352"
    ],
    "severity": "HIGH",
    "github_reviewed": true,
    "github_reviewed_at": "2024-12-10T22:41:20Z",
    "nvd_published_at": "2024-12-10T19:15:31Z"
  }
}