{
  "schema_version": "1.4.0",
  "id": "GHSA-p28x-hj68-7vfp",
  "modified": "2024-04-08T16:46:52Z",
  "published": "2024-04-08T15:30:33Z",
  "aliases": [
    "CVE-2024-28732"
  ],
  "summary": "Ryu Infinite Loop vulnerability",
  "details": "An issue was discovered in OFPMatch in parser.py in Faucet SDN Ryu version 4.34, allows remote attackers to cause a denial of service (DoS) (infinite loop).",
  "severity": [
    {
      "type": "CVSS_V3",
      "score": "CVSS:3.1/AV:N/AC:L/PR:N/UI:N/S:U/C:N/I:N/A:H"
    }
  ],
  "affected": [
    {
      "package": {
        "ecosystem": "PyPI",
        "name": "ryu"
      },
      "ranges": [
        {
          "type": "ECOSYSTEM",
          "events": [
            {
              "introduced": "0"
            },
            {
              "last_affected": "4.34"
            }
          ]
        }
      ]
    }
  ],
  "references": [
    {
      "type": "ADVISORY",
      "url": "https://nvd.nist.gov/vuln/detail/CVE-2024-28732"
    },
    {
      "type": "WEB",
      "url": "https://github.com/faucetsdn/ryu/issues/188"
    },
    {
      "type": "WEB",
      "url": "https://gist.github.com/ErodedElk/1133d64dde2d92393a065edc9b243792"
    },
    {
      "type": "PACKAGE",
      "url": "https://github.com/faucetsdn/ryu"
    }
  ],
  "database_specific": {
    "cwe_ids": [
      "CWE-835"
    ],
    "severity": "HIGH",
    "github_reviewed": true,
    "github_reviewed_at": "2024-04-08T16:46:52Z",
    "nvd_published_at": "2024-04-08T14:15:07Z"
  }
}