{
  "schema_version": "1.4.0",
  "id": "GHSA-7pvx-4585-hqww",
  "modified": "2023-12-01T22:37:52Z",
  "published": "2023-11-24T21:30:28Z",
  "aliases": [
    "CVE-2023-6293"
  ],
  "summary": "sequelize-typescript Prototype Pollution vulnerability",
  "details": "Prototype Pollution in GitHub repository robinbuschmann/sequelize-typescript prior to 2.1.6.",
  "severity": [
    {
      "type": "CVSS_V3",
      "score": "CVSS:3.0/AV:N/AC:L/PR:N/UI:N/S:U/C:N/I:N/A:H"
    }
  ],
  "affected": [
    {
      "package": {
        "ecosystem": "npm",
        "name": "sequelize-typescript"
      },
      "ranges": [
        {
          "type": "ECOSYSTEM",
          "events": [
            {
              "introduced": "0"
            },
            {
              "fixed": "2.1.6"
            }
          ]
        }
      ]
    }
  ],
  "references": [
    {
      "type": "ADVISORY",
      "url": "https://nvd.nist.gov/vuln/detail/CVE-2023-6293"
    },
    {
      "type": "WEB",
      "url": "https://github.com/robinbuschmann/sequelize-typescript/commit/5ce8afdd1671b08c774ce106b000605ba8fccf78"
    },
    {
      "type": "PACKAGE",
      "url": "https://github.com/robinbuschmann/sequelize-typescript"
    },
    {
      "type": "WEB",
      "url": "https://huntr.com/bounties/36a7ecbf-4d3d-462e-86a3-cda7b1ec64e2"
    }
  ],
  "database_specific": {
    "cwe_ids": [
      "CWE-1321"
    ],
    "severity": "HIGH",
    "github_reviewed": true,
    "github_reviewed_at": "2023-12-01T22:37:52Z",
    "nvd_published_at": "2023-11-24T20:15:07Z"
  }
}