{
  "schema_version": "1.4.0",
  "id": "GHSA-6w83-22gj-5pv9",
  "modified": "2023-09-11T23:13:33Z",
  "published": "2018-07-27T14:06:00Z",
  "aliases": [
    "CVE-2017-16093"
  ],
  "summary": "Directory Traversal in cyber-js",
  "details": "Affected versions of `cyber-js` resolve relative file paths, resulting in a directory traversal vulnerability. A malicious actor can use this vulnerability to access files outside of the intended directory root, which may result in the disclosure of private files on the vulnerable system.\n\n**Example request:**\n```http\nGET /../../../../../../../../../../etc/passwd HTTP/1.1\nhost:foo\n```\n\n\n## Recommendation\n\nNo patch is available for this vulnerability.\n\nIt is recommended that the package is only used for local development, and if the functionality is needed for production, a different package is used instead.",
  "severity": [
    {
      "type": "CVSS_V3",
      "score": "CVSS:3.0/AV:N/AC:L/PR:N/UI:N/S:U/C:H/I:N/A:N"
    }
  ],
  "affected": [
    {
      "package": {
        "ecosystem": "npm",
        "name": "cyber-js"
      },
      "ranges": [
        {
          "type": "ECOSYSTEM",
          "events": [
            {
              "introduced": "0"
            },
            {
              "last_affected": "1.0.7"
            }
          ]
        }
      ]
    }
  ],
  "references": [
    {
      "type": "ADVISORY",
      "url": "https://nvd.nist.gov/vuln/detail/CVE-2017-16093"
    },
    {
      "type": "WEB",
      "url": "https://github.com/JacksonGL/NPM-Vuln-PoC/tree/master/directory-traversal/cyber-js"
    },
    {
      "type": "ADVISORY",
      "url": "https://github.com/advisories/GHSA-6w83-22gj-5pv9"
    },
    {
      "type": "WEB",
      "url": "https://www.npmjs.com/advisories/347"
    }
  ],
  "database_specific": {
    "cwe_ids": [
      "CWE-22"
    ],
    "severity": "HIGH",
    "github_reviewed": true,
    "github_reviewed_at": "2020-06-16T21:20:22Z",
    "nvd_published_at": null
  }
}