{
  "schema_version": "1.4.0",
  "id": "GHSA-85fp-523q-5xwc",
  "modified": "2024-10-25T21:43:27Z",
  "published": "2022-12-22T03:30:18Z",
  "aliases": [
    "CVE-2022-4646"
  ],
  "summary": "rdiffweb vulnerable to Cross-Site Request Forgery",
  "details": "rdiffweb prior to version 2.5.4 is vulnerable to Cross-Site Request Forgery (CSRF).",
  "severity": [
    {
      "type": "CVSS_V3",
      "score": "CVSS:3.1/AV:N/AC:L/PR:N/UI:R/S:U/C:N/I:N/A:H"
    },
    {
      "type": "CVSS_V4",
      "score": "CVSS:4.0/AV:N/AC:L/AT:N/PR:N/UI:P/VC:N/VI:N/VA:H/SC:N/SI:N/SA:N"
    }
  ],
  "affected": [
    {
      "package": {
        "ecosystem": "PyPI",
        "name": "rdiffweb"
      },
      "ranges": [
        {
          "type": "ECOSYSTEM",
          "events": [
            {
              "introduced": "0"
            },
            {
              "fixed": "2.5.4"
            }
          ]
        }
      ]
    }
  ],
  "references": [
    {
      "type": "ADVISORY",
      "url": "https://nvd.nist.gov/vuln/detail/CVE-2022-4646"
    },
    {
      "type": "WEB",
      "url": "https://github.com/ikus060/rdiffweb/commit/e6f0d8002129be90fe82fa3e3ea0a6942caba398"
    },
    {
      "type": "PACKAGE",
      "url": "https://github.com/ikus060/rdiffweb"
    },
    {
      "type": "WEB",
      "url": "https://github.com/pypa/advisory-database/tree/main/vulns/rdiffweb/PYSEC-2022-43004.yaml"
    },
    {
      "type": "WEB",
      "url": "https://huntr.dev/bounties/17bc1b0f-1f5c-432f-88e4-c9866ccf6e10"
    }
  ],
  "database_specific": {
    "cwe_ids": [
      "CWE-352"
    ],
    "severity": "HIGH",
    "github_reviewed": true,
    "github_reviewed_at": "2022-12-22T20:01:59Z",
    "nvd_published_at": "2022-12-22T02:15:00Z"
  }
}