{
  "schema_version": "1.4.0",
  "id": "GHSA-c8f7-x2g7-7fxj",
  "modified": "2022-10-19T20:54:09Z",
  "published": "2022-06-02T14:23:29Z",
  "aliases": [],
  "summary": "Phoenix-ws source code and data in extensions folder is publicly available",
  "details": "### Impact\nAll of the source code, files, and folders in `phoenix_files/extensions/` are available to end users through a simple HTTP GET request.\n\n### Patches\nThe issue has been patched. The users of version 1.0.6 and above are not effected.",
  "severity": [
    {
      "type": "CVSS_V3",
      "score": "CVSS:3.1/AV:N/AC:L/PR:N/UI:N/S:U/C:H/I:N/A:N"
    }
  ],
  "affected": [
    {
      "package": {
        "ecosystem": "PyPI",
        "name": "phoenix-ws"
      },
      "ranges": [
        {
          "type": "ECOSYSTEM",
          "events": [
            {
              "introduced": "0"
            },
            {
              "fixed": "1.0.6"
            }
          ]
        }
      ]
    }
  ],
  "references": [
    {
      "type": "WEB",
      "url": "https://github.com/Froggo8311/Phoenix/security/advisories/GHSA-c8f7-x2g7-7fxj"
    },
    {
      "type": "PACKAGE",
      "url": "https://github.com/Froggo8311/Phoenix"
    }
  ],
  "database_specific": {
    "cwe_ids": [
      "CWE-200"
    ],
    "severity": "HIGH",
    "github_reviewed": true,
    "github_reviewed_at": "2022-06-02T14:23:29Z",
    "nvd_published_at": null
  }
}