{
  "schema_version": "1.4.0",
  "id": "GHSA-j8cx-j9j2-f29w",
  "modified": "2022-02-24T22:27:40Z",
  "published": "2022-02-24T00:00:53Z",
  "aliases": [
    "CVE-2022-0724"
  ],
  "summary": "Insecure Storage of Sensitive Information in Microweber",
  "details": "Microweber prior to version 1.3 does not strip images of EXIF data, exposing information about users' locations, device hardware, and device software.",
  "severity": [],
  "affected": [
    {
      "package": {
        "ecosystem": "Packagist",
        "name": "microweber/microweber"
      },
      "ranges": [
        {
          "type": "ECOSYSTEM",
          "events": [
            {
              "introduced": "0"
            },
            {
              "fixed": "1.3"
            }
          ]
        }
      ]
    }
  ],
  "references": [
    {
      "type": "ADVISORY",
      "url": "https://nvd.nist.gov/vuln/detail/CVE-2022-0724"
    },
    {
      "type": "WEB",
      "url": "https://github.com/microweber/microweber/commit/b592c86d2b927c0cae5b73b87fb541f25e777aa3"
    },
    {
      "type": "PACKAGE",
      "url": "https://github.com/microweber/microweber"
    },
    {
      "type": "WEB",
      "url": "https://huntr.dev/bounties/0cdc4a29-dada-4264-b326-8b65b4f11062"
    }
  ],
  "database_specific": {
    "cwe_ids": [
      "CWE-922"
    ],
    "severity": "HIGH",
    "github_reviewed": true,
    "github_reviewed_at": "2022-02-24T22:27:40Z",
    "nvd_published_at": "2022-02-23T11:15:00Z"
  }
}