{
  "schema_version": "1.4.0",
  "id": "GHSA-qf38-f2fr-q4x9",
  "modified": "2022-06-28T23:27:48Z",
  "published": "2022-05-13T01:01:02Z",
  "aliases": [
    "CVE-2018-1999002"
  ],
  "summary": "Improper Input Validation in Jenkins",
  "details": "A arbitrary file read vulnerability exists in Jenkins 2.132 and earlier, 2.121.1 and earlier in the Stapler web framework's org/kohsuke/stapler/Stapler.java that allows attackers to send crafted HTTP requests returning the contents of any file on the Jenkins master file system that the Jenkins master has access to.",
  "severity": [
    {
      "type": "CVSS_V3",
      "score": "CVSS:3.0/AV:N/AC:L/PR:N/UI:N/S:U/C:H/I:N/A:N"
    }
  ],
  "affected": [
    {
      "package": {
        "ecosystem": "Maven",
        "name": "org.jenkins-ci.main:jenkins-core"
      },
      "ranges": [
        {
          "type": "ECOSYSTEM",
          "events": [
            {
              "introduced": "0"
            },
            {
              "fixed": "2.121.2"
            }
          ]
        }
      ]
    },
    {
      "package": {
        "ecosystem": "Maven",
        "name": "org.jenkins-ci.main:jenkins-core"
      },
      "ranges": [
        {
          "type": "ECOSYSTEM",
          "events": [
            {
              "introduced": "2.122"
            },
            {
              "fixed": "2.132"
            }
          ]
        }
      ]
    }
  ],
  "references": [
    {
      "type": "ADVISORY",
      "url": "https://nvd.nist.gov/vuln/detail/CVE-2018-1999002"
    },
    {
      "type": "WEB",
      "url": "https://github.com/jenkinsci/jenkins/commit/29ca81dd59c255ad633f1bd86cf1be40a5f02c64"
    },
    {
      "type": "WEB",
      "url": "https://github.com/jenkinsci/stapler/commit/8e9679b08c36a2f0cf2a81855d5e04e2ed2ac2b3"
    },
    {
      "type": "PACKAGE",
      "url": "https://github.com/jenkinsci/jenkins"
    },
    {
      "type": "WEB",
      "url": "https://jenkins.io/security/advisory/2018-07-18/#SECURITY-914"
    },
    {
      "type": "WEB",
      "url": "https://www.exploit-db.com/exploits/46453"
    },
    {
      "type": "WEB",
      "url": "https://www.oracle.com/security-alerts/cpuapr2022.html"
    }
  ],
  "database_specific": {
    "cwe_ids": [
      "CWE-20"
    ],
    "severity": "HIGH",
    "github_reviewed": true,
    "github_reviewed_at": "2022-06-28T23:27:48Z",
    "nvd_published_at": "2018-07-23T19:29:00Z"
  }
}