{
  "schema_version": "1.4.0",
  "id": "GHSA-67x4-qr35-qvrm",
  "modified": "2024-05-20T21:35:54Z",
  "published": "2022-10-05T21:26:26Z",
  "aliases": [
    "CVE-2022-39273"
  ],
  "summary": "FlyteAdmin's Default OAuth Authorization Server secret must be rotated",
  "details": "### Impact\nUsers who enable the default [Flyte\u2019s authorization server](https://docs.flyte.org/en/latest/deployment/cluster_config/auth_setup.html#oauth2-authorization-server) without changing the default clientid hashes will be exposed to the public internet.\n\nIn an effort to make enabling authentication easier for Flyte administrators, the default configuration for Flyte Admin allows access for Flyte Propeller even after turning on authentication via a hardcoded hashed password.  This password is also set on the default Flyte Propeller configmap in the various Flyte Helm charts.  Users who enable auth but do not override this setting in Flyte Admin\u2019s configuration may unknowingly allow public traffic in by way of this default password with attackers effectively impersonating propeller.  This only applies to users who have not specified the ExternalAuthorizationServer setting.  Using an external auth server automatically turns off this default configuration is not susceptible to this vulnerability.\n\n### Patches\n1.1.44\n\n### Workarounds\nUsers should manually set the staticClients in the selfAuthServer section of their configuration if they intend to rely on Admin\u2019s internal auth server.  \n\n### References\nhttps://github.com/flyteorg/flyteadmin/pull/478\nhttps://docs.flyte.org/en/latest/deployment/cluster_config/auth_setup.html#oauth2-authorization-server \n\n### For more information\nIf you have any questions or comments about this advisory:\n* Open an issue in [Flyte](https://github.com/flyteorg/flyte/issues)\n* Email us [here](mailto:admin@flyte.org)",
  "severity": [
    {
      "type": "CVSS_V3",
      "score": "CVSS:3.1/AV:N/AC:L/PR:N/UI:N/S:U/C:H/I:N/A:N"
    }
  ],
  "affected": [
    {
      "package": {
        "ecosystem": "Go",
        "name": "github.com/flyteorg/flyteadmin"
      },
      "ranges": [
        {
          "type": "ECOSYSTEM",
          "events": [
            {
              "introduced": "0"
            },
            {
              "fixed": "1.1.44"
            }
          ]
        }
      ]
    }
  ],
  "references": [
    {
      "type": "WEB",
      "url": "https://github.com/flyteorg/flyteadmin/security/advisories/GHSA-67x4-qr35-qvrm"
    },
    {
      "type": "ADVISORY",
      "url": "https://nvd.nist.gov/vuln/detail/CVE-2022-39273"
    },
    {
      "type": "WEB",
      "url": "https://github.com/flyteorg/flyteadmin/pull/478"
    },
    {
      "type": "WEB",
      "url": "https://github.com/flyteorg/flyteadmin/commit/281172edf55fe6800959238fc128964ead6d9101"
    },
    {
      "type": "WEB",
      "url": "https://docs.flyte.org/en/latest/deployment/cluster_config/auth_setup.html#oauth2-authorization-server"
    },
    {
      "type": "PACKAGE",
      "url": "https://github.com/flyteorg/flyteadmin"
    },
    {
      "type": "WEB",
      "url": "https://pkg.go.dev/vuln/GO-2022-1043"
    }
  ],
  "database_specific": {
    "cwe_ids": [
      "CWE-798"
    ],
    "severity": "HIGH",
    "github_reviewed": true,
    "github_reviewed_at": "2022-10-05T21:26:26Z",
    "nvd_published_at": "2022-10-06T18:16:00Z"
  }
}