{
  "schema_version": "1.4.0",
  "id": "GHSA-qhh5-9738-g9mx",
  "modified": "2024-11-18T16:26:12Z",
  "published": "2022-02-09T22:26:32Z",
  "aliases": [
    "CVE-2020-13922"
  ],
  "summary": "Incorrect Default Permissions in Apache DolphinScheduler",
  "details": "Versions of Apache DolphinScheduler prior to 1.3.2 allowed an ordinary user under any tenant to override another users password through the API interface.",
  "severity": [
    {
      "type": "CVSS_V3",
      "score": "CVSS:3.1/AV:N/AC:L/PR:L/UI:N/S:U/C:N/I:H/A:N"
    },
    {
      "type": "CVSS_V4",
      "score": "CVSS:4.0/AV:N/AC:L/AT:N/PR:L/UI:N/VC:N/VI:H/VA:N/SC:N/SI:N/SA:N"
    }
  ],
  "affected": [
    {
      "package": {
        "ecosystem": "Maven",
        "name": "org.apache.dolphinscheduler:dolphinscheduler-api"
      },
      "ranges": [
        {
          "type": "ECOSYSTEM",
          "events": [
            {
              "introduced": "0"
            },
            {
              "fixed": "1.3.2"
            }
          ]
        }
      ]
    }
  ],
  "references": [
    {
      "type": "ADVISORY",
      "url": "https://nvd.nist.gov/vuln/detail/CVE-2020-13922"
    },
    {
      "type": "WEB",
      "url": "https://github.com/apache/incubator-dolphinscheduler/commit/b8a9e2e00f2f207ae60c913a7173b59405ff95f1"
    },
    {
      "type": "PACKAGE",
      "url": "https://github.com/apache/incubator-dolphinscheduler"
    },
    {
      "type": "WEB",
      "url": "https://github.com/pypa/advisory-database/tree/main/vulns/apache-dolphinscheduler/PYSEC-2021-876.yaml"
    },
    {
      "type": "WEB",
      "url": "https://www.mail-archive.com/announce%40apache.org/msg06076.html"
    },
    {
      "type": "WEB",
      "url": "https://www.mail-archive.com/announce@apache.org/msg06076.html"
    }
  ],
  "database_specific": {
    "cwe_ids": [
      "CWE-276"
    ],
    "severity": "HIGH",
    "github_reviewed": true,
    "github_reviewed_at": "2021-04-06T22:46:07Z",
    "nvd_published_at": "2021-01-11T10:15:00Z"
  }
}