{
  "schema_version": "1.4.0",
  "id": "GHSA-53jp-gmwc-jwf6",
  "modified": "2022-06-30T16:24:31Z",
  "published": "2022-05-14T01:04:36Z",
  "aliases": [
    "CVE-2018-1000410"
  ],
  "summary": "Exposure of Sensitive Information to an Unauthorized Actor in Jenkins",
  "details": "An information exposure vulnerability exists in Jenkins 2.145 and earlier, LTS 2.138.1 and earlier, and the Stapler framework used by these releases, in core/src/main/java/org/kohsuke/stapler/RequestImpl.java, core/src/main/java/hudson/model/Descriptor.java that allows attackers with Overall/Administer permission or access to the local file system to obtain credentials entered by users if the form submission could not be successfully processed.",
  "severity": [
    {
      "type": "CVSS_V3",
      "score": "CVSS:3.0/AV:L/AC:L/PR:L/UI:N/S:U/C:H/I:H/A:H"
    }
  ],
  "affected": [
    {
      "package": {
        "ecosystem": "Maven",
        "name": "org.jenkins-ci.main:jenkins-core"
      },
      "ranges": [
        {
          "type": "ECOSYSTEM",
          "events": [
            {
              "introduced": "0"
            },
            {
              "fixed": "2.138.2"
            }
          ]
        }
      ],
      "database_specific": {
        "last_known_affected_version_range": "<= 2.138.1"
      }
    },
    {
      "package": {
        "ecosystem": "Maven",
        "name": "org.jenkins-ci.main:jenkins-core"
      },
      "ranges": [
        {
          "type": "ECOSYSTEM",
          "events": [
            {
              "introduced": "2.140"
            },
            {
              "fixed": "2.146"
            }
          ]
        }
      ],
      "database_specific": {
        "last_known_affected_version_range": "<= 2.145"
      }
    }
  ],
  "references": [
    {
      "type": "ADVISORY",
      "url": "https://nvd.nist.gov/vuln/detail/CVE-2018-1000410"
    },
    {
      "type": "WEB",
      "url": "https://github.com/jenkinsci/jenkins/commit/7366cc50106442a021c5178cd101057ecc08f2c2"
    },
    {
      "type": "PACKAGE",
      "url": "https://github.com/jenkinsci/jenkins"
    },
    {
      "type": "WEB",
      "url": "https://jenkins.io/security/advisory/2018-10-10/#SECURITY-765"
    },
    {
      "type": "WEB",
      "url": "http://www.securityfocus.com/bid/106532"
    }
  ],
  "database_specific": {
    "cwe_ids": [
      "CWE-200"
    ],
    "severity": "HIGH",
    "github_reviewed": true,
    "github_reviewed_at": "2022-06-30T16:24:31Z",
    "nvd_published_at": "2019-01-09T23:29:00Z"
  }
}