{
  "schema_version": "1.4.0",
  "id": "GHSA-jjff-q3q4-5hh8",
  "modified": "2024-04-18T16:58:17Z",
  "published": "2024-04-18T15:30:49Z",
  "aliases": [
    "CVE-2024-30564"
  ],
  "summary": "@andrei-tatar/nora-firebase-common Prototype Pollution vulnerability",
  "details": "An issue inandrei-tatar nora-firebase-common between v.1.0.41 and v.1.12.2 allows a remote attacker to execute arbitrary code via a crafted script to the updateState parameter of the updateStateInternal method.",
  "severity": [],
  "affected": [
    {
      "package": {
        "ecosystem": "npm",
        "name": "@andrei-tatar/nora-firebase-common"
      },
      "ranges": [
        {
          "type": "ECOSYSTEM",
          "events": [
            {
              "introduced": "1.0.41"
            },
            {
              "fixed": "1.12.3"
            }
          ]
        }
      ]
    }
  ],
  "references": [
    {
      "type": "ADVISORY",
      "url": "https://nvd.nist.gov/vuln/detail/CVE-2024-30564"
    },
    {
      "type": "WEB",
      "url": "https://github.com/andrei-tatar/nora-firebase-common/issues/9"
    },
    {
      "type": "WEB",
      "url": "https://github.com/andrei-tatar/nora-firebase-common/commit/bf30b75d51be04f6c1f884561a223226c890f01b"
    },
    {
      "type": "WEB",
      "url": "https://gist.github.com/mestrtee/5dc2c948c2057f98d3de0a9790903c6c"
    },
    {
      "type": "PACKAGE",
      "url": "https://github.com/andrei-tatar/nora-firebase-common"
    }
  ],
  "database_specific": {
    "cwe_ids": [
      "CWE-1321"
    ],
    "severity": "HIGH",
    "github_reviewed": true,
    "github_reviewed_at": "2024-04-18T16:58:17Z",
    "nvd_published_at": "2024-04-18T15:15:30Z"
  }
}