{
  "schema_version": "1.4.0",
  "id": "GHSA-57j2-w4cx-62h2",
  "modified": "2024-03-15T00:24:56Z",
  "published": "2022-03-12T00:00:36Z",
  "aliases": [
    "CVE-2020-36518"
  ],
  "summary": "Deeply nested json in jackson-databind",
  "details": "jackson-databind is a data-binding package for the Jackson Data Processor. jackson-databind allows a Java stack overflow exception and denial of service via a large depth of nested objects.",
  "severity": [
    {
      "type": "CVSS_V3",
      "score": "CVSS:3.1/AV:N/AC:L/PR:N/UI:N/S:U/C:N/I:N/A:H"
    }
  ],
  "affected": [
    {
      "package": {
        "ecosystem": "Maven",
        "name": "com.fasterxml.jackson.core:jackson-databind"
      },
      "ranges": [
        {
          "type": "ECOSYSTEM",
          "events": [
            {
              "introduced": "2.13.0"
            },
            {
              "fixed": "2.13.2.1"
            }
          ]
        }
      ],
      "database_specific": {
        "last_known_affected_version_range": "<= 2.13.2.0"
      }
    },
    {
      "package": {
        "ecosystem": "Maven",
        "name": "com.fasterxml.jackson.core:jackson-databind"
      },
      "ranges": [
        {
          "type": "ECOSYSTEM",
          "events": [
            {
              "introduced": "0"
            },
            {
              "fixed": "2.12.6.1"
            }
          ]
        }
      ],
      "database_specific": {
        "last_known_affected_version_range": "<= 2.12.6.0"
      }
    }
  ],
  "references": [
    {
      "type": "ADVISORY",
      "url": "https://nvd.nist.gov/vuln/detail/CVE-2020-36518"
    },
    {
      "type": "WEB",
      "url": "https://github.com/FasterXML/jackson-databind/issues/2816"
    },
    {
      "type": "WEB",
      "url": "https://github.com/FasterXML/jackson-databind/commit/0a8157c6ca478b1bc7be4ba7dccdb3863275f0de"
    },
    {
      "type": "WEB",
      "url": "https://github.com/FasterXML/jackson-databind/commit/3cc52f82ecf943e06c1d7c3b078e405fb3923d2b"
    },
    {
      "type": "WEB",
      "url": "https://github.com/FasterXML/jackson-databind/commit/8238ab41d0350fb915797c89d46777b4496b74fd"
    },
    {
      "type": "WEB",
      "url": "https://github.com/FasterXML/jackson-databind/commit/b3587924ee5d8695942f364d0d404d48d0ea6126"
    },
    {
      "type": "WEB",
      "url": "https://github.com/FasterXML/jackson-databind/commit/fcfc4998ec23f0b1f7f8a9521c2b317b6c25892b"
    },
    {
      "type": "PACKAGE",
      "url": "https://github.com/FasterXML/jackson-databind"
    },
    {
      "type": "WEB",
      "url": "https://github.com/FasterXML/jackson/wiki/Jackson-Release-2.12"
    },
    {
      "type": "WEB",
      "url": "https://github.com/FasterXML/jackson/wiki/Jackson-Release-2.13"
    },
    {
      "type": "WEB",
      "url": "https://lists.debian.org/debian-lts-announce/2022/05/msg00001.html"
    },
    {
      "type": "WEB",
      "url": "https://lists.debian.org/debian-lts-announce/2022/11/msg00035.html"
    },
    {
      "type": "WEB",
      "url": "https://security.netapp.com/advisory/ntap-20220506-0004"
    },
    {
      "type": "WEB",
      "url": "https://www.debian.org/security/2022/dsa-5283"
    },
    {
      "type": "WEB",
      "url": "https://www.oracle.com/security-alerts/cpuapr2022.html"
    },
    {
      "type": "WEB",
      "url": "https://www.oracle.com/security-alerts/cpujul2022.html"
    }
  ],
  "database_specific": {
    "cwe_ids": [
      "CWE-787"
    ],
    "severity": "HIGH",
    "github_reviewed": true,
    "github_reviewed_at": "2022-03-22T14:36:44Z",
    "nvd_published_at": "2022-03-11T07:15:00Z"
  }
}