{
  "schema_version": "1.4.0",
  "id": "GHSA-8whr-v3gm-w8h9",
  "modified": "2021-10-04T21:08:30Z",
  "published": "2020-09-03T15:51:04Z",
  "aliases": [],
  "summary": "Command Injection in node-rules",
  "details": "Versions of `node-rules` prior to 5.0.0 are vulnerable to Command Injection. The package fails to sanitize input rules and passes it directly to an `eval` call when using the `fromJSON` function. This may allow attackers to execute arbitrary code in the system if the rules are user-controlled.\n\n\n## Recommendation\n\nUpgrade to version 5.0.0 or later.",
  "severity": [
    {
      "type": "CVSS_V3",
      "score": "CVSS:3.1/AV:N/AC:H/PR:N/UI:N/S:C/C:H/I:L/A:L"
    }
  ],
  "affected": [
    {
      "package": {
        "ecosystem": "npm",
        "name": "node-rules"
      },
      "ranges": [
        {
          "type": "ECOSYSTEM",
          "events": [
            {
              "introduced": "0"
            },
            {
              "fixed": "5.0.0"
            }
          ]
        }
      ]
    }
  ],
  "references": [
    {
      "type": "WEB",
      "url": "https://github.com/mithunsatheesh/node-rules/issues/84"
    },
    {
      "type": "WEB",
      "url": "https://github.com/mithunsatheesh/node-rules/commit/100862223904bb6478fcc33b701c7dee11f7b832"
    },
    {
      "type": "PACKAGE",
      "url": "https://github.com/mithunsatheesh/node-rules"
    },
    {
      "type": "WEB",
      "url": "https://snyk.io/vuln/SNYK-JS-NODERULES-560426"
    }
  ],
  "database_specific": {
    "cwe_ids": [
      "CWE-78"
    ],
    "severity": "HIGH",
    "github_reviewed": true,
    "github_reviewed_at": "2020-08-31T19:01:30Z",
    "nvd_published_at": null
  }
}