{
  "schema_version": "1.4.0",
  "id": "GHSA-jpwx-ffjq-wr4w",
  "modified": "2021-09-03T20:10:38Z",
  "published": "2021-09-07T22:54:23Z",
  "aliases": [],
  "summary": "Content object state fetch functions open to SQL injection",
  "details": "### Impact\nThis Security Update is about a vulnerability in eZ Publish Legacy. The content object state code could be vulnerable to SQL injection. There is no known exploit, but one might be possible. If you use Legacy in any way, we strongly recommend that you install this update as soon as possible.\n\n### Patches\nThe fix is distributed via Composer, see \"Patched versions\".\n\n",
  "severity": [],
  "affected": [
    {
      "package": {
        "ecosystem": "Packagist",
        "name": "ezsystems/ezpublish-legacy"
      },
      "ranges": [
        {
          "type": "ECOSYSTEM",
          "events": [
            {
              "introduced": "2018.06.0"
            },
            {
              "fixed": "2019.03.6.1"
            }
          ]
        }
      ],
      "database_specific": {
        "last_known_affected_version_range": "<= 2019.03.5.1"
      }
    },
    {
      "package": {
        "ecosystem": "Packagist",
        "name": "ezsystems/ezpublish-legacy"
      },
      "ranges": [
        {
          "type": "ECOSYSTEM",
          "events": [
            {
              "introduced": "0"
            },
            {
              "fixed": "2017.12.7.4"
            }
          ]
        }
      ],
      "database_specific": {
        "last_known_affected_version_range": "<= 2017.12.7.3"
      }
    }
  ],
  "references": [
    {
      "type": "WEB",
      "url": "https://github.com/ezsystems/ezpublish-legacy/security/advisories/GHSA-jpwx-ffjq-wr4w"
    },
    {
      "type": "WEB",
      "url": "https://github.com/ezsystems/ezpublish-legacy/commit/f8e3a97afd92efb9148134a4bacb35a875777a42"
    },
    {
      "type": "WEB",
      "url": "https://developers.ibexa.co/security-advisories/ibexa-sa-2021-005-content-object-state-fetch-functions-open-to-sql-injection"
    },
    {
      "type": "PACKAGE",
      "url": "https://github.com/ezsystems/ezpublish-legacy"
    }
  ],
  "database_specific": {
    "cwe_ids": [
      "CWE-89"
    ],
    "severity": "HIGH",
    "github_reviewed": true,
    "github_reviewed_at": "2021-09-03T20:10:38Z",
    "nvd_published_at": null
  }
}