{
  "schema_version": "1.4.0",
  "id": "GHSA-qq89-hq3f-393p",
  "modified": "2021-08-31T16:02:04Z",
  "published": "2021-08-31T16:05:17Z",
  "aliases": [
    "CVE-2021-37712"
  ],
  "summary": "Arbitrary File Creation/Overwrite via insufficient symlink protection due to directory cache poisoning using symbolic links",
  "details": "### Impact\nArbitrary File Creation, Arbitrary File Overwrite, Arbitrary Code Execution\n\nnode-tar aims to guarantee that any file whose location would be modified by a symbolic link is not extracted. This is, in part, achieved by ensuring that extracted directories are not symlinks. Additionally, in order to prevent unnecessary stat calls to determine whether a given path is a directory, paths are cached when directories are created.\n\nThis logic was insufficient when extracting tar files that contained two directories and a symlink with names containing unicode values that normalized to the same value. Additionally, on Windows systems, long path portions would resolve to the same file system entities as their 8.3 \"short path\" counterparts. A specially crafted tar archive could thus include directories with two forms of the path that resolve to the same file system entity, followed by a symbolic link with a name in the first form, lastly followed by a file using the second form. It led to bypassing node-tar symlink checks on directories, essentially allowing an untrusted tar file to symlink into an arbitrary location and subsequently extracting arbitrary files into that location, thus allowing arbitrary file creation and overwrite.\n\nThe v3 branch of `node-tar` has been deprecated and did not receive patches for these issues. If you are still using a v3 release we recommend you update to a more recent version of `node-tar`. If this is not possible, a workaround is available below.\n\n### Patches\n\n6.1.9 || 5.0.10 || 4.4.18\n\n### Workarounds\n\nUsers may work around this vulnerability without upgrading by creating a custom filter method which prevents the extraction of symbolic links.\n\n```js\nconst tar = require('tar')\n\ntar.x({\n  file: 'archive.tgz',\n  filter: (file, entry) => {\n    if (entry.type === 'SymbolicLink') {\n      return false\n    } else {\n      return true\n    }\n  }\n})\n```\n\nUsers are encouraged to upgrade to the latest patched versions, rather than attempt to sanitize tar input themselves.\n\n#### Fix\n\nThe problem is addressed in the following ways, when comparing paths in the directory cache and path reservation systems:\n\n1. The `String.normalize('NFKD')` method is used to first normalize all unicode to its maximally compatible and multi-code-point form.\n2. All slashes are normalized to `/` on Windows systems (on posix systems, `\\` is a valid filename character, and thus left intact).\n3. When a symbolic link is encountered on Windows systems, the entire directory cache is cleared.  Collisions related to use of 8.3 short names to replace directories with other (non-symlink) types of entries may make archives fail to extract properly, but will not result in arbitrary file writes.\n",
  "severity": [
    {
      "type": "CVSS_V3",
      "score": "CVSS:3.1/AV:L/AC:L/PR:N/UI:R/S:C/C:H/I:H/A:N"
    }
  ],
  "affected": [
    {
      "package": {
        "ecosystem": "npm",
        "name": "tar"
      },
      "ranges": [
        {
          "type": "ECOSYSTEM",
          "events": [
            {
              "introduced": "3.0.0"
            },
            {
              "fixed": "4.4.18"
            }
          ]
        }
      ]
    },
    {
      "package": {
        "ecosystem": "npm",
        "name": "tar"
      },
      "ranges": [
        {
          "type": "ECOSYSTEM",
          "events": [
            {
              "introduced": "5.0.0"
            },
            {
              "fixed": "5.0.10"
            }
          ]
        }
      ]
    },
    {
      "package": {
        "ecosystem": "npm",
        "name": "tar"
      },
      "ranges": [
        {
          "type": "ECOSYSTEM",
          "events": [
            {
              "introduced": "6.0.0"
            },
            {
              "fixed": "6.1.9"
            }
          ]
        }
      ]
    }
  ],
  "references": [
    {
      "type": "WEB",
      "url": "https://github.com/npm/node-tar/security/advisories/GHSA-qq89-hq3f-393p"
    },
    {
      "type": "ADVISORY",
      "url": "https://nvd.nist.gov/vuln/detail/CVE-2021-37712"
    },
    {
      "type": "WEB",
      "url": "https://github.com/isaacs/node-tar/commit/1739408d3122af897caefd09662bce2ea477533b"
    },
    {
      "type": "WEB",
      "url": "https://github.com/isaacs/node-tar/commit/2f1bca027286c23e110b8dfc7efc10756fa3db5a"
    },
    {
      "type": "WEB",
      "url": "https://github.com/isaacs/node-tar/commit/3aaf19b2501bbddb145d92b3322c80dcaed3c35f"
    },
    {
      "type": "WEB",
      "url": "https://github.com/isaacs/node-tar/commit/b6162c7fafe797f856564ef37f4b82747f051455"
    },
    {
      "type": "WEB",
      "url": "https://github.com/isaacs/node-tar/commit/bb93ba243746f705092905da1955ac3b0509ba1e"
    },
    {
      "type": "WEB",
      "url": "https://github.com/isaacs/node-tar/commit/d56f790bda9fea807dd80c5083f24771dbdd6eb1"
    },
    {
      "type": "WEB",
      "url": "https://cert-portal.siemens.com/productcert/pdf/ssa-389290.pdf"
    },
    {
      "type": "PACKAGE",
      "url": "https://github.com/npm/node-tar"
    },
    {
      "type": "WEB",
      "url": "https://lists.debian.org/debian-lts-announce/2022/12/msg00023.html"
    },
    {
      "type": "WEB",
      "url": "https://www.debian.org/security/2021/dsa-5008"
    },
    {
      "type": "WEB",
      "url": "https://www.npmjs.com/package/tar"
    },
    {
      "type": "WEB",
      "url": "https://www.oracle.com/security-alerts/cpuoct2021.html"
    }
  ],
  "database_specific": {
    "cwe_ids": [
      "CWE-22",
      "CWE-59"
    ],
    "severity": "HIGH",
    "github_reviewed": true,
    "github_reviewed_at": "2021-08-31T16:02:04Z",
    "nvd_published_at": "2021-08-31T17:15:00Z"
  }
}