{
  "schema_version": "1.4.0",
  "id": "GHSA-fh2r-99q2-6mmg",
  "modified": "2023-09-19T22:28:38Z",
  "published": "2023-08-22T18:06:15Z",
  "aliases": [],
  "summary": "rustls-webpki: CPU denial of service in certificate path building",
  "details": "When this crate is given a pathological certificate chain to validate, it will spend CPU time exponential with the number of candidate certificates at each step of path building.\n\nBoth TLS clients and TLS servers that accept client certificate are affected.\n\nWe now give each path building operation a budget of 100 signature verifications.\n\nThe original `webpki` crate is also affected, see [GHSA-8qv2-5vq6-g2g7](https://github.com/advisories/GHSA-8qv2-5vq6-g2g7).\n\nThis was previously reported in the original crate <https://github.com/briansmith/webpki/issues/69> and re-reported to us recently.",
  "severity": [
    {
      "type": "CVSS_V3",
      "score": "CVSS:3.0/AV:N/AC:L/PR:N/UI:N/S:U/C:N/I:N/A:H"
    }
  ],
  "affected": [
    {
      "package": {
        "ecosystem": "crates.io",
        "name": "rustls-webpki"
      },
      "ranges": [
        {
          "type": "ECOSYSTEM",
          "events": [
            {
              "introduced": "0"
            },
            {
              "fixed": "0.100.2"
            }
          ]
        }
      ]
    },
    {
      "package": {
        "ecosystem": "crates.io",
        "name": "rustls-webpki"
      },
      "ranges": [
        {
          "type": "ECOSYSTEM",
          "events": [
            {
              "introduced": "0.101.0"
            },
            {
              "fixed": "0.101.4"
            }
          ]
        }
      ]
    }
  ],
  "references": [
    {
      "type": "WEB",
      "url": "https://github.com/rustls/webpki/commit/4ea052366f342a06344aab589565179b59b342d3"
    },
    {
      "type": "WEB",
      "url": "https://github.com/rustls/webpki/commit/dcad2406c92169b72c110dd12183fcc74035b683"
    },
    {
      "type": "ADVISORY",
      "url": "https://github.com/advisories/GHSA-8qv2-5vq6-g2g7"
    },
    {
      "type": "PACKAGE",
      "url": "https://github.com/rustls/webpki"
    },
    {
      "type": "WEB",
      "url": "https://rustsec.org/advisories/RUSTSEC-2023-0053.html"
    }
  ],
  "database_specific": {
    "cwe_ids": [
      "CWE-400"
    ],
    "severity": "HIGH",
    "github_reviewed": true,
    "github_reviewed_at": "2023-08-22T18:06:15Z",
    "nvd_published_at": null
  }
}