{
  "schema_version": "1.4.0",
  "id": "GHSA-qwfv-5jwj-582h",
  "modified": "2023-10-24T13:17:29Z",
  "published": "2022-05-14T01:06:17Z",
  "aliases": [
    "CVE-2017-1000217"
  ],
  "summary": "Opencast RCE Vulnerability",
  "details": "Opencast 2.3.2 and older versions are vulnerable to script injections through media and metadata in the player and media module resulting in arbitrary code execution, fixed in 2.3.3 and 3.0.",
  "severity": [
    {
      "type": "CVSS_V3",
      "score": "CVSS:3.0/AV:N/AC:L/PR:N/UI:R/S:U/C:H/I:H/A:H"
    }
  ],
  "affected": [
    {
      "package": {
        "ecosystem": "Maven",
        "name": "org.opencastproject:base"
      },
      "ranges": [
        {
          "type": "ECOSYSTEM",
          "events": [
            {
              "introduced": "0"
            },
            {
              "fixed": "2.3.3"
            }
          ]
        }
      ],
      "database_specific": {
        "last_known_affected_version_range": "<= 2.3.2"
      }
    }
  ],
  "references": [
    {
      "type": "ADVISORY",
      "url": "https://nvd.nist.gov/vuln/detail/CVE-2017-1000217"
    },
    {
      "type": "WEB",
      "url": "https://github.com/opencast/opencast/commit/2d42e42f3cfcff3a775a2538f735fca8542ce1fc"
    },
    {
      "type": "WEB",
      "url": "https://github.com/opencast/opencast/commit/fba2f35df24ce2aeaff627200065cbade9b3a0cd"
    },
    {
      "type": "PACKAGE",
      "url": "https://github.com/opencast/opencast"
    },
    {
      "type": "WEB",
      "url": "https://groups.google.com/a/opencast.org/forum/#!topic/security-notices/sCpt0pIPEFg"
    }
  ],
  "database_specific": {
    "cwe_ids": [
      "CWE-74"
    ],
    "severity": "HIGH",
    "github_reviewed": true,
    "github_reviewed_at": "2023-07-26T21:37:20Z",
    "nvd_published_at": "2017-11-17T22:29:00Z"
  }
}