{
  "schema_version": "1.4.0",
  "id": "GHSA-2q4h-27m7-rj67",
  "modified": "2024-10-25T20:45:22Z",
  "published": "2022-05-14T02:10:10Z",
  "aliases": [
    "CVE-2013-2191"
  ],
  "summary": "python-bugzilla has improper validation of X.509 certificates",
  "details": "python-bugzilla before 0.9.0 does not validate X.509 certificates, which allows man-in-the-middle attackers to spoof Bugzilla servers via a crafted certificate.",
  "severity": [
    {
      "type": "CVSS_V3",
      "score": "CVSS:3.1/AV:N/AC:L/PR:N/UI:N/S:U/C:N/I:H/A:N"
    },
    {
      "type": "CVSS_V4",
      "score": "CVSS:4.0/AV:N/AC:L/AT:N/PR:N/UI:N/VC:N/VI:H/VA:N/SC:N/SI:N/SA:N"
    }
  ],
  "affected": [
    {
      "package": {
        "ecosystem": "PyPI",
        "name": "python-bugzilla"
      },
      "ranges": [
        {
          "type": "ECOSYSTEM",
          "events": [
            {
              "introduced": "0"
            },
            {
              "fixed": "0.9.0"
            }
          ]
        }
      ]
    }
  ],
  "references": [
    {
      "type": "ADVISORY",
      "url": "https://nvd.nist.gov/vuln/detail/CVE-2013-2191"
    },
    {
      "type": "WEB",
      "url": "https://github.com/python-bugzilla/python-bugzilla/commit/a782282ee479ba4cc1b8b1d89700ac630ba83eef"
    },
    {
      "type": "WEB",
      "url": "https://bugzilla.redhat.com/show_bug.cgi?id=951594"
    },
    {
      "type": "WEB",
      "url": "https://git.fedorahosted.org/cgit/python-bugzilla.git/commit/?id=a782282ee479ba4cc1b8b1d89700ac630ba83eef"
    },
    {
      "type": "WEB",
      "url": "https://github.com/pypa/advisory-database/tree/main/vulns/python-bugzilla/PYSEC-2014-88.yaml"
    },
    {
      "type": "PACKAGE",
      "url": "https://github.com/python-bugzilla/python-bugzilla"
    },
    {
      "type": "WEB",
      "url": "https://lists.fedorahosted.org/pipermail/python-bugzilla/2013-June/000104.html"
    },
    {
      "type": "WEB",
      "url": "http://lists.opensuse.org/opensuse-updates/2013-07/msg00025.html"
    },
    {
      "type": "WEB",
      "url": "http://lists.opensuse.org/opensuse-updates/2013-07/msg00026.html"
    },
    {
      "type": "WEB",
      "url": "http://www.openwall.com/lists/oss-security/2013/06/19/6"
    }
  ],
  "database_specific": {
    "cwe_ids": [
      "CWE-20"
    ],
    "severity": "HIGH",
    "github_reviewed": true,
    "github_reviewed_at": "2024-04-29T14:47:01Z",
    "nvd_published_at": "2014-02-08T00:55:00Z"
  }
}