{
  "schema_version": "1.4.0",
  "id": "GHSA-rxp5-qwrf-pfv3",
  "modified": "2023-07-14T21:50:15Z",
  "published": "2023-07-14T15:30:26Z",
  "aliases": [
    "CVE-2023-3673"
  ],
  "summary": "Pimcore SQL Injection vulnerability",
  "details": " SQL Injection in GitHub repository pimcore/pimcore prior to 10.5.24.",
  "severity": [
    {
      "type": "CVSS_V3",
      "score": "CVSS:3.0/AV:N/AC:L/PR:H/UI:N/S:U/C:H/I:H/A:H"
    }
  ],
  "affected": [
    {
      "package": {
        "ecosystem": "Packagist",
        "name": "pimcore/pimcore"
      },
      "ranges": [
        {
          "type": "ECOSYSTEM",
          "events": [
            {
              "introduced": "0"
            },
            {
              "fixed": "10.5.24"
            }
          ]
        }
      ]
    }
  ],
  "references": [
    {
      "type": "ADVISORY",
      "url": "https://nvd.nist.gov/vuln/detail/CVE-2023-3673"
    },
    {
      "type": "WEB",
      "url": "https://github.com/pimcore/pimcore/commit/a06ce0abdba19ae0eefc38b035e677f8f0c2bce9"
    },
    {
      "type": "PACKAGE",
      "url": "https://github.com/pimcore/pimcore"
    },
    {
      "type": "WEB",
      "url": "https://huntr.dev/bounties/46ca0934-5260-477b-9e86-7b16bb18d0a9"
    }
  ],
  "database_specific": {
    "cwe_ids": [
      "CWE-89"
    ],
    "severity": "HIGH",
    "github_reviewed": true,
    "github_reviewed_at": "2023-07-14T21:50:15Z",
    "nvd_published_at": "2023-07-14T13:15:09Z"
  }
}