{
  "schema_version": "1.4.0",
  "id": "GHSA-p72g-cgh9-ghjg",
  "modified": "2022-11-18T06:15:49Z",
  "published": "2022-11-09T17:20:03Z",
  "aliases": [
    "CVE-2022-39368"
  ],
  "summary": "Failing DTLS handshakes may cause throttling to block processing of records",
  "details": "### Impact\n\nFailing handshakes didn't cleanup counters for throttling. In consequence the threshold may get reached and will not be released again. The results in permanently dropping records. The issues was reported for certificate based handshakes, but it can't be excluded, that this happens also for PSK based handshakes. It generally affects client and server as well.\n\n### Patches\n\nmain: commit 726bac57659410da463dcf404b3e79a7312ac0b9 \n2.7.x: commit 5648a0c27c2c2667c98419254557a14bac2b1f3f\n\nUsers are requested to update to 3.7.0. If Californium 2 support is required, users are requested to update to 2.7.4. \n\n### Workarounds\nnone.\n",
  "severity": [
    {
      "type": "CVSS_V3",
      "score": "CVSS:3.1/AV:N/AC:L/PR:N/UI:N/S:U/C:N/I:L/A:H"
    }
  ],
  "affected": [
    {
      "package": {
        "ecosystem": "Maven",
        "name": "org.eclipse.californium:scandium"
      },
      "ranges": [
        {
          "type": "ECOSYSTEM",
          "events": [
            {
              "introduced": "3.0.0"
            },
            {
              "fixed": "3.7.0"
            }
          ]
        }
      ]
    },
    {
      "package": {
        "ecosystem": "Maven",
        "name": "org.eclipse.californium:scandium"
      },
      "ranges": [
        {
          "type": "ECOSYSTEM",
          "events": [
            {
              "introduced": "2.7.0"
            },
            {
              "fixed": "2.7.4"
            }
          ]
        }
      ]
    }
  ],
  "references": [
    {
      "type": "WEB",
      "url": "https://github.com/eclipse-californium/californium/security/advisories/GHSA-p72g-cgh9-ghjg"
    },
    {
      "type": "ADVISORY",
      "url": "https://nvd.nist.gov/vuln/detail/CVE-2022-39368"
    },
    {
      "type": "WEB",
      "url": "https://github.com/eclipse-californium/californium/issues/2065"
    },
    {
      "type": "WEB",
      "url": "https://github.com/eclipse-californium/californium/commit/5648a0c27c2c2667c98419254557a14bac2b1f3f"
    },
    {
      "type": "WEB",
      "url": "https://github.com/eclipse-californium/californium/commit/726bac57659410da463dcf404b3e79a7312ac0b9"
    },
    {
      "type": "WEB",
      "url": "https://cwe.mitre.org/data/definitions/452.html"
    },
    {
      "type": "PACKAGE",
      "url": "https://github.com/eclipse-californium/californium"
    }
  ],
  "database_specific": {
    "cwe_ids": [
      "CWE-404"
    ],
    "severity": "HIGH",
    "github_reviewed": true,
    "github_reviewed_at": "2022-11-09T17:20:03Z",
    "nvd_published_at": "2022-11-10T00:15:00Z"
  }
}