{
  "schema_version": "1.4.0",
  "id": "GHSA-xw6g-jjvf-wwf9",
  "modified": "2022-06-20T22:25:46Z",
  "published": "2022-06-20T22:25:46Z",
  "aliases": [
    "CVE-2022-31089"
  ],
  "summary": "Invalid file request can crash server",
  "details": "### Impact\nCertain types of invalid files requests are not handled properly and can crash the server. If you are running multiple Parse Server instances in a cluster, the availability impact may be low; if you are running Parse Server as a single instance without redundancy, the availability impact may be high.\n\n### Patches\nTo prevent this, invalid requests are now properly handled.\n\n### Workarounds\nNone\n\n### References\n- https://github.com/parse-community/parse-server/security/advisories/GHSA-xw6g-jjvf-wwf9\n- https://github.com/parse-community/parse-server\n\n### For more information\n- For questions or comments about this vulnerability visit our [community forum](http://community.parseplatform.org/) or [community chat](http://chat.parseplatform.org/)\n- Report other vulnerabilities at [report.parseplatform.org](https://report.parseplatform.org/)\n",
  "severity": [
    {
      "type": "CVSS_V3",
      "score": "CVSS:3.1/AV:N/AC:L/PR:N/UI:N/S:U/C:N/I:N/A:H"
    }
  ],
  "affected": [
    {
      "package": {
        "ecosystem": "npm",
        "name": "parse-server"
      },
      "ranges": [
        {
          "type": "ECOSYSTEM",
          "events": [
            {
              "introduced": "0"
            },
            {
              "fixed": "4.10.12"
            }
          ]
        }
      ]
    },
    {
      "package": {
        "ecosystem": "npm",
        "name": "parse-server"
      },
      "ranges": [
        {
          "type": "ECOSYSTEM",
          "events": [
            {
              "introduced": "5.0.0"
            },
            {
              "fixed": "5.2.3"
            }
          ]
        }
      ]
    }
  ],
  "references": [
    {
      "type": "WEB",
      "url": "https://github.com/parse-community/parse-server/security/advisories/GHSA-xw6g-jjvf-wwf9"
    },
    {
      "type": "ADVISORY",
      "url": "https://nvd.nist.gov/vuln/detail/CVE-2022-31089"
    },
    {
      "type": "WEB",
      "url": "https://github.com/parse-community/parse-server/commit/5be375dec2fa35425c1003ae81c55995ac72af92"
    },
    {
      "type": "PACKAGE",
      "url": "https://github.com/parse-community/parse-server"
    }
  ],
  "database_specific": {
    "cwe_ids": [
      "CWE-252"
    ],
    "severity": "HIGH",
    "github_reviewed": true,
    "github_reviewed_at": "2022-06-20T22:25:46Z",
    "nvd_published_at": "2022-06-27T21:15:00Z"
  }
}