{
  "schema_version": "1.4.0",
  "id": "GHSA-634x-pc3q-cf4c",
  "modified": "2022-06-07T14:18:47Z",
  "published": "2022-05-25T20:15:02Z",
  "aliases": [
    "CVE-2022-29221"
  ],
  "summary": "PHP Code Injection by malicious block or filename in Smarty",
  "details": "### Impact\nTemplate authors could inject php code by choosing a malicous {block} name or {include} file name. Sites that cannot fully trust template authors should update asap.\n\n### Patches\nPlease upgrade to the most recent version of Smarty v3 or v4.\n\n### Workarounds\n_Is there a way for users to fix or remediate the vulnerability without upgrading?_\n\n### References\n_Are there any links users can visit to find out more?_\n\n### For more information\nIf you have any questions or comments about this advisory:\n* Open an issue in [the Smarty repo](https://github.com/smarty-php/smarty)\n",
  "severity": [
    {
      "type": "CVSS_V3",
      "score": "CVSS:3.1/AV:N/AC:L/PR:L/UI:N/S:U/C:H/I:H/A:H"
    }
  ],
  "affected": [
    {
      "package": {
        "ecosystem": "Packagist",
        "name": "smarty/smarty"
      },
      "ranges": [
        {
          "type": "ECOSYSTEM",
          "events": [
            {
              "introduced": "0"
            },
            {
              "fixed": "3.1.45"
            }
          ]
        }
      ]
    },
    {
      "package": {
        "ecosystem": "Packagist",
        "name": "smarty/smarty"
      },
      "ranges": [
        {
          "type": "ECOSYSTEM",
          "events": [
            {
              "introduced": "4.0.0"
            },
            {
              "fixed": "4.1.1"
            }
          ]
        }
      ]
    }
  ],
  "references": [
    {
      "type": "WEB",
      "url": "https://github.com/smarty-php/smarty/security/advisories/GHSA-634x-pc3q-cf4c"
    },
    {
      "type": "ADVISORY",
      "url": "https://nvd.nist.gov/vuln/detail/CVE-2022-29221"
    },
    {
      "type": "WEB",
      "url": "https://github.com/smarty-php/smarty/commit/64ad6442ca1da31cefdab5c9874262b702cccddd"
    },
    {
      "type": "WEB",
      "url": "https://github.com/FriendsOfPHP/security-advisories/blob/master/smarty/smarty/CVE-2022-29221.yaml"
    },
    {
      "type": "PACKAGE",
      "url": "https://github.com/smarty-php/smarty"
    },
    {
      "type": "WEB",
      "url": "https://github.com/smarty-php/smarty/releases/tag/v3.1.45"
    },
    {
      "type": "WEB",
      "url": "https://github.com/smarty-php/smarty/releases/tag/v4.1.1"
    },
    {
      "type": "WEB",
      "url": "https://lists.debian.org/debian-lts-announce/2022/05/msg00044.html"
    },
    {
      "type": "WEB",
      "url": "https://lists.fedoraproject.org/archives/list/package-announce@lists.fedoraproject.org/message/BRAJVDRGCIY5UZ2PQHKDTT7RMKG6WJQQ"
    },
    {
      "type": "WEB",
      "url": "https://lists.fedoraproject.org/archives/list/package-announce@lists.fedoraproject.org/message/L777JIBIWJV34HS7LXPIDWASG7TT4LNI"
    },
    {
      "type": "WEB",
      "url": "https://security.gentoo.org/glsa/202209-09"
    },
    {
      "type": "WEB",
      "url": "https://www.debian.org/security/2022/dsa-5151"
    }
  ],
  "database_specific": {
    "cwe_ids": [
      "CWE-94"
    ],
    "severity": "HIGH",
    "github_reviewed": true,
    "github_reviewed_at": "2022-05-25T20:15:02Z",
    "nvd_published_at": "2022-05-24T15:15:00Z"
  }
}