{
  "schema_version": "1.4.0",
  "id": "GHSA-vm6r-j788-hjh5",
  "modified": "2024-09-17T22:24:36Z",
  "published": "2024-09-17T14:58:35Z",
  "aliases": [
    "CVE-2024-45398"
  ],
  "summary": "Contao affected by remote command execution through file upload",
  "details": "### Impact\n\nBack end users with access to the file manager can upload malicious files and execute them on the server.\n\n### Patches\n\nUpdate to Contao 4.13.49, 5.3.15 or 5.4.3.\n\n### Workarounds\n\nConfigure your web server so it does not execute PHP files and other scripts in the Contao file upload directory.\n\n### References\n\nhttps://contao.org/en/security-advisories/remote-command-execution-through-file-uploads\n\n### For more information\n\nIf you have any questions or comments about this advisory, open an issue in [contao/contao](https://github.com/contao/contao/issues/new/choose).\n\n### Credits\n\nThanks to Jakob Steeg from usd AG for reporting this vulnerability.",
  "severity": [
    {
      "type": "CVSS_V3",
      "score": "CVSS:3.1/AV:N/AC:L/PR:L/UI:N/S:U/C:H/I:H/A:L"
    },
    {
      "type": "CVSS_V4",
      "score": "CVSS:4.0/AV:N/AC:L/AT:N/PR:L/UI:N/VC:H/VI:H/VA:L/SC:N/SI:N/SA:N"
    }
  ],
  "affected": [
    {
      "package": {
        "ecosystem": "Packagist",
        "name": "contao/core-bundle"
      },
      "ranges": [
        {
          "type": "ECOSYSTEM",
          "events": [
            {
              "introduced": "4.0.0"
            },
            {
              "fixed": "4.13.49"
            }
          ]
        }
      ]
    },
    {
      "package": {
        "ecosystem": "Packagist",
        "name": "contao/core-bundle"
      },
      "ranges": [
        {
          "type": "ECOSYSTEM",
          "events": [
            {
              "introduced": "5.0.0"
            },
            {
              "fixed": "5.3.15"
            }
          ]
        }
      ]
    },
    {
      "package": {
        "ecosystem": "Packagist",
        "name": "contao/core-bundle"
      },
      "ranges": [
        {
          "type": "ECOSYSTEM",
          "events": [
            {
              "introduced": "5.4.0"
            },
            {
              "fixed": "5.4.3"
            }
          ]
        }
      ]
    }
  ],
  "references": [
    {
      "type": "WEB",
      "url": "https://github.com/contao/contao/security/advisories/GHSA-vm6r-j788-hjh5"
    },
    {
      "type": "ADVISORY",
      "url": "https://nvd.nist.gov/vuln/detail/CVE-2024-45398"
    },
    {
      "type": "WEB",
      "url": "https://github.com/contao/contao/commit/9445d509f12a7f1b68a4794dcc5e3e459b363ebb"
    },
    {
      "type": "WEB",
      "url": "https://github.com/contao/contao/commit/a7e39f96ac8fdc281f7caaa96e01deb0e24ac7d3"
    },
    {
      "type": "WEB",
      "url": "https://github.com/contao/contao/commit/f3db59ffe5a6c0e1f705b3230ebd5ff16865280e"
    },
    {
      "type": "WEB",
      "url": "https://contao.org/en/security-advisories/remote-command-execution-through-file-uploads"
    },
    {
      "type": "PACKAGE",
      "url": "https://github.com/contao/contao"
    }
  ],
  "database_specific": {
    "cwe_ids": [
      "CWE-434"
    ],
    "severity": "HIGH",
    "github_reviewed": true,
    "github_reviewed_at": "2024-09-17T14:58:35Z",
    "nvd_published_at": "2024-09-17T20:15:04Z"
  }
}