{
  "schema_version": "1.4.0",
  "id": "GHSA-w2f4-hxpm-mq98",
  "modified": "2021-11-17T21:12:00Z",
  "published": "2021-11-15T23:17:37Z",
  "aliases": [
    "CVE-2021-3915"
  ],
  "summary": "bookstack is vulnerable to Unrestricted Upload of File with Dangerous Type",
  "details": "bookstack is vulnerable to Unrestricted Upload of File with Dangerous Type.",
  "severity": [
    {
      "type": "CVSS_V3",
      "score": "CVSS:3.0/AV:N/AC:L/PR:L/UI:R/S:U/C:H/I:L/A:H"
    }
  ],
  "affected": [
    {
      "package": {
        "ecosystem": "Packagist",
        "name": "ssddanbrown/bookstack"
      },
      "ranges": [
        {
          "type": "ECOSYSTEM",
          "events": [
            {
              "introduced": "0"
            },
            {
              "fixed": "21.0.3"
            }
          ]
        }
      ]
    }
  ],
  "references": [
    {
      "type": "ADVISORY",
      "url": "https://nvd.nist.gov/vuln/detail/CVE-2021-3915"
    },
    {
      "type": "WEB",
      "url": "https://github.com/bookstackapp/bookstack/commit/ae155d67454d6b9f6c93b2bb457aaa4b2eb1a9ed"
    },
    {
      "type": "PACKAGE",
      "url": "https://github.com/BookStackApp/BookStack"
    },
    {
      "type": "WEB",
      "url": "https://huntr.dev/bounties/fcb65f2d-257a-46f4-bac9-f6ded5649079"
    }
  ],
  "database_specific": {
    "cwe_ids": [
      "CWE-434"
    ],
    "severity": "HIGH",
    "github_reviewed": true,
    "github_reviewed_at": "2021-11-15T20:34:14Z",
    "nvd_published_at": "2021-11-13T10:15:00Z"
  }
}