{
  "schema_version": "1.4.0",
  "id": "GHSA-9rhc-vjjp-gccw",
  "modified": "2022-12-29T01:45:19Z",
  "published": "2022-05-24T17:28:26Z",
  "aliases": [
    "CVE-2020-2271"
  ],
  "summary": "Stored XSS vulnerability in Locked Files Report Plugin",
  "details": "Jenkins Locked Files Report Plugin 1.6 and earlier does not escape locked files' names in tooltips, resulting in a stored cross-site scripting (XSS) vulnerability exploitable by attackers with Job/Configure permission.",
  "severity": [
    {
      "type": "CVSS_V3",
      "score": "CVSS:3.1/AV:N/AC:L/PR:L/UI:R/S:U/C:H/I:H/A:H"
    }
  ],
  "affected": [
    {
      "package": {
        "ecosystem": "Maven",
        "name": "org.jvnet.hudson.plugins:locked-files-report"
      },
      "ranges": [
        {
          "type": "ECOSYSTEM",
          "events": [
            {
              "introduced": "0"
            },
            {
              "last_affected": "1.6"
            }
          ]
        }
      ]
    }
  ],
  "references": [
    {
      "type": "ADVISORY",
      "url": "https://nvd.nist.gov/vuln/detail/CVE-2020-2271"
    },
    {
      "type": "PACKAGE",
      "url": "https://github.com/jenkinsci/locked-files-report-plugin"
    },
    {
      "type": "WEB",
      "url": "https://www.jenkins.io/security/advisory/2020-09-16/#SECURITY-1921"
    },
    {
      "type": "WEB",
      "url": "http://www.openwall.com/lists/oss-security/2020/09/16/3"
    }
  ],
  "database_specific": {
    "cwe_ids": [
      "CWE-79"
    ],
    "severity": "HIGH",
    "github_reviewed": true,
    "github_reviewed_at": "2022-12-29T01:45:19Z",
    "nvd_published_at": "2020-09-16T14:15:00Z"
  }
}