{
  "schema_version": "1.4.0",
  "id": "GHSA-66xp-28cq-mrf2",
  "modified": "2024-04-23T22:43:12Z",
  "published": "2022-05-24T17:35:32Z",
  "aliases": [
    "CVE-2020-25630"
  ],
  "summary": "Moodle Denial of Service ",
  "details": "A vulnerability was found in Moodle where the decompressed size of zip files was not checked against available user quota before unzipping them, which could lead to a denial of service risk. This affects versions 3.9 to 3.9.1, 3.8 to 3.8.4, 3.7 to 3.7.7, 3.5 to 3.5.13 and earlier unsupported versions. Fixed in 3.9.2, 3.8.5, 3.7.8 and 3.5.14.",
  "severity": [
    {
      "type": "CVSS_V3",
      "score": "CVSS:3.1/AV:N/AC:L/PR:N/UI:N/S:U/C:N/I:N/A:H"
    }
  ],
  "affected": [
    {
      "package": {
        "ecosystem": "Packagist",
        "name": "moodle/moodle"
      },
      "ranges": [
        {
          "type": "ECOSYSTEM",
          "events": [
            {
              "introduced": "3.9"
            },
            {
              "fixed": "3.9.2"
            }
          ]
        }
      ]
    },
    {
      "package": {
        "ecosystem": "Packagist",
        "name": "moodle/moodle"
      },
      "ranges": [
        {
          "type": "ECOSYSTEM",
          "events": [
            {
              "introduced": "3.8"
            },
            {
              "fixed": "3.8.5"
            }
          ]
        }
      ]
    },
    {
      "package": {
        "ecosystem": "Packagist",
        "name": "moodle/moodle"
      },
      "ranges": [
        {
          "type": "ECOSYSTEM",
          "events": [
            {
              "introduced": "3.7"
            },
            {
              "fixed": "3.7.8"
            }
          ]
        }
      ]
    },
    {
      "package": {
        "ecosystem": "Packagist",
        "name": "moodle/moodle"
      },
      "ranges": [
        {
          "type": "ECOSYSTEM",
          "events": [
            {
              "introduced": "3.5"
            },
            {
              "fixed": "3.5.14"
            }
          ]
        }
      ]
    }
  ],
  "references": [
    {
      "type": "ADVISORY",
      "url": "https://nvd.nist.gov/vuln/detail/CVE-2020-25630"
    },
    {
      "type": "PACKAGE",
      "url": "https://github.com/moodle/moodle"
    },
    {
      "type": "WEB",
      "url": "https://moodle.org/mod/forum/discuss.php?d=410842"
    }
  ],
  "database_specific": {
    "cwe_ids": [
      "CWE-400"
    ],
    "severity": "HIGH",
    "github_reviewed": true,
    "github_reviewed_at": "2024-04-23T22:43:12Z",
    "nvd_published_at": "2020-12-08T01:15:00Z"
  }
}