{
  "schema_version": "1.4.0",
  "id": "GHSA-785h-hrf7-gqxc",
  "modified": "2023-08-02T20:53:09Z",
  "published": "2022-05-14T03:28:46Z",
  "aliases": [
    "CVE-2015-9258"
  ],
  "summary": "Docker Notary Signature Algorithm Not Matched to Key vulnerability",
  "details": "In Docker Notary before 0.1, gotuf/signed/verify.go has a Signature Algorithm Not Matched to Key vulnerability. Because an attacker controls the field specifying the signature algorithm, they might (for example) be able to forge a signature by forcing a misinterpretation of an RSA-PSS key as Ed25519 elliptic-curve data.",
  "severity": [
    {
      "type": "CVSS_V3",
      "score": "CVSS:3.0/AV:N/AC:L/PR:N/UI:N/S:U/C:N/I:H/A:N"
    }
  ],
  "affected": [
    {
      "package": {
        "ecosystem": "Go",
        "name": "github.com/docker/notary"
      },
      "ranges": [
        {
          "type": "ECOSYSTEM",
          "events": [
            {
              "introduced": "0"
            },
            {
              "fixed": "0.1.0"
            }
          ]
        }
      ]
    }
  ],
  "references": [
    {
      "type": "ADVISORY",
      "url": "https://nvd.nist.gov/vuln/detail/CVE-2015-9258"
    },
    {
      "type": "WEB",
      "url": "https://github.com/theupdateframework/notary/blob/master/docs/resources/ncc_docker_notary_audit_2015_07_31.pdf"
    },
    {
      "type": "WEB",
      "url": "https://web.archive.org/web/20160305015752/https://docs.docker.com/notary/changelog"
    }
  ],
  "database_specific": {
    "cwe_ids": [
      "CWE-347"
    ],
    "severity": "HIGH",
    "github_reviewed": true,
    "github_reviewed_at": "2023-08-02T20:53:09Z",
    "nvd_published_at": "2018-03-31T21:29:00Z"
  }
}