{
  "schema_version": "1.4.0",
  "id": "GHSA-c36v-fmgq-m8hx",
  "modified": "2024-04-25T22:09:12Z",
  "published": "2021-09-07T22:57:14Z",
  "aliases": [
    "CVE-2021-3757"
  ],
  "summary": "Prototype Pollution in immer",
  "details": "immer is vulnerable to Improperly Controlled Modification of Object Prototype Attributes ('Prototype Pollution').",
  "severity": [
    {
      "type": "CVSS_V3",
      "score": "CVSS:3.0/AV:N/AC:L/PR:N/UI:N/S:U/C:N/I:N/A:H"
    }
  ],
  "affected": [
    {
      "package": {
        "ecosystem": "npm",
        "name": "immer"
      },
      "ranges": [
        {
          "type": "ECOSYSTEM",
          "events": [
            {
              "introduced": "7.0.0"
            },
            {
              "fixed": "9.0.6"
            }
          ]
        }
      ]
    }
  ],
  "references": [
    {
      "type": "ADVISORY",
      "url": "https://nvd.nist.gov/vuln/detail/CVE-2021-3757"
    },
    {
      "type": "WEB",
      "url": "https://github.com/immerjs/immer/commit/fa671e55ee9bd42ae08cc239102b665a23958237"
    },
    {
      "type": "PACKAGE",
      "url": "https://github.com/immerjs/immer"
    },
    {
      "type": "WEB",
      "url": "https://huntr.dev/bounties/23d38099-71cd-42ed-a77a-71e68094adfa"
    }
  ],
  "database_specific": {
    "cwe_ids": [
      "CWE-1321",
      "CWE-915"
    ],
    "severity": "HIGH",
    "github_reviewed": true,
    "github_reviewed_at": "2021-09-03T20:17:21Z",
    "nvd_published_at": "2021-09-02T12:15:00Z"
  }
}