{
  "schema_version": "1.4.0",
  "id": "GHSA-gcvv-gq92-x94r",
  "modified": "2021-08-23T17:22:58Z",
  "published": "2021-08-23T19:42:49Z",
  "aliases": [
    "CVE-2021-37711"
  ],
  "summary": "Authenticated server-side request forgery in file upload via URL.",
  "details": "### Impact\nAuthenticated server-side request forgery in file upload via URL.\n\n### Patches\nWe recommend updating to the current version 6.4.3.1. You can get the update to 6.4.3.1 regularly via the Auto-Updater or directly via the download overview.\n\nhttps://www.shopware.com/en/download/#shopware-6\n\n### Workarounds\nFor older versions of 6.1, 6.2, and 6.3, corresponding security measures are also available via a plugin. For the full range of functions, we recommend updating to the latest Shopware version.",
  "severity": [
    {
      "type": "CVSS_V3",
      "score": "CVSS:3.1/AV:N/AC:L/PR:L/UI:N/S:U/C:H/I:H/A:H"
    }
  ],
  "affected": [
    {
      "package": {
        "ecosystem": "Packagist",
        "name": "shopware/platform"
      },
      "ranges": [
        {
          "type": "ECOSYSTEM",
          "events": [
            {
              "introduced": "0"
            },
            {
              "fixed": "6.4.3.1"
            }
          ]
        }
      ],
      "database_specific": {
        "last_known_affected_version_range": "<= 6.4.3.0"
      }
    },
    {
      "package": {
        "ecosystem": "Packagist",
        "name": "shopware/core"
      },
      "ranges": [
        {
          "type": "ECOSYSTEM",
          "events": [
            {
              "introduced": "0"
            },
            {
              "fixed": "6.4.3.1"
            }
          ]
        }
      ],
      "database_specific": {
        "last_known_affected_version_range": "<= 6.4.3.0"
      }
    }
  ],
  "references": [
    {
      "type": "WEB",
      "url": "https://github.com/shopware/platform/security/advisories/GHSA-gcvv-gq92-x94r"
    },
    {
      "type": "ADVISORY",
      "url": "https://nvd.nist.gov/vuln/detail/CVE-2021-37711"
    },
    {
      "type": "WEB",
      "url": "https://github.com/shopware/platform/commit/b9f330e652b743dd2374c02bbe68f28b59a3f502"
    },
    {
      "type": "PACKAGE",
      "url": "https://github.com/shopware/platform"
    }
  ],
  "database_specific": {
    "cwe_ids": [
      "CWE-918"
    ],
    "severity": "HIGH",
    "github_reviewed": true,
    "github_reviewed_at": "2021-08-23T17:22:58Z",
    "nvd_published_at": "2021-08-16T23:15:00Z"
  }
}