{
  "schema_version": "1.4.0",
  "id": "GHSA-72gm-pp6q-gpx5",
  "modified": "2023-07-27T19:40:48Z",
  "published": "2022-05-14T04:04:14Z",
  "aliases": [
    "CVE-2017-11905"
  ],
  "summary": "ChakraCore RCE Vulnerability",
  "details": "ChakraCore and Microsoft Edge in Windows 10 1511, 1607, 1703, 1709, and Windows Server 2016 allows an attacker to execute arbitrary code in the context of the current user, due to how the scripting engine handles objects in memory, aka \"Scripting Engine Memory Corruption Vulnerability\". This CVE ID is unique from CVE-2017-11886, CVE-2017-11889, CVE-2017-11890, CVE-2017-11893, CVE-2017-11894, CVE-2017-11895, CVE-2017-11901, CVE-2017-11903, CVE-2017-11907, CVE-2017-11908, CVE-2017-11909, CVE-2017-11910, CVE-2017-11911, CVE-2017-11912, CVE-2017-11913, CVE-2017-11914, CVE-2017-11916, CVE-2017-11918, and CVE-2017-11930.",
  "severity": [
    {
      "type": "CVSS_V3",
      "score": "CVSS:3.0/AV:N/AC:H/PR:N/UI:R/S:U/C:H/I:H/A:H"
    }
  ],
  "affected": [
    {
      "package": {
        "ecosystem": "NuGet",
        "name": "Microsoft.ChakraCore"
      },
      "ranges": [
        {
          "type": "ECOSYSTEM",
          "events": [
            {
              "introduced": "0"
            },
            {
              "fixed": "1.7.5"
            }
          ]
        }
      ]
    }
  ],
  "references": [
    {
      "type": "ADVISORY",
      "url": "https://nvd.nist.gov/vuln/detail/CVE-2017-11905"
    },
    {
      "type": "WEB",
      "url": "https://github.com/chakra-core/ChakraCore/pull/4411"
    },
    {
      "type": "WEB",
      "url": "https://github.com/chakra-core/ChakraCore/commit/d97375c40cfd2b2376a5c4b6cd34098e1e99e1f1"
    },
    {
      "type": "WEB",
      "url": "https://portal.msrc.microsoft.com/en-US/security-guidance/advisory/CVE-2017-11905"
    },
    {
      "type": "WEB",
      "url": "https://web.archive.org/web/20210124122448/http://www.securityfocus.com/bid/102050"
    },
    {
      "type": "WEB",
      "url": "https://web.archive.org/web/20210829201729/http://www.securitytracker.com/id/1039990"
    }
  ],
  "database_specific": {
    "cwe_ids": [
      "CWE-119"
    ],
    "severity": "HIGH",
    "github_reviewed": true,
    "github_reviewed_at": "2023-07-27T19:40:48Z",
    "nvd_published_at": "2017-12-12T21:29:00Z"
  }
}