{
  "schema_version": "1.4.0",
  "id": "GHSA-fmfv-x8mp-5767",
  "modified": "2022-03-01T21:17:52Z",
  "published": "2022-02-18T00:00:37Z",
  "aliases": [
    "CVE-2022-25271"
  ],
  "summary": "Improper input validation in Drupal core",
  "details": "Drupal core's form API has a vulnerability where certain contributed or custom modules' forms may be vulnerable to improper input validation. This could allow an attacker to inject disallowed values or overwrite data. Affected forms are uncommon, but in certain cases an attacker could alter critical or sensitive data.",
  "severity": [
    {
      "type": "CVSS_V3",
      "score": "CVSS:3.1/AV:N/AC:L/PR:N/UI:N/S:U/C:N/I:H/A:N"
    }
  ],
  "affected": [
    {
      "package": {
        "ecosystem": "Packagist",
        "name": "drupal/core"
      },
      "ranges": [
        {
          "type": "ECOSYSTEM",
          "events": [
            {
              "introduced": "9.3.0"
            },
            {
              "fixed": "9.3.6"
            }
          ]
        }
      ]
    },
    {
      "package": {
        "ecosystem": "Packagist",
        "name": "drupal/core"
      },
      "ranges": [
        {
          "type": "ECOSYSTEM",
          "events": [
            {
              "introduced": "8.0.0"
            },
            {
              "fixed": "9.2.13"
            }
          ]
        }
      ]
    },
    {
      "package": {
        "ecosystem": "Packagist",
        "name": "drupal/core"
      },
      "ranges": [
        {
          "type": "ECOSYSTEM",
          "events": [
            {
              "introduced": "7.0.0"
            },
            {
              "fixed": "7.88"
            }
          ]
        }
      ]
    }
  ],
  "references": [
    {
      "type": "ADVISORY",
      "url": "https://nvd.nist.gov/vuln/detail/CVE-2022-25271"
    },
    {
      "type": "WEB",
      "url": "https://lists.fedoraproject.org/archives/list/package-announce%40lists.fedoraproject.org/message/HVKIOWSXL2RF2ULNAP7PHESYCFSZIJE3"
    },
    {
      "type": "WEB",
      "url": "https://lists.fedoraproject.org/archives/list/package-announce%40lists.fedoraproject.org/message/SGSY236PYSFYIEBRGDERLA7OSY6D7XL4"
    },
    {
      "type": "WEB",
      "url": "https://lists.fedoraproject.org/archives/list/package-announce@lists.fedoraproject.org/message/HVKIOWSXL2RF2ULNAP7PHESYCFSZIJE3"
    },
    {
      "type": "WEB",
      "url": "https://lists.fedoraproject.org/archives/list/package-announce@lists.fedoraproject.org/message/SGSY236PYSFYIEBRGDERLA7OSY6D7XL4"
    },
    {
      "type": "WEB",
      "url": "https://www.drupal.org/sa-core-2022-003"
    }
  ],
  "database_specific": {
    "cwe_ids": [
      "CWE-20"
    ],
    "severity": "HIGH",
    "github_reviewed": true,
    "github_reviewed_at": "2022-03-01T21:12:06Z",
    "nvd_published_at": "2022-02-16T23:15:00Z"
  }
}