{
  "schema_version": "1.4.0",
  "id": "GHSA-qj86-v6m7-4qv2",
  "modified": "2024-07-05T21:14:25Z",
  "published": "2024-06-17T18:31:33Z",
  "aliases": [
    "CVE-2024-36577"
  ],
  "summary": "Object Resolver Prototype Pollution",
  "details": "apphp js-object-resolver < 3.1.1 is vulnerable to Prototype Pollution via Module.setNestedProperty.",
  "severity": [
    {
      "type": "CVSS_V3",
      "score": "CVSS:3.1/AV:N/AC:L/PR:N/UI:R/S:U/C:L/I:H/A:H"
    }
  ],
  "affected": [
    {
      "package": {
        "ecosystem": "npm",
        "name": "@apphp/object-resolver"
      },
      "ranges": [
        {
          "type": "ECOSYSTEM",
          "events": [
            {
              "introduced": "0"
            },
            {
              "fixed": "3.1.1"
            }
          ]
        }
      ]
    }
  ],
  "references": [
    {
      "type": "ADVISORY",
      "url": "https://nvd.nist.gov/vuln/detail/CVE-2024-36577"
    },
    {
      "type": "WEB",
      "url": "https://github.com/apphp/js-object-resolver/commit/7e347a26bf04d6a4f7525f6605666afbb218afca"
    },
    {
      "type": "WEB",
      "url": "https://gist.github.com/mestrtee/c90189f3d8480a5f267395ec40701373"
    },
    {
      "type": "PACKAGE",
      "url": "https://github.com/apphp/js-object-resolver"
    }
  ],
  "database_specific": {
    "cwe_ids": [
      "CWE-1321"
    ],
    "severity": "HIGH",
    "github_reviewed": true,
    "github_reviewed_at": "2024-06-17T22:30:00Z",
    "nvd_published_at": "2024-06-17T16:15:15Z"
  }
}