{
  "schema_version": "1.4.0",
  "id": "GHSA-9p47-w5xp-f4xr",
  "modified": "2023-09-13T22:23:39Z",
  "published": "2018-11-09T17:48:37Z",
  "aliases": [
    "CVE-2017-16003"
  ],
  "summary": "windows-build-tools downloads Resources over HTTP",
  "details": "Affected versions of `windows-build-tools` insecurely download an executable over an unencrypted HTTP connection. \n\nIn scenarios where an attacker has a privileged network position, it is possible to intercept the response and replace the executable with a malicious one, resulting in code execution on the system running `windows-build-tools`.\n\n\n## Recommendation\n\nUpdate to version 1.0.0 or later.",
  "severity": [
    {
      "type": "CVSS_V3",
      "score": "CVSS:3.0/AV:N/AC:H/PR:N/UI:N/S:U/C:H/I:H/A:H"
    }
  ],
  "affected": [
    {
      "package": {
        "ecosystem": "npm",
        "name": "windows-build-tools"
      },
      "ranges": [
        {
          "type": "ECOSYSTEM",
          "events": [
            {
              "introduced": "0"
            },
            {
              "fixed": "1.0.0"
            }
          ]
        }
      ]
    }
  ],
  "references": [
    {
      "type": "ADVISORY",
      "url": "https://nvd.nist.gov/vuln/detail/CVE-2017-16003"
    },
    {
      "type": "WEB",
      "url": "https://github.com/felixrieseberg/windows-build-tools/commit/9835d33e68f2cb5e4d148e954bb3ed0221d98e90"
    },
    {
      "type": "WEB",
      "url": "https://github.com/felixrieseberg/windows-build-tools/commit/9835d33e68f2cb5e4d148e954bb3ed0221d98e90)"
    },
    {
      "type": "ADVISORY",
      "url": "https://github.com/advisories/GHSA-9p47-w5xp-f4xr"
    },
    {
      "type": "WEB",
      "url": "https://www.npmjs.com/advisories/304"
    }
  ],
  "database_specific": {
    "cwe_ids": [
      "CWE-311"
    ],
    "severity": "HIGH",
    "github_reviewed": true,
    "github_reviewed_at": "2020-06-16T21:29:09Z",
    "nvd_published_at": null
  }
}