{
  "schema_version": "1.4.0",
  "id": "GHSA-q886-75m2-vff8",
  "modified": "2024-04-29T09:49:55Z",
  "published": "2022-05-24T17:32:30Z",
  "withdrawn": "2024-04-29T09:49:55Z",
  "aliases": [],
  "summary": "Duplicate Advisory: Unauthorized privilege escalation in Mod module",
  "details": "# Duplicate Advisory\n\nThis advisory has been withdrawn because it is a duplicate of GHSA-mp9m-g7qj-6vqr. This link is maintained to preserve external references.\n\n# Original Description\n\nRed Discord Bot before version 3.4.1 has an unauthorized privilege escalation exploit in the Mod module. This exploit allows Discord users with a high privilege level within the guild to bypass hierarchy checks when the application is in a specific condition that is beyond that user's control. By abusing this exploit, it is possible to perform destructive actions within the guild the user has high privileges in. This exploit has been fixed in version 3.4.1. As a workaround, unloading the Mod module with unload mod or, disabling the massban command with command disable global massban can render this exploit not accessible. We still highly recommend updating to 3.4.1 to completely patch this issue.",
  "severity": [
    {
      "type": "CVSS_V3",
      "score": "CVSS:3.1/AV:N/AC:H/PR:L/UI:R/S:C/C:H/I:H/A:N"
    }
  ],
  "affected": [
    {
      "package": {
        "ecosystem": "PyPI",
        "name": "red-discordbot"
      },
      "ranges": [
        {
          "type": "ECOSYSTEM",
          "events": [
            {
              "introduced": "0"
            },
            {
              "fixed": "3.4.1"
            }
          ]
        }
      ]
    }
  ],
  "references": [
    {
      "type": "WEB",
      "url": "https://github.com/Cog-Creators/Red-DiscordBot/security/advisories/GHSA-mp9m-g7qj-6vqr"
    },
    {
      "type": "ADVISORY",
      "url": "https://nvd.nist.gov/vuln/detail/CVE-2020-15278"
    },
    {
      "type": "WEB",
      "url": "https://github.com/Cog-Creators/Red-DiscordBot/commit/726bfd38adfdfaef760412a68e01447b470f438b"
    },
    {
      "type": "WEB",
      "url": "https://github.com/Cog-Creators/Red-DiscordBot/releases/tag/3.4.1"
    }
  ],
  "database_specific": {
    "cwe_ids": [
      "CWE-863"
    ],
    "severity": "HIGH",
    "github_reviewed": true,
    "github_reviewed_at": "2024-04-29T09:49:55Z",
    "nvd_published_at": "2020-10-28T17:15:00Z"
  }
}