{
  "schema_version": "1.4.0",
  "id": "GHSA-h8pc-j334-jjhm",
  "modified": "2024-10-07T21:23:57Z",
  "published": "2022-05-19T00:00:30Z",
  "aliases": [
    "CVE-2022-1432"
  ],
  "summary": "Cross-site Scripting in OctoPrint",
  "details": "Cross-site Scripting (XSS) - Generic in GitHub repository octoprint/octoprint prior to 1.8.0. The Stream URL of octoprint application allowing a xss payload to execute.",
  "severity": [
    {
      "type": "CVSS_V3",
      "score": "CVSS:3.0/AV:N/AC:H/PR:N/UI:R/S:U/C:H/I:H/A:H"
    },
    {
      "type": "CVSS_V4",
      "score": "CVSS:4.0/AV:N/AC:L/AT:P/PR:N/UI:P/VC:H/VI:H/VA:H/SC:N/SI:N/SA:N"
    }
  ],
  "affected": [
    {
      "package": {
        "ecosystem": "PyPI",
        "name": "OctoPrint"
      },
      "ranges": [
        {
          "type": "ECOSYSTEM",
          "events": [
            {
              "introduced": "0"
            },
            {
              "fixed": "1.8.0"
            }
          ]
        }
      ]
    }
  ],
  "references": [
    {
      "type": "ADVISORY",
      "url": "https://nvd.nist.gov/vuln/detail/CVE-2022-1432"
    },
    {
      "type": "WEB",
      "url": "https://github.com/octoprint/octoprint/commit/6d259d7e6f5b0de9a1c762831537a386e53978d3"
    },
    {
      "type": "ADVISORY",
      "url": "https://github.com/advisories/GHSA-h8pc-j334-jjhm"
    },
    {
      "type": "PACKAGE",
      "url": "https://github.com/octoprint/octoprint"
    },
    {
      "type": "WEB",
      "url": "https://github.com/pypa/advisory-database/tree/main/vulns/octoprint/PYSEC-2022-201.yaml"
    },
    {
      "type": "WEB",
      "url": "https://huntr.dev/bounties/cb545c63-a3c1-4d57-8f06-e4593ab389bf"
    }
  ],
  "database_specific": {
    "cwe_ids": [
      "CWE-79"
    ],
    "severity": "HIGH",
    "github_reviewed": true,
    "github_reviewed_at": "2022-05-25T19:44:25Z",
    "nvd_published_at": "2022-05-18T14:15:00Z"
  }
}