{
  "schema_version": "1.4.0",
  "id": "GHSA-362v-wg5p-64w2",
  "modified": "2021-10-20T17:28:19Z",
  "published": "2021-10-12T18:41:16Z",
  "aliases": [
    "CVE-2021-42135"
  ],
  "summary": "Incorrect Privilege Assignment in HashiCorp Vault",
  "details": "HashiCorp Vault and Vault Enterprise 1.8.x through 1.8.4 may have an unexpected interaction between glob-related policies and the Google Cloud secrets engine. Users may, in some situations, have more privileges than intended, e.g., a user with read permission for the /gcp/roleset/* path may be able to issue Google Cloud service account credentials.",
  "severity": [
    {
      "type": "CVSS_V3",
      "score": "CVSS:3.1/AV:N/AC:L/PR:L/UI:N/S:U/C:H/I:H/A:N"
    }
  ],
  "affected": [
    {
      "package": {
        "ecosystem": "Go",
        "name": "github.com/hashicorp/vault"
      },
      "ranges": [
        {
          "type": "ECOSYSTEM",
          "events": [
            {
              "introduced": "1.8.0"
            },
            {
              "last_affected": "1.8.4"
            }
          ]
        }
      ]
    }
  ],
  "references": [
    {
      "type": "ADVISORY",
      "url": "https://nvd.nist.gov/vuln/detail/CVE-2021-42135"
    },
    {
      "type": "WEB",
      "url": "https://discuss.hashicorp.com/t/hcsec-2021-28-vaults-google-cloud-secrets-engine-policies-with-globs-may-provide-additional-privileges-in-vault-1-8-0-onwards"
    },
    {
      "type": "PACKAGE",
      "url": "https://github.com/hashicorp/vault"
    },
    {
      "type": "WEB",
      "url": "https://github.com/hashicorp/vault/blob/main/CHANGELOG.md#180"
    }
  ],
  "database_specific": {
    "cwe_ids": [
      "CWE-266",
      "CWE-863"
    ],
    "severity": "HIGH",
    "github_reviewed": true,
    "github_reviewed_at": "2021-10-12T16:53:55Z",
    "nvd_published_at": "2021-10-11T03:15:00Z"
  }
}