{
  "schema_version": "1.4.0",
  "id": "GHSA-f9hx-5jq4-fgjm",
  "modified": "2023-07-26T21:53:03Z",
  "published": "2022-05-14T01:05:59Z",
  "aliases": [
    "CVE-2017-1000499"
  ],
  "summary": "phpMyAdmin CSRF Vulnerability",
  "details": "phpMyAdmin versions 4.7.x (prior to 4.7.6.1/4.7.7) are vulnerable to a CSRF weakness. By deceiving a user to click on a crafted URL, it is possible to perform harmful database operations such as deleting records, dropping/truncating tables etc.",
  "severity": [
    {
      "type": "CVSS_V3",
      "score": "CVSS:3.0/AV:N/AC:L/PR:N/UI:R/S:U/C:H/I:H/A:H"
    }
  ],
  "affected": [
    {
      "package": {
        "ecosystem": "Packagist",
        "name": "phpmyadmin/phpmyadmin"
      },
      "ranges": [
        {
          "type": "ECOSYSTEM",
          "events": [
            {
              "introduced": "4.7"
            },
            {
              "fixed": "4.7.7"
            }
          ]
        }
      ]
    }
  ],
  "references": [
    {
      "type": "ADVISORY",
      "url": "https://nvd.nist.gov/vuln/detail/CVE-2017-1000499"
    },
    {
      "type": "WEB",
      "url": "https://web.archive.org/web/20201208204518/http://www.securitytracker.com/id/1040163"
    },
    {
      "type": "WEB",
      "url": "https://www.exploit-db.com/exploits/45284"
    },
    {
      "type": "WEB",
      "url": "https://www.phpmyadmin.net/security/PMASA-2017-9"
    },
    {
      "type": "WEB",
      "url": "http://cyberworldmirror.com/vulnerability-phpmyadmin-lets-attacker-perform-drop-table-single-click"
    }
  ],
  "database_specific": {
    "cwe_ids": [
      "CWE-352"
    ],
    "severity": "HIGH",
    "github_reviewed": true,
    "github_reviewed_at": "2023-07-26T21:53:03Z",
    "nvd_published_at": "2018-01-03T14:29:00Z"
  }
}