{
  "schema_version": "1.4.0",
  "id": "GHSA-f93f-g33r-8pcp",
  "modified": "2024-02-27T23:55:20Z",
  "published": "2022-05-13T01:02:39Z",
  "aliases": [
    "CVE-2014-0225"
  ],
  "summary": "Improper Restriction of XML External Entity Reference in Spring Framework",
  "details": "When processing user provided XML documents, the Spring Framework 4.0.0 to 4.0.4, 3.0.0 to 3.2.8, and possibly earlier unsupported versions did not disable by default the resolution of URI references in a DTD declaration. This enabled an XXE attack.",
  "severity": [
    {
      "type": "CVSS_V3",
      "score": "CVSS:3.0/AV:N/AC:L/PR:N/UI:R/S:U/C:H/I:H/A:H"
    }
  ],
  "affected": [
    {
      "package": {
        "ecosystem": "Maven",
        "name": "org.springframework:spring-webmvc"
      },
      "ranges": [
        {
          "type": "ECOSYSTEM",
          "events": [
            {
              "introduced": "4.0.0"
            },
            {
              "fixed": "4.0.5"
            }
          ]
        }
      ]
    },
    {
      "package": {
        "ecosystem": "Maven",
        "name": "org.springframework:spring-webmvc"
      },
      "ranges": [
        {
          "type": "ECOSYSTEM",
          "events": [
            {
              "introduced": "3.0.0"
            },
            {
              "fixed": "3.2.8"
            }
          ]
        }
      ]
    }
  ],
  "references": [
    {
      "type": "ADVISORY",
      "url": "https://nvd.nist.gov/vuln/detail/CVE-2014-0225"
    },
    {
      "type": "WEB",
      "url": "https://github.com/spring-projects/spring-framework/commit/44ee51a6c9c3734b3fcf9a20817117e86047d753"
    },
    {
      "type": "WEB",
      "url": "https://github.com/spring-projects/spring-framework/commit/8e096aeef55287dc829484996c9330cf755891a1"
    },
    {
      "type": "WEB",
      "url": "https://github.com/spring-projects/spring-framework/commit/c6503ebbf7c9e21ff022c58706dbac5417b2b5eb"
    },
    {
      "type": "WEB",
      "url": "https://jira.spring.io/browse/SPR-11768"
    },
    {
      "type": "WEB",
      "url": "https://pivotal.io/security/cve-2014-0225"
    }
  ],
  "database_specific": {
    "cwe_ids": [
      "CWE-611"
    ],
    "severity": "HIGH",
    "github_reviewed": true,
    "github_reviewed_at": "2022-07-07T22:58:08Z",
    "nvd_published_at": "2017-05-25T17:29:00Z"
  }
}