{
  "schema_version": "1.4.0",
  "id": "GHSA-c942-mfmp-p4fh",
  "modified": "2022-10-25T19:58:53Z",
  "published": "2022-10-19T19:00:17Z",
  "aliases": [
    "CVE-2022-41709"
  ],
  "summary": "Markdownify subject to Remote Code Execution via malicious markdown file",
  "details": "Markdownify version 1.4.1 allows an external attacker to execute arbitrary code remotely on any client attempting to view a malicious markdown file through Markdownify. This is possible because the application has the \"nodeIntegration\" option enabled. There are currently no patched versions and no known workarounds.",
  "severity": [
    {
      "type": "CVSS_V3",
      "score": "CVSS:3.1/AV:L/AC:L/PR:N/UI:R/S:U/C:H/I:H/A:H"
    }
  ],
  "affected": [
    {
      "package": {
        "ecosystem": "npm",
        "name": "electron-markdownify"
      },
      "ranges": [
        {
          "type": "ECOSYSTEM",
          "events": [
            {
              "introduced": "0"
            },
            {
              "last_affected": "1.4.1"
            }
          ]
        }
      ]
    }
  ],
  "references": [
    {
      "type": "ADVISORY",
      "url": "https://nvd.nist.gov/vuln/detail/CVE-2022-41709"
    },
    {
      "type": "WEB",
      "url": "https://fluidattacks.com/advisories/adams"
    },
    {
      "type": "PACKAGE",
      "url": "https://github.com/amitmerchant1990/electron-markdownify"
    }
  ],
  "database_specific": {
    "cwe_ids": [],
    "severity": "HIGH",
    "github_reviewed": true,
    "github_reviewed_at": "2022-10-25T19:58:53Z",
    "nvd_published_at": "2022-10-19T17:15:00Z"
  }
}