{
  "schema_version": "1.4.0",
  "id": "GHSA-cpqf-3c3r-c9g2",
  "modified": "2024-09-13T15:11:50Z",
  "published": "2021-10-05T17:53:20Z",
  "aliases": [
    "CVE-2021-40323"
  ],
  "summary": "Cobbler before 3.3.0 allows log poisoning",
  "details": "Cobbler before 3.3.0 allows log poisoning, and resultant Remote Code Execution, via an XMLRPC method that logs to the logfile for template injection.",
  "severity": [
    {
      "type": "CVSS_V3",
      "score": "CVSS:3.1/AV:N/AC:L/PR:N/UI:N/S:U/C:H/I:H/A:H"
    },
    {
      "type": "CVSS_V4",
      "score": "CVSS:4.0/AV:N/AC:L/AT:N/PR:N/UI:N/VC:H/VI:H/VA:H/SC:N/SI:N/SA:N/E:U"
    }
  ],
  "affected": [
    {
      "package": {
        "ecosystem": "PyPI",
        "name": "cobbler"
      },
      "ranges": [
        {
          "type": "ECOSYSTEM",
          "events": [
            {
              "introduced": "0"
            },
            {
              "fixed": "3.3.0"
            }
          ]
        }
      ]
    }
  ],
  "references": [
    {
      "type": "ADVISORY",
      "url": "https://nvd.nist.gov/vuln/detail/CVE-2021-40323"
    },
    {
      "type": "WEB",
      "url": "https://github.com/cobbler/cobbler/commit/d8f60bbf14a838c8c8a1dba98086b223e35fe70a"
    },
    {
      "type": "ADVISORY",
      "url": "https://github.com/advisories/GHSA-cpqf-3c3r-c9g2"
    },
    {
      "type": "PACKAGE",
      "url": "https://github.com/cobbler/cobbler"
    },
    {
      "type": "WEB",
      "url": "https://github.com/cobbler/cobbler/releases/tag/v3.3.0"
    },
    {
      "type": "WEB",
      "url": "https://github.com/pypa/advisory-database/tree/main/vulns/cobbler/PYSEC-2021-373.yaml"
    }
  ],
  "database_specific": {
    "cwe_ids": [
      "CWE-94"
    ],
    "severity": "HIGH",
    "github_reviewed": true,
    "github_reviewed_at": "2021-10-05T15:57:32Z",
    "nvd_published_at": "2021-10-04T06:15:00Z"
  }
}