{
  "schema_version": "1.4.0",
  "id": "GHSA-vc79-65pr-q82v",
  "modified": "2023-07-27T16:11:53Z",
  "published": "2023-07-15T00:30:34Z",
  "aliases": [
    "CVE-2023-38337"
  ],
  "summary": "rswag vulnerable to arbitrary JSON and YAML file read via directory traversal",
  "details": "rswag before 2.10.1 allows remote attackers to read arbitrary JSON and YAML files via directory traversal, because rswag-api can expose a file that is not the OpenAPI (or Swagger) specification file of a project.",
  "severity": [
    {
      "type": "CVSS_V3",
      "score": "CVSS:3.1/AV:N/AC:L/PR:N/UI:N/S:U/C:H/I:N/A:N"
    }
  ],
  "affected": [
    {
      "package": {
        "ecosystem": "RubyGems",
        "name": "rswag"
      },
      "ranges": [
        {
          "type": "ECOSYSTEM",
          "events": [
            {
              "introduced": "0"
            },
            {
              "fixed": "2.10.1"
            }
          ]
        }
      ]
    }
  ],
  "references": [
    {
      "type": "ADVISORY",
      "url": "https://nvd.nist.gov/vuln/detail/CVE-2023-38337"
    },
    {
      "type": "WEB",
      "url": "https://github.com/rswag/rswag/issues/653"
    },
    {
      "type": "PACKAGE",
      "url": "https://github.com/rswag/rswag"
    },
    {
      "type": "WEB",
      "url": "https://github.com/rswag/rswag/compare/2.9.0...2.10.1"
    },
    {
      "type": "WEB",
      "url": "https://github.com/rubysec/ruby-advisory-db/blob/master/gems/rswag/CVE-2023-38337.yml"
    }
  ],
  "database_specific": {
    "cwe_ids": [
      "CWE-22"
    ],
    "severity": "HIGH",
    "github_reviewed": true,
    "github_reviewed_at": "2023-07-17T10:44:29Z",
    "nvd_published_at": "2023-07-14T22:15:09Z"
  }
}