{
  "schema_version": "1.4.0",
  "id": "GHSA-gmpq-xrxj-xh8m",
  "modified": "2024-09-04T19:54:07Z",
  "published": "2022-11-11T00:05:15Z",
  "aliases": [
    "CVE-2022-41892"
  ],
  "summary": "Arches vulnerable to execution of arbitrary SQL",
  "details": "### Impact\nWith a carefully crafted web request, it's possible to execute certain unwanted sql statements against the database.  \nAnyone running the impacted versions (<=6.1.1, 6.2.0, >=7.0.0, <=7.1.1) should upgrade as soon as possible.\n\n### Patches\nThe problem has been patched in the following versions: [6.1.2](https://pypi.org/project/arches/6.1.2/), [6.2.1](https://pypi.org/project/arches/6.2.1/), and [7.2.0](https://pypi.org/project/arches/7.2.0/)\nUsers are strongly urged to upgrade to the most recent relevant patch.\n\n### Workarounds\nThere are no workarounds.\n\n### General References \nhttps://www.w3schools.com/sql/sql_injection.asp\nhttps://en.wikipedia.org/wiki/SQL_injection\n\n### For more information\nPost any questions to the [Arches project forum](https://community.archesproject.org/).\n",
  "severity": [
    {
      "type": "CVSS_V3",
      "score": "CVSS:3.1/AV:N/AC:L/PR:N/UI:N/S:U/C:L/I:H/A:L"
    }
  ],
  "affected": [
    {
      "package": {
        "ecosystem": "PyPI",
        "name": "arches"
      },
      "ranges": [
        {
          "type": "ECOSYSTEM",
          "events": [
            {
              "introduced": "0"
            },
            {
              "fixed": "6.1.2"
            }
          ]
        }
      ],
      "database_specific": {
        "last_known_affected_version_range": "<= 6.1.1"
      }
    },
    {
      "package": {
        "ecosystem": "PyPI",
        "name": "arches"
      },
      "ranges": [
        {
          "type": "ECOSYSTEM",
          "events": [
            {
              "introduced": "6.2.0"
            },
            {
              "fixed": "6.2.1"
            }
          ]
        }
      ],
      "versions": [
        "6.2.0"
      ]
    },
    {
      "package": {
        "ecosystem": "PyPI",
        "name": "arches"
      },
      "ranges": [
        {
          "type": "ECOSYSTEM",
          "events": [
            {
              "introduced": "7.0.0"
            },
            {
              "fixed": "7.2.0"
            }
          ]
        }
      ],
      "database_specific": {
        "last_known_affected_version_range": "<= 7.1.1"
      }
    }
  ],
  "references": [
    {
      "type": "WEB",
      "url": "https://github.com/archesproject/arches/security/advisories/GHSA-gmpq-xrxj-xh8m"
    },
    {
      "type": "ADVISORY",
      "url": "https://nvd.nist.gov/vuln/detail/CVE-2022-41892"
    },
    {
      "type": "WEB",
      "url": "https://github.com/archesproject/arches/commit/7ed53e23a616edf3301d95814d9d64de5e3072a9"
    },
    {
      "type": "PACKAGE",
      "url": "https://github.com/archesproject/arches"
    },
    {
      "type": "WEB",
      "url": "https://github.com/pypa/advisory-database/tree/main/vulns/arches/PYSEC-2022-42985.yaml"
    },
    {
      "type": "WEB",
      "url": "https://pypi.org/project/arches/6.1.2"
    },
    {
      "type": "WEB",
      "url": "https://pypi.org/project/arches/7.2.0"
    },
    {
      "type": "ADVISORY",
      "url": "https://securitylab.github.com/advisories/GHSL-2022-070_GHSL-2022-072_Arches"
    }
  ],
  "database_specific": {
    "cwe_ids": [
      "CWE-89"
    ],
    "severity": "HIGH",
    "github_reviewed": true,
    "github_reviewed_at": "2022-11-11T00:05:15Z",
    "nvd_published_at": "2022-11-11T04:15:00Z"
  }
}