{
  "schema_version": "1.4.0",
  "id": "GHSA-7527-8855-9cf8",
  "modified": "2024-09-25T20:02:55Z",
  "published": "2022-08-26T00:03:30Z",
  "aliases": [
    "CVE-2022-2255"
  ],
  "summary": "Incorrect header handling in mod-wsgi",
  "details": "A vulnerability was found in mod_wsgi. The X-Client-IP header is not removed from a request from an untrusted proxy, allowing an attacker to pass the X-Client-IP header to the target WSGI application because the condition to remove it is missing.",
  "severity": [
    {
      "type": "CVSS_V3",
      "score": "CVSS:3.1/AV:N/AC:L/PR:N/UI:N/S:U/C:N/I:H/A:N"
    },
    {
      "type": "CVSS_V4",
      "score": "CVSS:4.0/AV:N/AC:L/AT:N/PR:N/UI:N/VC:N/VI:H/VA:N/SC:N/SI:N/SA:N"
    }
  ],
  "affected": [
    {
      "package": {
        "ecosystem": "PyPI",
        "name": "mod-wsgi"
      },
      "ranges": [
        {
          "type": "ECOSYSTEM",
          "events": [
            {
              "introduced": "0"
            },
            {
              "fixed": "4.9.3"
            }
          ]
        }
      ]
    }
  ],
  "references": [
    {
      "type": "ADVISORY",
      "url": "https://nvd.nist.gov/vuln/detail/CVE-2022-2255"
    },
    {
      "type": "WEB",
      "url": "https://github.com/GrahamDumpleton/mod_wsgi/commit/af3c0c2736bc0b0b01fa0f0aad3c904b7fa9c751"
    },
    {
      "type": "PACKAGE",
      "url": "https://github.com/GrahamDumpleton/mod_wsgi"
    },
    {
      "type": "WEB",
      "url": "https://github.com/GrahamDumpleton/mod_wsgi/blob/4.9.2/src/server/mod_wsgi.c#L13940-L13941"
    },
    {
      "type": "WEB",
      "url": "https://github.com/GrahamDumpleton/mod_wsgi/blob/4.9.2/src/server/mod_wsgi.c#L14046-L14082"
    },
    {
      "type": "WEB",
      "url": "https://github.com/pypa/advisory-database/tree/main/vulns/mod-wsgi/PYSEC-2022-254.yaml"
    },
    {
      "type": "WEB",
      "url": "https://lists.debian.org/debian-lts-announce/2022/09/msg00021.html"
    },
    {
      "type": "WEB",
      "url": "https://modwsgi.readthedocs.io/en/latest/release-notes/version-4.9.3.html"
    }
  ],
  "database_specific": {
    "cwe_ids": [
      "CWE-345"
    ],
    "severity": "HIGH",
    "github_reviewed": true,
    "github_reviewed_at": "2022-08-30T20:55:04Z",
    "nvd_published_at": "2022-08-25T18:15:00Z"
  }
}