{
  "schema_version": "1.4.0",
  "id": "GHSA-4wr9-2xc6-jmg5",
  "modified": "2023-10-27T15:36:00Z",
  "published": "2022-05-24T19:06:36Z",
  "aliases": [
    "CVE-2021-21671"
  ],
  "summary": "Session fixation vulnerability in Jenkins",
  "details": "Jenkins 2.299 and earlier, LTS 2.289.1 and earlier does not invalidate the previous session on login. This allows attackers to use social engineering techniques to gain administrator access to Jenkins.\n\nThis vulnerability was introduced in Jenkins 2.266 and LTS 2.277.1.\n\nJenkins 2.300, LTS 2.289.2 invalidates the previous session on login.\n\nIn case of problems, administrators can choose a different implementation by setting the [Java system property `hudson.security.SecurityRealm.sessionFixationProtectionMode`](https://www.jenkins.io/doc/book/managing/system-properties/#hudson-security-securityrealm-sessionfixationprotectionmode) to `2`, or disable the fix entirely by setting that system property to `0`.",
  "severity": [
    {
      "type": "CVSS_V3",
      "score": "CVSS:3.1/AV:N/AC:H/PR:N/UI:R/S:U/C:H/I:H/A:H"
    }
  ],
  "affected": [
    {
      "package": {
        "ecosystem": "Maven",
        "name": "org.jenkins-ci.main:jenkins-core"
      },
      "ranges": [
        {
          "type": "ECOSYSTEM",
          "events": [
            {
              "introduced": "2.292"
            },
            {
              "fixed": "2.300"
            }
          ]
        }
      ],
      "database_specific": {
        "last_known_affected_version_range": "<= 2.299"
      }
    },
    {
      "package": {
        "ecosystem": "Maven",
        "name": "org.jenkins-ci.main:jenkins-core"
      },
      "ranges": [
        {
          "type": "ECOSYSTEM",
          "events": [
            {
              "introduced": "0"
            },
            {
              "fixed": "2.289.2"
            }
          ]
        }
      ],
      "database_specific": {
        "last_known_affected_version_range": "<= 2.289.1"
      }
    }
  ],
  "references": [
    {
      "type": "ADVISORY",
      "url": "https://nvd.nist.gov/vuln/detail/CVE-2021-21671"
    },
    {
      "type": "WEB",
      "url": "https://github.com/jenkinsci/jenkins/commit/25a42f3942fd9f8bd768c887c679dbc796b4fcd5"
    },
    {
      "type": "PACKAGE",
      "url": "https://github.com/jenkinsci/jenkins"
    },
    {
      "type": "WEB",
      "url": "https://www.jenkins.io/security/advisory/2021-06-30/#SECURITY-2371"
    },
    {
      "type": "WEB",
      "url": "http://www.openwall.com/lists/oss-security/2021/06/30/1"
    }
  ],
  "database_specific": {
    "cwe_ids": [
      "CWE-384"
    ],
    "severity": "HIGH",
    "github_reviewed": true,
    "github_reviewed_at": "2022-12-16T15:20:37Z",
    "nvd_published_at": "2021-06-30T17:15:00Z"
  }
}