{
  "schema_version": "1.4.0",
  "id": "GHSA-5m3j-pxh7-455p",
  "modified": "2025-04-04T15:15:10Z",
  "published": "2024-07-19T09:32:06Z",
  "aliases": [
    "CVE-2024-29736"
  ],
  "summary": "Apache CXF: SSRF vulnerability via WADL stylesheet parameter",
  "details": "A SSRF vulnerability in WADL service description in versions of Apache CXF before 4.0.5, 3.6.4 and 3.5.9 allows an attacker to perform SSRF style attacks on REST webservices. The attack only applies if a custom stylesheet parameter is configured.",
  "severity": [
    {
      "type": "CVSS_V3",
      "score": "CVSS:3.1/AV:N/AC:H/PR:N/UI:N/S:U/C:H/I:N/A:N"
    },
    {
      "type": "CVSS_V4",
      "score": "CVSS:4.0/AV:N/AC:L/AT:P/PR:N/UI:N/VC:H/VI:N/VA:N/SC:N/SI:N/SA:N"
    }
  ],
  "affected": [
    {
      "package": {
        "ecosystem": "Maven",
        "name": "org.apache.cxf:cxf-rt-rs-service-description"
      },
      "ranges": [
        {
          "type": "ECOSYSTEM",
          "events": [
            {
              "introduced": "4.0.0"
            },
            {
              "fixed": "4.0.5"
            }
          ]
        }
      ]
    },
    {
      "package": {
        "ecosystem": "Maven",
        "name": "org.apache.cxf:cxf-rt-rs-service-description"
      },
      "ranges": [
        {
          "type": "ECOSYSTEM",
          "events": [
            {
              "introduced": "3.6.0"
            },
            {
              "fixed": "3.6.4"
            }
          ]
        }
      ]
    },
    {
      "package": {
        "ecosystem": "Maven",
        "name": "org.apache.cxf:cxf-rt-rs-service-description"
      },
      "ranges": [
        {
          "type": "ECOSYSTEM",
          "events": [
            {
              "introduced": "0"
            },
            {
              "fixed": "3.5.9"
            }
          ]
        }
      ]
    }
  ],
  "references": [
    {
      "type": "ADVISORY",
      "url": "https://nvd.nist.gov/vuln/detail/CVE-2024-29736"
    },
    {
      "type": "WEB",
      "url": "https://github.com/apache/cxf/commit/378afe1acb7503315bc63555c8743db0f55d8312"
    },
    {
      "type": "WEB",
      "url": "https://github.com/apache/cxf/commit/bafb0cadf723fc3962031c34f1f20dc0e8b7a36b"
    },
    {
      "type": "WEB",
      "url": "https://github.com/apache/cxf/commit/df2241c59481a57aebb1c0693b778a35baaf5570"
    },
    {
      "type": "PACKAGE",
      "url": "https://github.com/apache/cxf"
    },
    {
      "type": "WEB",
      "url": "https://lists.apache.org/thread/4jtpsswn2r6xommol54p5mg263ysgdw2"
    }
  ],
  "database_specific": {
    "cwe_ids": [
      "CWE-918"
    ],
    "severity": "HIGH",
    "github_reviewed": true,
    "github_reviewed_at": "2024-07-19T18:34:43Z",
    "nvd_published_at": "2024-07-19T09:15:04Z"
  }
}