{
  "schema_version": "1.4.0",
  "id": "GHSA-fvw2-2pf7-77vw",
  "modified": "2024-09-11T19:38:53Z",
  "published": "2022-11-14T12:00:15Z",
  "aliases": [
    "CVE-2022-27949"
  ],
  "summary": "Apache Airflow subject to Exposure of Sensitive Information",
  "details": "A vulnerability in UI of Apache Airflow allows an attacker to view unmasked secrets in rendered template values for tasks which were not executed (for example when they were depending on past and previous instances of the task failed). This issue affects Apache Airflow prior to 2.3.1.",
  "severity": [
    {
      "type": "CVSS_V3",
      "score": "CVSS:3.1/AV:N/AC:L/PR:N/UI:N/S:U/C:H/I:N/A:N"
    },
    {
      "type": "CVSS_V4",
      "score": "CVSS:4.0/AV:N/AC:L/AT:N/PR:N/UI:N/VC:H/VI:N/VA:N/SC:N/SI:N/SA:N"
    }
  ],
  "affected": [
    {
      "package": {
        "ecosystem": "PyPI",
        "name": "apache-airflow"
      },
      "ranges": [
        {
          "type": "ECOSYSTEM",
          "events": [
            {
              "introduced": "0"
            },
            {
              "fixed": "2.3.1"
            }
          ]
        }
      ]
    }
  ],
  "references": [
    {
      "type": "ADVISORY",
      "url": "https://nvd.nist.gov/vuln/detail/CVE-2022-27949"
    },
    {
      "type": "WEB",
      "url": "https://github.com/apache/airflow/pull/22754"
    },
    {
      "type": "WEB",
      "url": "https://github.com/apache/airflow/commit/09be0c5c7e847dda1d0be5776f8d5e327ff2281a"
    },
    {
      "type": "WEB",
      "url": "https://github.com/apache/airflow/commit/1cbb0ad26dd17f218c6ab1c2ae59b262c443a443"
    },
    {
      "type": "PACKAGE",
      "url": "https://github.com/apache/airflow"
    },
    {
      "type": "WEB",
      "url": "https://github.com/pypa/advisory-database/tree/main/vulns/apache-airflow/PYSEC-2022-42981.yaml"
    },
    {
      "type": "WEB",
      "url": "https://lists.apache.org/thread/n38oc5obb48600fsvnbopxcs0jpbp65p"
    },
    {
      "type": "WEB",
      "url": "http://www.openwall.com/lists/oss-security/2022/11/14/3"
    }
  ],
  "database_specific": {
    "cwe_ids": [
      "CWE-200"
    ],
    "severity": "HIGH",
    "github_reviewed": true,
    "github_reviewed_at": "2022-11-16T03:48:38Z",
    "nvd_published_at": "2022-11-14T10:15:00Z"
  }
}