{
  "schema_version": "1.4.0",
  "id": "GHSA-wq8g-hm94-5rqq",
  "modified": "2022-11-22T19:02:55Z",
  "published": "2022-04-23T00:40:48Z",
  "aliases": [
    "CVE-2012-1094"
  ],
  "summary": "JBoss AS may expose root content if excluded-contexts list is mismatched",
  "details": "JBoss AS 7 prior to 7.1.1 and mod_cluster do not handle default hostname in the same way, which can cause the excluded-contexts list to be mismatched and the root context to be exposed.",
  "severity": [
    {
      "type": "CVSS_V3",
      "score": "CVSS:3.1/AV:N/AC:L/PR:N/UI:N/S:U/C:H/I:N/A:N"
    }
  ],
  "affected": [
    {
      "package": {
        "ecosystem": "Maven",
        "name": "org.jboss.as:jboss-as-server"
      },
      "ranges": [
        {
          "type": "ECOSYSTEM",
          "events": [
            {
              "introduced": "7.0.0.Alpha1"
            },
            {
              "fixed": "7.1.1.Final"
            }
          ]
        }
      ]
    }
  ],
  "references": [
    {
      "type": "ADVISORY",
      "url": "https://nvd.nist.gov/vuln/detail/CVE-2012-1094"
    },
    {
      "type": "WEB",
      "url": "https://access.redhat.com/security/cve/cve-2012-1094"
    },
    {
      "type": "WEB",
      "url": "https://bugzilla.redhat.com/show_bug.cgi?id=CVE-2012-1094"
    }
  ],
  "database_specific": {
    "cwe_ids": [
      "CWE-200"
    ],
    "severity": "HIGH",
    "github_reviewed": true,
    "github_reviewed_at": "2022-11-22T19:02:55Z",
    "nvd_published_at": "2020-03-10T17:15:00Z"
  }
}