{
  "schema_version": "1.4.0",
  "id": "GHSA-2j4g-v4fv-rhwg",
  "modified": "2024-04-02T14:43:34Z",
  "published": "2024-04-02T00:30:46Z",
  "aliases": [
    "CVE-2024-23118"
  ],
  "summary": "Centreon updateContactHostCommands SQL Injection Remote Code Execution Vulnerability",
  "details": "Centreon updateContactHostCommands SQL Injection Remote Code Execution Vulnerability. This vulnerability allows remote attackers to execute arbitrary code on affected installations of Centreon. Authentication is required to exploit this vulnerability.\n\nThe specific flaw exists within the updateContactHostCommands function. The issue results from the lack of proper validation of a user-supplied string before using it to construct SQL queries. An attacker can leverage this vulnerability to execute code in the context of the service account. Was ZDI-CAN-22298.",
  "severity": [
    {
      "type": "CVSS_V3",
      "score": "CVSS:3.0/AV:N/AC:L/PR:H/UI:N/S:U/C:H/I:H/A:H"
    }
  ],
  "affected": [
    {
      "package": {
        "ecosystem": "Packagist",
        "name": "centreon/centreon"
      },
      "ranges": [
        {
          "type": "ECOSYSTEM",
          "events": [
            {
              "introduced": "0"
            },
            {
              "fixed": "22.10.15"
            }
          ]
        }
      ]
    }
  ],
  "references": [
    {
      "type": "ADVISORY",
      "url": "https://nvd.nist.gov/vuln/detail/CVE-2024-23118"
    },
    {
      "type": "WEB",
      "url": "https://github.com/centreon/centreon/pull/2464"
    },
    {
      "type": "WEB",
      "url": "https://github.com/centreon/centreon/commit/c6ee0f67544a70524539b26e8ea92209676a5399"
    },
    {
      "type": "PACKAGE",
      "url": "https://github.com/centreon/centreon"
    },
    {
      "type": "WEB",
      "url": "https://www.zerodayinitiative.com/advisories/ZDI-24-114"
    }
  ],
  "database_specific": {
    "cwe_ids": [
      "CWE-89"
    ],
    "severity": "HIGH",
    "github_reviewed": true,
    "github_reviewed_at": "2024-04-02T14:43:34Z",
    "nvd_published_at": "2024-04-01T22:15:14Z"
  }
}