{
  "schema_version": "1.4.0",
  "id": "GHSA-qv66-f876-vjvr",
  "modified": "2023-01-19T16:35:20Z",
  "published": "2023-01-11T15:30:28Z",
  "aliases": [
    "CVE-2018-25074"
  ],
  "summary": "skeemas Inefficient Regular Expression Complexity vulnerability",
  "details": "A vulnerability was found in Prestaul skeemas and classified as problematic. This issue affects some unknown processing of the file validators/base.js. The manipulation of the argument uri leads to inefficient regular expression complexity. The name of the patch is 65e94eda62dc8dc148ab3e59aa2ccc086ac448fd. It is recommended to apply a patch to fix this issue. The associated identifier of this vulnerability is VDB-218003.",
  "severity": [
    {
      "type": "CVSS_V3",
      "score": "CVSS:3.1/AV:N/AC:L/PR:N/UI:N/S:U/C:N/I:N/A:H"
    }
  ],
  "affected": [
    {
      "package": {
        "ecosystem": "npm",
        "name": "skeemas"
      },
      "ranges": [
        {
          "type": "ECOSYSTEM",
          "events": [
            {
              "introduced": "0"
            },
            {
              "fixed": "1.2.5"
            }
          ]
        }
      ]
    }
  ],
  "references": [
    {
      "type": "ADVISORY",
      "url": "https://nvd.nist.gov/vuln/detail/CVE-2018-25074"
    },
    {
      "type": "WEB",
      "url": "https://github.com/Prestaul/skeemas/commit/65e94eda62dc8dc148ab3e59aa2ccc086ac448fd"
    },
    {
      "type": "PACKAGE",
      "url": "https://github.com/Prestaul/skeemas"
    },
    {
      "type": "WEB",
      "url": "https://vuldb.com/?ctiid.218003"
    },
    {
      "type": "WEB",
      "url": "https://vuldb.com/?id.218003"
    }
  ],
  "database_specific": {
    "cwe_ids": [
      "CWE-1333"
    ],
    "severity": "HIGH",
    "github_reviewed": true,
    "github_reviewed_at": "2023-01-11T21:52:46Z",
    "nvd_published_at": "2023-01-11T15:15:00Z"
  }
}