{
  "schema_version": "1.4.0",
  "id": "GHSA-9vvw-cc9w-f27h",
  "modified": "2023-01-13T17:19:08Z",
  "published": "2023-01-09T12:30:19Z",
  "aliases": [
    "CVE-2017-20165"
  ],
  "summary": "debug Inefficient Regular Expression Complexity vulnerability",
  "details": "A vulnerability classified as problematic has been found in debug-js debug up to 3.0.x. This affects the function useColors of the file src/node.js. The manipulation of the argument str leads to inefficient regular expression complexity. Upgrading to version 3.1.0 is able to address this issue. The name of the patch is c38a0166c266a679c8de012d4eaccec3f944e685. It is recommended to upgrade the affected component. The identifier VDB-217665 was assigned to this vulnerability. The patch has been backported to the 2.6.x branch in version 2.6.9.",
  "severity": [
    {
      "type": "CVSS_V3",
      "score": "CVSS:3.1/AV:N/AC:L/PR:N/UI:N/S:U/C:N/I:N/A:H"
    }
  ],
  "affected": [
    {
      "package": {
        "ecosystem": "npm",
        "name": "debug"
      },
      "ranges": [
        {
          "type": "ECOSYSTEM",
          "events": [
            {
              "introduced": "3.0.0"
            },
            {
              "fixed": "3.1.0"
            }
          ]
        }
      ]
    },
    {
      "package": {
        "ecosystem": "npm",
        "name": "debug"
      },
      "ranges": [
        {
          "type": "ECOSYSTEM",
          "events": [
            {
              "introduced": "0"
            },
            {
              "fixed": "2.6.9"
            }
          ]
        }
      ]
    }
  ],
  "references": [
    {
      "type": "ADVISORY",
      "url": "https://nvd.nist.gov/vuln/detail/CVE-2017-20165"
    },
    {
      "type": "WEB",
      "url": "https://github.com/debug-js/debug/pull/504"
    },
    {
      "type": "WEB",
      "url": "https://github.com/debug-js/debug/commit/c38a0166c266a679c8de012d4eaccec3f944e685"
    },
    {
      "type": "WEB",
      "url": "https://github.com/debug-js/debug/commit/f53962e944a87e6ca9bb622a2a12dffc22a9bb5a"
    },
    {
      "type": "PACKAGE",
      "url": "https://github.com/debug-js/debug"
    },
    {
      "type": "WEB",
      "url": "https://github.com/debug-js/debug/releases/tag/2.6.9"
    },
    {
      "type": "WEB",
      "url": "https://github.com/debug-js/debug/releases/tag/3.1.0"
    },
    {
      "type": "WEB",
      "url": "https://vuldb.com/?ctiid.217665"
    },
    {
      "type": "WEB",
      "url": "https://vuldb.com/?id.217665"
    }
  ],
  "database_specific": {
    "cwe_ids": [
      "CWE-1333"
    ],
    "severity": "HIGH",
    "github_reviewed": true,
    "github_reviewed_at": "2023-01-10T21:49:01Z",
    "nvd_published_at": "2023-01-09T10:15:00Z"
  }
}