{
  "schema_version": "1.4.0",
  "id": "GHSA-6hqr-c69m-r76q",
  "modified": "2024-12-05T19:57:26Z",
  "published": "2024-12-05T12:31:28Z",
  "aliases": [
    "CVE-2022-41137"
  ],
  "summary": "Apache Hive: Deserialization of untrusted data when fetching partitions from the Metastore",
  "details": "Apache Hive\u00a0Metastore (HMS) uses\u00a0SerializationUtilities#deserializeObjectWithTypeInformation\u00a0method when filtering and fetching partitions that is unsafe and\u00a0can lead\u00a0to Remote Code Execution (RCE) since it allows the deserialization of arbitrary data.\n\nIn real deployments, the vulnerability can be exploited only by authenticated users/clients that were able to successfully establish\u00a0a connection to the Metastore. From an API perspective any code that calls the unsafe method may be vulnerable unless it performs additional prerechecks on the input arguments.",
  "severity": [
    {
      "type": "CVSS_V3",
      "score": "CVSS:3.1/AV:N/AC:L/PR:L/UI:N/S:U/C:L/I:H/A:H"
    },
    {
      "type": "CVSS_V4",
      "score": "CVSS:4.0/AV:N/AC:L/AT:N/PR:L/UI:N/VC:L/VI:H/VA:H/SC:N/SI:N/SA:N"
    }
  ],
  "affected": [
    {
      "package": {
        "ecosystem": "Maven",
        "name": "org.apache.hive:hive-exec"
      },
      "ranges": [
        {
          "type": "ECOSYSTEM",
          "events": [
            {
              "introduced": "4.0.0-alpha-1"
            },
            {
              "fixed": "4.0.0-alpha-2"
            }
          ]
        }
      ],
      "versions": [
        "4.0.0-alpha-1"
      ]
    }
  ],
  "references": [
    {
      "type": "ADVISORY",
      "url": "https://nvd.nist.gov/vuln/detail/CVE-2022-41137"
    },
    {
      "type": "WEB",
      "url": "https://github.com/apache/hive/commit/60027bb9c91a93affcfebd9068f064bc1f2a74c9"
    },
    {
      "type": "PACKAGE",
      "url": "https://github.com/apache/hive"
    },
    {
      "type": "WEB",
      "url": "https://issues.apache.org/jira/browse/HIVE-26539"
    },
    {
      "type": "WEB",
      "url": "https://lists.apache.org/thread/jwtr3d9yovf2wo0qlxvkhoxnwxxyzgts"
    },
    {
      "type": "WEB",
      "url": "http://www.openwall.com/lists/oss-security/2024/12/04/2"
    }
  ],
  "database_specific": {
    "cwe_ids": [
      "CWE-502"
    ],
    "severity": "HIGH",
    "github_reviewed": true,
    "github_reviewed_at": "2024-12-05T19:57:26Z",
    "nvd_published_at": "2024-12-05T10:15:04Z"
  }
}