{
  "schema_version": "1.4.0",
  "id": "GHSA-6gj2-5366-p95v",
  "modified": "2023-08-28T22:27:16Z",
  "published": "2022-05-13T01:20:50Z",
  "aliases": [
    "CVE-2018-8381"
  ],
  "summary": "ChakraCore RCE Vulnerability",
  "details": "A remote code execution vulnerability exists in the way that the Chakra scripting engine handles objects in memory in Microsoft Edge, aka \"Chakra Scripting Engine Memory Corruption Vulnerability.\" This affects Microsoft Edge, ChakraCore. This CVE ID is unique from CVE-2018-8266, CVE-2018-8380, CVE-2018-8384.",
  "severity": [
    {
      "type": "CVSS_V3",
      "score": "CVSS:3.0/AV:N/AC:H/PR:N/UI:R/S:U/C:H/I:H/A:H"
    }
  ],
  "affected": [
    {
      "package": {
        "ecosystem": "NuGet",
        "name": "Microsoft.ChakraCore"
      },
      "ranges": [
        {
          "type": "ECOSYSTEM",
          "events": [
            {
              "introduced": "0"
            },
            {
              "fixed": "1.10.2"
            }
          ]
        }
      ]
    }
  ],
  "references": [
    {
      "type": "ADVISORY",
      "url": "https://nvd.nist.gov/vuln/detail/CVE-2018-8381"
    },
    {
      "type": "WEB",
      "url": "https://github.com/chakra-core/ChakraCore/pull/5596"
    },
    {
      "type": "WEB",
      "url": "https://github.com/chakra-core/ChakraCore/commit/1b77d559416116f9719febb7dee3354150277588"
    },
    {
      "type": "WEB",
      "url": "https://github.com/chakra-core/ChakraCore/wiki/Roadmap#v1102"
    },
    {
      "type": "WEB",
      "url": "https://portal.msrc.microsoft.com/en-US/security-guidance/advisory/CVE-2018-8381"
    },
    {
      "type": "WEB",
      "url": "https://web.archive.org/web/20210124194906/http://www.securityfocus.com/bid/104980"
    },
    {
      "type": "WEB",
      "url": "https://web.archive.org/web/20211203061111/http://www.securitytracker.com/id/1041457"
    }
  ],
  "database_specific": {
    "cwe_ids": [
      "CWE-787"
    ],
    "severity": "HIGH",
    "github_reviewed": true,
    "github_reviewed_at": "2023-08-28T22:27:16Z",
    "nvd_published_at": "2018-08-15T17:29:00Z"
  }
}