{
  "schema_version": "1.4.0",
  "id": "GHSA-rr8m-29g8-8cgc",
  "modified": "2022-04-01T20:06:24Z",
  "published": "2022-03-26T00:00:32Z",
  "aliases": [
    "CVE-2022-1064"
  ],
  "summary": "SQL Injection in Fork CMS",
  "details": "Fork CMS is vulnerable to SQL injection through marking blog comments on bulk as spam in versions prior to 5.11.1.",
  "severity": [
    {
      "type": "CVSS_V3",
      "score": "CVSS:3.1/AV:N/AC:L/PR:L/UI:N/S:U/C:H/I:H/A:H"
    }
  ],
  "affected": [
    {
      "package": {
        "ecosystem": "Packagist",
        "name": "forkcms/forkcms"
      },
      "ranges": [
        {
          "type": "ECOSYSTEM",
          "events": [
            {
              "introduced": "0"
            },
            {
              "fixed": "5.11.1"
            }
          ]
        }
      ]
    }
  ],
  "references": [
    {
      "type": "ADVISORY",
      "url": "https://nvd.nist.gov/vuln/detail/CVE-2022-1064"
    },
    {
      "type": "WEB",
      "url": "https://github.com/forkcms/forkcms/commit/6aca30e10b4181534f73f96d6e2ebeb45ec15069"
    },
    {
      "type": "PACKAGE",
      "url": "https://github.com/forkcms/forkcms"
    },
    {
      "type": "WEB",
      "url": "https://huntr.dev/bounties/2f664985-c5fc-485b-b4fc-4c401be2cf40"
    }
  ],
  "database_specific": {
    "cwe_ids": [
      "CWE-89"
    ],
    "severity": "HIGH",
    "github_reviewed": true,
    "github_reviewed_at": "2022-03-30T16:42:34Z",
    "nvd_published_at": "2022-03-25T12:15:00Z"
  }
}