{
  "schema_version": "1.4.0",
  "id": "GHSA-fw3v-x4f2-v673",
  "modified": "2024-09-25T20:07:25Z",
  "published": "2022-07-26T00:00:27Z",
  "aliases": [
    "CVE-2022-34749"
  ],
  "summary": "Mistune vulnerable to catastrophic backtracking",
  "details": "In Mistune through 2.0.2, support of inline markup is implemented by using regular expressions that can involve a high amount of backtracking on certain edge cases. This behavior is commonly named catastrophic backtracking.",
  "severity": [
    {
      "type": "CVSS_V3",
      "score": "CVSS:3.1/AV:N/AC:L/PR:N/UI:N/S:U/C:L/I:L/A:H"
    },
    {
      "type": "CVSS_V4",
      "score": "CVSS:4.0/AV:N/AC:L/AT:N/PR:N/UI:N/VC:L/VI:L/VA:H/SC:N/SI:N/SA:N"
    }
  ],
  "affected": [
    {
      "package": {
        "ecosystem": "PyPI",
        "name": "mistune"
      },
      "ranges": [
        {
          "type": "ECOSYSTEM",
          "events": [
            {
              "introduced": "2.0.0a1"
            },
            {
              "fixed": "2.0.3"
            }
          ]
        }
      ]
    }
  ],
  "references": [
    {
      "type": "ADVISORY",
      "url": "https://nvd.nist.gov/vuln/detail/CVE-2022-34749"
    },
    {
      "type": "WEB",
      "url": "https://github.com/lepture/mistune/issues/314#issuecomment-1223972386"
    },
    {
      "type": "WEB",
      "url": "https://github.com/lepture/mistune/commit/a6d43215132fe4f3d93f8d7e90ba83b16a0838b2"
    },
    {
      "type": "WEB",
      "url": "https://github.com/lepture/mistune/commit/ca1e7b506850f4e488823fc7338b49a8f9852718"
    },
    {
      "type": "PACKAGE",
      "url": "https://github.com/lepture/mistune"
    },
    {
      "type": "WEB",
      "url": "https://github.com/lepture/mistune/releases"
    },
    {
      "type": "WEB",
      "url": "https://github.com/pypa/advisory-database/tree/main/vulns/mistune/PYSEC-2022-237.yaml"
    },
    {
      "type": "WEB",
      "url": "https://lists.fedoraproject.org/archives/list/package-announce@lists.fedoraproject.org/message/TQHXITQ2DSBYOILKHXBSBB7PFBPZHF63"
    }
  ],
  "database_specific": {
    "cwe_ids": [
      "CWE-1333"
    ],
    "severity": "HIGH",
    "github_reviewed": true,
    "github_reviewed_at": "2022-07-29T22:24:56Z",
    "nvd_published_at": "2022-07-25T23:15:00Z"
  }
}