{
  "schema_version": "1.4.0",
  "id": "GHSA-r29w-r9ph-vm76",
  "modified": "2022-10-31T15:41:18Z",
  "published": "2022-10-25T19:00:29Z",
  "aliases": [
    "CVE-2022-41704"
  ],
  "summary": "Apache XML Graphics Batik vulnerable to code execution via SVG.",
  "details": "A vulnerability in Batik of Apache XML Graphics allows an attacker to run untrusted Java code from an SVG. This issue affects Apache XML Graphics prior to 1.16. It is recommended to update to version 1.16.",
  "severity": [
    {
      "type": "CVSS_V3",
      "score": "CVSS:3.1/AV:N/AC:L/PR:N/UI:N/S:U/C:H/I:N/A:N"
    }
  ],
  "affected": [
    {
      "package": {
        "ecosystem": "Maven",
        "name": "org.apache.xmlgraphics:batik"
      },
      "ranges": [
        {
          "type": "ECOSYSTEM",
          "events": [
            {
              "introduced": "0"
            },
            {
              "fixed": "1.16"
            }
          ]
        }
      ]
    }
  ],
  "references": [
    {
      "type": "ADVISORY",
      "url": "https://nvd.nist.gov/vuln/detail/CVE-2022-41704"
    },
    {
      "type": "WEB",
      "url": "https://github.com/apache/xmlgraphics-batik/commit/905f368b50c2567cf2c4869a0ab596a7b1b5125c"
    },
    {
      "type": "WEB",
      "url": "https://issues.apache.org/jira/browse/BATIK-1338"
    },
    {
      "type": "WEB",
      "url": "https://lists.apache.org/thread/hplhx0o74jb7blj39fm4kw3otcnjd6xf"
    },
    {
      "type": "WEB",
      "url": "https://lists.debian.org/debian-lts-announce/2022/10/msg00038.html"
    },
    {
      "type": "WEB",
      "url": "https://security.gentoo.org/glsa/202401-11"
    },
    {
      "type": "WEB",
      "url": "https://www.debian.org/security/2022/dsa-5264"
    },
    {
      "type": "WEB",
      "url": "https://xmlgraphics.apache.org/security.html"
    },
    {
      "type": "WEB",
      "url": "http://svn.apache.org/repos/asf/xmlgraphics/batik/trunk"
    },
    {
      "type": "WEB",
      "url": "http://www.openwall.com/lists/oss-security/2022/10/25/2"
    }
  ],
  "database_specific": {
    "cwe_ids": [
      "CWE-918"
    ],
    "severity": "HIGH",
    "github_reviewed": true,
    "github_reviewed_at": "2022-10-25T23:10:27Z",
    "nvd_published_at": "2022-10-25T17:15:00Z"
  }
}