{
  "schema_version": "1.4.0",
  "id": "GHSA-rfj2-4g26-7jw5",
  "modified": "2022-11-04T22:37:04Z",
  "published": "2022-05-24T16:45:13Z",
  "aliases": [
    "CVE-2019-10249"
  ],
  "summary": "Potentially compromised builds ",
  "details": "All Xtext & Xtend versions prior to 2.18.0 were built using HTTP instead of HTTPS file transfer and thus the built artifacts may have been compromised.",
  "severity": [
    {
      "type": "CVSS_V3",
      "score": "CVSS:3.1/AV:N/AC:H/PR:N/UI:N/S:U/C:H/I:H/A:H"
    }
  ],
  "affected": [
    {
      "package": {
        "ecosystem": "Maven",
        "name": "org.eclipse.xtext:org.eclipse.xtext"
      },
      "ranges": [
        {
          "type": "ECOSYSTEM",
          "events": [
            {
              "introduced": "0"
            },
            {
              "fixed": "2.18.0"
            }
          ]
        }
      ]
    },
    {
      "package": {
        "ecosystem": "Maven",
        "name": "org.eclipse.xtend:org.eclipse.xtend.core"
      },
      "ranges": [
        {
          "type": "ECOSYSTEM",
          "events": [
            {
              "introduced": "0"
            },
            {
              "fixed": "2.18.0"
            }
          ]
        }
      ]
    }
  ],
  "references": [
    {
      "type": "ADVISORY",
      "url": "https://nvd.nist.gov/vuln/detail/CVE-2019-10249"
    },
    {
      "type": "WEB",
      "url": "https://github.com/eclipse/xtext-xtend/issues/759"
    },
    {
      "type": "WEB",
      "url": "https://github.com/eclipse/xtext-xtend/commit/169de2cecc50ed9bf81c3cdc496ad8a799bdf17b"
    },
    {
      "type": "WEB",
      "url": "https://bugs.eclipse.org/bugs/show_bug.cgi?id=546996"
    }
  ],
  "database_specific": {
    "cwe_ids": [
      "CWE-319"
    ],
    "severity": "HIGH",
    "github_reviewed": true,
    "github_reviewed_at": "2022-11-04T22:37:04Z",
    "nvd_published_at": "2019-05-06T16:29:00Z"
  }
}