{
  "schema_version": "1.4.0",
  "id": "GHSA-vjxc-frw4-jmh5",
  "modified": "2022-11-07T22:04:19Z",
  "published": "2022-05-24T17:07:10Z",
  "aliases": [
    "CVE-2019-14888"
  ],
  "summary": "Undertow vulnerable to Uncontrolled Resource Consumption",
  "details": "A vulnerability was found in the Undertow HTTP server in versions before 2.0.29 when listening on HTTPS. An attacker can target the HTTPS port to carry out a Denial Of Service (DOS) to make the service unavailable on SSL.",
  "severity": [
    {
      "type": "CVSS_V3",
      "score": "CVSS:3.1/AV:N/AC:L/PR:N/UI:N/S:U/C:N/I:N/A:H"
    }
  ],
  "affected": [
    {
      "package": {
        "ecosystem": "Maven",
        "name": "io.undertow:undertow-core"
      },
      "ranges": [
        {
          "type": "ECOSYSTEM",
          "events": [
            {
              "introduced": "0"
            },
            {
              "fixed": "2.0.29.Final"
            }
          ]
        }
      ]
    }
  ],
  "references": [
    {
      "type": "ADVISORY",
      "url": "https://nvd.nist.gov/vuln/detail/CVE-2019-14888"
    },
    {
      "type": "WEB",
      "url": "https://access.redhat.com/errata/RHSA-2020:0729"
    },
    {
      "type": "WEB",
      "url": "https://bugzilla.redhat.com/show_bug.cgi?id=CVE-2019-14888"
    },
    {
      "type": "WEB",
      "url": "https://security.netapp.com/advisory/ntap-20220211-0001"
    }
  ],
  "database_specific": {
    "cwe_ids": [
      "CWE-400"
    ],
    "severity": "HIGH",
    "github_reviewed": true,
    "github_reviewed_at": "2022-11-07T22:04:19Z",
    "nvd_published_at": "2020-01-23T17:15:00Z"
  }
}