{
  "schema_version": "1.4.0",
  "id": "GHSA-w942-gw6m-p62c",
  "modified": "2024-05-20T19:27:54Z",
  "published": "2021-06-23T17:53:05Z",
  "aliases": [
    "CVE-2020-35380"
  ],
  "summary": "Denial of service in GJSON",
  "details": "GJSON before 1.6.4 allows attackers to cause a denial of service via crafted JSON. Due to improper bounds checking, maliciously crafted JSON objects can cause an out-of-bounds panic. If parsing user input, this may be used as a denial of service vector.",
  "severity": [
    {
      "type": "CVSS_V3",
      "score": "CVSS:3.1/AV:N/AC:L/PR:N/UI:N/S:U/C:N/I:N/A:H"
    }
  ],
  "affected": [
    {
      "package": {
        "ecosystem": "Go",
        "name": "github.com/tidwall/gjson"
      },
      "ranges": [
        {
          "type": "ECOSYSTEM",
          "events": [
            {
              "introduced": "0"
            },
            {
              "fixed": "1.6.4"
            }
          ]
        }
      ]
    }
  ],
  "references": [
    {
      "type": "ADVISORY",
      "url": "https://nvd.nist.gov/vuln/detail/CVE-2020-35380"
    },
    {
      "type": "WEB",
      "url": "https://github.com/tidwall/gjson/issues/192"
    },
    {
      "type": "WEB",
      "url": "https://github.com/tidwall/gjson/commit/f0ee9ebde4b619767ae4ac03e8e42addb530f6bc"
    },
    {
      "type": "PACKAGE",
      "url": "https://github.com/tidwall/gjson"
    },
    {
      "type": "WEB",
      "url": "https://pkg.go.dev/vuln/GO-2021-0059"
    }
  ],
  "database_specific": {
    "cwe_ids": [
      "CWE-400"
    ],
    "severity": "HIGH",
    "github_reviewed": true,
    "github_reviewed_at": "2021-05-12T21:50:06Z",
    "nvd_published_at": null
  }
}