{
  "schema_version": "1.4.0",
  "id": "GHSA-c4rv-2j6x-pq7x",
  "modified": "2024-10-26T18:36:00Z",
  "published": "2023-09-29T15:30:27Z",
  "aliases": [
    "CVE-2023-5289"
  ],
  "summary": "Rdiffweb Allocation of Resources Without Limits or Throttling vulnerability",
  "details": "Allocation of Resources Without Limits or Throttling in GitHub repository ikus060/rdiffweb prior to 2.8.4.",
  "severity": [
    {
      "type": "CVSS_V3",
      "score": "CVSS:3.1/AV:N/AC:L/PR:L/UI:N/S:U/C:H/I:H/A:H"
    },
    {
      "type": "CVSS_V4",
      "score": "CVSS:4.0/AV:N/AC:L/AT:N/PR:L/UI:N/VC:H/VI:H/VA:H/SC:N/SI:N/SA:N"
    }
  ],
  "affected": [
    {
      "package": {
        "ecosystem": "PyPI",
        "name": "rdiffweb"
      },
      "ranges": [
        {
          "type": "ECOSYSTEM",
          "events": [
            {
              "introduced": "0"
            },
            {
              "fixed": "2.8.4"
            }
          ]
        }
      ]
    }
  ],
  "references": [
    {
      "type": "ADVISORY",
      "url": "https://nvd.nist.gov/vuln/detail/CVE-2023-5289"
    },
    {
      "type": "WEB",
      "url": "https://github.com/ikus060/rdiffweb/commit/06f89b43469aae70e8833e55192721523f86c5a2"
    },
    {
      "type": "PACKAGE",
      "url": "https://github.com/ikus060/rdiffweb"
    },
    {
      "type": "WEB",
      "url": "https://github.com/pypa/advisory-database/tree/main/vulns/rdiffweb/PYSEC-2023-186.yaml"
    },
    {
      "type": "WEB",
      "url": "https://huntr.dev/bounties/8d0e0804-d3fd-49fe-bfa4-7a91135767ce"
    }
  ],
  "database_specific": {
    "cwe_ids": [
      "CWE-770"
    ],
    "severity": "HIGH",
    "github_reviewed": true,
    "github_reviewed_at": "2023-09-29T22:06:22Z",
    "nvd_published_at": "2023-09-29T14:15:11Z"
  }
}