{
  "schema_version": "1.4.0",
  "id": "GHSA-2hw7-mxvj-m455",
  "modified": "2021-01-27T23:26:39Z",
  "published": "2021-01-29T18:13:52Z",
  "aliases": [
    "CVE-2021-3223"
  ],
  "summary": "Path traversal in Node-RED-Dashboard",
  "details": "In Node-RED-Dashboard before 2.26.2 there is a path traversal vulnerability. It allows ui_base/js/..%2f directory traversal to read files.",
  "severity": [],
  "affected": [
    {
      "package": {
        "ecosystem": "npm",
        "name": "node-red-dashboard"
      },
      "ranges": [
        {
          "type": "ECOSYSTEM",
          "events": [
            {
              "introduced": "0"
            },
            {
              "fixed": "2.26.2"
            }
          ]
        }
      ]
    }
  ],
  "references": [
    {
      "type": "ADVISORY",
      "url": "https://nvd.nist.gov/vuln/detail/CVE-2021-3223"
    },
    {
      "type": "WEB",
      "url": "https://github.com/node-red/node-red-dashboard/issues/669"
    },
    {
      "type": "WEB",
      "url": "https://github.com/node-red/node-red-dashboard/commit/f48f356df966f607ba3d09c27396074b81f2ae97"
    },
    {
      "type": "WEB",
      "url": "https://github.com/node-red/node-red-dashboard/releases/tag/2.26.2"
    },
    {
      "type": "WEB",
      "url": "https://www.npmjs.com/package/node-red-dashboard"
    }
  ],
  "database_specific": {
    "cwe_ids": [
      "CWE-22"
    ],
    "severity": "HIGH",
    "github_reviewed": true,
    "github_reviewed_at": "2021-01-27T23:26:39Z",
    "nvd_published_at": "2021-01-26T18:16:00Z"
  }
}