{
  "schema_version": "1.4.0",
  "id": "GHSA-phhw-3wc9-8q75",
  "modified": "2024-10-22T16:34:12Z",
  "published": "2022-05-24T17:43:21Z",
  "aliases": [
    "CVE-2020-28243"
  ],
  "summary": "SaltStack Salt command injection via a crafted process name",
  "details": "An issue was discovered in SaltStack Salt before 3002.5. The minion's `restartcheck` is vulnerable to command injection via a crafted process name. This allows for a local privilege escalation by any user able to create a files on the minion in a non-blacklisted directory.",
  "severity": [
    {
      "type": "CVSS_V3",
      "score": "CVSS:3.1/AV:L/AC:L/PR:L/UI:N/S:U/C:H/I:H/A:H"
    }
  ],
  "affected": [
    {
      "package": {
        "ecosystem": "PyPI",
        "name": "salt"
      },
      "ranges": [
        {
          "type": "ECOSYSTEM",
          "events": [
            {
              "introduced": "0"
            },
            {
              "fixed": "2015.8.13"
            }
          ]
        }
      ]
    },
    {
      "package": {
        "ecosystem": "PyPI",
        "name": "salt"
      },
      "ranges": [
        {
          "type": "ECOSYSTEM",
          "events": [
            {
              "introduced": "2016.3.0"
            },
            {
              "fixed": "2016.11.5"
            }
          ]
        }
      ]
    },
    {
      "package": {
        "ecosystem": "PyPI",
        "name": "salt"
      },
      "ranges": [
        {
          "type": "ECOSYSTEM",
          "events": [
            {
              "introduced": "2016.11.7"
            },
            {
              "fixed": "2016.11.10"
            }
          ]
        }
      ]
    },
    {
      "package": {
        "ecosystem": "PyPI",
        "name": "salt"
      },
      "ranges": [
        {
          "type": "ECOSYSTEM",
          "events": [
            {
              "introduced": "2017.5.0"
            },
            {
              "fixed": "2017.7.8"
            }
          ]
        }
      ]
    },
    {
      "package": {
        "ecosystem": "PyPI",
        "name": "salt"
      },
      "ranges": [
        {
          "type": "ECOSYSTEM",
          "events": [
            {
              "introduced": "2018.2.0"
            },
            {
              "last_affected": "2018.3.5"
            }
          ]
        }
      ]
    },
    {
      "package": {
        "ecosystem": "PyPI",
        "name": "salt"
      },
      "ranges": [
        {
          "type": "ECOSYSTEM",
          "events": [
            {
              "introduced": "2019.2.0"
            },
            {
              "fixed": "2019.2.8"
            }
          ]
        }
      ]
    },
    {
      "package": {
        "ecosystem": "PyPI",
        "name": "salt"
      },
      "ranges": [
        {
          "type": "ECOSYSTEM",
          "events": [
            {
              "introduced": "3000"
            },
            {
              "fixed": "3000.7"
            }
          ]
        }
      ]
    },
    {
      "package": {
        "ecosystem": "PyPI",
        "name": "salt"
      },
      "ranges": [
        {
          "type": "ECOSYSTEM",
          "events": [
            {
              "introduced": "3001"
            },
            {
              "fixed": "3001.5"
            }
          ]
        }
      ]
    },
    {
      "package": {
        "ecosystem": "PyPI",
        "name": "salt"
      },
      "ranges": [
        {
          "type": "ECOSYSTEM",
          "events": [
            {
              "introduced": "3002"
            },
            {
              "fixed": "3002.3"
            }
          ]
        }
      ]
    }
  ],
  "references": [
    {
      "type": "ADVISORY",
      "url": "https://nvd.nist.gov/vuln/detail/CVE-2020-28243"
    },
    {
      "type": "WEB",
      "url": "https://www.debian.org/security/2021/dsa-5011"
    },
    {
      "type": "WEB",
      "url": "https://security.gentoo.org/glsa/202310-22"
    },
    {
      "type": "WEB",
      "url": "https://security.gentoo.org/glsa/202103-01"
    },
    {
      "type": "WEB",
      "url": "https://sec.stealthcopter.com/cve-2020-28243"
    },
    {
      "type": "WEB",
      "url": "https://saltproject.io/security_announcements/active-saltstack-cve-release-2021-feb-25"
    },
    {
      "type": "WEB",
      "url": "https://lists.fedoraproject.org/archives/list/package-announce@lists.fedoraproject.org/message/YOGNT2XWPOYV7YT75DN7PS4GIYWFKOK5"
    },
    {
      "type": "WEB",
      "url": "https://lists.fedoraproject.org/archives/list/package-announce@lists.fedoraproject.org/message/FUGLOJ6NXLCIFRD2JTXBYQEMAEF2B6XH"
    },
    {
      "type": "WEB",
      "url": "https://lists.fedoraproject.org/archives/list/package-announce@lists.fedoraproject.org/message/7GRVZ5WAEI3XFN2BDTL6DDXFS5HYSDVB"
    },
    {
      "type": "WEB",
      "url": "https://lists.fedoraproject.org/archives/list/package-announce%40lists.fedoraproject.org/message/YOGNT2XWPOYV7YT75DN7PS4GIYWFKOK5"
    },
    {
      "type": "WEB",
      "url": "https://lists.fedoraproject.org/archives/list/package-announce%40lists.fedoraproject.org/message/FUGLOJ6NXLCIFRD2JTXBYQEMAEF2B6XH"
    },
    {
      "type": "WEB",
      "url": "https://lists.fedoraproject.org/archives/list/package-announce%40lists.fedoraproject.org/message/7GRVZ5WAEI3XFN2BDTL6DDXFS5HYSDVB"
    },
    {
      "type": "WEB",
      "url": "https://lists.debian.org/debian-lts-announce/2022/01/msg00000.html"
    },
    {
      "type": "WEB",
      "url": "https://lists.debian.org/debian-lts-announce/2021/11/msg00009.html"
    },
    {
      "type": "WEB",
      "url": "https://github.com/stealthcopter/CVE-2020-28243"
    },
    {
      "type": "WEB",
      "url": "https://github.com/saltstack/salt/blob/8f9405cf8e6f7d7776d5000841c886dec6d96250/doc/topics/releases/3002.3.rst#L12"
    },
    {
      "type": "WEB",
      "url": "https://github.com/saltstack/salt/blob/8f9405cf8e6f7d7776d5000841c886dec6d96250/doc/topics/releases/3001.5.rst#L12"
    },
    {
      "type": "WEB",
      "url": "https://github.com/saltstack/salt/blob/8f9405cf8e6f7d7776d5000841c886dec6d96250/doc/topics/releases/3000.7.rst#L12"
    },
    {
      "type": "PACKAGE",
      "url": "https://github.com/saltstack/salt"
    },
    {
      "type": "WEB",
      "url": "https://github.com/pypa/advisory-database/tree/main/vulns/salt/PYSEC-2021-73.yaml"
    }
  ],
  "database_specific": {
    "cwe_ids": [
      "CWE-77",
      "CWE-78"
    ],
    "severity": "HIGH",
    "github_reviewed": true,
    "github_reviewed_at": "2024-04-22T21:17:21Z",
    "nvd_published_at": "2021-02-27T05:15:00Z"
  }
}