{
  "schema_version": "1.4.0",
  "id": "GHSA-cwgg-w6mp-w9hg",
  "modified": "2024-06-21T14:36:38Z",
  "published": "2024-06-04T12:31:05Z",
  "aliases": [
    "CVE-2024-37058"
  ],
  "summary": "MLFlow unsafe deserialization",
  "details": "Deserialization of untrusted data can occur in versions of the MLflow platform running version 2.5.0 or newer, enabling a maliciously uploaded Langchain AgentExecutor model to run arbitrary code on an end user\u2019s system when interacted with.",
  "severity": [
    {
      "type": "CVSS_V3",
      "score": "CVSS:3.1/AV:N/AC:L/PR:N/UI:R/S:U/C:H/I:H/A:H"
    }
  ],
  "affected": [
    {
      "package": {
        "ecosystem": "PyPI",
        "name": "mlflow"
      },
      "ranges": [
        {
          "type": "ECOSYSTEM",
          "events": [
            {
              "introduced": "2.5.0"
            },
            {
              "last_affected": "2.14.1"
            }
          ]
        }
      ]
    }
  ],
  "references": [
    {
      "type": "ADVISORY",
      "url": "https://nvd.nist.gov/vuln/detail/CVE-2024-37058"
    },
    {
      "type": "PACKAGE",
      "url": "https://github.com/mlflow/mlflow"
    },
    {
      "type": "WEB",
      "url": "https://hiddenlayer.com/sai-security-advisory/mlflow-june2024"
    }
  ],
  "database_specific": {
    "cwe_ids": [
      "CWE-502"
    ],
    "severity": "HIGH",
    "github_reviewed": true,
    "github_reviewed_at": "2024-06-05T13:21:39Z",
    "nvd_published_at": "2024-06-04T12:15:12Z"
  }
}