{
  "schema_version": "1.4.0",
  "id": "GHSA-x3v2-fgr6-3wmm",
  "modified": "2021-08-19T18:40:57Z",
  "published": "2021-08-25T20:53:03Z",
  "aliases": [
    "CVE-2021-25908"
  ],
  "summary": "Double free in fil-ocl",
  "details": "An issue was discovered in the fil-ocl crate through 2021-01-04 for Rust. From<EventList> can lead to a double free.",
  "severity": [
    {
      "type": "CVSS_V3",
      "score": "CVSS:3.1/AV:N/AC:L/PR:N/UI:N/S:U/C:N/I:N/A:H"
    }
  ],
  "affected": [
    {
      "package": {
        "ecosystem": "crates.io",
        "name": "fil-ocl"
      },
      "ranges": [
        {
          "type": "ECOSYSTEM",
          "events": [
            {
              "introduced": "0.12.0"
            }
          ]
        }
      ]
    }
  ],
  "references": [
    {
      "type": "ADVISORY",
      "url": "https://nvd.nist.gov/vuln/detail/CVE-2021-25908"
    },
    {
      "type": "WEB",
      "url": "https://github.com/cogciprocate/ocl/issues/194"
    },
    {
      "type": "PACKAGE",
      "url": "https://github.com/filecoin-project/fil-ocl"
    },
    {
      "type": "WEB",
      "url": "https://rustsec.org/advisories/RUSTSEC-2021-0011.html"
    }
  ],
  "database_specific": {
    "cwe_ids": [
      "CWE-415"
    ],
    "severity": "HIGH",
    "github_reviewed": true,
    "github_reviewed_at": "2021-08-19T18:40:57Z",
    "nvd_published_at": null
  }
}