{
  "schema_version": "1.4.0",
  "id": "GHSA-vm5m-qmrx-fw8w",
  "modified": "2025-02-13T19:33:14Z",
  "published": "2024-01-24T15:30:30Z",
  "aliases": [
    "CVE-2023-50944"
  ],
  "summary": "Apache Airflow: Bypass permission verification to read code of other dags",
  "details": "Apache Airflow, versions before 2.8.1, have a vulnerability that allows an authenticated user to access the source code of a DAG to which they don't have access.\u00a0This vulnerability is considered low since it requires an authenticated user to exploit it. Users are recommended to upgrade to version 2.8.1, which fixes this issue.",
  "severity": [
    {
      "type": "CVSS_V3",
      "score": "CVSS:3.1/AV:N/AC:L/PR:L/UI:N/S:U/C:H/I:N/A:N"
    },
    {
      "type": "CVSS_V4",
      "score": "CVSS:4.0/AV:N/AC:L/AT:N/PR:L/UI:N/VC:H/VI:N/VA:N/SC:N/SI:N/SA:N"
    }
  ],
  "affected": [
    {
      "package": {
        "ecosystem": "PyPI",
        "name": "apache-airflow"
      },
      "ranges": [
        {
          "type": "ECOSYSTEM",
          "events": [
            {
              "introduced": "0"
            },
            {
              "fixed": "2.8.1rc1"
            }
          ]
        }
      ]
    }
  ],
  "references": [
    {
      "type": "ADVISORY",
      "url": "https://nvd.nist.gov/vuln/detail/CVE-2023-50944"
    },
    {
      "type": "WEB",
      "url": "https://github.com/apache/airflow/pull/36257"
    },
    {
      "type": "WEB",
      "url": "https://github.com/apache/airflow/commit/8d76538d6e105947272b000581c6fabec20146b1"
    },
    {
      "type": "PACKAGE",
      "url": "https://github.com/apache/airflow"
    },
    {
      "type": "WEB",
      "url": "https://github.com/pypa/advisory-database/tree/main/vulns/apache-airflow/PYSEC-2024-14.yaml"
    },
    {
      "type": "WEB",
      "url": "https://lists.apache.org/thread/92krb5mpcq8qrw4t4j5oooqw7hgd8q7h"
    },
    {
      "type": "WEB",
      "url": "http://www.openwall.com/lists/oss-security/2024/01/24/5"
    }
  ],
  "database_specific": {
    "cwe_ids": [
      "CWE-862"
    ],
    "severity": "HIGH",
    "github_reviewed": true,
    "github_reviewed_at": "2024-01-24T21:01:04Z",
    "nvd_published_at": "2024-01-24T13:15:08Z"
  }
}