{
  "schema_version": "1.4.0",
  "id": "GHSA-rhgq-vv9x-j4p5",
  "modified": "2023-07-31T20:48:53Z",
  "published": "2018-01-22T23:45:33Z",
  "aliases": [
    "CVE-2014-5000"
  ],
  "summary": "lawn-login exposes database password to unauthorized users",
  "details": "The login function in `lib/lawn.rb` in the lawn-login gem 0.0.7 for Ruby places credentials on the curl command line, which allows local users to obtain sensitive information by listing the process.",
  "severity": [
    {
      "type": "CVSS_V3",
      "score": "CVSS:3.0/AV:L/AC:L/PR:L/UI:N/S:U/C:H/I:H/A:H"
    }
  ],
  "affected": [
    {
      "package": {
        "ecosystem": "RubyGems",
        "name": "lawn-login"
      },
      "versions": [
        "0.0.7"
      ]
    }
  ],
  "references": [
    {
      "type": "ADVISORY",
      "url": "https://nvd.nist.gov/vuln/detail/CVE-2014-5000"
    },
    {
      "type": "WEB",
      "url": "https://github.com/rubysec/ruby-advisory-db/blob/master/gems/lawn-login/CVE-2014-5000.yml"
    },
    {
      "type": "PACKAGE",
      "url": "https://github.com/skalnik/lawn-login"
    },
    {
      "type": "WEB",
      "url": "https://web.archive.org/web/20200229060607/http://www.vapid.dhs.org/advisories/lawn-login-0.0.7.html"
    }
  ],
  "database_specific": {
    "cwe_ids": [
      "CWE-200"
    ],
    "severity": "HIGH",
    "github_reviewed": true,
    "github_reviewed_at": "2020-06-16T21:54:58Z",
    "nvd_published_at": null
  }
}