{
  "schema_version": "1.4.0",
  "id": "GHSA-c3c6-f2ww-xfr2",
  "modified": "2025-02-13T19:33:15Z",
  "published": "2024-01-24T15:30:30Z",
  "aliases": [
    "CVE-2023-50943"
  ],
  "summary": "Apache Airflow: pickle deserialization vulnerability in XComs",
  "details": "Apache Airflow, versions before 2.8.1, have a vulnerability that allows a potential attacker to poison the XCom data by bypassing the protection of \"enable_xcom_pickling=False\" configuration setting resulting in poisoned data after XCom deserialization. This vulnerability is considered low since it requires a DAG author to exploit it. Users are recommended to upgrade to version 2.8.1 or later, which fixes this issue.",
  "severity": [
    {
      "type": "CVSS_V3",
      "score": "CVSS:3.1/AV:N/AC:L/PR:N/UI:N/S:U/C:N/I:H/A:N"
    },
    {
      "type": "CVSS_V4",
      "score": "CVSS:4.0/AV:N/AC:L/AT:N/PR:N/UI:N/VC:N/VI:H/VA:N/SC:N/SI:N/SA:N"
    }
  ],
  "affected": [
    {
      "package": {
        "ecosystem": "PyPI",
        "name": "apache-airflow"
      },
      "ranges": [
        {
          "type": "ECOSYSTEM",
          "events": [
            {
              "introduced": "0"
            },
            {
              "fixed": "2.8.1rc1"
            }
          ]
        }
      ]
    }
  ],
  "references": [
    {
      "type": "ADVISORY",
      "url": "https://nvd.nist.gov/vuln/detail/CVE-2023-50943"
    },
    {
      "type": "WEB",
      "url": "https://github.com/apache/airflow/pull/36255"
    },
    {
      "type": "WEB",
      "url": "https://github.com/apache/airflow/commit/2c4c5bc604e9ab0cc1e98f7bee7d31d566579462"
    },
    {
      "type": "PACKAGE",
      "url": "https://github.com/apache/airflow"
    },
    {
      "type": "WEB",
      "url": "https://github.com/pypa/advisory-database/tree/main/vulns/apache-airflow/PYSEC-2024-13.yaml"
    },
    {
      "type": "WEB",
      "url": "https://lists.apache.org/thread/fx278v0twqzxkcts70tc04cp3f8p56pn"
    },
    {
      "type": "WEB",
      "url": "http://www.openwall.com/lists/oss-security/2024/01/24/4"
    }
  ],
  "database_specific": {
    "cwe_ids": [
      "CWE-502"
    ],
    "severity": "HIGH",
    "github_reviewed": true,
    "github_reviewed_at": "2024-01-24T20:55:31Z",
    "nvd_published_at": "2024-01-24T13:15:07Z"
  }
}