{
  "schema_version": "1.4.0",
  "id": "GHSA-7vq3-wcjw-3fxh",
  "modified": "2023-09-11T16:35:29Z",
  "published": "2018-07-23T20:48:53Z",
  "aliases": [
    "CVE-2017-16140"
  ],
  "summary": "Directory Traversal in lab6.brit95",
  "details": "Affected versions of `lab6.brit95` resolve relative file paths, resulting in a directory traversal vulnerability. A malicious actor can use this vulnerability to access files outside of the intended directory root, which may result in the disclosure of private files on the vulnerable system.\n\n**Example request:**\n```http\nGET /../../../../../../../../../../etc/passwd HTTP/1.1\nhost:foo\n```\n\n\n## Recommendation\n\nNo patch is available for this vulnerability.\n\nIt is recommended that the package is only used for local development, and if the functionality is needed for production, a different package is used instead.",
  "severity": [
    {
      "type": "CVSS_V3",
      "score": "CVSS:3.0/AV:N/AC:L/PR:N/UI:N/S:U/C:H/I:N/A:N"
    }
  ],
  "affected": [
    {
      "package": {
        "ecosystem": "npm",
        "name": "lab6.brit95"
      },
      "ranges": [
        {
          "type": "ECOSYSTEM",
          "events": [
            {
              "introduced": "0"
            },
            {
              "last_affected": "0.1.1"
            }
          ]
        }
      ]
    }
  ],
  "references": [
    {
      "type": "ADVISORY",
      "url": "https://nvd.nist.gov/vuln/detail/CVE-2017-16140"
    },
    {
      "type": "WEB",
      "url": "https://github.com/JacksonGL/NPM-Vuln-PoC/blob/master/directory-traversal/lab6.brit95"
    },
    {
      "type": "ADVISORY",
      "url": "https://github.com/advisories/GHSA-7vq3-wcjw-3fxh"
    },
    {
      "type": "WEB",
      "url": "https://www.npmjs.com/advisories/475"
    }
  ],
  "database_specific": {
    "cwe_ids": [
      "CWE-22"
    ],
    "severity": "HIGH",
    "github_reviewed": true,
    "github_reviewed_at": "2020-06-16T21:23:32Z",
    "nvd_published_at": null
  }
}