{
  "schema_version": "1.4.0",
  "id": "GHSA-wqg7-vrj7-v82h",
  "modified": "2023-09-07T22:27:31Z",
  "published": "2018-08-31T06:22:50Z",
  "aliases": [
    "CVE-2018-11615"
  ],
  "summary": "Mosca REDoS Vulnerability",
  "details": "This vulnerability allows remote attackers to deny service on vulnerable installations of npm mosca 2.8.1. Authentication is not required to exploit this vulnerability. The specific flaw exists within the processing of topics. A crafted regular expression can cause the broker to crash. An attacker can leverage this vulnerability to deny access to the target system.",
  "severity": [
    {
      "type": "CVSS_V3",
      "score": "CVSS:3.0/AV:N/AC:L/PR:N/UI:N/S:U/C:N/I:N/A:H"
    }
  ],
  "affected": [
    {
      "package": {
        "ecosystem": "npm",
        "name": "mosca"
      },
      "ranges": [
        {
          "type": "ECOSYSTEM",
          "events": [
            {
              "introduced": "0"
            },
            {
              "fixed": "2.8.2"
            }
          ]
        }
      ]
    }
  ],
  "references": [
    {
      "type": "ADVISORY",
      "url": "https://nvd.nist.gov/vuln/detail/CVE-2018-11615"
    },
    {
      "type": "ADVISORY",
      "url": "https://github.com/advisories/GHSA-wqg7-vrj7-v82h"
    },
    {
      "type": "WEB",
      "url": "https://zerodayinitiative.com/advisories/ZDI-18-583"
    }
  ],
  "database_specific": {
    "cwe_ids": [
      "CWE-185",
      "CWE-20"
    ],
    "severity": "HIGH",
    "github_reviewed": true,
    "github_reviewed_at": "2020-06-16T22:01:00Z",
    "nvd_published_at": null
  }
}