{
  "schema_version": "1.4.0",
  "id": "GHSA-h9wr-xr4r-66fh",
  "modified": "2020-08-31T18:46:37Z",
  "published": "2020-09-03T18:20:20Z",
  "aliases": [],
  "summary": "Cross-Site Scripting in dmn-js-properties-panel",
  "details": "Versions of `dmn-js-properties-panel` prior to 0.8.0 are vulnerable to Cross-Site Scripting (XSS). The package fails to sanitize input in specially configured diagrams, which may allow attackers to inject arbitrary JavaScript in the embedding website.\n\n\n## Recommendation\n\nUpgrade to version 0.3.0 or later.",
  "severity": [],
  "affected": [
    {
      "package": {
        "ecosystem": "npm",
        "name": "dmn-js-properties-panel"
      },
      "ranges": [
        {
          "type": "ECOSYSTEM",
          "events": [
            {
              "introduced": "0"
            },
            {
              "fixed": "0.3.0"
            }
          ]
        }
      ]
    }
  ],
  "references": [
    {
      "type": "WEB",
      "url": "https://www.npmjs.com/advisories/1081"
    }
  ],
  "database_specific": {
    "cwe_ids": [
      "CWE-79"
    ],
    "severity": "HIGH",
    "github_reviewed": true,
    "github_reviewed_at": "2020-08-31T18:46:37Z",
    "nvd_published_at": null
  }
}