{
  "schema_version": "1.4.0",
  "id": "GHSA-hh6f-6fp5-gfpv",
  "modified": "2022-12-02T21:35:59Z",
  "published": "2022-04-13T00:00:17Z",
  "aliases": [
    "CVE-2022-29047"
  ],
  "summary": "Untrusted users can modify some Pipeline libraries in Jenkins Pipeline: Deprecated Groovy Libraries Plugin",
  "details": "Multibranch Pipelines by default limit who can change the Pipeline definition from the Jenkinsfile. This is useful for SCMs like GitHub: Jenkins can build content from users without commit access, but who can submit pull requests, without granting them the ability to modify the Pipeline definition. In that case, Jenkins will just use the Pipeline definition in the pull request\u2019s destination branch instead.\n\nIn Pipeline: Deprecated Groovy Libraries Plugin 564.ve62a_4eb_b_e039 and earlier the same protection does not apply to uses of the `library` step with a `retriever` argument pointing to a library in the current build\u2019s repository and branch (e.g., `library(\u2026, retriever: legacySCM(scm))`). This allows attackers able to submit pull requests (or equivalent), but not able to commit directly to the configured SCM, to effectively change the Pipeline behavior by changing the library behavior in their pull request, even if the Pipeline is configured to not trust them.\n\nPipeline: Deprecated Groovy Libraries Plugin 566.vd0a_a_3334a_555 and 2.21.3 aborts library retrieval if the library would be retrieved from the same repository and revision as the current build, and the revision being built is untrusted.",
  "severity": [
    {
      "type": "CVSS_V3",
      "score": "CVSS:3.1/AV:N/AC:L/PR:N/UI:N/S:U/C:L/I:L/A:L"
    }
  ],
  "affected": [
    {
      "package": {
        "ecosystem": "Maven",
        "name": "org.jenkins-ci.plugins.workflow:workflow-cps-global-lib"
      },
      "ranges": [
        {
          "type": "ECOSYSTEM",
          "events": [
            {
              "introduced": "0"
            },
            {
              "fixed": "2.21.3"
            }
          ]
        }
      ]
    },
    {
      "package": {
        "ecosystem": "Maven",
        "name": "org.jenkins-ci.plugins.workflow:workflow-cps-global-lib"
      },
      "ranges": [
        {
          "type": "ECOSYSTEM",
          "events": [
            {
              "introduced": "544.vff04fa68714d"
            },
            {
              "fixed": "566.vd0a"
            }
          ]
        }
      ],
      "database_specific": {
        "last_known_affected_version_range": "<= 564.ve62a"
      }
    }
  ],
  "references": [
    {
      "type": "ADVISORY",
      "url": "https://nvd.nist.gov/vuln/detail/CVE-2022-29047"
    },
    {
      "type": "WEB",
      "url": "https://github.com/jenkinsci/workflow-cps-global-lib-plugin/commit/97bf32458e60ad252cfe5e7949bacf04459cee64"
    },
    {
      "type": "WEB",
      "url": "https://github.com/jenkinsci/workflow-cps-global-lib-plugin/commit/bae59b46cb524549d7f346ba73d3161804c97331"
    },
    {
      "type": "WEB",
      "url": "https://www.jenkins.io/security/advisory/2022-04-12/#SECURITY-1951"
    }
  ],
  "database_specific": {
    "cwe_ids": [
      "CWE-863"
    ],
    "severity": "HIGH",
    "github_reviewed": true,
    "github_reviewed_at": "2022-12-02T21:35:05Z",
    "nvd_published_at": "2022-04-12T20:15:00Z"
  }
}