{
  "schema_version": "1.4.0",
  "id": "GHSA-w58v-r3cp-qr93",
  "modified": "2024-07-05T17:48:11Z",
  "published": "2024-07-01T15:32:15Z",
  "aliases": [
    "CVE-2024-38994"
  ],
  "summary": "@amoy/common v was discovered to contain a prototype pollution via the function extend",
  "details": "amoyjs amoy common v1.0.10 was discovered to contain a prototype pollution via the function extend. This vulnerability allows attackers to execute arbitrary code or cause a Denial of Service (DoS) via injecting arbitrary properties.",
  "severity": [
    {
      "type": "CVSS_V3",
      "score": "CVSS:3.1/AV:N/AC:L/PR:N/UI:N/S:U/C:L/I:L/A:L"
    }
  ],
  "affected": [
    {
      "package": {
        "ecosystem": "npm",
        "name": "@amoy/common"
      },
      "versions": [
        "1.0.10"
      ]
    }
  ],
  "references": [
    {
      "type": "ADVISORY",
      "url": "https://nvd.nist.gov/vuln/detail/CVE-2024-38994"
    },
    {
      "type": "WEB",
      "url": "https://gist.github.com/mestrtee/02091aa86c6c14c29b9703642439dd03"
    }
  ],
  "database_specific": {
    "cwe_ids": [
      "CWE-1321"
    ],
    "severity": "HIGH",
    "github_reviewed": true,
    "github_reviewed_at": "2024-07-01T21:52:10Z",
    "nvd_published_at": "2024-07-01T13:15:05Z"
  }
}