{
  "schema_version": "1.4.0",
  "id": "GHSA-g5mm-vmx4-3rg7",
  "modified": "2024-05-15T06:24:20Z",
  "published": "2022-04-15T00:00:32Z",
  "aliases": [
    "CVE-2022-22968"
  ],
  "summary": "Improper handling of case sensitivity in Spring Framework",
  "details": "In Spring Framework versions 5.3.0 - 5.3.18, 5.2.0 - 5.2.20, and older unsupported versions, the patterns for disallowedFields on a DataBinder are case sensitive which means a field is not effectively protected unless it is listed with both upper and lower case for the first character of the field, including upper and lower case for the first character of all nested fields within the property path. Versions 5.3.19 and 5.2.21 contain a patch for this issue.",
  "severity": [
    {
      "type": "CVSS_V3",
      "score": "CVSS:3.1/AV:N/AC:L/PR:N/UI:N/S:U/C:N/I:H/A:N"
    }
  ],
  "affected": [
    {
      "package": {
        "ecosystem": "Maven",
        "name": "org.springframework:spring-context"
      },
      "ranges": [
        {
          "type": "ECOSYSTEM",
          "events": [
            {
              "introduced": "5.3.0"
            },
            {
              "fixed": "5.3.19"
            }
          ]
        }
      ]
    },
    {
      "package": {
        "ecosystem": "Maven",
        "name": "org.springframework:spring-context"
      },
      "ranges": [
        {
          "type": "ECOSYSTEM",
          "events": [
            {
              "introduced": "0"
            },
            {
              "fixed": "5.2.21.RELEASE"
            }
          ]
        }
      ]
    }
  ],
  "references": [
    {
      "type": "ADVISORY",
      "url": "https://nvd.nist.gov/vuln/detail/CVE-2022-22968"
    },
    {
      "type": "WEB",
      "url": "https://github.com/spring-projects/spring-framework/commit/833e750175349ab4fd502109a8b41af77e25cdea"
    },
    {
      "type": "WEB",
      "url": "https://github.com/spring-projects/spring-framework/commit/a7cf19cec5ebd270f97a194d749e2d5701ad2ab7"
    },
    {
      "type": "PACKAGE",
      "url": "https://github.com/spring-projects/spring-framework"
    },
    {
      "type": "WEB",
      "url": "https://security.netapp.com/advisory/ntap-20220602-0004"
    },
    {
      "type": "WEB",
      "url": "https://tanzu.vmware.com/security/cve-2022-22968"
    },
    {
      "type": "WEB",
      "url": "https://www.oracle.com/security-alerts/cpujul2022.html"
    }
  ],
  "database_specific": {
    "cwe_ids": [
      "CWE-178"
    ],
    "severity": "HIGH",
    "github_reviewed": true,
    "github_reviewed_at": "2022-04-22T20:45:32Z",
    "nvd_published_at": "2022-04-14T21:15:00Z"
  }
}