{
  "schema_version": "1.4.0",
  "id": "GHSA-pm87-24wq-r8w9",
  "modified": "2024-09-11T20:05:39Z",
  "published": "2023-08-23T18:30:34Z",
  "aliases": [
    "CVE-2023-40273"
  ],
  "summary": "Apache Airflow Session Fixation vulnerability",
  "details": "The session fixation vulnerability allowed the authenticated user to continue accessing Airflow webserver even after the password of the user has been reset by the admin - up until the expiry of the session of the user. Other than manually cleaning the session database (for database\u00a0session backend), or changing the secure_key and restarting the webserver, there were no mechanisms to force-logout the user (and all other users with that).\n\nWith this fix implemented, when using the\u00a0database\u00a0session backend, the existing sessions of the user are invalidated when the password of the user is reset. When using the securecookie\u00a0session backend, the sessions are NOT invalidated and still require changing the secure key and restarting the webserver (and logging out all other users), but the user resetting the password is informed about it with a flash message warning displayed in the UI. Documentation is also updated explaining this behaviour.\n\nUsers of Apache Airflow are advised to upgrade to version 2.7.0 or newer to mitigate the risk associated with this vulnerability.\n",
  "severity": [
    {
      "type": "CVSS_V3",
      "score": "CVSS:3.1/AV:N/AC:L/PR:L/UI:R/S:U/C:H/I:H/A:H"
    },
    {
      "type": "CVSS_V4",
      "score": "CVSS:4.0/AV:N/AC:L/AT:N/PR:L/UI:P/VC:H/VI:H/VA:H/SC:N/SI:N/SA:N"
    }
  ],
  "affected": [
    {
      "package": {
        "ecosystem": "PyPI",
        "name": "apache-airflow"
      },
      "ranges": [
        {
          "type": "ECOSYSTEM",
          "events": [
            {
              "introduced": "0"
            },
            {
              "fixed": "2.7.0rc2"
            }
          ]
        }
      ]
    }
  ],
  "references": [
    {
      "type": "ADVISORY",
      "url": "https://nvd.nist.gov/vuln/detail/CVE-2023-40273"
    },
    {
      "type": "WEB",
      "url": "https://github.com/apache/airflow/pull/33347"
    },
    {
      "type": "WEB",
      "url": "https://github.com/apache/airflow/commit/2caa186935151683076b74357daad83d2538a3f6"
    },
    {
      "type": "WEB",
      "url": "https://github.com/apache/airflow/commit/f5d8201ea7935d17cecaf25fc90d4ef0ccdd627b"
    },
    {
      "type": "PACKAGE",
      "url": "https://github.com/apache/airflow"
    },
    {
      "type": "WEB",
      "url": "https://github.com/pypa/advisory-database/tree/main/vulns/apache-airflow/PYSEC-2023-158.yaml"
    },
    {
      "type": "WEB",
      "url": "https://lists.apache.org/thread/9rdmv8ln4y4ncbyrlmjrsj903x4l80nj"
    },
    {
      "type": "WEB",
      "url": "https://www.openwall.com/lists/oss-security/2023/08/23/1"
    }
  ],
  "database_specific": {
    "cwe_ids": [
      "CWE-384"
    ],
    "severity": "HIGH",
    "github_reviewed": true,
    "github_reviewed_at": "2023-08-23T20:45:27Z",
    "nvd_published_at": "2023-08-23T16:15:09Z"
  }
}