{
  "schema_version": "1.4.0",
  "id": "GHSA-r4m5-47cq-6qg8",
  "modified": "2024-01-08T21:29:30Z",
  "published": "2020-09-04T17:25:13Z",
  "aliases": [],
  "summary": "Server-Side Request Forgery in ftp-srv",
  "details": "All versions of `ftp-srv` from v1.0.0 onward to v4.3.3 are vulnerable to Server-Side Request Forgery (SSRF). The package fails to prevent remote clients to access other resources in the network, for example when connecting to the server through telnet. This allows attackers to access any network resources available to the server, including private resources in the hosting environment.\n\n\n## Recommendation\n\nUpgrade to patched versions\n`^2.19.6, ^3.1.2, ^4.3.4`\n\n## Workarounds\nBlacklisting the FTP Command PORT will prevent the server from exposing this behaviour through active connections until a fix is applied.\n\n```\nconst ftp = new FtpSrv({\n  blacklist: ['PORT']\n});\n```",
  "severity": [],
  "affected": [
    {
      "package": {
        "ecosystem": "npm",
        "name": "ftp-srv"
      },
      "ranges": [
        {
          "type": "ECOSYSTEM",
          "events": [
            {
              "introduced": "1.0.0"
            },
            {
              "fixed": "2.19.6"
            }
          ]
        }
      ]
    },
    {
      "package": {
        "ecosystem": "npm",
        "name": "ftp-srv"
      },
      "ranges": [
        {
          "type": "ECOSYSTEM",
          "events": [
            {
              "introduced": "3.0.0"
            },
            {
              "fixed": "3.1.2"
            }
          ]
        }
      ]
    },
    {
      "package": {
        "ecosystem": "npm",
        "name": "ftp-srv"
      },
      "ranges": [
        {
          "type": "ECOSYSTEM",
          "events": [
            {
              "introduced": "4.0.0"
            },
            {
              "fixed": "4.3.4"
            }
          ]
        }
      ]
    }
  ],
  "references": [
    {
      "type": "WEB",
      "url": "https://github.com/QuorumDMS/ftp-srv/security/advisories/GHSA-jw37-5gqr-cf9j"
    },
    {
      "type": "PACKAGE",
      "url": "https://github.com/QuorumDMS/ftp-srv"
    },
    {
      "type": "WEB",
      "url": "https://www.npmjs.com/advisories/1445"
    }
  ],
  "database_specific": {
    "cwe_ids": [
      "CWE-918"
    ],
    "severity": "HIGH",
    "github_reviewed": true,
    "github_reviewed_at": "2020-08-31T18:59:34Z",
    "nvd_published_at": null
  }
}