{
  "schema_version": "1.4.0",
  "id": "GHSA-g9hh-vvx3-v37v",
  "modified": "2022-05-05T13:38:33Z",
  "published": "2022-04-23T00:03:04Z",
  "aliases": [
    "CVE-2022-28366"
  ],
  "summary": "Denial of service in HtmlUnit-Neko",
  "details": "Certain Neko-related HTML parsers allow a denial of service via crafted Processing Instruction (PI) input that causes excessive heap memory consumption. In particular, this issue exists in HtmlUnit-Neko through 2.26, and is fixed in 2.27. This issue also exists in CyberNeko HTML through 1.9.22 (also affecting OWASP AntiSamy before 1.6.6), but 1.9.22 is the last version of CyberNeko HTML. NOTE: this may be related to CVE-2022-24939.",
  "severity": [
    {
      "type": "CVSS_V3",
      "score": "CVSS:3.1/AV:N/AC:L/PR:N/UI:N/S:U/C:N/I:N/A:H"
    }
  ],
  "affected": [
    {
      "package": {
        "ecosystem": "Maven",
        "name": "net.sourceforge.htmlunit:neko-htmlunit"
      },
      "ranges": [
        {
          "type": "ECOSYSTEM",
          "events": [
            {
              "introduced": "0"
            },
            {
              "fixed": "2.27"
            }
          ]
        }
      ]
    }
  ],
  "references": [
    {
      "type": "ADVISORY",
      "url": "https://nvd.nist.gov/vuln/detail/CVE-2022-28366"
    },
    {
      "type": "PACKAGE",
      "url": "https://github.com/HtmlUnit/htmlunit-neko"
    },
    {
      "type": "WEB",
      "url": "https://github.com/nahsra/antisamy/releases/tag/v1.6.6"
    },
    {
      "type": "WEB",
      "url": "https://search.maven.org/artifact/net.sourceforge.htmlunit/neko-htmlunit"
    },
    {
      "type": "WEB",
      "url": "https://sourceforge.net/projects/htmlunit/files/htmlunit/2.27"
    }
  ],
  "database_specific": {
    "cwe_ids": [],
    "severity": "HIGH",
    "github_reviewed": true,
    "github_reviewed_at": "2022-04-26T20:12:38Z",
    "nvd_published_at": "2022-04-21T23:15:00Z"
  }
}