{
  "schema_version": "1.4.0",
  "id": "GHSA-h43v-26r7-7j4c",
  "modified": "2023-09-29T15:55:50Z",
  "published": "2021-05-18T18:20:19Z",
  "aliases": [
    "CVE-2020-7218"
  ],
  "summary": "Allocation of Resources Without Limits or Throttling in HashiCorp Nomad",
  "details": "HashiCorp Nomad and Nomad Enterprise before 0.10.3 allow unbounded resource usage.\n\n### Specific Go Packages Affected\ngithub.com/hashicorp/nomad/command/agent",
  "severity": [
    {
      "type": "CVSS_V3",
      "score": "CVSS:3.1/AV:N/AC:L/PR:N/UI:N/S:U/C:N/I:N/A:H"
    }
  ],
  "affected": [
    {
      "package": {
        "ecosystem": "Go",
        "name": "github.com/hashicorp/nomad"
      },
      "ranges": [
        {
          "type": "ECOSYSTEM",
          "events": [
            {
              "introduced": "0"
            },
            {
              "fixed": "0.10.3"
            }
          ]
        }
      ]
    }
  ],
  "references": [
    {
      "type": "ADVISORY",
      "url": "https://nvd.nist.gov/vuln/detail/CVE-2020-7218"
    },
    {
      "type": "WEB",
      "url": "https://github.com/hashicorp/nomad/issues/7002"
    },
    {
      "type": "WEB",
      "url": "https://github.com/hashicorp/nomad/pull/7022"
    },
    {
      "type": "PACKAGE",
      "url": "https://github.com/hashicorp/nomad"
    },
    {
      "type": "WEB",
      "url": "https://www.hashicorp.com/blog/category/nomad"
    }
  ],
  "database_specific": {
    "cwe_ids": [
      "CWE-400",
      "CWE-770"
    ],
    "severity": "HIGH",
    "github_reviewed": true,
    "github_reviewed_at": "2021-05-13T15:03:56Z",
    "nvd_published_at": "2020-01-31T13:15:00Z"
  }
}