{
  "schema_version": "1.4.0",
  "id": "GHSA-mvc8-6ffp-jrx5",
  "modified": "2024-08-02T15:31:16Z",
  "published": "2023-12-09T03:30:15Z",
  "aliases": [
    "CVE-2023-6394"
  ],
  "summary": "Authorization bypass in Quarkus",
  "details": "A flaw was found in Quarkus. This issue occurs when receiving a request over websocket with no role-based permission specified on the GraphQL operation, Quarkus processes the request without authentication despite the endpoint being secured. This can allow an attacker to access information and functionality outside of normal granted API permissions.",
  "severity": [
    {
      "type": "CVSS_V3",
      "score": "CVSS:3.1/AV:N/AC:H/PR:N/UI:N/S:U/C:H/I:H/A:N"
    }
  ],
  "affected": [
    {
      "package": {
        "ecosystem": "Maven",
        "name": "io.quarkus:quarkus-smallrye-graphql-client"
      },
      "ranges": [
        {
          "type": "ECOSYSTEM",
          "events": [
            {
              "introduced": "2.14.0"
            },
            {
              "fixed": "3.5.3"
            }
          ]
        }
      ]
    },
    {
      "package": {
        "ecosystem": "Maven",
        "name": "io.quarkus:quarkus-smallrye-graphql-client"
      },
      "ranges": [
        {
          "type": "ECOSYSTEM",
          "events": [
            {
              "introduced": "0"
            },
            {
              "fixed": "2.13.9.Final"
            }
          ]
        }
      ]
    }
  ],
  "references": [
    {
      "type": "ADVISORY",
      "url": "https://nvd.nist.gov/vuln/detail/CVE-2023-6394"
    },
    {
      "type": "WEB",
      "url": "https://github.com/quarkusio/quarkus/pull/36961"
    },
    {
      "type": "WEB",
      "url": "https://access.redhat.com/errata/RHSA-2023:7612"
    },
    {
      "type": "WEB",
      "url": "https://access.redhat.com/errata/RHSA-2023:7700"
    },
    {
      "type": "WEB",
      "url": "https://access.redhat.com/security/cve/CVE-2023-6394"
    },
    {
      "type": "WEB",
      "url": "https://bugzilla.redhat.com/show_bug.cgi?id=2252197"
    },
    {
      "type": "PACKAGE",
      "url": "https://github.com/quarkusio/quarkus"
    },
    {
      "type": "WEB",
      "url": "https://github.com/quarkusio/quarkus/releases/tag/2.13.9.Final"
    },
    {
      "type": "WEB",
      "url": "https://github.com/quarkusio/quarkus/releases/tag/3.5.3"
    }
  ],
  "database_specific": {
    "cwe_ids": [
      "CWE-696",
      "CWE-862"
    ],
    "severity": "HIGH",
    "github_reviewed": true,
    "github_reviewed_at": "2023-12-12T00:50:32Z",
    "nvd_published_at": "2023-12-09T02:15:06Z"
  }
}