{
  "schema_version": "1.4.0",
  "id": "GHSA-rv7p-mmwq-x674",
  "modified": "2021-04-20T22:13:23Z",
  "published": "2021-05-10T18:46:58Z",
  "aliases": [
    "CVE-2020-8132"
  ],
  "summary": "Improper Input Validation and Code Injection in pdf-image",
  "details": "Lack of input validation in pdf-image npm package version &lt;= 2.0.0 may allow an attacker to run arbitrary code if PDF file path is constructed based on untrusted user input.",
  "severity": [
    {
      "type": "CVSS_V3",
      "score": "CVSS:3.1/AV:N/AC:L/PR:N/UI:N/S:U/C:H/I:H/A:H"
    }
  ],
  "affected": [
    {
      "package": {
        "ecosystem": "npm",
        "name": "pdf-image"
      },
      "ranges": [
        {
          "type": "ECOSYSTEM",
          "events": [
            {
              "introduced": "0"
            },
            {
              "last_affected": "2.0.0"
            }
          ]
        }
      ]
    }
  ],
  "references": [
    {
      "type": "ADVISORY",
      "url": "https://nvd.nist.gov/vuln/detail/CVE-2020-8132"
    },
    {
      "type": "WEB",
      "url": "https://hackerone.com/reports/781664"
    }
  ],
  "database_specific": {
    "cwe_ids": [
      "CWE-20",
      "CWE-94"
    ],
    "severity": "HIGH",
    "github_reviewed": true,
    "github_reviewed_at": "2021-04-20T22:13:23Z",
    "nvd_published_at": "2020-02-28T20:15:00Z"
  }
}