{
  "schema_version": "1.4.0",
  "id": "GHSA-56m6-4mhw-h3g5",
  "modified": "2024-11-01T21:38:02Z",
  "published": "2024-10-31T15:30:59Z",
  "aliases": [
    "CVE-2024-42835"
  ],
  "summary": "langflow has vulnerability in PythonCodeTool component",
  "details": "langflow v1.0.12 was discovered to contain a remote code execution (RCE) vulnerability via the PythonCodeTool component.",
  "severity": [
    {
      "type": "CVSS_V3",
      "score": "CVSS:3.1/AV:N/AC:L/PR:N/UI:N/S:U/C:H/I:H/A:H"
    },
    {
      "type": "CVSS_V4",
      "score": "CVSS:4.0/AV:N/AC:L/AT:P/PR:N/UI:N/VC:H/VI:H/VA:H/SC:N/SI:N/SA:N/E:P"
    }
  ],
  "affected": [
    {
      "package": {
        "ecosystem": "PyPI",
        "name": "langflow"
      },
      "ranges": [
        {
          "type": "ECOSYSTEM",
          "events": [
            {
              "introduced": "0"
            },
            {
              "last_affected": "1.0.12"
            }
          ]
        }
      ]
    }
  ],
  "references": [
    {
      "type": "ADVISORY",
      "url": "https://nvd.nist.gov/vuln/detail/CVE-2024-42835"
    },
    {
      "type": "WEB",
      "url": "https://github.com/langflow-ai/langflow/issues/2908"
    },
    {
      "type": "PACKAGE",
      "url": "https://github.com/langflow-ai/langflow"
    }
  ],
  "database_specific": {
    "cwe_ids": [],
    "severity": "HIGH",
    "github_reviewed": true,
    "github_reviewed_at": "2024-11-01T21:38:02Z",
    "nvd_published_at": "2024-10-31T14:15:05Z"
  }
}