{
  "schema_version": "1.4.0",
  "id": "GHSA-99xj-xqc9-98hr",
  "modified": "2024-04-24T17:16:11Z",
  "published": "2022-05-14T01:15:48Z",
  "aliases": [
    "CVE-2017-1000017"
  ],
  "summary": "phpMyAdmin SSRF in replication",
  "details": "phpMyAdmin 4.0, 4.4 and 4.6 are vulnerable to a weakness where a user with appropriate permissions is able to connect to an arbitrary MySQL server",
  "severity": [
    {
      "type": "CVSS_V3",
      "score": "CVSS:3.0/AV:N/AC:L/PR:L/UI:N/S:U/C:H/I:H/A:H"
    }
  ],
  "affected": [
    {
      "package": {
        "ecosystem": "Packagist",
        "name": "phpmyadmin/phpmyadmin"
      },
      "ranges": [
        {
          "type": "ECOSYSTEM",
          "events": [
            {
              "introduced": "4.6"
            },
            {
              "fixed": "4.6.6"
            }
          ]
        }
      ]
    },
    {
      "package": {
        "ecosystem": "Packagist",
        "name": "phpmyadmin/phpmyadmin"
      },
      "ranges": [
        {
          "type": "ECOSYSTEM",
          "events": [
            {
              "introduced": "4.4"
            },
            {
              "fixed": "4.4.15.10"
            }
          ]
        }
      ]
    },
    {
      "package": {
        "ecosystem": "Packagist",
        "name": "phpmyadmin/phpmyadmin"
      },
      "ranges": [
        {
          "type": "ECOSYSTEM",
          "events": [
            {
              "introduced": "4.0"
            },
            {
              "fixed": "4.0.10.19"
            }
          ]
        }
      ]
    }
  ],
  "references": [
    {
      "type": "ADVISORY",
      "url": "https://nvd.nist.gov/vuln/detail/CVE-2017-1000017"
    },
    {
      "type": "PACKAGE",
      "url": "https://github.com/phpmyadmin/composer"
    },
    {
      "type": "WEB",
      "url": "https://www.phpmyadmin.net/security/PMASA-2017-6"
    },
    {
      "type": "WEB",
      "url": "http://www.securityfocus.com/bid/95732"
    }
  ],
  "database_specific": {
    "cwe_ids": [
      "CWE-918"
    ],
    "severity": "HIGH",
    "github_reviewed": true,
    "github_reviewed_at": "2024-04-24T17:16:11Z",
    "nvd_published_at": "2017-07-17T13:18:00Z"
  }
}