{
  "schema_version": "1.4.0",
  "id": "GHSA-8786-wg74-f522",
  "modified": "2021-04-13T18:21:39Z",
  "published": "2022-02-09T23:07:54Z",
  "aliases": [
    "CVE-2020-25803"
  ],
  "summary": "Improper Control of Dynamically-Managed Code Resources in Crafter CMS Crafter Studio",
  "details": "Improper Control of Dynamically-Managed Code Resources vulnerability in Crafter Studio of Crafter CMS allows authenticated developers to execute OS commands via FreeMarker template exposed objects. This issue affects: Crafter Software Crafter CMS 3.0 versions prior to 3.0.27; 3.1 versions prior to 3.1.7.",
  "severity": [
    {
      "type": "CVSS_V3",
      "score": "CVSS:3.1/AV:N/AC:L/PR:H/UI:N/S:U/C:H/I:H/A:H"
    }
  ],
  "affected": [
    {
      "package": {
        "ecosystem": "Maven",
        "name": "org.craftercms:crafter-studio"
      },
      "ranges": [
        {
          "type": "ECOSYSTEM",
          "events": [
            {
              "introduced": "3.0"
            },
            {
              "fixed": "3.0.27"
            }
          ]
        }
      ]
    },
    {
      "package": {
        "ecosystem": "Maven",
        "name": "org.craftercms:crafter-studio"
      },
      "ranges": [
        {
          "type": "ECOSYSTEM",
          "events": [
            {
              "introduced": "3.1"
            },
            {
              "fixed": "3.1.7"
            }
          ]
        }
      ]
    }
  ],
  "references": [
    {
      "type": "ADVISORY",
      "url": "https://nvd.nist.gov/vuln/detail/CVE-2020-25803"
    },
    {
      "type": "WEB",
      "url": "https://docs.craftercms.org/en/3.1/security/advisory.html#cv-2020080102"
    }
  ],
  "database_specific": {
    "cwe_ids": [
      "CWE-913"
    ],
    "severity": "HIGH",
    "github_reviewed": true,
    "github_reviewed_at": "2021-04-13T18:21:39Z",
    "nvd_published_at": "2020-10-06T15:15:00Z"
  }
}