{
  "schema_version": "1.4.0",
  "id": "GHSA-5x3f-7m52-9cgf",
  "modified": "2022-12-13T14:22:59Z",
  "published": "2022-07-28T00:00:42Z",
  "aliases": [
    "CVE-2022-36920"
  ],
  "summary": "Jenkins Coverity Plugin vulnerable to cross-site request forgery (CSRF)",
  "details": "A cross-site request forgery (CSRF) vulnerability in Jenkins Coverity Plugin 1.11.4 and earlier allows attackers to connect to an attacker-specified URL using attacker-specified credentials IDs obtained through another method, capturing credentials stored in Jenkins.",
  "severity": [
    {
      "type": "CVSS_V3",
      "score": "CVSS:3.1/AV:N/AC:L/PR:L/UI:N/S:U/C:H/I:L/A:N"
    }
  ],
  "affected": [
    {
      "package": {
        "ecosystem": "Maven",
        "name": "org.jenkins-ci.plugins:coverity"
      },
      "ranges": [
        {
          "type": "ECOSYSTEM",
          "events": [
            {
              "introduced": "0"
            },
            {
              "last_affected": "1.11.4"
            }
          ]
        }
      ]
    }
  ],
  "references": [
    {
      "type": "ADVISORY",
      "url": "https://nvd.nist.gov/vuln/detail/CVE-2022-36920"
    },
    {
      "type": "PACKAGE",
      "url": "https://github.com/jenkinsci/coverity-plugin"
    },
    {
      "type": "WEB",
      "url": "https://www.jenkins.io/security/advisory/2022-07-27/#SECURITY-2790%20(2)"
    },
    {
      "type": "WEB",
      "url": "http://www.openwall.com/lists/oss-security/2022/07/27/1"
    }
  ],
  "database_specific": {
    "cwe_ids": [
      "CWE-352"
    ],
    "severity": "HIGH",
    "github_reviewed": true,
    "github_reviewed_at": "2022-08-10T18:22:18Z",
    "nvd_published_at": "2022-07-27T15:15:00Z"
  }
}