{
  "schema_version": "1.4.0",
  "id": "GHSA-7m7h-rgvp-3v4r",
  "modified": "2024-01-09T18:53:52Z",
  "published": "2023-12-27T21:31:01Z",
  "aliases": [
    "CVE-2023-51075"
  ],
  "summary": "hutool-core discovered to contain an infinite loop in the StrSplitter.splitByRegex function",
  "details": "hutool-core v5.8.23 was discovered to contain an infinite loop in the StrSplitter.splitByRegex function. This vulnerability allows attackers to cause a Denial of Service (DoS) via manipulation of the first two parameters.",
  "severity": [
    {
      "type": "CVSS_V3",
      "score": "CVSS:3.1/AV:N/AC:L/PR:N/UI:N/S:U/C:N/I:N/A:H"
    }
  ],
  "affected": [
    {
      "package": {
        "ecosystem": "Maven",
        "name": "cn.hutool:hutool-core"
      },
      "ranges": [
        {
          "type": "ECOSYSTEM",
          "events": [
            {
              "introduced": "0"
            },
            {
              "fixed": "5.8.24"
            }
          ]
        }
      ],
      "database_specific": {
        "last_known_affected_version_range": "<= 5.8.23"
      }
    }
  ],
  "references": [
    {
      "type": "ADVISORY",
      "url": "https://nvd.nist.gov/vuln/detail/CVE-2023-51075"
    },
    {
      "type": "WEB",
      "url": "https://github.com/dromara/hutool/issues/3421"
    },
    {
      "type": "WEB",
      "url": "https://github.com/dromara/hutool/commit/32f2d0bd55defecb869fbf64d940bcc05642accc"
    },
    {
      "type": "PACKAGE",
      "url": "https://github.com/dromara/hutool"
    }
  ],
  "database_specific": {
    "cwe_ids": [
      "CWE-835"
    ],
    "severity": "HIGH",
    "github_reviewed": true,
    "github_reviewed_at": "2023-12-28T16:40:14Z",
    "nvd_published_at": "2023-12-27T21:15:08Z"
  }
}