{
  "schema_version": "1.4.0",
  "id": "GHSA-cxgw-r5jg-7xwq",
  "modified": "2022-07-11T19:27:57Z",
  "published": "2022-06-30T00:00:29Z",
  "aliases": [
    "CVE-2022-2073"
  ],
  "summary": "Code injection in grav",
  "details": "Grav is vulnerable to Server Side Template Injection via Twig. According to a previous vulnerability report, Twig should not render dangerous functions by default, such as system.",
  "severity": [
    {
      "type": "CVSS_V3",
      "score": "CVSS:3.1/AV:N/AC:L/PR:H/UI:N/S:U/C:H/I:H/A:H"
    }
  ],
  "affected": [
    {
      "package": {
        "ecosystem": "Packagist",
        "name": "getgrav/grav"
      },
      "ranges": [
        {
          "type": "ECOSYSTEM",
          "events": [
            {
              "introduced": "0"
            },
            {
              "fixed": "1.7.34"
            }
          ]
        }
      ]
    }
  ],
  "references": [
    {
      "type": "ADVISORY",
      "url": "https://nvd.nist.gov/vuln/detail/CVE-2022-2073"
    },
    {
      "type": "WEB",
      "url": "https://github.com/getgrav/grav/commit/9d6a2dba09fd4e56f5cdfb9a399caea355bfeb83"
    },
    {
      "type": "PACKAGE",
      "url": "https://github.com/getgrav/grav"
    },
    {
      "type": "WEB",
      "url": "https://huntr.dev/bounties/3ef640e6-9e25-4ecb-8ec1-64311d63fe66"
    }
  ],
  "database_specific": {
    "cwe_ids": [
      "CWE-94"
    ],
    "severity": "HIGH",
    "github_reviewed": true,
    "github_reviewed_at": "2022-07-05T22:13:18Z",
    "nvd_published_at": "2022-06-29T19:15:00Z"
  }
}