{
  "schema_version": "1.4.0",
  "id": "GHSA-8q2v-67v7-6vc6",
  "modified": "2023-06-13T20:48:27Z",
  "published": "2021-08-25T20:48:07Z",
  "aliases": [
    "CVE-2020-35882"
  ],
  "summary": "Data races in rocket",
  "details": "The affected version of rocket contains a Clone trait implementation of LocalRequest that reuses the pointer to inner Request object. This causes data race in rare combinations of APIs if the original and the cloned objects are modified at the same time.",
  "severity": [
    {
      "type": "CVSS_V3",
      "score": "CVSS:3.1/AV:N/AC:H/PR:N/UI:N/S:U/C:H/I:H/A:H"
    }
  ],
  "affected": [
    {
      "package": {
        "ecosystem": "crates.io",
        "name": "rocket"
      },
      "ranges": [
        {
          "type": "ECOSYSTEM",
          "events": [
            {
              "introduced": "0.4.0"
            },
            {
              "fixed": "0.4.5"
            }
          ]
        }
      ]
    }
  ],
  "references": [
    {
      "type": "ADVISORY",
      "url": "https://nvd.nist.gov/vuln/detail/CVE-2020-35882"
    },
    {
      "type": "WEB",
      "url": "https://github.com/SergioBenitez/Rocket/issues/1312"
    },
    {
      "type": "PACKAGE",
      "url": "https://github.com/SergioBenitez/Rocket"
    },
    {
      "type": "WEB",
      "url": "https://rustsec.org/advisories/RUSTSEC-2020-0028.html"
    }
  ],
  "database_specific": {
    "cwe_ids": [
      "CWE-362"
    ],
    "severity": "HIGH",
    "github_reviewed": true,
    "github_reviewed_at": "2021-08-19T21:07:49Z",
    "nvd_published_at": null
  }
}