{
  "schema_version": "1.4.0",
  "id": "GHSA-q24v-hpg3-v3jp",
  "modified": "2024-06-28T12:49:34Z",
  "published": "2023-11-28T09:30:27Z",
  "aliases": [
    "CVE-2023-34054"
  ],
  "summary": "Reactor Netty HTTP Server denial of service vulnerability",
  "details": "In Reactor Netty HTTP Server, versions 1.1.x prior to 1.1.13 and versions 1.0.x prior to 1.0.39, it is possible for a user to provide specially crafted HTTP requests that may cause a denial-of-service (DoS) condition.\n\nSpecifically, an application is vulnerable if Reactor Netty HTTP Server built-in integration with Micrometer is enabled.",
  "severity": [
    {
      "type": "CVSS_V3",
      "score": "CVSS:3.1/AV:N/AC:L/PR:N/UI:N/S:U/C:N/I:N/A:H"
    }
  ],
  "affected": [
    {
      "package": {
        "ecosystem": "Maven",
        "name": "io.projectreactor.netty:reactor-netty-core"
      },
      "ranges": [
        {
          "type": "ECOSYSTEM",
          "events": [
            {
              "introduced": "1.1.0"
            },
            {
              "fixed": "1.1.13"
            }
          ]
        }
      ]
    },
    {
      "package": {
        "ecosystem": "Maven",
        "name": "io.projectreactor.netty:reactor-netty-core"
      },
      "ranges": [
        {
          "type": "ECOSYSTEM",
          "events": [
            {
              "introduced": "1.0.0"
            },
            {
              "fixed": "1.0.39"
            }
          ]
        }
      ]
    }
  ],
  "references": [
    {
      "type": "ADVISORY",
      "url": "https://nvd.nist.gov/vuln/detail/CVE-2023-34054"
    },
    {
      "type": "WEB",
      "url": "https://github.com/reactor/reactor-netty/commit/37dc8a2ef6514cd7834e75e7f3faf0b9ea044c88"
    },
    {
      "type": "WEB",
      "url": "https://github.com/reactor/reactor-netty/commit/4ddbb1b9b985bb72290110ebae468a54e7f19420"
    },
    {
      "type": "WEB",
      "url": "https://github.com/reactor/reactor-netty/commit/ae82154e99e6f51f4816effd135f0c3a966d6ea3"
    },
    {
      "type": "PACKAGE",
      "url": "https://github.com/reactor/reactor-netty"
    },
    {
      "type": "WEB",
      "url": "https://github.com/reactor/reactor-netty/releases/tag/v1.0.39"
    },
    {
      "type": "WEB",
      "url": "https://github.com/reactor/reactor-netty/releases/tag/v1.1.13"
    },
    {
      "type": "WEB",
      "url": "https://spring.io/security/cve-2023-34054"
    }
  ],
  "database_specific": {
    "cwe_ids": [],
    "severity": "HIGH",
    "github_reviewed": true,
    "github_reviewed_at": "2023-11-28T20:53:41Z",
    "nvd_published_at": "2023-11-28T09:15:07Z"
  }
}