{
  "schema_version": "1.4.0",
  "id": "GHSA-cv76-rv4h-4mqc",
  "modified": "2022-06-03T22:24:14Z",
  "published": "2022-06-03T00:00:59Z",
  "aliases": [
    "CVE-2021-34082"
  ],
  "summary": "OS Command Injection in proctree",
  "details": "OS Command Injection vulnerability in allenhwkim proctree through 0.1.1 and commit 0ac10ae575459457838f14e21d5996f2fa5c7593 for Node.js, allows attackers to execute arbitrary commands via the fix function.",
  "severity": [],
  "affected": [
    {
      "package": {
        "ecosystem": "npm",
        "name": "proctree"
      },
      "ranges": [
        {
          "type": "ECOSYSTEM",
          "events": [
            {
              "introduced": "0"
            },
            {
              "last_affected": "0.1.1"
            }
          ]
        }
      ]
    }
  ],
  "references": [
    {
      "type": "ADVISORY",
      "url": "https://nvd.nist.gov/vuln/detail/CVE-2021-34082"
    },
    {
      "type": "WEB",
      "url": "https://advisory.checkmarx.net/advisory/CX-2021-4783"
    },
    {
      "type": "PACKAGE",
      "url": "https://github.com/allenhwkim/proctree"
    },
    {
      "type": "WEB",
      "url": "https://github.com/allenhwkim/proctree/blob/master/index.js#L46"
    }
  ],
  "database_specific": {
    "cwe_ids": [
      "CWE-78"
    ],
    "severity": "HIGH",
    "github_reviewed": true,
    "github_reviewed_at": "2022-06-03T22:24:14Z",
    "nvd_published_at": "2022-06-02T14:15:00Z"
  }
}