{
  "schema_version": "1.4.0",
  "id": "GHSA-9vh6-qfv6-vcqp",
  "modified": "2022-05-03T06:29:50Z",
  "published": "2022-05-03T00:00:43Z",
  "aliases": [
    "CVE-2022-23064"
  ],
  "summary": "snipe-IT vulnerable to host header injection",
  "details": "Snipe-IT is a free, open-source IT asset/license management systemIn Snipe-IT, versions v3.0-alpha to v5.3.7 are vulnerable to Host Header Injection. By sending a specially crafted host header in the reset password request, it is possible to send password reset links to users which once clicked lead to an attacker controlled server and thus leading to password reset token leak. This can lead to account take over.",
  "severity": [
    {
      "type": "CVSS_V3",
      "score": "CVSS:3.1/AV:N/AC:L/PR:N/UI:R/S:U/C:H/I:H/A:H"
    }
  ],
  "affected": [
    {
      "package": {
        "ecosystem": "Packagist",
        "name": "snipe/snipe-it"
      },
      "ranges": [
        {
          "type": "ECOSYSTEM",
          "events": [
            {
              "introduced": "3.0-alpha"
            },
            {
              "fixed": "5.4.0"
            }
          ]
        }
      ],
      "database_specific": {
        "last_known_affected_version_range": "<= 5.3.7"
      }
    }
  ],
  "references": [
    {
      "type": "ADVISORY",
      "url": "https://nvd.nist.gov/vuln/detail/CVE-2022-23064"
    },
    {
      "type": "WEB",
      "url": "https://github.com/snipe/snipe-it/commit/0c4768fd2a11ac26a61814cef23a71061bfd8bcc"
    },
    {
      "type": "PACKAGE",
      "url": "https://github.com/snipe/snipe-it"
    },
    {
      "type": "WEB",
      "url": "https://www.whitesourcesoftware.com/vulnerability-database/CVE-2022-23064"
    }
  ],
  "database_specific": {
    "cwe_ids": [
      "CWE-74"
    ],
    "severity": "HIGH",
    "github_reviewed": true,
    "github_reviewed_at": "2022-05-03T06:29:50Z",
    "nvd_published_at": "2022-05-02T13:15:00Z"
  }
}