{
  "schema_version": "1.4.0",
  "id": "GHSA-v456-chpw-6mmw",
  "modified": "2022-08-18T19:15:54Z",
  "published": "2022-08-10T00:00:31Z",
  "aliases": [
    "CVE-2022-35724"
  ],
  "summary": "Apache Avro Rust SDK vulnerable to reader looping in cycle endlessly, consuming CPU",
  "details": "It is possible to provide data to be read that leads the reader to loop in cycles endlessly, consuming CPU. This issue affects Rust applications using Apache Avro Rust SDK prior to 0.14.0 (previously known as avro-rs). Users should update to apache-avro version 0.14.0 which addresses this issue.",
  "severity": [
    {
      "type": "CVSS_V3",
      "score": "CVSS:3.1/AV:N/AC:L/PR:N/UI:N/S:U/C:N/I:N/A:H"
    }
  ],
  "affected": [
    {
      "package": {
        "ecosystem": "crates.io",
        "name": "apache-avro"
      },
      "ranges": [
        {
          "type": "ECOSYSTEM",
          "events": [
            {
              "introduced": "0"
            },
            {
              "fixed": "0.14.0"
            }
          ]
        }
      ]
    }
  ],
  "references": [
    {
      "type": "ADVISORY",
      "url": "https://nvd.nist.gov/vuln/detail/CVE-2022-35724"
    },
    {
      "type": "PACKAGE",
      "url": "https://github.com/a0x8o/avro"
    },
    {
      "type": "WEB",
      "url": "https://lists.apache.org/thread/771z1nwrpkn1ovmyfb2fm65mchdxgy7p"
    }
  ],
  "database_specific": {
    "cwe_ids": [
      "CWE-835"
    ],
    "severity": "HIGH",
    "github_reviewed": true,
    "github_reviewed_at": "2022-08-18T19:15:54Z",
    "nvd_published_at": "2022-08-09T07:15:00Z"
  }
}