{
  "schema_version": "1.4.0",
  "id": "GHSA-r5m8-5mwx-cmj8",
  "modified": "2023-12-15T11:53:16Z",
  "published": "2022-05-14T01:39:42Z",
  "aliases": [
    "CVE-2018-1000414"
  ],
  "summary": "CSRF vulnerability in Config File Provider Plugin ",
  "details": "A cross-site request forgery vulnerability exists in Jenkins Config File Provider Plugin 3.1 and earlier in ConfigFilesManagement.java, FolderConfigFileAction.java that allows creating and editing configuration file definitions.",
  "severity": [
    {
      "type": "CVSS_V3",
      "score": "CVSS:3.0/AV:N/AC:L/PR:N/UI:R/S:U/C:N/I:H/A:H"
    }
  ],
  "affected": [
    {
      "package": {
        "ecosystem": "Maven",
        "name": "org.jenkins-ci.plugins:config-file-provider"
      },
      "ranges": [
        {
          "type": "ECOSYSTEM",
          "events": [
            {
              "introduced": "0"
            },
            {
              "fixed": "3.2"
            }
          ]
        }
      ],
      "database_specific": {
        "last_known_affected_version_range": "<= 3.1"
      }
    }
  ],
  "references": [
    {
      "type": "ADVISORY",
      "url": "https://nvd.nist.gov/vuln/detail/CVE-2018-1000414"
    },
    {
      "type": "WEB",
      "url": "https://github.com/jenkinsci/config-file-provider-plugin/commit/5c1df554e44b712e5d926b8d5557c592bf9f0a33"
    },
    {
      "type": "WEB",
      "url": "https://jenkins.io/security/advisory/2018-09-25/#SECURITY-938"
    },
    {
      "type": "WEB",
      "url": "http://www.securityfocus.com/bid/106532"
    }
  ],
  "database_specific": {
    "cwe_ids": [
      "CWE-352"
    ],
    "severity": "HIGH",
    "github_reviewed": true,
    "github_reviewed_at": "2023-12-15T11:53:16Z",
    "nvd_published_at": "2019-01-09T23:29:00Z"
  }
}