{
  "schema_version": "1.4.0",
  "id": "GHSA-xv59-gc3r-rf92",
  "modified": "2022-07-15T20:44:19Z",
  "published": "2022-07-06T00:00:30Z",
  "aliases": [
    "CVE-2022-2306"
  ],
  "summary": "Insufficient Session Expiration in Nakama",
  "details": "Old session tokens can be used to authenticate to the application and send authenticated requests.",
  "severity": [
    {
      "type": "CVSS_V3",
      "score": "CVSS:3.1/AV:N/AC:L/PR:N/UI:N/S:U/C:N/I:H/A:N"
    }
  ],
  "affected": [
    {
      "package": {
        "ecosystem": "Go",
        "name": "github.com/heroiclabs/nakama"
      },
      "ranges": [
        {
          "type": "ECOSYSTEM",
          "events": [
            {
              "introduced": "0"
            },
            {
              "last_affected": "3.12.0"
            }
          ]
        }
      ]
    }
  ],
  "references": [
    {
      "type": "ADVISORY",
      "url": "https://nvd.nist.gov/vuln/detail/CVE-2022-2306"
    },
    {
      "type": "WEB",
      "url": "https://github.com/heroiclabs/nakama/commit/ce8d3921e2acd44ef8b5e6edfe595b6df067b166"
    },
    {
      "type": "PACKAGE",
      "url": "https://github.com/heroiclabs/nakama/v3"
    },
    {
      "type": "WEB",
      "url": "https://huntr.dev/bounties/35acf263-6db4-4310-ab27-4c3c3a53f796"
    }
  ],
  "database_specific": {
    "cwe_ids": [
      "CWE-613"
    ],
    "severity": "HIGH",
    "github_reviewed": true,
    "github_reviewed_at": "2022-07-06T19:58:37Z",
    "nvd_published_at": "2022-07-05T09:15:00Z"
  }
}