{
  "schema_version": "1.4.0",
  "id": "GHSA-mr6h-7x2m-rgmq",
  "modified": "2023-10-19T14:21:39Z",
  "published": "2023-10-16T03:30:30Z",
  "aliases": [
    "CVE-2023-5591"
  ],
  "summary": "SQL injection in librenms/librenms",
  "details": " SQL Injection in GitHub repository librenms/librenms prior to 23.10.0.",
  "severity": [
    {
      "type": "CVSS_V3",
      "score": "CVSS:3.0/AV:L/AC:L/PR:L/UI:N/S:U/C:H/I:H/A:H"
    }
  ],
  "affected": [
    {
      "package": {
        "ecosystem": "Packagist",
        "name": "librenms/librenms"
      },
      "ranges": [
        {
          "type": "ECOSYSTEM",
          "events": [
            {
              "introduced": "0"
            },
            {
              "fixed": "23.10.0"
            }
          ]
        }
      ]
    }
  ],
  "references": [
    {
      "type": "ADVISORY",
      "url": "https://nvd.nist.gov/vuln/detail/CVE-2023-5591"
    },
    {
      "type": "WEB",
      "url": "https://github.com/librenms/librenms/commit/908aef65967ce6184bdc587fd105660d5d55129e"
    },
    {
      "type": "PACKAGE",
      "url": "https://github.com/librenms/librenms"
    },
    {
      "type": "WEB",
      "url": "https://huntr.dev/bounties/54813d42-5b93-440e-b9b1-c179d2cbf090"
    }
  ],
  "database_specific": {
    "cwe_ids": [
      "CWE-89"
    ],
    "severity": "HIGH",
    "github_reviewed": true,
    "github_reviewed_at": "2023-10-17T14:22:27Z",
    "nvd_published_at": "2023-10-16T01:15:09Z"
  }
}