{
  "schema_version": "1.4.0",
  "id": "GHSA-hrhx-6h34-j5hc",
  "modified": "2022-02-16T22:30:57Z",
  "published": "2022-02-16T22:30:57Z",
  "aliases": [
    "CVE-2022-23632"
  ],
  "summary": "Skip the router TLS configuration when the host header is an FQDN",
  "details": "### Impact\n\nPeople that configure mTLS between Traefik and clients.\n\nFor a request, the TLS configuration choice can be different than the router choice, which implies the use of a wrong TLS configuration.\n\n- When sending a request using FQDN handled by a router configured with a dedicated TLS configuration, the TLS configuration falls back to the default configuration that might not correspond to the configured one.\n\n- If the CNAME flattening is enabled, the selected TLS configuration is the SNI one and the routing uses the CNAME value, so this can skip the expected TLS configuration.\n\n### Patches\n\nTraefik v2.6.x: https://github.com/traefik/traefik/releases/tag/v2.6.1\n\n### Workarounds\n\nAdd the FDQN to the host rule:\n\nExample:\n\n```yml\n  whoami:\n    image: traefik/whoami:v1.7.1\n    labels:\n      traefik.http.routers.whoami.rule: Host(`whoami.example.com`, `whoami.example.com.`)\n      traefik.http.routers.whoami.tls: true\n      traefik.http.routers.whoami.tls.options: mtls@file\n```\n\nThere is no workaround if the CNAME flattening is enabled.\n\n### For more information\n\nIf you have any questions or comments about this advisory, please [open an issue](https://github.com/traefik/traefik/issues).\n",
  "severity": [
    {
      "type": "CVSS_V3",
      "score": "CVSS:3.1/AV:N/AC:H/PR:N/UI:N/S:U/C:H/I:H/A:N"
    }
  ],
  "affected": [
    {
      "package": {
        "ecosystem": "Go",
        "name": "github.com/traefik/traefik/v2"
      },
      "ranges": [
        {
          "type": "ECOSYSTEM",
          "events": [
            {
              "introduced": "0"
            },
            {
              "fixed": "2.6.1"
            }
          ]
        }
      ]
    }
  ],
  "references": [
    {
      "type": "WEB",
      "url": "https://github.com/traefik/traefik/security/advisories/GHSA-hrhx-6h34-j5hc"
    },
    {
      "type": "ADVISORY",
      "url": "https://nvd.nist.gov/vuln/detail/CVE-2022-23632"
    },
    {
      "type": "WEB",
      "url": "https://github.com/traefik/traefik/pull/8764"
    },
    {
      "type": "PACKAGE",
      "url": "https://github.com/traefik/traefik"
    },
    {
      "type": "WEB",
      "url": "https://github.com/traefik/traefik/releases/tag/v2.6.1"
    },
    {
      "type": "WEB",
      "url": "https://www.oracle.com/security-alerts/cpujul2022.html"
    }
  ],
  "database_specific": {
    "cwe_ids": [
      "CWE-295"
    ],
    "severity": "HIGH",
    "github_reviewed": true,
    "github_reviewed_at": "2022-02-16T22:30:57Z",
    "nvd_published_at": "2022-02-17T15:15:00Z"
  }
}