{
  "schema_version": "1.4.0",
  "id": "GHSA-xm99-6pv5-q363",
  "modified": "2023-05-24T17:39:54Z",
  "published": "2022-04-23T00:03:03Z",
  "withdrawn": "2023-05-24T17:39:14Z",
  "aliases": [
    "CVE-2022-29583"
  ],
  "summary": "Disputed: OS Command injection in github.com/kardianos/service",
  "details": "service_windows.go in the kardianos service package for Go omits quoting that is sometimes needed for execution of a Windows service executable from the intended directory.\n\nThe validity of this vulnerability has been [questioned](https://github.com/kardianos/service/pull/290#issuecomment-1109831505) and the reporter has requested that the CVE be [disputed](https://github.com/kardianos/service/issues/289#issuecomment-1110546798).",
  "severity": [
    {
      "type": "CVSS_V3",
      "score": "CVSS:3.1/AV:L/AC:L/PR:L/UI:N/S:U/C:H/I:H/A:H"
    }
  ],
  "affected": [
    {
      "package": {
        "ecosystem": "Go",
        "name": "github.com/kardianos/service"
      },
      "ranges": [
        {
          "type": "ECOSYSTEM",
          "events": [
            {
              "introduced": "0"
            },
            {
              "last_affected": "1.2.1"
            }
          ]
        }
      ]
    }
  ],
  "references": [
    {
      "type": "ADVISORY",
      "url": "https://nvd.nist.gov/vuln/detail/CVE-2022-29583"
    },
    {
      "type": "WEB",
      "url": "https://github.com/kardianos/service/issues/289"
    },
    {
      "type": "WEB",
      "url": "https://github.com/kardianos/service/pull/290"
    },
    {
      "type": "PACKAGE",
      "url": "https://github.com/kardianos/service"
    }
  ],
  "database_specific": {
    "cwe_ids": [
      "CWE-426",
      "CWE-78"
    ],
    "severity": "HIGH",
    "github_reviewed": true,
    "github_reviewed_at": "2022-04-26T13:15:34Z",
    "nvd_published_at": "2022-04-22T16:15:00Z"
  }
}