{
  "schema_version": "1.4.0",
  "id": "GHSA-2x55-mg9r-24f7",
  "modified": "2024-02-12T11:30:59Z",
  "published": "2022-05-24T16:52:26Z",
  "aliases": [
    "CVE-2019-7896"
  ],
  "summary": "Magento 2 Community Edition RCE Vulnerability",
  "details": "A remote code execution vulnerability exists in Magento 2.1 prior to 2.1.18, Magento 2.2 prior to 2.2.9, Magento 2.3 prior to 2.3.2. An authenticated user with administrator privileges to layouts can execute arbitrary code through a combination of product import, crafted csv file and XML layout update.",
  "severity": [
    {
      "type": "CVSS_V3",
      "score": "CVSS:3.0/AV:N/AC:L/PR:H/UI:N/S:U/C:H/I:H/A:H"
    }
  ],
  "affected": [
    {
      "package": {
        "ecosystem": "Packagist",
        "name": "magento/community-edition"
      },
      "ranges": [
        {
          "type": "ECOSYSTEM",
          "events": [
            {
              "introduced": "2.1"
            },
            {
              "fixed": "2.1.18"
            }
          ]
        }
      ]
    },
    {
      "package": {
        "ecosystem": "Packagist",
        "name": "magento/community-edition"
      },
      "ranges": [
        {
          "type": "ECOSYSTEM",
          "events": [
            {
              "introduced": "2.2"
            },
            {
              "fixed": "2.2.9"
            }
          ]
        }
      ]
    },
    {
      "package": {
        "ecosystem": "Packagist",
        "name": "magento/community-edition"
      },
      "ranges": [
        {
          "type": "ECOSYSTEM",
          "events": [
            {
              "introduced": "2.3"
            },
            {
              "fixed": "2.3.2"
            }
          ]
        }
      ]
    }
  ],
  "references": [
    {
      "type": "ADVISORY",
      "url": "https://nvd.nist.gov/vuln/detail/CVE-2019-7896"
    },
    {
      "type": "WEB",
      "url": "https://github.com/FriendsOfPHP/security-advisories/blob/master/magento/product-community-edition/CVE-2019-7896.yaml"
    },
    {
      "type": "WEB",
      "url": "https://magento.com/security/patches/magento-2.3.2-2.2.9-and-2.1.18-security-update-13"
    },
    {
      "type": "WEB",
      "url": "https://web.archive.org/web/20211206084839/https://magento.com/security/patches/magento-2.3.2-2.2.9-and-2.1.18-security-update-13"
    }
  ],
  "database_specific": {
    "cwe_ids": [],
    "severity": "HIGH",
    "github_reviewed": true,
    "github_reviewed_at": "2023-07-17T20:34:52Z",
    "nvd_published_at": "2019-08-02T22:15:00Z"
  }
}