{
  "schema_version": "1.4.0",
  "id": "GHSA-86cf-g34f-7462",
  "modified": "2023-01-26T23:57:13Z",
  "published": "2022-05-14T03:48:04Z",
  "aliases": [
    "CVE-2014-4995"
  ],
  "summary": "VladTheEnterprising allows local users to obtain sensitive information by reading MySQL root password from temporary file",
  "details": "Race condition in `lib/vlad/dba/mysql.rb` in the VladTheEnterprising gem 0.2 for Ruby allows local users to obtain sensitive information by reading the MySQL root password from a temporary file before it is removed.",
  "severity": [
    {
      "type": "CVSS_V3",
      "score": "CVSS:3.0/AV:L/AC:H/PR:L/UI:N/S:U/C:H/I:H/A:H"
    }
  ],
  "affected": [
    {
      "package": {
        "ecosystem": "RubyGems",
        "name": "VladTheEnterprising"
      },
      "ranges": [
        {
          "type": "ECOSYSTEM",
          "events": [
            {
              "introduced": "0"
            },
            {
              "last_affected": "0.2"
            }
          ]
        }
      ]
    }
  ],
  "references": [
    {
      "type": "ADVISORY",
      "url": "https://nvd.nist.gov/vuln/detail/CVE-2014-4995"
    },
    {
      "type": "WEB",
      "url": "https://exchange.xforce.ibmcloud.com/vulnerabilities/94745"
    },
    {
      "type": "WEB",
      "url": "https://web.archive.org/web/20200229054941/http://www.securityfocus.com/bid/68729"
    },
    {
      "type": "WEB",
      "url": "http://www.openwall.com/lists/oss-security/2014/07/07/14"
    },
    {
      "type": "WEB",
      "url": "http://www.openwall.com/lists/oss-security/2014/07/17/5"
    },
    {
      "type": "WEB",
      "url": "http://www.vapid.dhs.org/advisories/VladTheEnterprising-0.2.html"
    }
  ],
  "database_specific": {
    "cwe_ids": [
      "CWE-200"
    ],
    "severity": "HIGH",
    "github_reviewed": true,
    "github_reviewed_at": "2023-01-26T23:57:13Z",
    "nvd_published_at": "2018-01-10T18:29:00Z"
  }
}