{
  "schema_version": "1.4.0",
  "id": "GHSA-jx66-5ww9-m6q4",
  "modified": "2022-06-21T20:13:38Z",
  "published": "2022-05-24T19:11:39Z",
  "aliases": [
    "CVE-2021-28490"
  ],
  "summary": "Cross-Site Request Forgery in OWASP CSRFGuard",
  "details": "In OWASP CSRFGuard through 3.1.0, CSRF can occur because the CSRF cookie may be retrieved by using only a session token.",
  "severity": [
    {
      "type": "CVSS_V3",
      "score": "CVSS:3.1/AV:N/AC:L/PR:N/UI:R/S:U/C:H/I:H/A:H"
    }
  ],
  "affected": [
    {
      "package": {
        "ecosystem": "Maven",
        "name": "org.owasp:csrfguard"
      },
      "ranges": [
        {
          "type": "ECOSYSTEM",
          "events": [
            {
              "introduced": "0"
            },
            {
              "fixed": "4.0.0"
            }
          ]
        }
      ],
      "database_specific": {
        "last_known_affected_version_range": "<= 3.1.0"
      }
    }
  ],
  "references": [
    {
      "type": "ADVISORY",
      "url": "https://nvd.nist.gov/vuln/detail/CVE-2021-28490"
    },
    {
      "type": "PACKAGE",
      "url": "https://github.com/OWASP/www-project-csrfguard"
    },
    {
      "type": "WEB",
      "url": "https://github.com/reidmefirst/vuln-disclosure/blob/main/2021-01.txt"
    },
    {
      "type": "WEB",
      "url": "https://owasp.org/www-project-csrfguard"
    }
  ],
  "database_specific": {
    "cwe_ids": [
      "CWE-352"
    ],
    "severity": "HIGH",
    "github_reviewed": true,
    "github_reviewed_at": "2022-06-21T20:13:38Z",
    "nvd_published_at": "2021-08-19T19:15:00Z"
  }
}