{
  "schema_version": "1.4.0",
  "id": "GHSA-43q8-3fv7-pr5x",
  "modified": "2022-02-03T23:10:42Z",
  "published": "2022-02-09T23:37:55Z",
  "aliases": [],
  "summary": "Improper Validation of Integrity Check Value in TensorFlow",
  "details": "### Impact\nThe implementation of [`tf.sparse.split`](https://github.com/tensorflow/tensorflow/blob/5100e359aef5c8021f2e71c7b986420b85ce7b3d/tensorflow/core/kernels/sparse_split_op.cc#L26-L102) does not fully validate the input arguments. Hence, a malicious user can trigger a denial of service via a segfault or a heap OOB read:\n\n```python\nimport tensorflow as tf\ndata = tf.random.uniform([1, 32, 32], dtype=tf.float32)\naxis = [1, 2]\nx = tf.sparse.from_dense(data)\nresult = tf.sparse.split(x,3, axis=axis)\n```\nThe code assumes `axis` is a scalar. This is another instance of [TFSA-2021-190](https://github.com/tensorflow/tensorflow/blob/master/tensorflow/security/advisory/tfsa-2021-190.md) (CVE-2021-41206).\n\n### Patches\nWe have patched the issue in GitHub commit [61bf91e768173b001d56923600b40d9a95a04ad5](https://github.com/tensorflow/tensorflow/commit/61bf91e768173b001d56923600b40d9a95a04ad5) (merging [#53695](https://github.com/tensorflow/tensorflow/pull/53695)).\n\nThe fix will be included in TensorFlow 2.8.0. We will also cherrypick this commit on TensorFlow 2.7.1, TensorFlow 2.6.3, and TensorFlow 2.5.3, as these are also affected and still in supported range.\n\n### For more information\nPlease consult [our security guide](https://github.com/tensorflow/tensorflow/blob/master/SECURITY.md) for more information regarding the security model and how to contact us with issues and questions.\n\n### Attribution\nThis vulnerability has been reported externally via a [GitHub issue](https://github.com/tensorflow/tensorflow/issues/53660).",
  "severity": [
    {
      "type": "CVSS_V3",
      "score": "CVSS:3.1/AV:L/AC:H/PR:L/UI:N/S:U/C:H/I:H/A:H"
    }
  ],
  "affected": [
    {
      "package": {
        "ecosystem": "PyPI",
        "name": "tensorflow"
      },
      "ranges": [
        {
          "type": "ECOSYSTEM",
          "events": [
            {
              "introduced": "0"
            },
            {
              "fixed": "2.5.3"
            }
          ]
        }
      ]
    },
    {
      "package": {
        "ecosystem": "PyPI",
        "name": "tensorflow"
      },
      "ranges": [
        {
          "type": "ECOSYSTEM",
          "events": [
            {
              "introduced": "2.6.0"
            },
            {
              "fixed": "2.6.3"
            }
          ]
        }
      ]
    },
    {
      "package": {
        "ecosystem": "PyPI",
        "name": "tensorflow"
      },
      "ranges": [
        {
          "type": "ECOSYSTEM",
          "events": [
            {
              "introduced": "2.7.0"
            },
            {
              "fixed": "2.7.1"
            }
          ]
        }
      ],
      "versions": [
        "2.7.0"
      ]
    },
    {
      "package": {
        "ecosystem": "PyPI",
        "name": "tensorflow-cpu"
      },
      "ranges": [
        {
          "type": "ECOSYSTEM",
          "events": [
            {
              "introduced": "0"
            },
            {
              "fixed": "2.5.3"
            }
          ]
        }
      ]
    },
    {
      "package": {
        "ecosystem": "PyPI",
        "name": "tensorflow-cpu"
      },
      "ranges": [
        {
          "type": "ECOSYSTEM",
          "events": [
            {
              "introduced": "2.6.0"
            },
            {
              "fixed": "2.6.3"
            }
          ]
        }
      ]
    },
    {
      "package": {
        "ecosystem": "PyPI",
        "name": "tensorflow-cpu"
      },
      "ranges": [
        {
          "type": "ECOSYSTEM",
          "events": [
            {
              "introduced": "2.7.0"
            },
            {
              "fixed": "2.7.1"
            }
          ]
        }
      ],
      "versions": [
        "2.7.0"
      ]
    },
    {
      "package": {
        "ecosystem": "PyPI",
        "name": "tensorflow-gpu"
      },
      "ranges": [
        {
          "type": "ECOSYSTEM",
          "events": [
            {
              "introduced": "0"
            },
            {
              "fixed": "2.5.3"
            }
          ]
        }
      ]
    },
    {
      "package": {
        "ecosystem": "PyPI",
        "name": "tensorflow-gpu"
      },
      "ranges": [
        {
          "type": "ECOSYSTEM",
          "events": [
            {
              "introduced": "2.6.0"
            },
            {
              "fixed": "2.6.3"
            }
          ]
        }
      ]
    },
    {
      "package": {
        "ecosystem": "PyPI",
        "name": "tensorflow-gpu"
      },
      "ranges": [
        {
          "type": "ECOSYSTEM",
          "events": [
            {
              "introduced": "2.7.0"
            },
            {
              "fixed": "2.7.1"
            }
          ]
        }
      ],
      "versions": [
        "2.7.0"
      ]
    }
  ],
  "references": [
    {
      "type": "WEB",
      "url": "https://github.com/tensorflow/tensorflow/security/advisories/GHSA-43q8-3fv7-pr5x"
    },
    {
      "type": "WEB",
      "url": "https://github.com/tensorflow/tensorflow/security/advisories/GHSA-pgcq-h79j-2f69"
    },
    {
      "type": "WEB",
      "url": "https://github.com/tensorflow/tensorflow/pull/53695"
    },
    {
      "type": "WEB",
      "url": "https://github.com/tensorflow/tensorflow/commit/61bf91e768173b001d56923600b40d9a95a04ad5"
    },
    {
      "type": "PACKAGE",
      "url": "https://github.com/tensorflow/tensorflow"
    }
  ],
  "database_specific": {
    "cwe_ids": [
      "CWE-354"
    ],
    "severity": "HIGH",
    "github_reviewed": true,
    "github_reviewed_at": "2022-02-03T23:10:42Z",
    "nvd_published_at": null
  }
}