{
  "schema_version": "1.4.0",
  "id": "GHSA-f8hx-f4xw-c646",
  "modified": "2024-11-18T16:26:54Z",
  "published": "2024-07-21T12:30:48Z",
  "aliases": [
    "CVE-2024-6961"
  ],
  "summary": "Guardrails AI vulnerable to Improper Restriction of XML External Entity Reference",
  "details": "RAIL documents are an XML-based format invented by Guardrails AI to enforce formatting checks on LLM outputs. Guardrails users that consume RAIL documents from external sources are vulnerable to XXE, which may cause leakage of internal file data via the SYSTEM entity.",
  "severity": [
    {
      "type": "CVSS_V3",
      "score": "CVSS:3.1/AV:N/AC:H/PR:N/UI:N/S:U/C:H/I:N/A:N"
    },
    {
      "type": "CVSS_V4",
      "score": "CVSS:4.0/AV:N/AC:H/AT:N/PR:N/UI:N/VC:H/VI:N/VA:N/SC:N/SI:N/SA:N"
    }
  ],
  "affected": [
    {
      "package": {
        "ecosystem": "PyPI",
        "name": "guardrails-ai"
      },
      "ranges": [
        {
          "type": "ECOSYSTEM",
          "events": [
            {
              "introduced": "0"
            },
            {
              "fixed": "0.5.0"
            }
          ]
        }
      ]
    }
  ],
  "references": [
    {
      "type": "ADVISORY",
      "url": "https://nvd.nist.gov/vuln/detail/CVE-2024-6961"
    },
    {
      "type": "WEB",
      "url": "https://github.com/guardrails-ai/guardrails/pull/922"
    },
    {
      "type": "WEB",
      "url": "https://github.com/guardrails-ai/guardrails/commit/f3d806afee31e2e3f97af682d16c3c1bc0d3c380"
    },
    {
      "type": "PACKAGE",
      "url": "https://github.com/guardrails-ai/guardrails"
    },
    {
      "type": "WEB",
      "url": "https://research.jfrog.com/vulnerabilities/guardrails-rail-xxe-jfsa-2024-001035519"
    }
  ],
  "database_specific": {
    "cwe_ids": [
      "CWE-611"
    ],
    "severity": "HIGH",
    "github_reviewed": true,
    "github_reviewed_at": "2024-07-22T14:44:52Z",
    "nvd_published_at": "2024-07-21T11:15:03Z"
  }
}