{
  "schema_version": "1.4.0",
  "id": "GHSA-pc6f-259w-w3j6",
  "modified": "2024-09-27T21:17:52Z",
  "published": "2022-10-04T00:00:25Z",
  "aliases": [
    "CVE-2022-36551"
  ],
  "summary": "Heartex - Label Studio Community Edition vulnerable to SSRF in the Data Import module",
  "details": "A Server Side Request Forgery (SSRF) in the Data Import module in Heartex - Label Studio Community Edition versions 1.5.0 and earlier allows an authenticated user to access arbitrary files on the system. Furthermore, self-registration is enabled by default in these versions of Label Studio enabling a remote attacker to create a new account and then exploit the SSRF. This issue is fixed in version 1.6.0.",
  "severity": [
    {
      "type": "CVSS_V3",
      "score": "CVSS:3.1/AV:N/AC:L/PR:L/UI:N/S:U/C:H/I:N/A:N"
    },
    {
      "type": "CVSS_V4",
      "score": "CVSS:4.0/AV:N/AC:L/AT:N/PR:L/UI:N/VC:H/VI:N/VA:N/SC:N/SI:N/SA:N"
    }
  ],
  "affected": [
    {
      "package": {
        "ecosystem": "PyPI",
        "name": "label-studio"
      },
      "ranges": [
        {
          "type": "ECOSYSTEM",
          "events": [
            {
              "introduced": "0"
            },
            {
              "fixed": "1.6.0"
            }
          ]
        }
      ]
    }
  ],
  "references": [
    {
      "type": "ADVISORY",
      "url": "https://nvd.nist.gov/vuln/detail/CVE-2022-36551"
    },
    {
      "type": "WEB",
      "url": "https://github.com/heartexlabs/label-studio/pull/2840"
    },
    {
      "type": "WEB",
      "url": "https://github.com/heartexlabs/label-studio/commit/501142cb815ac964b0c600c491885b67386870c2"
    },
    {
      "type": "PACKAGE",
      "url": "https://github.com/heartexlabs/label-studio"
    },
    {
      "type": "WEB",
      "url": "https://github.com/heartexlabs/label-studio/releases/tag/1.6.0"
    },
    {
      "type": "WEB",
      "url": "https://github.com/pypa/advisory-database/tree/main/vulns/label-studio/PYSEC-2022-300.yaml"
    },
    {
      "type": "WEB",
      "url": "http://heartex.com"
    },
    {
      "type": "WEB",
      "url": "http://labelstud.io"
    },
    {
      "type": "WEB",
      "url": "http://packetstormsecurity.com/files/171548/Label-Studio-1.5.0-Server-Side-Request-Forgery.html"
    }
  ],
  "database_specific": {
    "cwe_ids": [
      "CWE-918"
    ],
    "severity": "HIGH",
    "github_reviewed": true,
    "github_reviewed_at": "2022-10-04T21:57:17Z",
    "nvd_published_at": "2022-10-03T12:15:00Z"
  }
}