{
  "schema_version": "1.4.0",
  "id": "GHSA-267x-w5hx-8hjr",
  "modified": "2021-11-18T15:30:14Z",
  "published": "2021-10-12T22:02:45Z",
  "aliases": [
    "CVE-2017-12864"
  ],
  "summary": "Integer Overflow or Wraparound in OpenCV",
  "details": "In opencv/modules/imgcodecs/src/grfmt_pxm.cpp, function ReadNumber did not checkout the input length, which lead to integer overflow. If the image is from remote, may lead to remote code execution or denial of service. This affects OpenCV 3.3 (corresponding with OpenCV-Python version 3.3.0.9) and earlier.",
  "severity": [
    {
      "type": "CVSS_V3",
      "score": "CVSS:3.0/AV:N/AC:L/PR:N/UI:R/S:U/C:H/I:H/A:H"
    }
  ],
  "affected": [
    {
      "package": {
        "ecosystem": "PyPI",
        "name": "opencv-python"
      },
      "ranges": [
        {
          "type": "ECOSYSTEM",
          "events": [
            {
              "introduced": "0"
            },
            {
              "fixed": "3.3.1.11"
            }
          ]
        }
      ],
      "database_specific": {
        "last_known_affected_version_range": "<= 3.3.0.9"
      }
    },
    {
      "package": {
        "ecosystem": "PyPI",
        "name": "opencv-contrib-python"
      },
      "ranges": [
        {
          "type": "ECOSYSTEM",
          "events": [
            {
              "introduced": "0"
            },
            {
              "fixed": "3.3.1.11"
            }
          ]
        }
      ],
      "database_specific": {
        "last_known_affected_version_range": "<= 3.3.0.9"
      }
    }
  ],
  "references": [
    {
      "type": "ADVISORY",
      "url": "https://nvd.nist.gov/vuln/detail/CVE-2017-12864"
    },
    {
      "type": "WEB",
      "url": "https://github.com/opencv/opencv/issues/9372"
    },
    {
      "type": "WEB",
      "url": "https://github.com/opencv/opencv/pull/9376"
    },
    {
      "type": "PACKAGE",
      "url": "https://github.com/opencv/opencv-python"
    },
    {
      "type": "WEB",
      "url": "https://lists.debian.org/debian-lts-announce/2018/07/msg00030.html"
    },
    {
      "type": "WEB",
      "url": "https://lists.debian.org/debian-lts-announce/2021/10/msg00028.html"
    },
    {
      "type": "WEB",
      "url": "https://security.gentoo.org/glsa/201712-02"
    }
  ],
  "database_specific": {
    "cwe_ids": [
      "CWE-190"
    ],
    "severity": "HIGH",
    "github_reviewed": true,
    "github_reviewed_at": "2021-10-07T20:35:35Z",
    "nvd_published_at": "2017-08-15T16:29:00Z"
  }
}