{
  "schema_version": "1.4.0",
  "id": "GHSA-v3m2-pg96-w33m",
  "modified": "2024-11-18T16:26:25Z",
  "published": "2022-05-24T17:20:04Z",
  "aliases": [
    "CVE-2020-10755"
  ],
  "summary": "Openstack cinder Improper handling of ScaleIO backend credentials",
  "details": "An insecure-credentials flaw was found in all openstack-cinder versions before openstack-cinder 14.1.0, all openstack-cinder 15.x.x versions before openstack-cinder 15.2.0 and all openstack-cinder 16.x.x versions before openstack-cinder 16.1.0. When using openstack-cinder with the Dell EMC ScaleIO or VxFlex OS backend storage driver, credentials for the entire backend are exposed in the ``connection_info`` element in all Block Storage v3 Attachments API calls containing that element. This flaw enables an end-user to create a volume, make an API call to show the attachment detail information, and retrieve a username and password that may be used to connect to another user's volume. Additionally, these credentials are valid for the ScaleIO or VxFlex OS Management API, should an attacker discover the Management API endpoint. Source: OpenStack project",
  "severity": [
    {
      "type": "CVSS_V3",
      "score": "CVSS:3.0/AV:N/AC:L/PR:L/UI:N/S:U/C:H/I:N/A:N"
    },
    {
      "type": "CVSS_V4",
      "score": "CVSS:4.0/AV:N/AC:L/AT:N/PR:L/UI:N/VC:H/VI:N/VA:N/SC:N/SI:N/SA:N"
    }
  ],
  "affected": [
    {
      "package": {
        "ecosystem": "PyPI",
        "name": "cinder"
      },
      "ranges": [
        {
          "type": "ECOSYSTEM",
          "events": [
            {
              "introduced": "14.0.0"
            },
            {
              "fixed": "14.1.0"
            }
          ]
        }
      ]
    },
    {
      "package": {
        "ecosystem": "PyPI",
        "name": "cinder"
      },
      "ranges": [
        {
          "type": "ECOSYSTEM",
          "events": [
            {
              "introduced": "15.0.0"
            },
            {
              "fixed": "15.2.0"
            }
          ]
        }
      ]
    },
    {
      "package": {
        "ecosystem": "PyPI",
        "name": "cinder"
      },
      "ranges": [
        {
          "type": "ECOSYSTEM",
          "events": [
            {
              "introduced": "16.0.0"
            },
            {
              "fixed": "16.1.0"
            }
          ]
        }
      ]
    },
    {
      "package": {
        "ecosystem": "PyPI",
        "name": "os-brick"
      },
      "ranges": [
        {
          "type": "ECOSYSTEM",
          "events": [
            {
              "introduced": "2.8.0"
            },
            {
              "fixed": "2.8.6"
            }
          ]
        }
      ]
    },
    {
      "package": {
        "ecosystem": "PyPI",
        "name": "os-brick"
      },
      "ranges": [
        {
          "type": "ECOSYSTEM",
          "events": [
            {
              "introduced": "2.10.0"
            },
            {
              "fixed": "2.10.4"
            }
          ]
        }
      ]
    },
    {
      "package": {
        "ecosystem": "PyPI",
        "name": "os-brick"
      },
      "ranges": [
        {
          "type": "ECOSYSTEM",
          "events": [
            {
              "introduced": "3.0.0"
            },
            {
              "fixed": "3.0.2"
            }
          ]
        }
      ]
    }
  ],
  "references": [
    {
      "type": "ADVISORY",
      "url": "https://nvd.nist.gov/vuln/detail/CVE-2020-10755"
    },
    {
      "type": "WEB",
      "url": "https://github.com/openstack/cinder/commit/ba785eef5f515b869c0d68016e84bb74f76ab45e"
    },
    {
      "type": "WEB",
      "url": "https://github.com/openstack/os-brick/commit/4047948f1ac8055a025972ad73ec3ec421450775"
    },
    {
      "type": "WEB",
      "url": "https://bugs.launchpad.net/cinder/+bug/1823200"
    },
    {
      "type": "WEB",
      "url": "https://bugzilla.redhat.com/show_bug.cgi?id=CVE-2020-10755"
    },
    {
      "type": "WEB",
      "url": "https://github.com/pypa/advisory-database/tree/main/vulns/cinder/PYSEC-2020-228.yaml"
    },
    {
      "type": "WEB",
      "url": "https://usn.ubuntu.com/4420-1"
    },
    {
      "type": "WEB",
      "url": "https://wiki.openstack.org/wiki/OSSN/OSSN-0086"
    }
  ],
  "database_specific": {
    "cwe_ids": [
      "CWE-522"
    ],
    "severity": "HIGH",
    "github_reviewed": true,
    "github_reviewed_at": "2024-04-29T10:26:03Z",
    "nvd_published_at": "2020-06-10T17:15:00Z"
  }
}