{
  "schema_version": "1.4.0",
  "id": "GHSA-qrmm-w4v4-q7f8",
  "modified": "2021-05-05T18:45:36Z",
  "published": "2021-05-06T15:27:22Z",
  "aliases": [],
  "summary": "Unauthorized access through URL manipulation",
  "details": "### Impact\nThe vulnerability allows attackers to gain unauthorized access to information on the system through URL manipulation.\n\n### Patches\nThe vulnerability has been patched in version 1.2.65 of the `master` branch, version 1.1.113 of the 1.1.x series, and version 1.0.12 of the `stable` branch. The Docker image on docker.io has been patched.\n\n### Workarounds\nIf upgrading is not possible, manually apply the changes of https://github.com/jhpyle/docassemble/commit/e3dbf6ce054b3c0310996f0657289f5eed0a73fe and restart the server (e.g., by pressing Save on the Configuration screen).\n\n### Credit\nThe vulnerability was discovered by Jim Platania of Seiso LLC (@jimmio).\n\n### For more information\nIf you have any questions or comments about this advisory:\n* Open an issue in [docassemble](https://github.com/jhpyle/docassemble/issues)\n* Join the [Slack channel](https://join.slack.com/t/docassemble/shared_invite/zt-ohrn8y9z-_Fb3RAl~JPBU6Km7odBPfQ)\n* Email us at [jhpyle@gmail.com](mailto:jhpyle@gmail.com)\n",
  "severity": [],
  "affected": [
    {
      "package": {
        "ecosystem": "PyPI",
        "name": "docassemble"
      },
      "ranges": [
        {
          "type": "ECOSYSTEM",
          "events": [
            {
              "introduced": "0"
            },
            {
              "fixed": "1.2.65"
            }
          ]
        }
      ]
    }
  ],
  "references": [
    {
      "type": "WEB",
      "url": "https://github.com/jhpyle/docassemble/security/advisories/GHSA-qrmm-w4v4-q7f8"
    }
  ],
  "database_specific": {
    "cwe_ids": [
      "CWE-552"
    ],
    "severity": "HIGH",
    "github_reviewed": true,
    "github_reviewed_at": "2021-05-05T18:45:36Z",
    "nvd_published_at": null
  }
}