{
  "schema_version": "1.4.0",
  "id": "GHSA-wj36-v8j4-pc7c",
  "modified": "2022-09-14T22:42:42Z",
  "published": "2019-02-07T18:16:03Z",
  "aliases": [
    "CVE-2018-16483"
  ],
  "summary": "Authentication Bypass by Spoofing in express-cart",
  "details": "A deficiency in the access control in module express-cart <=1.1.5 allows unprivileged users to add new users to the application as administrators.",
  "severity": [
    {
      "type": "CVSS_V3",
      "score": "CVSS:3.0/AV:N/AC:L/PR:L/UI:N/S:U/C:H/I:H/A:H"
    }
  ],
  "affected": [
    {
      "package": {
        "ecosystem": "npm",
        "name": "express-cart"
      },
      "ranges": [
        {
          "type": "ECOSYSTEM",
          "events": [
            {
              "introduced": "0"
            },
            {
              "fixed": "1.1.6"
            }
          ]
        }
      ]
    }
  ],
  "references": [
    {
      "type": "ADVISORY",
      "url": "https://nvd.nist.gov/vuln/detail/CVE-2018-16483"
    },
    {
      "type": "WEB",
      "url": "https://hackerone.com/reports/343626"
    },
    {
      "type": "ADVISORY",
      "url": "https://github.com/advisories/GHSA-wj36-v8j4-pc7c"
    }
  ],
  "database_specific": {
    "cwe_ids": [
      "CWE-290"
    ],
    "severity": "HIGH",
    "github_reviewed": true,
    "github_reviewed_at": "2020-06-16T22:00:40Z",
    "nvd_published_at": null
  }
}