{
  "schema_version": "1.4.0",
  "id": "GHSA-6pwf-whc8-hjf6",
  "modified": "2021-01-08T19:20:39Z",
  "published": "2019-02-18T23:35:18Z",
  "aliases": [
    "CVE-2016-10573"
  ],
  "summary": "Downloads Resources over HTTP in baryton-saxophone",
  "details": "Affected versions of `baryton-saxophone` insecurely download an executable over an unencrypted HTTP connection. \n\nIn scenarios where an attacker has a privileged network position, it is possible to intercept the response and replace the executable with a malicious one, resulting in code execution on the system running `baryton-saxophone`.\n\n\n## Recommendation\n\nUpdate to version 3.0.1 or later.",
  "severity": [],
  "affected": [
    {
      "package": {
        "ecosystem": "npm",
        "name": "baryton-saxophone"
      },
      "ranges": [
        {
          "type": "ECOSYSTEM",
          "events": [
            {
              "introduced": "0"
            },
            {
              "fixed": "3.0.1"
            }
          ]
        }
      ]
    }
  ],
  "references": [
    {
      "type": "ADVISORY",
      "url": "https://nvd.nist.gov/vuln/detail/CVE-2016-10573"
    },
    {
      "type": "ADVISORY",
      "url": "https://github.com/advisories/GHSA-6pwf-whc8-hjf6"
    },
    {
      "type": "WEB",
      "url": "https://www.npmjs.com/advisories/240"
    }
  ],
  "database_specific": {
    "cwe_ids": [
      "CWE-311"
    ],
    "severity": "HIGH",
    "github_reviewed": true,
    "github_reviewed_at": "2020-06-16T21:19:59Z",
    "nvd_published_at": null
  }
}