{
  "schema_version": "1.4.0",
  "id": "GHSA-8hch-q86g-j38w",
  "modified": "2023-12-12T00:54:41Z",
  "published": "2023-12-05T15:30:38Z",
  "aliases": [
    "CVE-2023-49395"
  ],
  "summary": "Cross-Site Request Forgery in JFinalCMS via /admin/category/update",
  "details": "JFinalCMS v5.0.0 was discovered to contain a Cross-Site Request Forgery (CSRF) vulnerability via /admin/category/update.",
  "severity": [
    {
      "type": "CVSS_V3",
      "score": "CVSS:3.1/AV:N/AC:L/PR:N/UI:R/S:U/C:H/I:H/A:H"
    }
  ],
  "affected": [
    {
      "package": {
        "ecosystem": "Maven",
        "name": "com.jfinal:jfinal"
      },
      "ranges": [
        {
          "type": "ECOSYSTEM",
          "events": [
            {
              "introduced": "0"
            },
            {
              "last_affected": "5.0.0"
            }
          ]
        }
      ]
    }
  ],
  "references": [
    {
      "type": "ADVISORY",
      "url": "https://nvd.nist.gov/vuln/detail/CVE-2023-49395"
    },
    {
      "type": "WEB",
      "url": "https://github.com/nightcloudos/new_cms/blob/main/CSRF%20exists%20in%20the%20column%20management%20modification%20section.md"
    }
  ],
  "database_specific": {
    "cwe_ids": [
      "CWE-352"
    ],
    "severity": "HIGH",
    "github_reviewed": true,
    "github_reviewed_at": "2023-12-12T00:54:41Z",
    "nvd_published_at": "2023-12-05T15:15:08Z"
  }
}