{
  "schema_version": "1.4.0",
  "id": "GHSA-g68x-vvqq-pvw3",
  "modified": "2023-09-08T21:34:45Z",
  "published": "2018-11-21T22:19:50Z",
  "aliases": [
    "CVE-2018-17960"
  ],
  "summary": "Ckeditor XSS Vulnerability",
  "details": "CKEditor 4.x before 4.11.0 allows user-assisted XSS involving a source-mode paste. It was possible to execute XSS inside the CKEditor source area after persuading the victim to: (i) switch CKEditor to source mode, then (ii) paste a specially crafted HTML code, prepared by the attacker, into the opened CKEditor source area, and (iii) switch back to WYSIWYG mode. Although this is an unlikely scenario, it is recommended to upgrade to the latest editor version.",
  "severity": [
    {
      "type": "CVSS_V3",
      "score": "CVSS:3.0/AV:N/AC:L/PR:N/UI:R/S:C/C:L/I:L/A:N"
    }
  ],
  "affected": [
    {
      "package": {
        "ecosystem": "npm",
        "name": "ckeditor"
      },
      "ranges": [
        {
          "type": "ECOSYSTEM",
          "events": [
            {
              "introduced": "0"
            },
            {
              "fixed": "4.11.0"
            }
          ]
        }
      ]
    },
    {
      "package": {
        "ecosystem": "Packagist",
        "name": "typo3/cms-core"
      },
      "ranges": [
        {
          "type": "ECOSYSTEM",
          "events": [
            {
              "introduced": "8.0.0"
            },
            {
              "fixed": "8.7.21"
            }
          ]
        }
      ]
    },
    {
      "package": {
        "ecosystem": "Packagist",
        "name": "typo3/cms-core"
      },
      "ranges": [
        {
          "type": "ECOSYSTEM",
          "events": [
            {
              "introduced": "9.0.0"
            },
            {
              "fixed": "9.5.2"
            }
          ]
        }
      ]
    },
    {
      "package": {
        "ecosystem": "Packagist",
        "name": "typo3/cms"
      },
      "ranges": [
        {
          "type": "ECOSYSTEM",
          "events": [
            {
              "introduced": "8.0.0"
            },
            {
              "fixed": "8.7.21"
            }
          ]
        }
      ]
    },
    {
      "package": {
        "ecosystem": "Packagist",
        "name": "typo3/cms"
      },
      "ranges": [
        {
          "type": "ECOSYSTEM",
          "events": [
            {
              "introduced": "9.0.0"
            },
            {
              "fixed": "9.5.2"
            }
          ]
        }
      ]
    }
  ],
  "references": [
    {
      "type": "ADVISORY",
      "url": "https://nvd.nist.gov/vuln/detail/CVE-2018-17960"
    },
    {
      "type": "WEB",
      "url": "https://ckeditor.com/blog/CKEditor-4.11-with-emoji-dropdown-and-auto-link-on-typing-released"
    },
    {
      "type": "WEB",
      "url": "https://ckeditor.com/cke4/release/CKEditor-4.11.0"
    },
    {
      "type": "WEB",
      "url": "https://github.com/FriendsOfPHP/security-advisories/blob/master/typo3/cms-core/CVE-2018-17960.yaml"
    },
    {
      "type": "WEB",
      "url": "https://github.com/FriendsOfPHP/security-advisories/blob/master/typo3/cms/CVE-2018-17960.yaml"
    },
    {
      "type": "ADVISORY",
      "url": "https://github.com/advisories/GHSA-g68x-vvqq-pvw3"
    },
    {
      "type": "WEB",
      "url": "https://typo3.org/security/advisory/typo3-core-sa-2018-005"
    },
    {
      "type": "WEB",
      "url": "https://web.archive.org/web/20200227030123/http://www.securityfocus.com/bid/109205"
    },
    {
      "type": "WEB",
      "url": "https://www.oracle.com/technetwork/security-advisory/cpujul2019-5072835.html"
    }
  ],
  "database_specific": {
    "cwe_ids": [
      "CWE-79"
    ],
    "severity": "MODERATE",
    "github_reviewed": true,
    "github_reviewed_at": "2020-06-16T21:36:12Z",
    "nvd_published_at": null
  }
}