{
  "schema_version": "1.4.0",
  "id": "GHSA-frf4-5p2c-c3ff",
  "modified": "2024-01-12T20:40:04Z",
  "published": "2022-04-22T00:24:09Z",
  "aliases": [
    "CVE-2011-4627"
  ],
  "summary": "Typo3 Information Disclosure",
  "details": "TYPO3 before 4.3.12, 4.4.x before 4.4.9, and 4.5.x before 4.5.4 allows Information Disclosure on the backend.",
  "severity": [
    {
      "type": "CVSS_V3",
      "score": "CVSS:3.1/AV:N/AC:L/PR:L/UI:N/S:U/C:H/I:N/A:N"
    }
  ],
  "affected": [
    {
      "package": {
        "ecosystem": "Packagist",
        "name": "typo3/cms"
      },
      "ranges": [
        {
          "type": "ECOSYSTEM",
          "events": [
            {
              "introduced": "0"
            },
            {
              "fixed": "4.3.12"
            }
          ]
        }
      ]
    },
    {
      "package": {
        "ecosystem": "Packagist",
        "name": "typo3/cms"
      },
      "ranges": [
        {
          "type": "ECOSYSTEM",
          "events": [
            {
              "introduced": "4.4.0"
            },
            {
              "fixed": "4.4.9"
            }
          ]
        }
      ]
    },
    {
      "package": {
        "ecosystem": "Packagist",
        "name": "typo3/cms"
      },
      "ranges": [
        {
          "type": "ECOSYSTEM",
          "events": [
            {
              "introduced": "4.5.0"
            },
            {
              "fixed": "4.5.4"
            }
          ]
        }
      ]
    }
  ],
  "references": [
    {
      "type": "ADVISORY",
      "url": "https://nvd.nist.gov/vuln/detail/CVE-2011-4627"
    },
    {
      "type": "PACKAGE",
      "url": "https://github.com/TYPO3/typo3"
    },
    {
      "type": "WEB",
      "url": "https://security-tracker.debian.org/tracker/CVE-2011-4627"
    },
    {
      "type": "WEB",
      "url": "https://typo3.org/security/advisory/typo3-core-sa-2011-001/#Information_Disclosure"
    }
  ],
  "database_specific": {
    "cwe_ids": [
      "CWE-200"
    ],
    "severity": "MODERATE",
    "github_reviewed": true,
    "github_reviewed_at": "2024-01-12T20:40:04Z",
    "nvd_published_at": "2019-11-06T17:15:00Z"
  }
}