{
  "schema_version": "1.4.0",
  "id": "GHSA-w5mj-j45q-m638",
  "modified": "2024-06-07T21:49:55Z",
  "published": "2024-06-07T21:49:55Z",
  "aliases": [],
  "summary": "ZendFramework1 Potential Security Issues in Bundled Dojo Library",
  "details": "In mid-March, 2010, the Dojo Foundation issued a Security Advisory indicating potential security issues with specific files in Dojo Toolkit. Details of the advisory may be found on the Dojo website:\n\nhttp://dojotoolkit.org/blog/post/dylan/2010/03/dojo-security-advisory/\nIn particular, several files in the Dojo tree were identified as having potential exploits, and the Dojo team also advised disabling or removing any PHP scripts in the tree when deploying to production.",
  "severity": [],
  "affected": [
    {
      "package": {
        "ecosystem": "Packagist",
        "name": "zendframework/zendframework1"
      },
      "ranges": [
        {
          "type": "ECOSYSTEM",
          "events": [
            {
              "introduced": "1.9.0"
            },
            {
              "fixed": "1.9.8"
            }
          ]
        }
      ]
    },
    {
      "package": {
        "ecosystem": "Packagist",
        "name": "zendframework/zendframework1"
      },
      "ranges": [
        {
          "type": "ECOSYSTEM",
          "events": [
            {
              "introduced": "1.10.0"
            },
            {
              "fixed": "1.10.3"
            }
          ]
        }
      ]
    }
  ],
  "references": [
    {
      "type": "WEB",
      "url": "https://github.com/FriendsOfPHP/security-advisories/blob/master/zendframework/zendframework1/ZF2010-07.yaml"
    },
    {
      "type": "PACKAGE",
      "url": "https://github.com/zendframework/zf1"
    },
    {
      "type": "WEB",
      "url": "https://web.archive.org/web/20210509072723/https://framework.zend.com/security/advisory/ZF2010-07"
    },
    {
      "type": "WEB",
      "url": "http://dojotoolkit.org/blog/post/dylan/2010/03/dojo-security-advisory"
    }
  ],
  "database_specific": {
    "cwe_ids": [],
    "severity": "MODERATE",
    "github_reviewed": true,
    "github_reviewed_at": "2024-06-07T21:49:55Z",
    "nvd_published_at": null
  }
}