{
  "schema_version": "1.4.0",
  "id": "GHSA-5m2v-hc64-56h6",
  "modified": "2023-11-17T22:49:37Z",
  "published": "2019-09-30T16:05:32Z",
  "aliases": [
    "CVE-2019-16892"
  ],
  "summary": "Rubyzip denial of service ",
  "details": "In Rubyzip before 1.3.0, a crafted ZIP file can bypass application checks on ZIP entry sizes because data about the uncompressed size can be spoofed. This allows attackers to cause a denial of service (disk consumption).",
  "severity": [
    {
      "type": "CVSS_V3",
      "score": "CVSS:3.1/AV:L/AC:L/PR:N/UI:R/S:U/C:N/I:N/A:H"
    }
  ],
  "affected": [
    {
      "package": {
        "ecosystem": "RubyGems",
        "name": "rubyzip"
      },
      "ranges": [
        {
          "type": "ECOSYSTEM",
          "events": [
            {
              "introduced": "0"
            },
            {
              "fixed": "1.3.0"
            }
          ]
        }
      ]
    }
  ],
  "references": [
    {
      "type": "ADVISORY",
      "url": "https://nvd.nist.gov/vuln/detail/CVE-2019-16892"
    },
    {
      "type": "WEB",
      "url": "https://github.com/rubyzip/rubyzip/pull/403"
    },
    {
      "type": "WEB",
      "url": "https://github.com/rubyzip/rubyzip/commit/d65fe7bd283ec94f9d6dc7605f61a6b0dd00f55e"
    },
    {
      "type": "WEB",
      "url": "https://access.redhat.com/errata/RHBA-2019:4047"
    },
    {
      "type": "WEB",
      "url": "https://access.redhat.com/errata/RHSA-2019:4201"
    },
    {
      "type": "WEB",
      "url": "https://github.com/jdleesmiller/ruby-advisory-db/blob/master/gems/rubyzip/CVE-2019-16892.yml"
    },
    {
      "type": "WEB",
      "url": "https://github.com/rubysec/ruby-advisory-db/blob/master/gems/rubyzip/CVE-2019-16892.yml"
    },
    {
      "type": "PACKAGE",
      "url": "https://github.com/rubyzip/rubyzip"
    },
    {
      "type": "WEB",
      "url": "https://lists.fedoraproject.org/archives/list/package-announce%40lists.fedoraproject.org/message/J45KSFPP6DFVWLC7Z73L7SX735CKZYO6"
    },
    {
      "type": "WEB",
      "url": "https://lists.fedoraproject.org/archives/list/package-announce%40lists.fedoraproject.org/message/MWWPORMSBHZTMP4PGF4DQD22TTKBQMMC"
    },
    {
      "type": "WEB",
      "url": "https://lists.fedoraproject.org/archives/list/package-announce%40lists.fedoraproject.org/message/X255K6ZBAQC462PQN2ND5HOTTQEJ2G2X"
    },
    {
      "type": "WEB",
      "url": "https://lists.fedoraproject.org/archives/list/package-announce@lists.fedoraproject.org/message/J45KSFPP6DFVWLC7Z73L7SX735CKZYO6"
    },
    {
      "type": "WEB",
      "url": "https://lists.fedoraproject.org/archives/list/package-announce@lists.fedoraproject.org/message/MWWPORMSBHZTMP4PGF4DQD22TTKBQMMC"
    },
    {
      "type": "WEB",
      "url": "https://lists.fedoraproject.org/archives/list/package-announce@lists.fedoraproject.org/message/X255K6ZBAQC462PQN2ND5HOTTQEJ2G2X"
    }
  ],
  "database_specific": {
    "cwe_ids": [
      "CWE-400"
    ],
    "severity": "MODERATE",
    "github_reviewed": true,
    "github_reviewed_at": "2019-09-30T16:04:36Z",
    "nvd_published_at": "2019-09-25T22:15:10Z"
  }
}