{
  "schema_version": "1.4.0",
  "id": "GHSA-qh2w-9m7w-hjg2",
  "modified": "2024-01-29T19:12:47Z",
  "published": "2024-01-23T21:30:20Z",
  "aliases": [
    "CVE-2024-22497"
  ],
  "summary": "Cross-site Scripting in JFinal",
  "details": "Cross Site Scripting (XSS) vulnerability in /admin/login password parameter in JFinalcms 5.0.0 allows attackers to run arbitrary code via crafted URL.",
  "severity": [
    {
      "type": "CVSS_V3",
      "score": "CVSS:3.1/AV:N/AC:L/PR:N/UI:R/S:C/C:L/I:L/A:N"
    }
  ],
  "affected": [
    {
      "package": {
        "ecosystem": "Maven",
        "name": "com.jfinal:jfinal"
      },
      "ranges": [
        {
          "type": "ECOSYSTEM",
          "events": [
            {
              "introduced": "0"
            },
            {
              "last_affected": "5.0.0"
            }
          ]
        }
      ]
    }
  ],
  "references": [
    {
      "type": "ADVISORY",
      "url": "https://nvd.nist.gov/vuln/detail/CVE-2024-22497"
    },
    {
      "type": "WEB",
      "url": "https://github.com/cui2shark/security/blob/main/%28JFinalcms%20admin-login-password%29%20.md"
    }
  ],
  "database_specific": {
    "cwe_ids": [
      "CWE-79"
    ],
    "severity": "MODERATE",
    "github_reviewed": true,
    "github_reviewed_at": "2024-01-24T14:22:02Z",
    "nvd_published_at": "2024-01-23T19:15:08Z"
  }
}