{
  "schema_version": "1.4.0",
  "id": "GHSA-4vvp-x9h2-x2vf",
  "modified": "2020-08-31T18:48:53Z",
  "published": "2020-09-03T20:26:39Z",
  "aliases": [],
  "summary": "Path Traversal in public",
  "details": "All versions of `public` are vulnerable to Path Traversal. This vulnerability allows an attacker to access files outside the webroot since it allows symlink navigation in the URL.\n\n\n## Recommendation\n\nNo fix is currently available. Do not use `public` in production or consider using an alternative module until a fix is made available.",
  "severity": [],
  "affected": [
    {
      "package": {
        "ecosystem": "npm",
        "name": "public"
      },
      "ranges": [
        {
          "type": "ECOSYSTEM",
          "events": [
            {
              "introduced": "0.0.0"
            }
          ]
        }
      ]
    }
  ],
  "references": [
    {
      "type": "WEB",
      "url": "https://hackerone.com/reports/593911"
    },
    {
      "type": "WEB",
      "url": "https://www.npmjs.com/advisories/1144"
    }
  ],
  "database_specific": {
    "cwe_ids": [
      "CWE-22"
    ],
    "severity": "MODERATE",
    "github_reviewed": true,
    "github_reviewed_at": "2020-08-31T18:48:53Z",
    "nvd_published_at": null
  }
}