{
  "schema_version": "1.4.0",
  "id": "GHSA-449q-v4j2-5h8p",
  "modified": "2025-03-13T17:53:08Z",
  "published": "2022-05-13T01:30:06Z",
  "aliases": [
    "CVE-2015-5320"
  ],
  "summary": "Jenkins allows Exposure of Sensitive Information to an Unauthorized Actor",
  "details": "Jenkins before 1.638 and LTS before 1.625.2 do not properly verify the shared secret used in JNLP slave connections, which allows remote attackers to connect as slaves and obtain sensitive information or possibly gain administrative access by leveraging knowledge of the name of a slave.",
  "severity": [
    {
      "type": "CVSS_V4",
      "score": "CVSS:4.0/AV:N/AC:L/AT:N/PR:N/UI:N/VC:L/VI:N/VA:N/SC:N/SI:N/SA:N"
    }
  ],
  "affected": [
    {
      "package": {
        "ecosystem": "Maven",
        "name": "org.jenkins-ci.main:jenkins-core"
      },
      "ranges": [
        {
          "type": "ECOSYSTEM",
          "events": [
            {
              "introduced": "1.626"
            },
            {
              "fixed": "1.638"
            }
          ]
        }
      ]
    },
    {
      "package": {
        "ecosystem": "Maven",
        "name": "org.jenkins-ci.main:jenkins-core"
      },
      "ranges": [
        {
          "type": "ECOSYSTEM",
          "events": [
            {
              "introduced": "0"
            },
            {
              "fixed": "1.625.2"
            }
          ]
        }
      ]
    }
  ],
  "references": [
    {
      "type": "ADVISORY",
      "url": "https://nvd.nist.gov/vuln/detail/CVE-2015-5320"
    },
    {
      "type": "WEB",
      "url": "https://access.redhat.com/errata/RHSA-2016:0070"
    },
    {
      "type": "PACKAGE",
      "url": "https://github.com/jenkinsci/jenkins"
    },
    {
      "type": "WEB",
      "url": "https://wiki.jenkins-ci.org/display/SECURITY/Jenkins+Security+Advisory+2015-11-11"
    },
    {
      "type": "WEB",
      "url": "http://rhn.redhat.com/errata/RHSA-2016-0489.html"
    }
  ],
  "database_specific": {
    "cwe_ids": [
      "CWE-200"
    ],
    "severity": "MODERATE",
    "github_reviewed": true,
    "github_reviewed_at": "2025-03-13T17:53:08Z",
    "nvd_published_at": "2015-11-25T20:59:00Z"
  }
}