{
  "schema_version": "1.4.0",
  "id": "GHSA-prpg-p95c-32fv",
  "modified": "2025-03-21T17:12:10Z",
  "published": "2025-03-20T12:32:42Z",
  "aliases": [
    "CVE-2024-12217"
  ],
  "summary": "Gradio Path Traversal vulnerability",
  "details": "A vulnerability in the gradio-app/gradio repository, version git 67e4044, allows for path traversal on Windows OS. The implementation of the blocked_path functionality, which is intended to disallow users from reading certain files, is flawed. Specifically, while the application correctly blocks access to paths like 'C:/tmp/secret.txt', it fails to block access when using NTFS Alternate Data Streams (ADS) syntax, such as 'C:/tmp/secret.txt::$DATA'. This flaw can lead to unauthorized reading of blocked file paths.",
  "severity": [
    {
      "type": "CVSS_V3",
      "score": "CVSS:3.0/AV:N/AC:L/PR:N/UI:N/S:U/C:L/I:N/A:N"
    }
  ],
  "affected": [
    {
      "package": {
        "ecosystem": "PyPI",
        "name": "gradio"
      },
      "ranges": [
        {
          "type": "ECOSYSTEM",
          "events": [
            {
              "introduced": "0"
            },
            {
              "last_affected": "5.0.1"
            }
          ]
        }
      ]
    }
  ],
  "references": [
    {
      "type": "ADVISORY",
      "url": "https://nvd.nist.gov/vuln/detail/CVE-2024-12217"
    },
    {
      "type": "PACKAGE",
      "url": "https://github.com/gradio-app/gradio"
    },
    {
      "type": "WEB",
      "url": "https://github.com/gradio-app/gradio/blob/67e4044c9ca8358eceeb1fa72fa415df03397d20/gradio/utils.py#L1061-L1074"
    },
    {
      "type": "WEB",
      "url": "https://huntr.com/bounties/0439bf3d-cb38-43a5-8314-0fadf85cc5a0"
    }
  ],
  "database_specific": {
    "cwe_ids": [
      "CWE-22",
      "CWE-41"
    ],
    "severity": "MODERATE",
    "github_reviewed": true,
    "github_reviewed_at": "2025-03-21T17:12:10Z",
    "nvd_published_at": "2025-03-20T10:15:27Z"
  }
}