{
  "schema_version": "1.4.0",
  "id": "GHSA-9hmc-87h4-w869",
  "modified": "2022-08-18T19:08:18Z",
  "published": "2022-08-13T00:00:25Z",
  "aliases": [
    "CVE-2022-35585"
  ],
  "summary": "ForkCMS stored XSS via `start_date` parameter",
  "details": "A stored cross-site scripting (XSS) issue in the ForkCMS version 5.9.3 allows remote attackers to inject JavaScript via the `start_date` Parameter. This issue was patched in version 5.11.0.",
  "severity": [
    {
      "type": "CVSS_V3",
      "score": "CVSS:3.1/AV:N/AC:L/PR:H/UI:R/S:C/C:L/I:L/A:N"
    }
  ],
  "affected": [
    {
      "package": {
        "ecosystem": "Packagist",
        "name": "forkcms/forkcms"
      },
      "ranges": [
        {
          "type": "ECOSYSTEM",
          "events": [
            {
              "introduced": "0"
            },
            {
              "fixed": "5.11.0"
            }
          ]
        }
      ]
    }
  ],
  "references": [
    {
      "type": "ADVISORY",
      "url": "https://nvd.nist.gov/vuln/detail/CVE-2022-35585"
    },
    {
      "type": "WEB",
      "url": "https://github.com/forkcms/forkcms/commit/76bf739e01f697e10c1277b9726e39b9705be296"
    },
    {
      "type": "PACKAGE",
      "url": "https://github.com/forkcms/forkcms"
    },
    {
      "type": "WEB",
      "url": "https://huntr.dev/bounties/5-other-forkcms"
    }
  ],
  "database_specific": {
    "cwe_ids": [
      "CWE-79"
    ],
    "severity": "MODERATE",
    "github_reviewed": true,
    "github_reviewed_at": "2022-08-18T19:08:18Z",
    "nvd_published_at": "2022-08-12T16:15:00Z"
  }
}