{
  "schema_version": "1.4.0",
  "id": "GHSA-g4xp-36c3-f7mr",
  "modified": "2020-08-31T18:07:50Z",
  "published": "2020-08-31T22:47:41Z",
  "aliases": [
    "CVE-2014-10068"
  ],
  "summary": "Hidden Directories Always Served in inert",
  "details": "Versions 1.1.1 and earlier of `inert` are vulnerable to an information leakage vulnerability which causes files in hidden directories to be served, even when showHidden is false.\n\nThe inert directory handler always allows files in hidden directories to be served, even when `showHidden` is false.\n\n\n## Recommendation\n\nUpdate to version >= 1.1.1.",
  "severity": [],
  "affected": [
    {
      "package": {
        "ecosystem": "npm",
        "name": "inert"
      },
      "ranges": [
        {
          "type": "ECOSYSTEM",
          "events": [
            {
              "introduced": "0"
            },
            {
              "fixed": "1.1.1"
            }
          ]
        }
      ]
    }
  ],
  "references": [
    {
      "type": "ADVISORY",
      "url": "https://nvd.nist.gov/vuln/detail/CVE-2014-10068"
    },
    {
      "type": "WEB",
      "url": "https://github.com/hapijs/inert/pull/15"
    },
    {
      "type": "WEB",
      "url": "https://github.com/hapijs/inert/commit/e8f99f94da4cb08e8032eda984761c3f111e3e82"
    },
    {
      "type": "WEB",
      "url": "https://www.npmjs.com/advisories/14"
    }
  ],
  "database_specific": {
    "cwe_ids": [
      "CWE-22"
    ],
    "severity": "MODERATE",
    "github_reviewed": true,
    "github_reviewed_at": "2020-08-31T18:07:50Z",
    "nvd_published_at": null
  }
}