{
  "schema_version": "1.4.0",
  "id": "GHSA-5m55-g8pv-x8ww",
  "modified": "2024-01-11T19:16:54Z",
  "published": "2022-08-17T00:00:19Z",
  "aliases": [
    "CVE-2022-34258"
  ],
  "summary": "Magento stored Cross-Site Scripting (XSS) vulnerability",
  "details": "Adobe Commerce versions 2.4.3-p2 (and earlier), 2.3.7-p3 (and earlier) and 2.4.4 (and earlier) are affected by a stored Cross-Site Scripting (XSS) vulnerability that could be abused by an attacker with admin privileges to inject malicious scripts into vulnerable form fields. Malicious JavaScript may be executed in a victim\u2019s browser when they browse to the page containing the vulnerable field.",
  "severity": [
    {
      "type": "CVSS_V3",
      "score": "CVSS:3.1/AV:N/AC:L/PR:H/UI:N/S:C/C:L/I:L/A:N"
    }
  ],
  "affected": [
    {
      "package": {
        "ecosystem": "Packagist",
        "name": "magento/community-edition"
      },
      "ranges": [
        {
          "type": "ECOSYSTEM",
          "events": [
            {
              "introduced": "2.3.0"
            },
            {
              "fixed": "2.3.7-p4"
            }
          ]
        }
      ]
    },
    {
      "package": {
        "ecosystem": "Packagist",
        "name": "magento/community-edition"
      },
      "ranges": [
        {
          "type": "ECOSYSTEM",
          "events": [
            {
              "introduced": "2.4.4"
            },
            {
              "fixed": "2.4.5"
            }
          ]
        }
      ]
    },
    {
      "package": {
        "ecosystem": "Packagist",
        "name": "magento/community-edition"
      },
      "ranges": [
        {
          "type": "ECOSYSTEM",
          "events": [
            {
              "introduced": "2.4.0"
            },
            {
              "fixed": "2.4.3-p3"
            }
          ]
        }
      ]
    }
  ],
  "references": [
    {
      "type": "ADVISORY",
      "url": "https://nvd.nist.gov/vuln/detail/CVE-2022-34258"
    },
    {
      "type": "WEB",
      "url": "https://github.com/magento/magento2/commit/246d524b7586af2245092008e0d92b8d6fdd8523"
    },
    {
      "type": "WEB",
      "url": "https://github.com/magento/magento2/commit/5548bc64b5bc904346c0af9193a7fbb5274b4efa"
    },
    {
      "type": "WEB",
      "url": "https://github.com/magento/magento2/commit/5f07eba878296a37bd5c3a2baecad48948547594"
    },
    {
      "type": "PACKAGE",
      "url": "https://github.com/magento/magento2"
    },
    {
      "type": "WEB",
      "url": "https://helpx.adobe.com/security/products/magento/apsb22-38.html"
    }
  ],
  "database_specific": {
    "cwe_ids": [
      "CWE-79"
    ],
    "severity": "MODERATE",
    "github_reviewed": true,
    "github_reviewed_at": "2024-01-11T19:16:54Z",
    "nvd_published_at": "2022-08-16T21:15:00Z"
  }
}