{
  "schema_version": "1.4.0",
  "id": "GHSA-54qq-9chj-rxhv",
  "modified": "2022-02-04T16:53:54Z",
  "published": "2022-01-29T00:00:33Z",
  "aliases": [
    "CVE-2022-0395"
  ],
  "summary": "Cross-site Scripting in LiveHelperChat",
  "details": "LiveHelperChat prior to version 3.93 contains a cross-site scripting vulnerability.",
  "severity": [
    {
      "type": "CVSS_V3",
      "score": "CVSS:3.1/AV:N/AC:L/PR:L/UI:R/S:C/C:L/I:L/A:N"
    }
  ],
  "affected": [
    {
      "package": {
        "ecosystem": "Packagist",
        "name": "remdex/livehelperchat"
      },
      "ranges": [
        {
          "type": "ECOSYSTEM",
          "events": [
            {
              "introduced": "0"
            },
            {
              "fixed": "3.93"
            }
          ]
        }
      ]
    }
  ],
  "references": [
    {
      "type": "ADVISORY",
      "url": "https://nvd.nist.gov/vuln/detail/CVE-2022-0395"
    },
    {
      "type": "WEB",
      "url": "https://github.com/livehelperchat/livehelperchat/commit/8fdb4f67ac1a095331aa0fb4630ef9dfe8e75dcb"
    },
    {
      "type": "PACKAGE",
      "url": "https://github.com/livehelperchat/livehelperchat"
    },
    {
      "type": "WEB",
      "url": "https://huntr.dev/bounties/36abbd6e-239e-4739-8c77-ba212b946a4a"
    }
  ],
  "database_specific": {
    "cwe_ids": [
      "CWE-79"
    ],
    "severity": "MODERATE",
    "github_reviewed": true,
    "github_reviewed_at": "2022-02-04T16:53:54Z",
    "nvd_published_at": "2022-01-28T22:15:00Z"
  }
}