{
  "schema_version": "1.4.0",
  "id": "GHSA-6gww-qpm6-mc2g",
  "modified": "2021-11-29T15:08:38Z",
  "published": "2021-12-02T17:51:51Z",
  "aliases": [
    "CVE-2021-23718"
  ],
  "summary": "Server-Side Request Forgery in ssrf-agent",
  "details": "The package ssrf-agent before 1.0.5 are vulnerable to Server-side Request Forgery (SSRF) via the defaultIpChecker function. It fails to properly validate if the IP requested is private.",
  "severity": [
    {
      "type": "CVSS_V3",
      "score": "CVSS:3.1/AV:N/AC:L/PR:N/UI:R/S:U/C:H/I:N/A:N"
    }
  ],
  "affected": [
    {
      "package": {
        "ecosystem": "npm",
        "name": "ssrf-agent"
      },
      "ranges": [
        {
          "type": "ECOSYSTEM",
          "events": [
            {
              "introduced": "0"
            },
            {
              "fixed": "1.0.5"
            }
          ]
        }
      ]
    }
  ],
  "references": [
    {
      "type": "ADVISORY",
      "url": "https://nvd.nist.gov/vuln/detail/CVE-2021-23718"
    },
    {
      "type": "WEB",
      "url": "https://github.com/welefen/ssrf-agent/commit/9607175acd0647d821bae4e8fcc3b712aca3fd2d#diff-e727e4bdf3657fd1d798edcd6b099d6e092f8573cba266154583a746bba0f346"
    },
    {
      "type": "PACKAGE",
      "url": "https://github.com/welefen/ssrf-agent"
    },
    {
      "type": "WEB",
      "url": "https://github.com/welefen/ssrf-agent/blob/cec2b85fe8886ad6926a247a3e059d8369ec022b/index.js%23L13"
    },
    {
      "type": "WEB",
      "url": "https://security.netapp.com/advisory/ntap-20211203-0005"
    },
    {
      "type": "WEB",
      "url": "https://snyk.io/vuln/SNYK-JS-SSRFAGENT-1584362"
    }
  ],
  "database_specific": {
    "cwe_ids": [
      "CWE-918"
    ],
    "severity": "MODERATE",
    "github_reviewed": true,
    "github_reviewed_at": "2021-11-23T19:15:40Z",
    "nvd_published_at": "2021-11-22T17:15:00Z"
  }
}