{
  "schema_version": "1.4.0",
  "id": "GHSA-2474-2566-3qxp",
  "modified": "2025-02-13T19:10:28Z",
  "published": "2023-08-22T21:30:26Z",
  "aliases": [
    "CVE-2022-44730"
  ],
  "summary": "Apache Batik information disclosure vulnerability",
  "details": "Server-Side Request Forgery (SSRF) vulnerability in Apache Software Foundation Apache XML Graphics Batik.This issue affects Apache XML Graphics Batik: 1.16.\n\nA malicious SVG can probe user profile / data and send it directly as parameter to a URL.",
  "severity": [
    {
      "type": "CVSS_V3",
      "score": "CVSS:3.1/AV:L/AC:L/PR:N/UI:R/S:U/C:L/I:L/A:N"
    }
  ],
  "affected": [
    {
      "package": {
        "ecosystem": "Maven",
        "name": "org.apache.xmlgraphics:batik-script"
      },
      "ranges": [
        {
          "type": "ECOSYSTEM",
          "events": [
            {
              "introduced": "1.0"
            },
            {
              "fixed": "1.17"
            }
          ]
        }
      ]
    }
  ],
  "references": [
    {
      "type": "ADVISORY",
      "url": "https://nvd.nist.gov/vuln/detail/CVE-2022-44730"
    },
    {
      "type": "WEB",
      "url": "https://github.com/apache/xmlgraphics-batik/commit/64658ccda90deaf6bf5f5b4d4a2ec365fe648bfa"
    },
    {
      "type": "WEB",
      "url": "https://github.com/apache/xmlgraphics-batik/commit/f9ae69233eadfbd392a4a08a55618f97343b467c"
    },
    {
      "type": "PACKAGE",
      "url": "https://github.com/apache/xmlgraphics-batik"
    },
    {
      "type": "WEB",
      "url": "https://issues.apache.org/jira/browse/BATIK-1347"
    },
    {
      "type": "WEB",
      "url": "https://lists.apache.org/thread/58m5817jr059f4v1zogh0fngj9pwjyj0"
    },
    {
      "type": "WEB",
      "url": "https://lists.debian.org/debian-lts-announce/2023/10/msg00021.html"
    },
    {
      "type": "WEB",
      "url": "https://security.gentoo.org/glsa/202401-11"
    },
    {
      "type": "WEB",
      "url": "https://xmlgraphics.apache.org/security.html"
    },
    {
      "type": "WEB",
      "url": "http://www.openwall.com/lists/oss-security/2023/08/22/3"
    },
    {
      "type": "WEB",
      "url": "http://www.openwall.com/lists/oss-security/2023/08/22/5"
    }
  ],
  "database_specific": {
    "cwe_ids": [
      "CWE-918"
    ],
    "severity": "MODERATE",
    "github_reviewed": true,
    "github_reviewed_at": "2023-08-23T17:51:53Z",
    "nvd_published_at": "2023-08-22T19:16:29Z"
  }
}