{
  "schema_version": "1.4.0",
  "id": "GHSA-x7p2-x2j6-mwhr",
  "modified": "2023-08-29T12:26:53Z",
  "published": "2017-11-29T23:19:51Z",
  "aliases": [
    "CVE-2017-16833"
  ],
  "summary": "Gemirro Stored XSS in Gemspec \"homepage\" value",
  "details": "Stored cross-site scripting (XSS) vulnerability in Gemirro before 0.16.0 allows attackers to inject arbitrary web script via a crafted javascript: URL in the \"homepage\" value of a \".gemspec\" file.\nA \".gemspec\" file must be created with a JavaScript URL in the homepage  value. This can be used to build a gem for upload to the Gemirro server, in order to achieve stored XSS via the author name hyperlink.",
  "severity": [
    {
      "type": "CVSS_V3",
      "score": "CVSS:3.1/AV:N/AC:L/PR:N/UI:R/S:C/C:L/I:L/A:N"
    }
  ],
  "affected": [
    {
      "package": {
        "ecosystem": "RubyGems",
        "name": "gemirro"
      },
      "ranges": [
        {
          "type": "ECOSYSTEM",
          "events": [
            {
              "introduced": "0"
            },
            {
              "fixed": "0.16.0"
            }
          ]
        }
      ]
    }
  ],
  "references": [
    {
      "type": "ADVISORY",
      "url": "https://nvd.nist.gov/vuln/detail/CVE-2017-16833"
    },
    {
      "type": "WEB",
      "url": "https://github.com/PierreRambaud/gemirro/commit/9659f9b7ce15a723da8e361bd41b9203b19c97de"
    },
    {
      "type": "PACKAGE",
      "url": "https://github.com/PierreRambaud/gemirro"
    },
    {
      "type": "WEB",
      "url": "https://github.com/rubysec/ruby-advisory-db/blob/master/gems/gemirro/CVE-2017-16833.yml"
    }
  ],
  "database_specific": {
    "cwe_ids": [
      "CWE-79"
    ],
    "severity": "MODERATE",
    "github_reviewed": true,
    "github_reviewed_at": "2020-06-16T22:02:30Z",
    "nvd_published_at": null
  }
}