{
  "schema_version": "1.4.0",
  "id": "GHSA-pg59-2w33-8vmc",
  "modified": "2023-12-20T13:32:45Z",
  "published": "2022-05-24T16:52:45Z",
  "aliases": [
    "CVE-2019-10372"
  ],
  "summary": "Jenkins Gitlab Authentication Plugin Open Redirect vulnerability",
  "details": "GitLab Authentication Plugin records the HTTP `Referer` header when the authentication process starts and redirects users to that URL when the user has finished logging in.\n\nThis implements an open redirect, allowing malicious sites to implement a phishing attack, with users expecting they have just logged in to Jenkins.",
  "severity": [
    {
      "type": "CVSS_V3",
      "score": "CVSS:3.1/AV:N/AC:L/PR:N/UI:R/S:C/C:L/I:L/A:N"
    }
  ],
  "affected": [
    {
      "package": {
        "ecosystem": "Maven",
        "name": "org.jenkins-ci.plugins:gitlab-oauth"
      },
      "ranges": [
        {
          "type": "ECOSYSTEM",
          "events": [
            {
              "introduced": "0"
            },
            {
              "fixed": "1.5"
            }
          ]
        }
      ],
      "database_specific": {
        "last_known_affected_version_range": "<= 1.4"
      }
    }
  ],
  "references": [
    {
      "type": "ADVISORY",
      "url": "https://nvd.nist.gov/vuln/detail/CVE-2019-10372"
    },
    {
      "type": "WEB",
      "url": "https://github.com/jenkinsci/gitlab-oauth-plugin/commit/10059a4d4e121e0c3b13f6e6f74843565bb0b49a"
    },
    {
      "type": "WEB",
      "url": "https://jenkins.io/security/advisory/2019-08-07/#SECURITY-796"
    },
    {
      "type": "WEB",
      "url": "http://www.openwall.com/lists/oss-security/2019/08/07/1"
    }
  ],
  "database_specific": {
    "cwe_ids": [
      "CWE-601"
    ],
    "severity": "MODERATE",
    "github_reviewed": true,
    "github_reviewed_at": "2023-03-03T22:49:24Z",
    "nvd_published_at": "2019-08-07T15:15:00Z"
  }
}