{
  "schema_version": "1.4.0",
  "id": "GHSA-q83c-64c9-c42m",
  "modified": "2024-02-01T21:16:49Z",
  "published": "2022-05-17T19:57:15Z",
  "aliases": [
    "CVE-2014-5012"
  ],
  "summary": "DOMPDF denial of service vulnerability",
  "details": "DOMPDF before 0.6.2 allows denial of service.",
  "severity": [
    {
      "type": "CVSS_V3",
      "score": "CVSS:3.1/AV:N/AC:L/PR:N/UI:R/S:U/C:N/I:N/A:H"
    }
  ],
  "affected": [
    {
      "package": {
        "ecosystem": "Packagist",
        "name": "dompdf/dompdf"
      },
      "ranges": [
        {
          "type": "ECOSYSTEM",
          "events": [
            {
              "introduced": "0.6"
            },
            {
              "fixed": "0.6.2"
            }
          ]
        }
      ]
    }
  ],
  "references": [
    {
      "type": "ADVISORY",
      "url": "https://nvd.nist.gov/vuln/detail/CVE-2014-5012"
    },
    {
      "type": "WEB",
      "url": "https://github.com/FriendsOfPHP/security-advisories/blob/master/dompdf/dompdf/CVE-2014-5012.yaml"
    },
    {
      "type": "WEB",
      "url": "https://github.com/dompdf/dompdf/compare/v0.6.1...v0.6.2"
    },
    {
      "type": "WEB",
      "url": "https://github.com/dompdf/dompdf/releases/tag/v0.6.2"
    }
  ],
  "database_specific": {
    "cwe_ids": [
      "CWE-400"
    ],
    "severity": "MODERATE",
    "github_reviewed": true,
    "github_reviewed_at": "2024-02-01T21:16:49Z",
    "nvd_published_at": "2020-01-10T06:15:00Z"
  }
}