{
  "schema_version": "1.4.0",
  "id": "GHSA-gc7m-x2cj-3775",
  "modified": "2022-11-29T22:00:30Z",
  "published": "2022-03-30T00:00:25Z",
  "aliases": [
    "CVE-2022-28137"
  ],
  "summary": "Missing permission check in Jenkins JiraTestResultReporter Plugin",
  "details": "A missing permission check in Jenkins JiraTestResultReporter Plugin 165.v817928553942 and earlier allows attackers with Overall/Read permission to connect to an attacker-specified URL using attacker-specified credentials.",
  "severity": [
    {
      "type": "CVSS_V3",
      "score": "CVSS:3.1/AV:N/AC:L/PR:L/UI:N/S:U/C:N/I:L/A:N"
    }
  ],
  "affected": [
    {
      "package": {
        "ecosystem": "Maven",
        "name": "org.jenkins-ci.plugins:JiraTestResultReporter"
      },
      "ranges": [
        {
          "type": "ECOSYSTEM",
          "events": [
            {
              "introduced": "0"
            },
            {
              "fixed": "166.v0cc6208295b5"
            }
          ]
        }
      ]
    }
  ],
  "references": [
    {
      "type": "ADVISORY",
      "url": "https://nvd.nist.gov/vuln/detail/CVE-2022-28137"
    },
    {
      "type": "WEB",
      "url": "https://github.com/jenkinsci/JiraTestResultReporter-plugin/commit/0cc6208295b5cb683528e8bf04d139f0bee8eb53"
    },
    {
      "type": "PACKAGE",
      "url": "https://github.com/jenkinsci/JiraTestResultReporter-plugin"
    },
    {
      "type": "WEB",
      "url": "https://www.jenkins.io/security/advisory/2022-03-29/#SECURITY-2236"
    },
    {
      "type": "WEB",
      "url": "http://www.openwall.com/lists/oss-security/2022/03/29/1"
    }
  ],
  "database_specific": {
    "cwe_ids": [
      "CWE-732",
      "CWE-862"
    ],
    "severity": "MODERATE",
    "github_reviewed": true,
    "github_reviewed_at": "2022-11-29T22:00:30Z",
    "nvd_published_at": "2022-03-29T13:15:00Z"
  }
}