{
  "schema_version": "1.4.0",
  "id": "GHSA-3gqj-cmxr-p4x2",
  "modified": "2024-11-18T22:24:19Z",
  "published": "2021-04-30T17:32:28Z",
  "aliases": [
    "CVE-2016-1000111"
  ],
  "summary": "Forced Browsing in Twisted",
  "details": "Twisted before 16.3.1 does not attempt to address RFC 3875 section 4.1.18 namespace conflicts and therefore does not protect CGI applications from the presence of untrusted client data in the `HTTP_PROXY` environment variable, which might allow remote attackers to redirect a CGI application's outbound HTTP traffic to an arbitrary proxy server via a crafted Proxy header in an HTTP request, aka an `httpoxy` issue.",
  "severity": [
    {
      "type": "CVSS_V3",
      "score": "CVSS:3.1/AV:N/AC:L/PR:N/UI:N/S:U/C:N/I:L/A:N"
    },
    {
      "type": "CVSS_V4",
      "score": "CVSS:4.0/AV:N/AC:L/AT:N/PR:N/UI:N/VC:N/VI:L/VA:N/SC:N/SI:N/SA:N"
    }
  ],
  "affected": [
    {
      "package": {
        "ecosystem": "PyPI",
        "name": "Twisted"
      },
      "ranges": [
        {
          "type": "ECOSYSTEM",
          "events": [
            {
              "introduced": "0"
            },
            {
              "fixed": "16.3.1"
            }
          ]
        }
      ]
    }
  ],
  "references": [
    {
      "type": "ADVISORY",
      "url": "https://nvd.nist.gov/vuln/detail/CVE-2016-1000111"
    },
    {
      "type": "WEB",
      "url": "https://github.com/pypa/advisory-database/tree/main/vulns/twisted/PYSEC-2020-214.yaml"
    },
    {
      "type": "PACKAGE",
      "url": "https://github.com/twisted/twisted"
    },
    {
      "type": "WEB",
      "url": "https://twistedmatrix.com/pipermail/twisted-web/2016-August/005268.html"
    },
    {
      "type": "WEB",
      "url": "https://twistedmatrix.com/trac/ticket/8623"
    },
    {
      "type": "WEB",
      "url": "https://www.openwall.com/lists/oss-security/2016/07/18/6"
    },
    {
      "type": "WEB",
      "url": "http://www.oracle.com/technetwork/topics/security/linuxbulletinoct2016-3090545.html"
    }
  ],
  "database_specific": {
    "cwe_ids": [
      "CWE-425"
    ],
    "severity": "MODERATE",
    "github_reviewed": true,
    "github_reviewed_at": "2021-04-23T20:33:04Z",
    "nvd_published_at": "2020-03-11T20:15:00Z"
  }
}