{
  "schema_version": "1.4.0",
  "id": "GHSA-625p-jwcp-r2r5",
  "modified": "2024-01-03T21:28:13Z",
  "published": "2023-12-19T03:30:17Z",
  "aliases": [
    "CVE-2014-125107"
  ],
  "summary": "Corveda PHPSandbox Protection Mechanism Failure vulnerability",
  "details": "A vulnerability was found in Corveda PHPSandbox 1.3.4 and classified as critical. Affected by this issue is some unknown functionality of the component String Handler. The manipulation leads to protection mechanism failure. The attack may be launched remotely. Upgrading to version 1.3.5 is able to address this issue. The patch is identified as 48fde5ffa4d76014bad260a3cbab7ada3744a4cc. It is recommended to upgrade the affected component. VDB-248270 is the identifier assigned to this vulnerability.",
  "severity": [
    {
      "type": "CVSS_V3",
      "score": "CVSS:3.1/AV:N/AC:L/PR:L/UI:N/S:U/C:N/I:L/A:N"
    }
  ],
  "affected": [
    {
      "package": {
        "ecosystem": "Packagist",
        "name": "corveda/phpsandbox"
      },
      "ranges": [
        {
          "type": "ECOSYSTEM",
          "events": [
            {
              "introduced": "0"
            },
            {
              "fixed": "1.3.5"
            }
          ]
        }
      ]
    }
  ],
  "references": [
    {
      "type": "ADVISORY",
      "url": "https://nvd.nist.gov/vuln/detail/CVE-2014-125107"
    },
    {
      "type": "WEB",
      "url": "https://github.com/Corveda/PHPSandbox/commit/48fde5ffa4d76014bad260a3cbab7ada3744a4cc"
    },
    {
      "type": "PACKAGE",
      "url": "https://github.com/Corveda/PHPSandbox"
    },
    {
      "type": "WEB",
      "url": "https://github.com/Corveda/PHPSandbox/releases/tag/v1.3.5"
    },
    {
      "type": "WEB",
      "url": "https://vuldb.com/?ctiid.248270"
    },
    {
      "type": "WEB",
      "url": "https://vuldb.com/?id.248270"
    }
  ],
  "database_specific": {
    "cwe_ids": [
      "CWE-693"
    ],
    "severity": "MODERATE",
    "github_reviewed": true,
    "github_reviewed_at": "2024-01-03T21:28:13Z",
    "nvd_published_at": "2023-12-19T03:15:07Z"
  }
}