{
  "schema_version": "1.4.0",
  "id": "GHSA-7w75-32cg-r6g2",
  "modified": "2025-02-13T19:07:44Z",
  "published": "2024-03-13T18:31:34Z",
  "aliases": [
    "CVE-2024-24549"
  ],
  "summary": "Apache Tomcat Denial of Service due to improper input validation vulnerability for HTTP/2 requests",
  "details": "Denial of Service due to improper input validation vulnerability for HTTP/2 requests in Apache Tomcat. When processing an HTTP/2 request, if the request exceeded any of the configured limits for headers, the associated HTTP/2 stream was not reset until after all of the headers had been processed.This issue affects Apache Tomcat: from 11.0.0-M1 through 11.0.0-M16, from 10.1.0-M1 through 10.1.18, from 9.0.0-M1 through 9.0.85, from 8.5.0 through 8.5.98.\n\nUsers are recommended to upgrade to version 11.0.0-M17, 10.1.19, 9.0.86 or 8.5.99 which fix the issue.",
  "severity": [
    {
      "type": "CVSS_V3",
      "score": "CVSS:3.1/AV:N/AC:L/PR:N/UI:N/S:U/C:N/I:N/A:H"
    },
    {
      "type": "CVSS_V4",
      "score": "CVSS:4.0/AV:N/AC:L/AT:N/PR:N/UI:N/VC:N/VI:N/VA:H/SC:N/SI:N/SA:N/E:U"
    }
  ],
  "affected": [
    {
      "package": {
        "ecosystem": "Maven",
        "name": "org.apache.tomcat:tomcat-coyote"
      },
      "ranges": [
        {
          "type": "ECOSYSTEM",
          "events": [
            {
              "introduced": "11.0.0-M1"
            },
            {
              "fixed": "11.0.0-M17"
            }
          ]
        }
      ],
      "database_specific": {
        "last_known_affected_version_range": "<= 11.0.0-M16"
      }
    },
    {
      "package": {
        "ecosystem": "Maven",
        "name": "org.apache.tomcat:tomcat-coyote"
      },
      "ranges": [
        {
          "type": "ECOSYSTEM",
          "events": [
            {
              "introduced": "10.1.0-M1"
            },
            {
              "fixed": "10.1.19"
            }
          ]
        }
      ],
      "database_specific": {
        "last_known_affected_version_range": "<= 10.1.18"
      }
    },
    {
      "package": {
        "ecosystem": "Maven",
        "name": "org.apache.tomcat:tomcat-coyote"
      },
      "ranges": [
        {
          "type": "ECOSYSTEM",
          "events": [
            {
              "introduced": "9.0.0-M1"
            },
            {
              "fixed": "9.0.86"
            }
          ]
        }
      ],
      "database_specific": {
        "last_known_affected_version_range": "<= 9.0.85"
      }
    },
    {
      "package": {
        "ecosystem": "Maven",
        "name": "org.apache.tomcat:tomcat-coyote"
      },
      "ranges": [
        {
          "type": "ECOSYSTEM",
          "events": [
            {
              "introduced": "8.5.0"
            },
            {
              "fixed": "8.5.99"
            }
          ]
        }
      ],
      "database_specific": {
        "last_known_affected_version_range": "<= 8.5.98"
      }
    },
    {
      "package": {
        "ecosystem": "Maven",
        "name": "org.apache.tomcat.embed:tomcat-embed-core"
      },
      "ranges": [
        {
          "type": "ECOSYSTEM",
          "events": [
            {
              "introduced": "8.5.0"
            },
            {
              "fixed": "8.5.99"
            }
          ]
        }
      ],
      "database_specific": {
        "last_known_affected_version_range": "<= 8.5.98"
      }
    },
    {
      "package": {
        "ecosystem": "Maven",
        "name": "org.apache.tomcat.embed:tomcat-embed-core"
      },
      "ranges": [
        {
          "type": "ECOSYSTEM",
          "events": [
            {
              "introduced": "9.0.0-M1"
            },
            {
              "fixed": "9.0.86"
            }
          ]
        }
      ],
      "database_specific": {
        "last_known_affected_version_range": "<= 9.0.85"
      }
    },
    {
      "package": {
        "ecosystem": "Maven",
        "name": "org.apache.tomcat.embed:tomcat-embed-core"
      },
      "ranges": [
        {
          "type": "ECOSYSTEM",
          "events": [
            {
              "introduced": "10.1.0-M1"
            },
            {
              "fixed": "10.1.19"
            }
          ]
        }
      ],
      "database_specific": {
        "last_known_affected_version_range": "<= 10.1.18"
      }
    },
    {
      "package": {
        "ecosystem": "Maven",
        "name": "org.apache.tomcat.embed:tomcat-embed-core"
      },
      "ranges": [
        {
          "type": "ECOSYSTEM",
          "events": [
            {
              "introduced": "11.0.0-M1"
            },
            {
              "fixed": "11.0.0-M17"
            }
          ]
        }
      ],
      "database_specific": {
        "last_known_affected_version_range": "<= 11.0.0-M16"
      }
    }
  ],
  "references": [
    {
      "type": "ADVISORY",
      "url": "https://nvd.nist.gov/vuln/detail/CVE-2024-24549"
    },
    {
      "type": "WEB",
      "url": "https://github.com/apache/tomcat/commit/0cac540a882220231ba7a82330483cbd5f6b1f96"
    },
    {
      "type": "WEB",
      "url": "https://github.com/apache/tomcat/commit/810f49d5ff6d64b704af85d5b8d0aab9ec3c83f5"
    },
    {
      "type": "WEB",
      "url": "https://github.com/apache/tomcat/commit/8e03be9f2698f2da9027d40b9e9c0c9429b74dc0"
    },
    {
      "type": "WEB",
      "url": "https://github.com/apache/tomcat/commit/d07c82194edb69d99b438828fe2cbfadbb207843"
    },
    {
      "type": "PACKAGE",
      "url": "https://github.com/apache/tomcat"
    },
    {
      "type": "WEB",
      "url": "https://lists.apache.org/thread/4c50rmomhbbsdgfjsgwlb51xdwfjdcvg"
    },
    {
      "type": "WEB",
      "url": "https://lists.debian.org/debian-lts-announce/2024/04/msg00001.html"
    },
    {
      "type": "WEB",
      "url": "https://lists.fedoraproject.org/archives/list/package-announce@lists.fedoraproject.org/message/3UWIS5MMGYDZBLJYT674ZI5AWFHDZ46B"
    },
    {
      "type": "WEB",
      "url": "https://lists.fedoraproject.org/archives/list/package-announce@lists.fedoraproject.org/message/736G4GPZWS2DSQO5WKXO3G6OMZKFEK55"
    },
    {
      "type": "WEB",
      "url": "https://security.netapp.com/advisory/ntap-20240402-0002"
    },
    {
      "type": "WEB",
      "url": "http://www.openwall.com/lists/oss-security/2024/03/13/3"
    }
  ],
  "database_specific": {
    "cwe_ids": [
      "CWE-20"
    ],
    "severity": "MODERATE",
    "github_reviewed": true,
    "github_reviewed_at": "2024-03-15T16:27:53Z",
    "nvd_published_at": "2024-03-13T16:15:29Z"
  }
}