{
  "schema_version": "1.4.0",
  "id": "GHSA-mphj-h2fc-62x3",
  "modified": "2024-01-24T21:28:33Z",
  "published": "2022-05-13T01:12:41Z",
  "aliases": [
    "CVE-2014-7832"
  ],
  "summary": "Moodle allows attackers to bypass the mod/lti:view capability requirement",
  "details": "mod/lti/launch.php in the LTI module in Moodle through 2.4.11, 2.5.x before 2.5.9, 2.6.x before 2.6.6, and 2.7.x before 2.7.3 performs access control at the course level rather than at the activity level, which allows remote authenticated users to bypass the mod/lti:view capability requirement by viewing an activity instance.",
  "severity": [],
  "affected": [
    {
      "package": {
        "ecosystem": "Packagist",
        "name": "moodle/moodle"
      },
      "ranges": [
        {
          "type": "ECOSYSTEM",
          "events": [
            {
              "introduced": "0"
            },
            {
              "fixed": "2.5.9"
            }
          ]
        }
      ]
    },
    {
      "package": {
        "ecosystem": "Packagist",
        "name": "moodle/moodle"
      },
      "ranges": [
        {
          "type": "ECOSYSTEM",
          "events": [
            {
              "introduced": "2.6.0"
            },
            {
              "fixed": "2.6.6"
            }
          ]
        }
      ]
    },
    {
      "package": {
        "ecosystem": "Packagist",
        "name": "moodle/moodle"
      },
      "ranges": [
        {
          "type": "ECOSYSTEM",
          "events": [
            {
              "introduced": "2.7.0"
            },
            {
              "fixed": "2.7.3"
            }
          ]
        }
      ]
    }
  ],
  "references": [
    {
      "type": "ADVISORY",
      "url": "https://nvd.nist.gov/vuln/detail/CVE-2014-7832"
    },
    {
      "type": "WEB",
      "url": "https://github.com/moodle/moodle/commit/263f78b8b804fe7dbcd6ffadcadad2c94a0093f7"
    },
    {
      "type": "WEB",
      "url": "https://github.com/moodle/moodle/commit/8e34d8e85b971a01459797799c0696cfeaae9cc0"
    },
    {
      "type": "WEB",
      "url": "https://github.com/moodle/moodle/commit/c844af2569e972195db8bca683c1fdf2ddbc3a59"
    },
    {
      "type": "WEB",
      "url": "https://github.com/moodle/moodle/commit/fe8430e0dc2a50ea8e03d709e95d1226631d0d52"
    },
    {
      "type": "PACKAGE",
      "url": "https://github.com/moodle/moodle"
    },
    {
      "type": "WEB",
      "url": "https://moodle.org/mod/forum/discuss.php?d=275154"
    },
    {
      "type": "WEB",
      "url": "https://web.archive.org/web/20150914064838/http://www.securitytracker.com/id/1031215"
    },
    {
      "type": "WEB",
      "url": "http://git.moodle.org/gw?p=moodle.git&a=search&h=HEAD&st=commit&s=MDL-47921"
    },
    {
      "type": "WEB",
      "url": "http://openwall.com/lists/oss-security/2014/11/17/11"
    }
  ],
  "database_specific": {
    "cwe_ids": [],
    "severity": "MODERATE",
    "github_reviewed": true,
    "github_reviewed_at": "2024-01-24T21:28:33Z",
    "nvd_published_at": "2014-11-24T11:59:00Z"
  }
}