{
  "schema_version": "1.4.0",
  "id": "GHSA-xr8f-59pp-rxxh",
  "modified": "2022-07-07T23:10:41Z",
  "published": "2022-05-24T22:00:33Z",
  "aliases": [
    "CVE-2019-1302"
  ],
  "summary": "Elevation of privilege in ASP.NET Core",
  "details": "An elevation of privilege vulnerability exists when a ASP.NET Core web application, created using vulnerable project templates, fails to properly sanitize web requests, aka 'ASP.NET Core Elevation Of Privilege Vulnerability'.",
  "severity": [],
  "affected": [
    {
      "package": {
        "ecosystem": "NuGet",
        "name": "Microsoft.AspNetCore.SpaServices"
      },
      "ranges": [
        {
          "type": "ECOSYSTEM",
          "events": [
            {
              "introduced": "2.2.0"
            },
            {
              "fixed": "2.2.7"
            }
          ]
        }
      ]
    },
    {
      "package": {
        "ecosystem": "NuGet",
        "name": "Microsoft.AspNetCore.SpaServices"
      },
      "ranges": [
        {
          "type": "ECOSYSTEM",
          "events": [
            {
              "introduced": "2.1.0"
            },
            {
              "fixed": "2.1.13"
            }
          ]
        }
      ]
    }
  ],
  "references": [
    {
      "type": "ADVISORY",
      "url": "https://nvd.nist.gov/vuln/detail/CVE-2019-1302"
    },
    {
      "type": "WEB",
      "url": "https://github.com/aspnet/Announcements/issues/384"
    },
    {
      "type": "WEB",
      "url": "https://github.com/github/advisory-database/issues/302"
    },
    {
      "type": "WEB",
      "url": "https://portal.msrc.microsoft.com/en-US/security-guidance/advisory/CVE-2019-1302"
    }
  ],
  "database_specific": {
    "cwe_ids": [],
    "severity": "MODERATE",
    "github_reviewed": true,
    "github_reviewed_at": "2022-07-07T23:10:41Z",
    "nvd_published_at": "2019-09-11T22:15:00Z"
  }
}