{
  "schema_version": "1.4.0",
  "id": "GHSA-q6rq-4whr-r879",
  "modified": "2023-10-27T13:02:50Z",
  "published": "2022-05-24T17:33:07Z",
  "aliases": [
    "CVE-2020-2302"
  ],
  "summary": "Missing permission check in Jenkins Active Directory Plugin allows accessing domain health check page",
  "details": "Jenkins Active Directory Plugin 2.19 and earlier does not perform a permission check in an HTTP endpoint.\n\nThis allows attackers with Overall/Read permission to access the domain health check diagnostic page.\n\nJenkins Active Directory Plugin 2.20 requires Overall/Administer permission to access the domain health check diagnostic page.",
  "severity": [
    {
      "type": "CVSS_V3",
      "score": "CVSS:3.1/AV:N/AC:L/PR:L/UI:N/S:U/C:L/I:N/A:N"
    }
  ],
  "affected": [
    {
      "package": {
        "ecosystem": "Maven",
        "name": "org.jenkins-ci.plugins:active-directory"
      },
      "ranges": [
        {
          "type": "ECOSYSTEM",
          "events": [
            {
              "introduced": "0"
            },
            {
              "fixed": "2.20"
            }
          ]
        }
      ]
    }
  ],
  "references": [
    {
      "type": "ADVISORY",
      "url": "https://nvd.nist.gov/vuln/detail/CVE-2020-2302"
    },
    {
      "type": "WEB",
      "url": "https://github.com/jenkinsci/active-directory-plugin/commit/e6b5f2bf2f441bd679d35db1bd6f9576b148e3cb"
    },
    {
      "type": "PACKAGE",
      "url": "https://github.com/jenkinsci/active-directory-plugin"
    },
    {
      "type": "WEB",
      "url": "https://www.jenkins.io/security/advisory/2020-11-04/#SECURITY-1999"
    }
  ],
  "database_specific": {
    "cwe_ids": [
      "CWE-862"
    ],
    "severity": "MODERATE",
    "github_reviewed": true,
    "github_reviewed_at": "2022-12-21T19:25:23Z",
    "nvd_published_at": "2020-11-04T15:15:00Z"
  }
}