{
  "schema_version": "1.4.0",
  "id": "GHSA-9w38-p64v-xpmv",
  "modified": "2025-02-13T19:04:48Z",
  "published": "2024-03-21T09:31:14Z",
  "aliases": [
    "CVE-2024-29133"
  ],
  "summary": "Apache Commons Configuration: StackOverflowError calling ListDelimiterHandler.flatten(Object, int) with a cyclical object tree",
  "details": "This Out-of-bounds Write vulnerability in Apache Commons Configuration affects Apache Commons Configuration: from 2.0 before 2.10.1. User can see this as a 'StackOverflowError' calling 'ListDelimiterHandler.flatten(Object, int)' with a cyclical object tree.\nUsers are recommended to upgrade to version 2.10.1, which fixes the issue.",
  "severity": [
    {
      "type": "CVSS_V3",
      "score": "CVSS:3.1/AV:N/AC:L/PR:N/UI:N/S:U/C:N/I:L/A:L"
    },
    {
      "type": "CVSS_V4",
      "score": "CVSS:4.0/AV:N/AC:L/AT:N/PR:N/UI:N/VC:N/VI:L/VA:L/SC:N/SI:N/SA:N"
    }
  ],
  "affected": [
    {
      "package": {
        "ecosystem": "Maven",
        "name": "org.apache.commons:commons-configuration2"
      },
      "ranges": [
        {
          "type": "ECOSYSTEM",
          "events": [
            {
              "introduced": "2.0"
            },
            {
              "fixed": "2.10.1"
            }
          ]
        }
      ]
    }
  ],
  "references": [
    {
      "type": "ADVISORY",
      "url": "https://nvd.nist.gov/vuln/detail/CVE-2024-29133"
    },
    {
      "type": "WEB",
      "url": "https://github.com/apache/commons-configuration/commit/43f4dab021e9acb8db390db2ae80aa0cee4f9ee4"
    },
    {
      "type": "WEB",
      "url": "https://issues.apache.org/jira/browse/CONFIGURATION-841"
    },
    {
      "type": "WEB",
      "url": "https://lists.apache.org/thread/ccb9w15bscznh6tnp3wsvrrj9crbszh2"
    },
    {
      "type": "WEB",
      "url": "https://lists.fedoraproject.org/archives/list/package-announce@lists.fedoraproject.org/message/SNKDKEEKZNL5FGCTZKJ6CFXFVWFL5FJ7"
    },
    {
      "type": "WEB",
      "url": "https://lists.fedoraproject.org/archives/list/package-announce@lists.fedoraproject.org/message/YD4AFTIIQW662LUAQRMWS6BBKYSZG3YS"
    },
    {
      "type": "PACKAGE",
      "url": "apache/commons-configuration"
    },
    {
      "type": "WEB",
      "url": "http://www.openwall.com/lists/oss-security/2024/03/20/3"
    }
  ],
  "database_specific": {
    "cwe_ids": [
      "CWE-787"
    ],
    "severity": "MODERATE",
    "github_reviewed": true,
    "github_reviewed_at": "2024-03-21T18:59:08Z",
    "nvd_published_at": "2024-03-21T09:15:07Z"
  }
}