{
  "schema_version": "1.4.0",
  "id": "GHSA-h5cx-w235-58hm",
  "modified": "2022-12-06T21:51:05Z",
  "published": "2022-05-24T16:58:49Z",
  "aliases": [
    "CVE-2019-10442"
  ],
  "summary": "Jenkins iceScrum Plugin vulnerable to Missing Authorization",
  "details": "A missing permission check in Jenkins iceScrum Plugin prior to version 1.1.6 allows attackers with Overall/Read permission to connect to an attacker-specified URL using attacker-specified credentials. This issue is patched in version 1.1.6",
  "severity": [
    {
      "type": "CVSS_V3",
      "score": "CVSS:3.1/AV:N/AC:L/PR:L/UI:N/S:U/C:N/I:L/A:N"
    }
  ],
  "affected": [
    {
      "package": {
        "ecosystem": "Maven",
        "name": "org.jenkins-ci.plugins:icescrum"
      },
      "ranges": [
        {
          "type": "ECOSYSTEM",
          "events": [
            {
              "introduced": "0"
            },
            {
              "fixed": "1.1.6"
            }
          ]
        }
      ]
    }
  ],
  "references": [
    {
      "type": "ADVISORY",
      "url": "https://nvd.nist.gov/vuln/detail/CVE-2019-10442"
    },
    {
      "type": "WEB",
      "url": "https://github.com/jenkinsci/icescrum-plugin/commit/2e248f7e2cfc5deb2d796f9fbaf42d8ea33ccad4"
    },
    {
      "type": "PACKAGE",
      "url": "https://github.com/jenkinsci/icescrum-plugin"
    },
    {
      "type": "WEB",
      "url": "https://jenkins.io/security/advisory/2019-10-16/#SECURITY-1484"
    },
    {
      "type": "WEB",
      "url": "http://www.openwall.com/lists/oss-security/2019/10/16/6"
    }
  ],
  "database_specific": {
    "cwe_ids": [
      "CWE-862"
    ],
    "severity": "MODERATE",
    "github_reviewed": true,
    "github_reviewed_at": "2022-12-06T21:51:05Z",
    "nvd_published_at": "2019-10-16T14:15:00Z"
  }
}