{
  "schema_version": "1.4.0",
  "id": "GHSA-xp3g-2729-rxm3",
  "modified": "2023-01-24T18:05:17Z",
  "published": "2023-01-16T03:30:25Z",
  "aliases": [
    "CVE-2023-0316"
  ],
  "summary": "Froxlor is vulnerable to path traversal",
  "details": "Path Traversal: '\\..\\filename' in GitHub repository froxlor/froxlor prior to 2.0.0.",
  "severity": [
    {
      "type": "CVSS_V3",
      "score": "CVSS:3.1/AV:L/AC:L/PR:L/UI:N/S:U/C:H/I:N/A:N"
    }
  ],
  "affected": [
    {
      "package": {
        "ecosystem": "Packagist",
        "name": "froxlor/froxlor"
      },
      "ranges": [
        {
          "type": "ECOSYSTEM",
          "events": [
            {
              "introduced": "0"
            },
            {
              "fixed": "2.0.0"
            }
          ]
        }
      ]
    }
  ],
  "references": [
    {
      "type": "ADVISORY",
      "url": "https://nvd.nist.gov/vuln/detail/CVE-2023-0316"
    },
    {
      "type": "WEB",
      "url": "https://github.com/froxlor/froxlor/commit/983d9294603925018225d672795bd8b4a526f41e"
    },
    {
      "type": "PACKAGE",
      "url": "https://github.com/Froxlor/Froxlor"
    },
    {
      "type": "WEB",
      "url": "https://huntr.dev/bounties/c190e42a-4806-47aa-aa1e-ff5d6407e244"
    }
  ],
  "database_specific": {
    "cwe_ids": [
      "CWE-29"
    ],
    "severity": "MODERATE",
    "github_reviewed": true,
    "github_reviewed_at": "2023-01-19T18:24:42Z",
    "nvd_published_at": "2023-01-16T01:15:00Z"
  }
}