{
  "schema_version": "1.4.0",
  "id": "GHSA-8x8p-mfwv-9fjw",
  "modified": "2023-02-08T18:01:50Z",
  "published": "2022-05-17T03:53:31Z",
  "aliases": [
    "CVE-2014-3680"
  ],
  "summary": "Jenkins Exposure of Sensitive Information to an Unauthorized Actor vulnerability",
  "details": "Jenkins before 1.583 and LTS before 1.565.3 allows remote authenticated users with the Job/READ permission to obtain the default value for the password field of a parameterized job by reading the DOM.",
  "severity": [],
  "affected": [
    {
      "package": {
        "ecosystem": "Maven",
        "name": "org.jenkins-ci.main:jenkins-core"
      },
      "ranges": [
        {
          "type": "ECOSYSTEM",
          "events": [
            {
              "introduced": "1.566"
            },
            {
              "fixed": "1.583"
            }
          ]
        }
      ]
    },
    {
      "package": {
        "ecosystem": "Maven",
        "name": "org.jenkins-ci.main:jenkins-core"
      },
      "ranges": [
        {
          "type": "ECOSYSTEM",
          "events": [
            {
              "introduced": "0"
            },
            {
              "fixed": "1.565.3"
            }
          ]
        }
      ]
    }
  ],
  "references": [
    {
      "type": "ADVISORY",
      "url": "https://nvd.nist.gov/vuln/detail/CVE-2014-3680"
    },
    {
      "type": "WEB",
      "url": "https://access.redhat.com/errata/RHSA-2016:0070"
    },
    {
      "type": "WEB",
      "url": "https://access.redhat.com/security/cve/CVE-2014-3680"
    },
    {
      "type": "WEB",
      "url": "https://bugzilla.redhat.com/show_bug.cgi?id=1148645"
    },
    {
      "type": "WEB",
      "url": "https://wiki.jenkins-ci.org/display/SECURITY/Jenkins+Security+Advisory+2014-10-01"
    }
  ],
  "database_specific": {
    "cwe_ids": [
      "CWE-200"
    ],
    "severity": "MODERATE",
    "github_reviewed": true,
    "github_reviewed_at": "2023-02-08T18:01:50Z",
    "nvd_published_at": "2014-10-16T19:55:00Z"
  }
}