{
  "schema_version": "1.4.0",
  "id": "GHSA-364w-9g92-3grq",
  "modified": "2021-11-17T22:04:33Z",
  "published": "2021-11-16T23:40:08Z",
  "withdrawn": "2021-11-17T15:41:54Z",
  "aliases": [
    "CVE-2021-43617"
  ],
  "summary": "Withdrawn: Laravel Framework does not sufficiently block the upload of executable PHP content.",
  "details": "# Withdrawn\n\nThis advisory has been withdrawn after the maintainers of Laravel noted this issue is not a security vulnerability with Laravel itself, but rather a userland issue.\n\n## Original CVE based description\n\nLaravel Framework through 8.70.2 does not sufficiently block the upload of executable PHP content because Illuminate/Validation/Concerns/ValidatesAttributes.php lacks a check for .phar files, which are handled as application/x-httpd-php on systems based on Debian. In some use cases, this may be related to file-type validation for image upload (e.g., differences between getClientOriginalExtension and other approaches).",
  "severity": [],
  "affected": [
    {
      "package": {
        "ecosystem": "Packagist",
        "name": "laravel/framework"
      },
      "ranges": [
        {
          "type": "ECOSYSTEM",
          "events": [
            {
              "introduced": "0"
            },
            {
              "last_affected": "8.70.2"
            }
          ]
        }
      ]
    }
  ],
  "references": [
    {
      "type": "ADVISORY",
      "url": "https://nvd.nist.gov/vuln/detail/CVE-2021-43617"
    },
    {
      "type": "PACKAGE",
      "url": "https://github.com/laravel/framework"
    },
    {
      "type": "WEB",
      "url": "https://github.com/laravel/framework/blob/2049de73aa099a113a287587df4cc522c90961f5/src/Illuminate/Validation/Concerns/ValidatesAttributes.php#L1130-L1132"
    },
    {
      "type": "WEB",
      "url": "https://github.com/laravel/framework/blob/2049de73aa099a113a287587df4cc522c90961f5/src/Illuminate/Validation/Concerns/ValidatesAttributes.php#L1331-L1333"
    },
    {
      "type": "WEB",
      "url": "https://hosein-vita.medium.com/laravel-8-x-image-upload-bypass-zero-day-852bd806019b"
    },
    {
      "type": "WEB",
      "url": "https://salsa.debian.org/php-team/php/-/blob/dc253886b5b2e9bc8d9e36db787abb083a667fd8/debian/php-cgi.conf#L5-6"
    },
    {
      "type": "WEB",
      "url": "https://salsa.debian.org/php-team/php/-/commit/dc253886b5b2e9bc8d9e36db787abb083a667fd8"
    }
  ],
  "database_specific": {
    "cwe_ids": [
      "CWE-434"
    ],
    "severity": "MODERATE",
    "github_reviewed": true,
    "github_reviewed_at": "2021-11-15T22:20:46Z",
    "nvd_published_at": "2021-11-14T16:15:00Z"
  }
}