{
  "schema_version": "1.4.0",
  "id": "GHSA-wq8q-99p5-xfrw",
  "modified": "2023-11-28T20:53:29Z",
  "published": "2023-11-27T12:30:55Z",
  "aliases": [
    "CVE-2023-43701"
  ],
  "summary": "Apache Superset Cross-site Scripting vulnerability",
  "details": "Improper payload validation and an improper REST API response type, made it possible for an authenticated malicious actor to store malicious code into Chart's metadata, this code could get executed if a user specifically accesses a specific deprecated API endpoint.\u00a0This issue affects Apache Superset versions prior to 2.1.2.\u00a0\nUsers are recommended to upgrade to version 2.1.2, which fixes this issue.",
  "severity": [
    {
      "type": "CVSS_V3",
      "score": "CVSS:3.1/AV:N/AC:L/PR:L/UI:N/S:U/C:L/I:N/A:N"
    }
  ],
  "affected": [
    {
      "package": {
        "ecosystem": "PyPI",
        "name": "apache-superset"
      },
      "ranges": [
        {
          "type": "ECOSYSTEM",
          "events": [
            {
              "introduced": "0"
            },
            {
              "fixed": "2.1.2"
            }
          ]
        }
      ]
    }
  ],
  "references": [
    {
      "type": "ADVISORY",
      "url": "https://nvd.nist.gov/vuln/detail/CVE-2023-43701"
    },
    {
      "type": "PACKAGE",
      "url": "https://github.com/apache/superset"
    },
    {
      "type": "WEB",
      "url": "https://lists.apache.org/thread/4dnr1knk50fw60jxkjgqj228f0xcc892"
    },
    {
      "type": "WEB",
      "url": "https://www.openwall.com/lists/oss-security/2023/11/27/4"
    },
    {
      "type": "WEB",
      "url": "http://www.openwall.com/lists/oss-security/2023/11/27/4"
    }
  ],
  "database_specific": {
    "cwe_ids": [
      "CWE-79"
    ],
    "severity": "MODERATE",
    "github_reviewed": true,
    "github_reviewed_at": "2023-11-28T20:53:29Z",
    "nvd_published_at": "2023-11-27T11:15:07Z"
  }
}