{
  "schema_version": "1.4.0",
  "id": "GHSA-pwrm-8mvm-p2f2",
  "modified": "2024-01-09T22:40:41Z",
  "published": "2022-05-13T01:50:55Z",
  "aliases": [
    "CVE-2018-1999032"
  ],
  "summary": "Jenkins Agiletestware Pangolin Connector for TestRail Plugin CSRF vulnerability and missing permission checks",
  "details": "A data modification vulnerability exists in Jenkins Agiletestware Pangolin Connector for TestRail Plugin 2.1 and earlier in GlobalConfig.java that allows attackers with Overall/Read permission to override this plugin's configuration by sending crafted HTTP requests to an unprotected endpoint.",
  "severity": [
    {
      "type": "CVSS_V3",
      "score": "CVSS:3.0/AV:N/AC:L/PR:L/UI:N/S:U/C:N/I:H/A:N"
    }
  ],
  "affected": [
    {
      "package": {
        "ecosystem": "Maven",
        "name": "org.jenkins-ci.plugins:pangolin-testrail-connector"
      },
      "ranges": [
        {
          "type": "ECOSYSTEM",
          "events": [
            {
              "introduced": "0"
            },
            {
              "fixed": "2.2"
            }
          ]
        }
      ],
      "database_specific": {
        "last_known_affected_version_range": "<= 2.1"
      }
    }
  ],
  "references": [
    {
      "type": "ADVISORY",
      "url": "https://nvd.nist.gov/vuln/detail/CVE-2018-1999032"
    },
    {
      "type": "WEB",
      "url": "https://github.com/jenkinsci/pangolin-testrail-connector-plugin/commit/53dac4413cca6947566589c0d0f85dee0100ffd5"
    },
    {
      "type": "PACKAGE",
      "url": "https://github.com/jenkinsci/pangolin-testrail-connector-plugin"
    },
    {
      "type": "WEB",
      "url": "https://jenkins.io/security/advisory/2018-07-30/#SECURITY-995"
    }
  ],
  "database_specific": {
    "cwe_ids": [
      "CWE-269"
    ],
    "severity": "MODERATE",
    "github_reviewed": true,
    "github_reviewed_at": "2024-01-09T22:40:41Z",
    "nvd_published_at": "2018-08-01T13:29:00Z"
  }
}