{
  "schema_version": "1.4.0",
  "id": "GHSA-6346-5r4h-ff5x",
  "modified": "2022-05-26T19:47:21Z",
  "published": "2022-05-05T00:00:26Z",
  "aliases": [
    "CVE-2022-1555"
  ],
  "summary": "Microweber vulnerable to cross-site scripting (XSS)",
  "details": "Microweber is a drag and drop website builder and a powerful next generation CMS. Microweber versions 1.2.15 and prior are vulnerable to cross-site scripting. This could lead to injection of arbitrary JaveScript code, defacement of a page, or stealing cookies. A patch is available on the `master` branch of Microweber's GitHub repository.",
  "severity": [
    {
      "type": "CVSS_V3",
      "score": "CVSS:3.1/AV:N/AC:L/PR:N/UI:R/S:C/C:L/I:L/A:N"
    }
  ],
  "affected": [
    {
      "package": {
        "ecosystem": "Packagist",
        "name": "microweber/microweber"
      },
      "ranges": [
        {
          "type": "ECOSYSTEM",
          "events": [
            {
              "introduced": "0"
            },
            {
              "last_affected": "1.2.15"
            }
          ]
        }
      ]
    }
  ],
  "references": [
    {
      "type": "ADVISORY",
      "url": "https://nvd.nist.gov/vuln/detail/CVE-2022-1555"
    },
    {
      "type": "WEB",
      "url": "https://github.com/microweber/microweber/commit/724e2d186a33c0c27273107dc4f160a09384877f"
    },
    {
      "type": "PACKAGE",
      "url": "https://github.com/microweber/microweber"
    },
    {
      "type": "WEB",
      "url": "https://huntr.dev/bounties/d9f9b5bd-16f3-4eaa-9e36-d4958b557687"
    }
  ],
  "database_specific": {
    "cwe_ids": [
      "CWE-79"
    ],
    "severity": "MODERATE",
    "github_reviewed": true,
    "github_reviewed_at": "2022-05-05T21:08:06Z",
    "nvd_published_at": "2022-05-04T09:15:00Z"
  }
}