{
  "schema_version": "1.4.0",
  "id": "GHSA-28hp-fgcr-2r4h",
  "modified": "2021-02-24T18:32:36Z",
  "published": "2019-06-27T17:25:42Z",
  "aliases": [],
  "summary": "Cross-Site Scripting via JSONP",
  "details": "JSONP allows untrusted resource URLs, which provides a vector for attack by malicious actors.",
  "severity": [],
  "affected": [
    {
      "package": {
        "ecosystem": "npm",
        "name": "angular"
      },
      "ranges": [
        {
          "type": "ECOSYSTEM",
          "events": [
            {
              "introduced": "0"
            },
            {
              "fixed": "1.6.0"
            }
          ]
        }
      ]
    }
  ],
  "references": [
    {
      "type": "WEB",
      "url": "https://github.com/angular/angular.js/commit/6476af83cd0418c84e034a955b12a842794385c4"
    },
    {
      "type": "WEB",
      "url": "https://www.npmjs.com/advisories/1630"
    }
  ],
  "database_specific": {
    "cwe_ids": [
      "CWE-79"
    ],
    "severity": "MODERATE",
    "github_reviewed": true,
    "github_reviewed_at": "2019-06-27T15:51:47Z",
    "nvd_published_at": null
  }
}