{
  "schema_version": "1.4.0",
  "id": "GHSA-prcq-52f8-fp44",
  "modified": "2024-09-05T21:32:21Z",
  "published": "2022-05-17T05:19:14Z",
  "aliases": [
    "CVE-2012-3446"
  ],
  "summary": "Apache Libcloud vulnerable to certificate impersonation",
  "details": "Apache Libcloud before 0.11.1 uses an incorrect regular expression during verification of whether the server hostname matches a domain name in the subject's Common Name (CN) or subjectAltName field of the X.509 certificate, which allows man-in-the-middle attackers to spoof SSL servers via a crafted certificate.",
  "severity": [
    {
      "type": "CVSS_V3",
      "score": "CVSS:3.1/AV:N/AC:H/PR:N/UI:N/S:U/C:N/I:H/A:N"
    }
  ],
  "affected": [
    {
      "package": {
        "ecosystem": "PyPI",
        "name": "apache-libcloud"
      },
      "ranges": [
        {
          "type": "ECOSYSTEM",
          "events": [
            {
              "introduced": "0"
            },
            {
              "fixed": "0.11.1"
            }
          ]
        }
      ]
    }
  ],
  "references": [
    {
      "type": "ADVISORY",
      "url": "https://nvd.nist.gov/vuln/detail/CVE-2012-3446"
    },
    {
      "type": "WEB",
      "url": "https://github.com/apache/libcloud/commit/f2af5502dae3ac63e656dd1b7d5f29cc82ded401"
    },
    {
      "type": "PACKAGE",
      "url": "https://github.com/apache/libcloud"
    },
    {
      "type": "WEB",
      "url": "https://github.com/pypa/advisory-database/tree/main/vulns/apache-libcloud/PYSEC-2012-12.yaml"
    },
    {
      "type": "WEB",
      "url": "https://svn.apache.org/repos/asf/libcloud/trunk/CHANGES"
    },
    {
      "type": "WEB",
      "url": "http://www.cs.utexas.edu/~shmat/shmat_ccs12.pdf"
    }
  ],
  "database_specific": {
    "cwe_ids": [
      "CWE-185",
      "CWE-20",
      "CWE-295"
    ],
    "severity": "MODERATE",
    "github_reviewed": true,
    "github_reviewed_at": "2024-01-12T20:09:02Z",
    "nvd_published_at": "2012-11-04T22:55:00Z"
  }
}