{
  "schema_version": "1.4.0",
  "id": "GHSA-v7cq-pq7v-mh5v",
  "modified": "2024-02-12T16:48:29Z",
  "published": "2022-05-01T07:45:41Z",
  "aliases": [
    "CVE-2006-7217"
  ],
  "summary": "Apache Derby SQL Injection",
  "details": "Apache Derby before 10.2.1.6 does not determine schema privilege requirements during the DropSchemaNode bind phase, which allows remote authenticated users to execute arbitrary drop schema statements in SQL authorization mode.",
  "severity": [],
  "affected": [
    {
      "package": {
        "ecosystem": "Maven",
        "name": "org.apache.derby:derby"
      },
      "ranges": [
        {
          "type": "ECOSYSTEM",
          "events": [
            {
              "introduced": "0"
            },
            {
              "fixed": "10.2.1.6"
            }
          ]
        }
      ]
    }
  ],
  "references": [
    {
      "type": "ADVISORY",
      "url": "https://nvd.nist.gov/vuln/detail/CVE-2006-7217"
    },
    {
      "type": "WEB",
      "url": "https://github.com/apache/derby/commit/28c633d82a776c90fd1cd835a0b66d1c8916d31a"
    },
    {
      "type": "PACKAGE",
      "url": "https://github.com/apache/derby"
    },
    {
      "type": "WEB",
      "url": "https://svn.apache.org/viewvc?view=revision&revision=449869"
    },
    {
      "type": "WEB",
      "url": "https://web.archive.org/web/20090406213028/http://www.novell.com/linux/security/advisories/suse_security_summary_report.html"
    },
    {
      "type": "WEB",
      "url": "https://web.archive.org/web/20200301122517/https://issues.apache.org/jira/browse/DERBY-1858"
    },
    {
      "type": "WEB",
      "url": "http://db.apache.org/derby/releases/release-10.2.1.6.html"
    }
  ],
  "database_specific": {
    "cwe_ids": [
      "CWE-89"
    ],
    "severity": "MODERATE",
    "github_reviewed": true,
    "github_reviewed_at": "2024-02-12T16:48:29Z",
    "nvd_published_at": "2007-07-05T20:30:00Z"
  }
}