{
  "schema_version": "1.4.0",
  "id": "GHSA-78vg-7v27-hj67",
  "modified": "2024-11-18T16:27:11Z",
  "published": "2024-09-10T15:53:10Z",
  "aliases": [
    "CVE-2024-45592"
  ],
  "summary": "auditor-bundle vulnerable to Cross-site Scripting because name of entity does not get escaped",
  "details": "### Summary\nUnescaped entity property enables Javascript injection.\n\n### Details\nI think this is possible because %source_label% in twig macro is not escaped. Therefore script tags can be inserted and are executed.\n\n### PoC\n- clone example project https://github.com/DamienHarper/auditor-bundle-demo\n- create author with FullName <script>alert()</script>\n- delete author\n- view audit of authors\n- alert is displayed\n\n### Impact\npersistent XSS. JS can be injected and executed.\n",
  "severity": [
    {
      "type": "CVSS_V3",
      "score": "CVSS:3.1/AV:N/AC:L/PR:L/UI:R/S:C/C:H/I:L/A:L"
    },
    {
      "type": "CVSS_V4",
      "score": "CVSS:4.0/AV:N/AC:L/AT:N/PR:L/UI:P/VC:N/VI:N/VA:N/SC:H/SI:L/SA:L"
    }
  ],
  "affected": [
    {
      "package": {
        "ecosystem": "Packagist",
        "name": "damienharper/auditor-bundle"
      },
      "ranges": [
        {
          "type": "ECOSYSTEM",
          "events": [
            {
              "introduced": "0"
            },
            {
              "fixed": "5.2.6"
            }
          ]
        }
      ]
    }
  ],
  "references": [
    {
      "type": "WEB",
      "url": "https://github.com/DamienHarper/auditor-bundle/security/advisories/GHSA-78vg-7v27-hj67"
    },
    {
      "type": "ADVISORY",
      "url": "https://nvd.nist.gov/vuln/detail/CVE-2024-45592"
    },
    {
      "type": "WEB",
      "url": "https://github.com/DamienHarper/auditor-bundle/commit/42ba2940d8b99467de0c806ea5655cc1c6882cd1"
    },
    {
      "type": "WEB",
      "url": "https://github.com/DamienHarper/auditor-bundle/commit/e7deb377fa89677d44973b486d26d6a7374233ae"
    },
    {
      "type": "PACKAGE",
      "url": "https://github.com/DamienHarper/auditor-bundle"
    }
  ],
  "database_specific": {
    "cwe_ids": [
      "CWE-79"
    ],
    "severity": "MODERATE",
    "github_reviewed": true,
    "github_reviewed_at": "2024-09-10T15:53:10Z",
    "nvd_published_at": "2024-09-10T16:15:21Z"
  }
}