{
  "schema_version": "1.4.0",
  "id": "GHSA-c5fp-x2h5-vjv7",
  "modified": "2022-09-30T00:00:47Z",
  "published": "2022-09-25T00:00:27Z",
  "aliases": [
    "CVE-2022-33681"
  ],
  "summary": "Apache Pulsar Java Client vulnerable to Improper Certificate Validation",
  "details": "Delayed TLS hostname verification in the Pulsar Java Client and the Pulsar Proxy make each client vulnerable to a man in the middle attack. Connections from the Pulsar Java Client to the Pulsar Broker/Proxy and connections from the Pulsar Proxy to the Pulsar Broker are vulnerable. Authentication data is sent before verifying the server\u2019s TLS certificate matches the hostname, which means authentication data could be exposed to an attacker. An attacker can only take advantage of this vulnerability by taking control of a machine 'between' the client and the server. The attacker must then actively manipulate traffic to perform the attack by providing the client with a cryptographically valid certificate for an unrelated host. Because the client sends authentication data before performing hostname verification, an attacker could gain access to the client\u2019s authentication data. The client eventually closes the connection when it verifies the hostname and identifies the targeted hostname does not match a hostname on the certificate. Because the client eventually closes the connection, the value of the intercepted authentication data depends on the authentication method used by the client. Token based authentication and username/password authentication methods are vulnerable because the authentication data can be used to impersonate the client in a separate session. This issue affects Apache Pulsar Java Client versions 2.7.0 to 2.7.4; 2.8.0 to 2.8.3; 2.9.0 to 2.9.2; 2.10.0; 2.6.4 and earlier.",
  "severity": [
    {
      "type": "CVSS_V3",
      "score": "CVSS:3.1/AV:N/AC:H/PR:N/UI:N/S:U/C:H/I:N/A:N"
    }
  ],
  "affected": [
    {
      "package": {
        "ecosystem": "Maven",
        "name": "org.apache.pulsar:pulsar-client"
      },
      "ranges": [
        {
          "type": "ECOSYSTEM",
          "events": [
            {
              "introduced": "0"
            },
            {
              "fixed": "2.7.5"
            }
          ]
        }
      ]
    },
    {
      "package": {
        "ecosystem": "Maven",
        "name": "org.apache.pulsar:pulsar-client"
      },
      "ranges": [
        {
          "type": "ECOSYSTEM",
          "events": [
            {
              "introduced": "2.8.0"
            },
            {
              "fixed": "2.8.4"
            }
          ]
        }
      ]
    },
    {
      "package": {
        "ecosystem": "Maven",
        "name": "org.apache.pulsar:pulsar-client"
      },
      "ranges": [
        {
          "type": "ECOSYSTEM",
          "events": [
            {
              "introduced": "2.9.0"
            },
            {
              "fixed": "2.9.3"
            }
          ]
        }
      ]
    },
    {
      "package": {
        "ecosystem": "Maven",
        "name": "org.apache.pulsar:pulsar-client"
      },
      "ranges": [
        {
          "type": "ECOSYSTEM",
          "events": [
            {
              "introduced": "2.10.0"
            },
            {
              "fixed": "2.10.1"
            }
          ]
        }
      ],
      "versions": [
        "2.10.0"
      ]
    }
  ],
  "references": [
    {
      "type": "ADVISORY",
      "url": "https://nvd.nist.gov/vuln/detail/CVE-2022-33681"
    },
    {
      "type": "PACKAGE",
      "url": "https://github.com/apache/pulsar/tree/db26073728bf86fc80deecaece2dc02b50bbb9b5/pulsar-client"
    },
    {
      "type": "WEB",
      "url": "https://lists.apache.org/thread/fpo6x10trvn20hlk0dmnr5vlz5v4kl3d"
    }
  ],
  "database_specific": {
    "cwe_ids": [
      "CWE-295"
    ],
    "severity": "MODERATE",
    "github_reviewed": true,
    "github_reviewed_at": "2022-09-30T00:00:47Z",
    "nvd_published_at": "2022-09-23T10:15:00Z"
  }
}