{
  "schema_version": "1.4.0",
  "id": "GHSA-wv99-wmpf-jrqr",
  "modified": "2023-05-24T18:04:41Z",
  "published": "2023-05-24T15:30:27Z",
  "aliases": [
    "CVE-2023-33942"
  ],
  "summary": "Cross-site scripting in Liferay Portal",
  "details": "Cross-site scripting (XSS) vulnerability in the Web Content Display widget's article selector in Liferay Liferay Portal 7.4.3.50, and Liferay DXP 7.4 update 50 allows remote attackers to inject arbitrary web script or HTML via a crafted payload injected into a web content article's `Title` field.",
  "severity": [
    {
      "type": "CVSS_V3",
      "score": "CVSS:3.1/AV:N/AC:L/PR:L/UI:N/S:C/C:L/I:L/A:N"
    }
  ],
  "affected": [
    {
      "package": {
        "ecosystem": "Maven",
        "name": "com.liferay.portal:release.portal.bom"
      },
      "ranges": [
        {
          "type": "ECOSYSTEM",
          "events": [
            {
              "introduced": "7.4.3.50"
            },
            {
              "fixed": "7.4.3.51"
            }
          ]
        }
      ],
      "versions": [
        "7.4.3.50"
      ]
    }
  ],
  "references": [
    {
      "type": "ADVISORY",
      "url": "https://nvd.nist.gov/vuln/detail/CVE-2023-33942"
    },
    {
      "type": "PACKAGE",
      "url": "https://github.com/liferay/liferay-portal"
    },
    {
      "type": "WEB",
      "url": "https://liferay.dev/portal/security/known-vulnerabilities/-/asset_publisher/jekt/content/cve-2023-33942"
    }
  ],
  "database_specific": {
    "cwe_ids": [
      "CWE-79"
    ],
    "severity": "MODERATE",
    "github_reviewed": true,
    "github_reviewed_at": "2023-05-24T18:04:41Z",
    "nvd_published_at": "2023-05-24T15:15:09Z"
  }
}