{
  "schema_version": "1.4.0",
  "id": "GHSA-5qx5-vg5w-5mx3",
  "modified": "2023-10-27T16:16:02Z",
  "published": "2022-01-13T00:00:54Z",
  "aliases": [
    "CVE-2022-23108"
  ],
  "summary": "Stored XSS vulnerability in Jenkins Badge Plugin",
  "details": "Jenkins Badge Plugin 1.9 and earlier does not escape the description and does not check for allowed protocols when creating a badge, resulting in a stored cross-site scripting (XSS) vulnerability exploitable by attackers with Item/Configure permission.",
  "severity": [
    {
      "type": "CVSS_V3",
      "score": "CVSS:3.1/AV:N/AC:L/PR:L/UI:R/S:C/C:L/I:L/A:N"
    }
  ],
  "affected": [
    {
      "package": {
        "ecosystem": "Maven",
        "name": "org.jenkins-ci.plugins:badge"
      },
      "ranges": [
        {
          "type": "ECOSYSTEM",
          "events": [
            {
              "introduced": "0"
            },
            {
              "fixed": "1.9.1"
            }
          ]
        }
      ]
    }
  ],
  "references": [
    {
      "type": "ADVISORY",
      "url": "https://nvd.nist.gov/vuln/detail/CVE-2022-23108"
    },
    {
      "type": "PACKAGE",
      "url": "https://github.com/jenkinsci/badge-plugin"
    },
    {
      "type": "WEB",
      "url": "https://www.jenkins.io/security/advisory/2022-01-12/#SECURITY-2547"
    },
    {
      "type": "WEB",
      "url": "http://www.openwall.com/lists/oss-security/2022/01/12/6"
    }
  ],
  "database_specific": {
    "cwe_ids": [
      "CWE-79"
    ],
    "severity": "MODERATE",
    "github_reviewed": true,
    "github_reviewed_at": "2022-04-29T04:37:47Z",
    "nvd_published_at": "2022-01-12T20:15:00Z"
  }
}