{
  "schema_version": "1.4.0",
  "id": "GHSA-24g8-35x9-fv8r",
  "modified": "2023-10-27T13:14:04Z",
  "published": "2022-05-24T17:33:09Z",
  "aliases": [
    "CVE-2020-2317"
  ],
  "summary": "Stored XSS vulnerability in Jenkins FindBugs Plugin",
  "details": "Jenkins FindBugs Plugin 5.0.0 and earlier does not escape the annotation message in tooltips, resulting in a stored cross-site scripting (XSS) vulnerability exploitable by attackers able to provide report files to Jenkins FindBugs Plugin's post build step.",
  "severity": [
    {
      "type": "CVSS_V3",
      "score": "CVSS:3.1/AV:N/AC:L/PR:L/UI:R/S:C/C:L/I:L/A:N"
    }
  ],
  "affected": [
    {
      "package": {
        "ecosystem": "Maven",
        "name": "org.jvnet.hudson.plugins:findbugs"
      },
      "ranges": [
        {
          "type": "ECOSYSTEM",
          "events": [
            {
              "introduced": "0"
            },
            {
              "last_affected": "5.0.0"
            }
          ]
        }
      ]
    }
  ],
  "references": [
    {
      "type": "ADVISORY",
      "url": "https://nvd.nist.gov/vuln/detail/CVE-2020-2317"
    },
    {
      "type": "PACKAGE",
      "url": "https://github.com/jenkinsci/findbugs-plugin"
    },
    {
      "type": "WEB",
      "url": "https://www.jenkins.io/security/advisory/2020-11-04/#SECURITY-1918"
    }
  ],
  "database_specific": {
    "cwe_ids": [
      "CWE-79"
    ],
    "severity": "MODERATE",
    "github_reviewed": true,
    "github_reviewed_at": "2022-12-22T13:48:15Z",
    "nvd_published_at": "2020-11-04T15:15:00Z"
  }
}