{
  "schema_version": "1.4.0",
  "id": "GHSA-97fv-22hc-mrgj",
  "modified": "2024-11-26T18:21:48Z",
  "published": "2022-05-17T01:57:43Z",
  "aliases": [
    "CVE-2015-2687"
  ],
  "summary": "OpenStack Compute (Nova) Improper Access Control ",
  "details": "OpenStack Compute (nova) Icehouse, Juno and Havana when live migration fails allows local users to access VM volumes that they would normally not have permissions for.",
  "severity": [
    {
      "type": "CVSS_V3",
      "score": "CVSS:3.0/AV:L/AC:H/PR:L/UI:N/S:U/C:H/I:N/A:N"
    },
    {
      "type": "CVSS_V4",
      "score": "CVSS:4.0/AV:N/AC:L/AT:P/PR:L/UI:N/VC:H/VI:N/VA:N/SC:N/SI:N/SA:N"
    }
  ],
  "affected": [
    {
      "package": {
        "ecosystem": "PyPI",
        "name": "nova"
      },
      "ranges": [
        {
          "type": "ECOSYSTEM",
          "events": [
            {
              "introduced": "0"
            },
            {
              "fixed": "15.0.0.0b1"
            }
          ]
        }
      ]
    }
  ],
  "references": [
    {
      "type": "ADVISORY",
      "url": "https://nvd.nist.gov/vuln/detail/CVE-2015-2687"
    },
    {
      "type": "WEB",
      "url": "https://github.com/openstack/nova/commit/b83cae02ece4c338e09c3606c6ae69b715bd6f8c"
    },
    {
      "type": "WEB",
      "url": "https://bugs.launchpad.net/nova/+bug/1419577"
    },
    {
      "type": "WEB",
      "url": "https://bugzilla.redhat.com/show_bug.cgi?id=1205313"
    },
    {
      "type": "PACKAGE",
      "url": "https://github.com/openstack/nova"
    },
    {
      "type": "WEB",
      "url": "https://github.com/pypa/advisory-database/tree/main/vulns/nova/PYSEC-2017-145.yaml"
    },
    {
      "type": "WEB",
      "url": "https://review.openstack.org/#/c/338929"
    },
    {
      "type": "WEB",
      "url": "http://www.openwall.com/lists/oss-security/2015/03/24/10"
    },
    {
      "type": "WEB",
      "url": "http://www.openwall.com/lists/oss-security/2015/03/25/3"
    }
  ],
  "database_specific": {
    "cwe_ids": [
      "CWE-284"
    ],
    "severity": "MODERATE",
    "github_reviewed": true,
    "github_reviewed_at": "2024-05-14T20:54:30Z",
    "nvd_published_at": "2017-08-09T18:29:00Z"
  }
}