{
  "schema_version": "1.4.0",
  "id": "GHSA-h29c-wcm8-883h",
  "modified": "2024-10-07T21:16:33Z",
  "published": "2022-01-21T23:20:17Z",
  "aliases": [
    "CVE-2022-21694"
  ],
  "summary": "Incorrect Permission Assignment for Critical Resource in OnionShare",
  "details": "Between September 26, 2021 and October 8, 2021, [Radically Open Security](https://www.radicallyopensecurity.com/) conducted a penetration test of OnionShare 2.4, funded by the Open Technology Fund's [Red Team lab](https://www.opentech.fund/labs/red-team-lab/). This is an issue from that penetration test.\n\n- Vulnerability ID: OTF-006\n- Vulnerability type: Broken Website Hardening Control\n- Threat level: Low\n\n## Description:\n\nThe CSP can be turned on or off but not configured for the specific needs of the website.\n\n## Technical description:\n\nThe website mode of the application allows to use a hardened CSP, which will block any scripts and external resources. It is not possible to configure this CSP for individual pages and therefore the security enhancement cannot be used for websites using javascript or external resources like fonts or images.\n\nIf CSP were configurable, the website creator could harden it accordingly to the needs of the application.\n\nAs this issue correlates with the Github issue for exposing the flask application directly (https://github.com/onionshare/ onionshare/issues/1389), it can be assumed that this can be solved by either changing to a well-known webserver, which supports this kind of configuration, or enhancing the status quo by making the CSP a configurable part of each website.\n\nWe believe that bundling the nginx or apache webserver would add complexity and dependencies to the application that could result in a larger attack surface - as these packages receive regular security updates. On the other hand it is not recommended to directly expose the flask webserver, due to lack of hardening. This is a trade-off which needs to be evaluated by the Onionshare developers, as multiple features are involved. Ideally the application user could choose between the built-in flask webserver or a system webserver of choice.\n\n## Impact:\n\nAs this is a general weakness and not a direct vulnerability in the Onionshare application, the direct impact of this issue is rather low.\n\n## Recommendation:\n\n- Consider offering a configurable webserver choice\n- Consider configurable CSP",
  "severity": [
    {
      "type": "CVSS_V3",
      "score": "CVSS:3.1/AV:N/AC:H/PR:N/UI:N/S:U/C:N/I:L/A:N"
    },
    {
      "type": "CVSS_V4",
      "score": "CVSS:4.0/AV:N/AC:L/AT:N/PR:L/UI:N/VC:N/VI:L/VA:N/SC:N/SI:N/SA:N"
    }
  ],
  "affected": [
    {
      "package": {
        "ecosystem": "PyPI",
        "name": "onionshare-cli"
      },
      "ranges": [
        {
          "type": "ECOSYSTEM",
          "events": [
            {
              "introduced": "2.2"
            },
            {
              "fixed": "2.5"
            }
          ]
        }
      ]
    }
  ],
  "references": [
    {
      "type": "WEB",
      "url": "https://github.com/onionshare/onionshare/security/advisories/GHSA-h29c-wcm8-883h"
    },
    {
      "type": "ADVISORY",
      "url": "https://nvd.nist.gov/vuln/detail/CVE-2022-21694"
    },
    {
      "type": "WEB",
      "url": "https://github.com/onionshare/onionshare/issues/1389"
    },
    {
      "type": "PACKAGE",
      "url": "https://github.com/onionshare/onionshare"
    },
    {
      "type": "WEB",
      "url": "https://github.com/onionshare/onionshare/releases/tag/v2.5"
    },
    {
      "type": "WEB",
      "url": "https://github.com/pypa/advisory-database/tree/main/vulns/onionshare-cli/PYSEC-2022-45.yaml"
    }
  ],
  "database_specific": {
    "cwe_ids": [
      "CWE-732"
    ],
    "severity": "MODERATE",
    "github_reviewed": true,
    "github_reviewed_at": "2022-01-19T19:32:41Z",
    "nvd_published_at": "2022-01-18T23:15:00Z"
  }
}