{
  "schema_version": "1.4.0",
  "id": "GHSA-jxgm-9f58-w4xp",
  "modified": "2021-07-27T20:35:40Z",
  "published": "2019-05-14T04:00:21Z",
  "aliases": [
    "CVE-2019-0214"
  ],
  "summary": "Improper Input Validation in Apache Archiva",
  "details": "In Apache Archiva 2.0.0 - 2.2.3, it is possible to write files to the archiva server at arbitrary locations by using the artifact upload mechanism. Existing files can be overwritten, if the archiva run user has appropriate permission on the filesystem for the target file.",
  "severity": [
    {
      "type": "CVSS_V3",
      "score": "CVSS:3.0/AV:N/AC:L/PR:L/UI:N/S:U/C:N/I:H/A:N"
    }
  ],
  "affected": [
    {
      "package": {
        "ecosystem": "Maven",
        "name": "org.apache.archiva:archiva"
      },
      "ranges": [
        {
          "type": "ECOSYSTEM",
          "events": [
            {
              "introduced": "2.2.0"
            },
            {
              "fixed": "2.2.4"
            }
          ]
        }
      ]
    }
  ],
  "references": [
    {
      "type": "ADVISORY",
      "url": "https://nvd.nist.gov/vuln/detail/CVE-2019-0214"
    },
    {
      "type": "WEB",
      "url": "https://lists.apache.org/thread.html/18b670afc2f83034f47ebeb2f797c350fe60f1f2b33c95b95f467ef8@%3Cannounce.apache.org%3E"
    },
    {
      "type": "WEB",
      "url": "https://lists.apache.org/thread.html/239349b6dd8f66cf87a70c287b03af451dea158b776d3dfc550b4f0e@%3Cusers.maven.apache.org%3E"
    },
    {
      "type": "WEB",
      "url": "https://lists.apache.org/thread.html/5851cb0214f22ba681fb445870eeb6b01afd1fb614e45a22978d7dda@%3Cusers.archiva.apache.org%3E"
    },
    {
      "type": "WEB",
      "url": "https://lists.apache.org/thread.html/ada0052409d8a4a8c4eb2c7fd6b9cd9423bc753d5fce87eb826662fb@%3Cissues.archiva.apache.org%3E"
    },
    {
      "type": "WEB",
      "url": "https://seclists.org/bugtraq/2019/Apr/48"
    },
    {
      "type": "WEB",
      "url": "http://archiva.apache.org/security.html#CVE-2019-0214"
    },
    {
      "type": "WEB",
      "url": "http://packetstormsecurity.com/files/152684/Apache-Archiva-2.2.3-File-Write-Delete.html"
    },
    {
      "type": "WEB",
      "url": "http://www.openwall.com/lists/oss-security/2019/04/30/8"
    },
    {
      "type": "WEB",
      "url": "http://www.securityfocus.com/bid/108124"
    }
  ],
  "database_specific": {
    "cwe_ids": [
      "CWE-20"
    ],
    "severity": "MODERATE",
    "github_reviewed": true,
    "github_reviewed_at": "2019-05-03T15:33:48Z",
    "nvd_published_at": "2019-04-30T22:29:00Z"
  }
}