{
  "schema_version": "1.4.0",
  "id": "GHSA-jjxf-26c9-77gm",
  "modified": "2024-09-06T21:41:33Z",
  "published": "2024-09-02T06:30:49Z",
  "aliases": [
    "CVE-2024-8365"
  ],
  "summary": "Vault Leaks Client Token and Token Accessor in Audit Devices",
  "details": "Vault Community Edition and Vault Enterprise experienced a regression where functionality that HMAC\u2019d sensitive headers in the configured audit device, specifically client tokens and token accessors, was removed. This resulted in the plaintext values of client tokens and token accessors being stored in the audit log. This vulnerability, CVE-2024-8365, was fixed in Vault Community Edition and Vault Enterprise 1.17.5 and Vault Enterprise 1.16.9.",
  "severity": [
    {
      "type": "CVSS_V3",
      "score": "CVSS:3.1/AV:N/AC:L/PR:N/UI:R/S:U/C:H/I:N/A:N"
    },
    {
      "type": "CVSS_V4",
      "score": "CVSS:4.0/AV:N/AC:L/AT:N/PR:H/UI:P/VC:N/VI:N/VA:N/SC:H/SI:N/SA:N"
    }
  ],
  "affected": [
    {
      "package": {
        "ecosystem": "Go",
        "name": "github.com/hashicorp/vault"
      },
      "ranges": [
        {
          "type": "ECOSYSTEM",
          "events": [
            {
              "introduced": "1.17.3"
            },
            {
              "fixed": "1.17.5"
            }
          ]
        }
      ]
    }
  ],
  "references": [
    {
      "type": "ADVISORY",
      "url": "https://nvd.nist.gov/vuln/detail/CVE-2024-8365"
    },
    {
      "type": "WEB",
      "url": "https://discuss.hashicorp.com/t/hcsec-2024-18-vault-leaks-client-token-and-token-accessor-in-audit-devices"
    },
    {
      "type": "ADVISORY",
      "url": "https://github.com/advisories/GHSA-jjxf-26c9-77gm"
    },
    {
      "type": "PACKAGE",
      "url": "github.com/hashicorp/vault"
    }
  ],
  "database_specific": {
    "cwe_ids": [
      "CWE-532"
    ],
    "severity": "MODERATE",
    "github_reviewed": true,
    "github_reviewed_at": "2024-09-03T20:47:47Z",
    "nvd_published_at": "2024-09-02T05:15:17Z"
  }
}