{
  "schema_version": "1.4.0",
  "id": "GHSA-jhxh-68jj-68c7",
  "modified": "2022-08-30T20:42:03Z",
  "published": "2022-08-23T00:00:16Z",
  "aliases": [
    "CVE-2022-2890"
  ],
  "summary": "Cross site scripting in yetiforce/yetiforce-crm",
  "details": "Cross-site Scripting (XSS) - Stored in GitHub repository yetiforcecompany/yetiforcecrm prior to 6.4.0.",
  "severity": [
    {
      "type": "CVSS_V3",
      "score": "CVSS:3.1/AV:N/AC:L/PR:L/UI:R/S:C/C:L/I:L/A:N"
    }
  ],
  "affected": [
    {
      "package": {
        "ecosystem": "Packagist",
        "name": "yetiforce/yetiforce-crm"
      },
      "ranges": [
        {
          "type": "ECOSYSTEM",
          "events": [
            {
              "introduced": "0"
            },
            {
              "fixed": "6.4.0"
            }
          ]
        }
      ]
    }
  ],
  "references": [
    {
      "type": "ADVISORY",
      "url": "https://nvd.nist.gov/vuln/detail/CVE-2022-2890"
    },
    {
      "type": "WEB",
      "url": "https://github.com/yetiforcecompany/yetiforcecrm/commit/2c14baaf8dbc7fd82d5c585f2fa0c23528450618"
    },
    {
      "type": "PACKAGE",
      "url": "https://github.com/yetiforcecompany/yetiforcecrm"
    },
    {
      "type": "WEB",
      "url": "https://huntr.dev/bounties/5d228a33-eda3-4cff-91da-7bc43e6636da"
    }
  ],
  "database_specific": {
    "cwe_ids": [
      "CWE-79"
    ],
    "severity": "MODERATE",
    "github_reviewed": true,
    "github_reviewed_at": "2022-08-30T20:42:03Z",
    "nvd_published_at": "2022-08-22T14:15:00Z"
  }
}