{
  "schema_version": "1.4.0",
  "id": "GHSA-67fw-w8f2-88wp",
  "modified": "2024-08-16T18:39:40Z",
  "published": "2024-08-01T18:32:50Z",
  "aliases": [
    "CVE-2024-41264"
  ],
  "summary": "casdoor's use of`ssh.InsecureIgnoreHostKey()` disables host key verification",
  "details": "An issue discovered in casdoor v1.636.0 allows attackers to obtain sensitive information via the `ssh.InsecureIgnoreHostKey()` method.",
  "severity": [
    {
      "type": "CVSS_V3",
      "score": "CVSS:3.1/AV:N/AC:H/PR:N/UI:N/S:U/C:L/I:N/A:N"
    },
    {
      "type": "CVSS_V4",
      "score": "CVSS:4.0/AV:N/AC:L/AT:N/PR:N/UI:N/VC:L/VI:N/VA:N/SC:N/SI:N/SA:N"
    }
  ],
  "affected": [
    {
      "package": {
        "ecosystem": "Go",
        "name": "github.com/casdoor/casdoor"
      },
      "ranges": [
        {
          "type": "ECOSYSTEM",
          "events": [
            {
              "introduced": "1.541.0"
            },
            {
              "last_affected": "1.636.0"
            }
          ]
        }
      ]
    }
  ],
  "references": [
    {
      "type": "ADVISORY",
      "url": "https://nvd.nist.gov/vuln/detail/CVE-2024-41264"
    },
    {
      "type": "WEB",
      "url": "https://gist.github.com/nyxfqq/33ceaccbc9b05d439a944c2b55fa1c0f"
    },
    {
      "type": "PACKAGE",
      "url": "https://github.com/casdoor/casdoor"
    },
    {
      "type": "WEB",
      "url": "https://github.com/casdoor/casdoor/blob/v1.636.0/object/viaSSHDialer.go"
    },
    {
      "type": "WEB",
      "url": "https://pkg.go.dev/vuln/GO-2024-3026"
    }
  ],
  "database_specific": {
    "cwe_ids": [
      "CWE-200",
      "CWE-295",
      "CWE-297"
    ],
    "severity": "MODERATE",
    "github_reviewed": true,
    "github_reviewed_at": "2024-08-02T13:29:15Z",
    "nvd_published_at": "2024-08-01T16:15:06Z"
  }
}