{
  "schema_version": "1.4.0",
  "id": "GHSA-9vxv-wpv4-f52p",
  "modified": "2021-05-18T16:06:57Z",
  "published": "2021-05-21T14:29:33Z",
  "aliases": [],
  "summary": "Information leakage in Error Handler",
  "details": "### Impact\nInformation leakage in Error Handler\n\n### Patches\nWe recommend updating to the current version 5.6.10. You can get the update to 5.6.10 regularly via the Auto-Updater or directly via the download overview.\n\nFor older versions you can use the Security Plugin:\nhttps://store.shopware.com/en/swag575294366635f/shopware-security-plugin.html\n\n\n### References\nhttps://docs.shopware.com/en/shopware-5-en/security-updates/security-update-05-2021",
  "severity": [],
  "affected": [
    {
      "package": {
        "ecosystem": "Packagist",
        "name": "shopware/shopware"
      },
      "ranges": [
        {
          "type": "ECOSYSTEM",
          "events": [
            {
              "introduced": "0"
            },
            {
              "fixed": "5.6.10"
            }
          ]
        }
      ],
      "database_specific": {
        "last_known_affected_version_range": "<= 5.6.9"
      }
    }
  ],
  "references": [
    {
      "type": "WEB",
      "url": "https://github.com/shopware/shopware/security/advisories/GHSA-9vxv-wpv4-f52p"
    }
  ],
  "database_specific": {
    "cwe_ids": [
      "CWE-209"
    ],
    "severity": "MODERATE",
    "github_reviewed": true,
    "github_reviewed_at": "2021-05-18T16:06:57Z",
    "nvd_published_at": null
  }
}