{
  "schema_version": "1.4.0",
  "id": "GHSA-p37p-wg92-2fc4",
  "modified": "2022-12-06T00:51:24Z",
  "published": "2022-09-22T00:00:26Z",
  "aliases": [
    "CVE-2022-41252"
  ],
  "summary": "Missing permission checks in Jenkins CONS3RT Plugin allow enumerating credentials IDs",
  "details": "CONS3RT Plugin 1.0.0 and earlier does not perform permission checks in several HTTP endpoints.\n\nThis allows attackers with Overall/Read permission to enumerate credentials IDs of credentials stored in Jenkins. Those can be used as part of an attack to capture the credentials using another vulnerability.",
  "severity": [
    {
      "type": "CVSS_V3",
      "score": "CVSS:3.1/AV:N/AC:L/PR:L/UI:N/S:U/C:L/I:N/A:N"
    }
  ],
  "affected": [
    {
      "package": {
        "ecosystem": "Maven",
        "name": "org.jenkins-ci.plugins:cons3rt"
      },
      "ranges": [
        {
          "type": "ECOSYSTEM",
          "events": [
            {
              "introduced": "0"
            },
            {
              "last_affected": "1.0.0"
            }
          ]
        }
      ]
    }
  ],
  "references": [
    {
      "type": "ADVISORY",
      "url": "https://nvd.nist.gov/vuln/detail/CVE-2022-41252"
    },
    {
      "type": "PACKAGE",
      "url": "https://github.com/jenkinsci/cons3rt-plugin"
    },
    {
      "type": "WEB",
      "url": "https://www.jenkins.io/security/advisory/2022-09-21/#SECURITY-2752"
    },
    {
      "type": "WEB",
      "url": "http://www.openwall.com/lists/oss-security/2022/09/21/5"
    }
  ],
  "database_specific": {
    "cwe_ids": [
      "CWE-862"
    ],
    "severity": "MODERATE",
    "github_reviewed": true,
    "github_reviewed_at": "2022-12-06T00:51:24Z",
    "nvd_published_at": "2022-09-21T16:15:00Z"
  }
}