{
  "schema_version": "1.4.0",
  "id": "GHSA-fc4g-f42p-7rhp",
  "modified": "2023-04-21T20:34:35Z",
  "published": "2023-04-15T15:30:14Z",
  "aliases": [
    "CVE-2023-2104"
  ],
  "summary": "alextselegidis/easyappointments Improper Access Control vulnerability",
  "details": "alextselegidis/easyappointments 1.4.3 and prior allows one provider to view and edit others providers' appointment details. A patch is available at commit 75b24735767868344193fb2cc56e17ee4b9ac4be and anticipated to be part of version 1.5.0.",
  "severity": [
    {
      "type": "CVSS_V3",
      "score": "CVSS:3.0/AV:N/AC:L/PR:L/UI:N/S:U/C:L/I:L/A:N"
    }
  ],
  "affected": [
    {
      "package": {
        "ecosystem": "Packagist",
        "name": "alextselegidis/easyappointments"
      },
      "ranges": [
        {
          "type": "ECOSYSTEM",
          "events": [
            {
              "introduced": "0"
            },
            {
              "last_affected": "1.4.3"
            }
          ]
        }
      ]
    }
  ],
  "references": [
    {
      "type": "ADVISORY",
      "url": "https://nvd.nist.gov/vuln/detail/CVE-2023-2104"
    },
    {
      "type": "WEB",
      "url": "https://github.com/alextselegidis/easyappointments/commit/75b24735767868344193fb2cc56e17ee4b9ac4be"
    },
    {
      "type": "PACKAGE",
      "url": "https://github.com/alextselegidis/easyappointments"
    },
    {
      "type": "WEB",
      "url": "https://huntr.dev/bounties/3099b8d1-c49c-41b8-a929-73ccded6fc7c"
    }
  ],
  "database_specific": {
    "cwe_ids": [
      "CWE-284"
    ],
    "severity": "MODERATE",
    "github_reviewed": true,
    "github_reviewed_at": "2023-04-21T20:34:35Z",
    "nvd_published_at": "2023-04-15T14:15:00Z"
  }
}