{
  "schema_version": "1.4.0",
  "id": "GHSA-x92g-49gh-63qm",
  "modified": "2023-08-03T16:41:39Z",
  "published": "2022-09-17T00:00:34Z",
  "aliases": [
    "CVE-2022-3225"
  ],
  "summary": "Budibase Improper Access Control vulnerability",
  "details": "Improper Access Control in GitHub repository budibase/budibase prior to 1.3.20.",
  "severity": [
    {
      "type": "CVSS_V3",
      "score": "CVSS:3.1/AV:N/AC:L/PR:L/UI:R/S:U/C:N/I:H/A:N"
    }
  ],
  "affected": [
    {
      "package": {
        "ecosystem": "npm",
        "name": "@budibase/worker"
      },
      "ranges": [
        {
          "type": "ECOSYSTEM",
          "events": [
            {
              "introduced": "0"
            },
            {
              "fixed": "1.3.20"
            }
          ]
        }
      ]
    },
    {
      "package": {
        "ecosystem": "npm",
        "name": "@budibase/builder"
      },
      "ranges": [
        {
          "type": "ECOSYSTEM",
          "events": [
            {
              "introduced": "0"
            },
            {
              "fixed": "1.3.20"
            }
          ]
        }
      ]
    },
    {
      "package": {
        "ecosystem": "npm",
        "name": "@budibase/bbui"
      },
      "ranges": [
        {
          "type": "ECOSYSTEM",
          "events": [
            {
              "introduced": "0"
            },
            {
              "fixed": "1.3.20"
            }
          ]
        }
      ]
    }
  ],
  "references": [
    {
      "type": "ADVISORY",
      "url": "https://nvd.nist.gov/vuln/detail/CVE-2022-3225"
    },
    {
      "type": "WEB",
      "url": "https://github.com/budibase/budibase/commit/d35864be0854216693a01307f81ffcabf6d549df"
    },
    {
      "type": "WEB",
      "url": "https://github.com/Budibase/budibase/releases/tag/v1.3.20"
    },
    {
      "type": "PACKAGE",
      "url": "https://github.com/budibase/budibase"
    },
    {
      "type": "WEB",
      "url": "https://huntr.dev/bounties/a13a56b7-04da-4560-b8ec-0d637d12a245"
    }
  ],
  "database_specific": {
    "cwe_ids": [
      "CWE-284",
      "CWE-913"
    ],
    "severity": "MODERATE",
    "github_reviewed": true,
    "github_reviewed_at": "2023-08-03T16:41:39Z",
    "nvd_published_at": "2022-09-16T17:15:00Z"
  }
}