{
  "schema_version": "1.4.0",
  "id": "GHSA-9p7q-v9gp-frq4",
  "modified": "2024-04-24T19:53:31Z",
  "published": "2022-05-24T16:58:57Z",
  "aliases": [
    "CVE-2019-17578"
  ],
  "summary": "Dolibarr Cross-site Scripting vulnerability",
  "details": "An issue was discovered in Dolibarr 10.0.2. It has XSS via the \"outgoing email setup\" feature in the `admin/mails.php?action=edit` URI via the \"Sender email for automatic emails (default value in php.ini: Undefined)\" field.",
  "severity": [
    {
      "type": "CVSS_V3",
      "score": "CVSS:3.1/AV:N/AC:L/PR:L/UI:R/S:C/C:L/I:L/A:N"
    }
  ],
  "affected": [
    {
      "package": {
        "ecosystem": "Packagist",
        "name": "dolibarr/dolibarr"
      },
      "versions": [
        "10.0.2"
      ]
    }
  ],
  "references": [
    {
      "type": "ADVISORY",
      "url": "https://nvd.nist.gov/vuln/detail/CVE-2019-17578"
    },
    {
      "type": "PACKAGE",
      "url": "https://github.com/Dolibarr/dolibarr"
    },
    {
      "type": "WEB",
      "url": "https://mycvee.blogspot.com/p/cve-2019-17578.html"
    }
  ],
  "database_specific": {
    "cwe_ids": [
      "CWE-79"
    ],
    "severity": "MODERATE",
    "github_reviewed": true,
    "github_reviewed_at": "2024-04-24T19:53:31Z",
    "nvd_published_at": "2019-10-16T18:15:00Z"
  }
}