{
  "schema_version": "1.4.0",
  "id": "GHSA-4r8c-pj7x-m5jx",
  "modified": "2024-04-24T18:00:52Z",
  "published": "2022-05-24T17:19:26Z",
  "aliases": [
    "CVE-2020-13868"
  ],
  "summary": "Comments plugin Cross-Site Request Forgery (CSRF)",
  "details": "An issue was discovered in the Comments plugin before 1.5.5 for Craft CMS. CSRF affects comment integrity.",
  "severity": [
    {
      "type": "CVSS_V3",
      "score": "CVSS:3.1/AV:N/AC:L/PR:N/UI:R/S:U/C:N/I:H/A:N"
    }
  ],
  "affected": [
    {
      "package": {
        "ecosystem": "Packagist",
        "name": "verbb/comments"
      },
      "ranges": [
        {
          "type": "ECOSYSTEM",
          "events": [
            {
              "introduced": "0"
            },
            {
              "fixed": "1.5.5"
            }
          ]
        }
      ]
    }
  ],
  "references": [
    {
      "type": "ADVISORY",
      "url": "https://nvd.nist.gov/vuln/detail/CVE-2020-13868"
    },
    {
      "type": "PACKAGE",
      "url": "https://github.com/verbb/comments"
    },
    {
      "type": "WEB",
      "url": "https://github.com/verbb/comments/blob/craft-3/CHANGELOG.md#155---2020-05-28-critical"
    }
  ],
  "database_specific": {
    "cwe_ids": [
      "CWE-352"
    ],
    "severity": "MODERATE",
    "github_reviewed": true,
    "github_reviewed_at": "2024-04-24T18:00:52Z",
    "nvd_published_at": "2020-06-05T19:15:00Z"
  }
}