{
  "schema_version": "1.4.0",
  "id": "GHSA-qggc-pj29-j27m",
  "modified": "2022-04-22T21:05:51Z",
  "published": "2022-04-14T00:00:17Z",
  "aliases": [
    "CVE-2022-1332"
  ],
  "summary": "Improper Privilege Management in Mattermost",
  "details": "One of the API in Mattermost version 6.4.1 and earlier fails to properly protect the permissions, which allows the authenticated members with restricted custom admin role to bypass the restrictions and view the server logs and server config.json file contents. Per the Mattermost security updates page, versions 6.4.2, 6.3.5, 6.2.5, and 5.37.9 contain patches for this issue",
  "severity": [
    {
      "type": "CVSS_V3",
      "score": "CVSS:3.1/AV:N/AC:L/PR:L/UI:N/S:U/C:L/I:N/A:N"
    }
  ],
  "affected": [
    {
      "package": {
        "ecosystem": "Go",
        "name": "github.com/mattermost/mattermost-server/v6"
      },
      "ranges": [
        {
          "type": "ECOSYSTEM",
          "events": [
            {
              "introduced": "6.4.0"
            },
            {
              "fixed": "6.4.2"
            }
          ]
        }
      ]
    },
    {
      "package": {
        "ecosystem": "Go",
        "name": "github.com/mattermost/mattermost-server/v6"
      },
      "ranges": [
        {
          "type": "ECOSYSTEM",
          "events": [
            {
              "introduced": "6.3.0"
            },
            {
              "fixed": "6.3.5"
            }
          ]
        }
      ]
    },
    {
      "package": {
        "ecosystem": "Go",
        "name": "github.com/mattermost/mattermost-server/v6"
      },
      "ranges": [
        {
          "type": "ECOSYSTEM",
          "events": [
            {
              "introduced": "6.0.0"
            },
            {
              "fixed": "6.2.5"
            }
          ]
        }
      ]
    },
    {
      "package": {
        "ecosystem": "Go",
        "name": "github.com/mattermost/mattermost-server/v5"
      },
      "ranges": [
        {
          "type": "ECOSYSTEM",
          "events": [
            {
              "introduced": "0"
            },
            {
              "fixed": "5.37.9"
            }
          ]
        }
      ]
    }
  ],
  "references": [
    {
      "type": "ADVISORY",
      "url": "https://nvd.nist.gov/vuln/detail/CVE-2022-1332"
    },
    {
      "type": "PACKAGE",
      "url": "https://github.com/mattermost/mattermost-server"
    },
    {
      "type": "WEB",
      "url": "https://mattermost.com/security-updates"
    }
  ],
  "database_specific": {
    "cwe_ids": [
      "CWE-200",
      "CWE-269"
    ],
    "severity": "MODERATE",
    "github_reviewed": true,
    "github_reviewed_at": "2022-04-22T21:05:32Z",
    "nvd_published_at": "2022-04-13T18:15:00Z"
  }
}