{
  "schema_version": "1.4.0",
  "id": "GHSA-9h7x-9pmh-7gg8",
  "modified": "2023-01-12T16:49:06Z",
  "published": "2023-01-07T06:30:19Z",
  "aliases": [
    "CVE-2023-0112"
  ],
  "summary": "usememos/memos vulnerable to stored Cross-site Scripting",
  "details": "Cross-site Scripting (XSS) - Stored in GitHub repository usememos/memos prior to 0.10.0.",
  "severity": [
    {
      "type": "CVSS_V3",
      "score": "CVSS:3.1/AV:N/AC:L/PR:L/UI:R/S:C/C:L/I:L/A:N"
    }
  ],
  "affected": [
    {
      "package": {
        "ecosystem": "Go",
        "name": "github.com/usememos/memos"
      },
      "ranges": [
        {
          "type": "ECOSYSTEM",
          "events": [
            {
              "introduced": "0"
            },
            {
              "fixed": "0.10.0"
            }
          ]
        }
      ]
    }
  ],
  "references": [
    {
      "type": "ADVISORY",
      "url": "https://nvd.nist.gov/vuln/detail/CVE-2023-0112"
    },
    {
      "type": "WEB",
      "url": "https://github.com/usememos/memos/commit/46c13a4b7f675b92d297df6dabb4441f13c7cd9c"
    },
    {
      "type": "PACKAGE",
      "url": "https://github.com/usememos/memos"
    },
    {
      "type": "WEB",
      "url": "https://huntr.dev/bounties/ec2a29dc-79a3-44bd-a58b-15f676934af6"
    }
  ],
  "database_specific": {
    "cwe_ids": [
      "CWE-79"
    ],
    "severity": "MODERATE",
    "github_reviewed": true,
    "github_reviewed_at": "2023-01-09T21:51:50Z",
    "nvd_published_at": "2023-01-07T04:15:00Z"
  }
}