{
  "schema_version": "1.4.0",
  "id": "GHSA-9rx5-w522-5fh7",
  "modified": "2024-01-30T22:43:31Z",
  "published": "2022-05-13T01:48:32Z",
  "aliases": [
    "CVE-2018-1000114"
  ],
  "summary": "Jenkins Promoted Builds Plugin allowed unauthorized users to run some promotion processes",
  "details": "An improper authorization vulnerability exists in Jenkins Promoted Builds Plugin 2.31.1 and earlier in Status.java and ManualCondition.java that allow an attacker with read access to jobs to perform promotions.",
  "severity": [
    {
      "type": "CVSS_V3",
      "score": "CVSS:3.0/AV:N/AC:L/PR:L/UI:N/S:U/C:N/I:L/A:N"
    }
  ],
  "affected": [
    {
      "package": {
        "ecosystem": "Maven",
        "name": "org.jenkins-ci.plugins:promoted-builds"
      },
      "ranges": [
        {
          "type": "ECOSYSTEM",
          "events": [
            {
              "introduced": "0"
            },
            {
              "fixed": "3.0"
            }
          ]
        }
      ],
      "database_specific": {
        "last_known_affected_version_range": "<= 2.31.1"
      }
    }
  ],
  "references": [
    {
      "type": "ADVISORY",
      "url": "https://nvd.nist.gov/vuln/detail/CVE-2018-1000114"
    },
    {
      "type": "WEB",
      "url": "https://jenkins.io/security/advisory/2018-02-26/#SECURITY-746"
    }
  ],
  "database_specific": {
    "cwe_ids": [
      "CWE-863"
    ],
    "severity": "MODERATE",
    "github_reviewed": true,
    "github_reviewed_at": "2024-01-30T22:43:31Z",
    "nvd_published_at": "2018-03-13T13:29:00Z"
  }
}