{
  "schema_version": "1.4.0",
  "id": "GHSA-8q2h-4mq6-396j",
  "modified": "2024-09-06T16:30:06Z",
  "published": "2022-05-24T17:35:22Z",
  "aliases": [
    "CVE-2020-25449"
  ],
  "summary": "Cabot Cross Site Scripting (XSS) vulnerability via Address column",
  "details": "Cross Site Scripting (XSS) vulnerability in Arachnys Cabot up to and including 0.11.12 can be exploited via the Address column.",
  "severity": [
    {
      "type": "CVSS_V3",
      "score": "CVSS:3.1/AV:N/AC:L/PR:H/UI:R/S:C/C:L/I:L/A:N"
    },
    {
      "type": "CVSS_V4",
      "score": "CVSS:4.0/AV:N/AC:L/AT:N/PR:H/UI:A/VC:N/VI:N/VA:N/SC:L/SI:L/SA:N"
    }
  ],
  "affected": [
    {
      "package": {
        "ecosystem": "PyPI",
        "name": "cabot"
      },
      "ranges": [
        {
          "type": "ECOSYSTEM",
          "events": [
            {
              "introduced": "0"
            },
            {
              "last_affected": "0.11.12"
            }
          ]
        }
      ]
    }
  ],
  "references": [
    {
      "type": "ADVISORY",
      "url": "https://nvd.nist.gov/vuln/detail/CVE-2020-25449"
    },
    {
      "type": "WEB",
      "url": "https://github.com/arachnys/cabot/commit/18708572cb0ed143842409419eada91160413973"
    },
    {
      "type": "PACKAGE",
      "url": "https://github.com/arachnys/cabot"
    },
    {
      "type": "WEB",
      "url": "https://github.com/pypa/advisory-database/tree/main/vulns/cabot/PYSEC-2020-226.yaml"
    },
    {
      "type": "WEB",
      "url": "https://itsmeanonartist.tech/blogs/blog2.html"
    },
    {
      "type": "WEB",
      "url": "https://packetstormsecurity.com/files/159070/Cabot-0.11.12-Cross-Site-Scripting.html"
    },
    {
      "type": "WEB",
      "url": "https://www.exploit-db.com/exploits/48791"
    },
    {
      "type": "WEB",
      "url": "https://www.exploitalert.com/view-details.html?id=36106"
    }
  ],
  "database_specific": {
    "cwe_ids": [
      "CWE-79"
    ],
    "severity": "MODERATE",
    "github_reviewed": true,
    "github_reviewed_at": "2023-08-04T21:48:37Z",
    "nvd_published_at": "2020-12-04T20:15:00Z"
  }
}