{
  "schema_version": "1.4.0",
  "id": "GHSA-g3mv-64h3-h482",
  "modified": "2023-08-24T22:33:10Z",
  "published": "2023-08-20T15:30:36Z",
  "aliases": [
    "CVE-2023-4451"
  ],
  "summary": "Cockpit Cross-site Scripting vulnerability",
  "details": "Cross-site Scripting (XSS) - Reflected in GitHub repository cockpit-hq/cockpit version 2.6.3 and prior. A patch is available at commit 30609466c817e39f9de1871559603e93cd4d0d0c and anticipated to be part of version 2.6.4.",
  "severity": [
    {
      "type": "CVSS_V3",
      "score": "CVSS:3.1/AV:N/AC:L/PR:N/UI:R/S:C/C:L/I:L/A:N"
    }
  ],
  "affected": [
    {
      "package": {
        "ecosystem": "Packagist",
        "name": "cockpit-hq/cockpit"
      },
      "ranges": [
        {
          "type": "ECOSYSTEM",
          "events": [
            {
              "introduced": "0"
            },
            {
              "last_affected": "2.6.3"
            }
          ]
        }
      ]
    }
  ],
  "references": [
    {
      "type": "ADVISORY",
      "url": "https://nvd.nist.gov/vuln/detail/CVE-2023-4451"
    },
    {
      "type": "WEB",
      "url": "https://github.com/cockpit-hq/cockpit/commit/30609466c817e39f9de1871559603e93cd4d0d0c"
    },
    {
      "type": "PACKAGE",
      "url": "https://github.com/cockpit-hq/cockpit"
    },
    {
      "type": "WEB",
      "url": "https://huntr.dev/bounties/4e111c3e-6cf3-4b4c-b3c1-a540bf30f8fa"
    }
  ],
  "database_specific": {
    "cwe_ids": [
      "CWE-79"
    ],
    "severity": "MODERATE",
    "github_reviewed": true,
    "github_reviewed_at": "2023-08-21T20:25:43Z",
    "nvd_published_at": "2023-08-20T15:15:29Z"
  }
}