{
  "schema_version": "1.4.0",
  "id": "GHSA-p5q3-xg47-653m",
  "modified": "2024-01-11T15:54:45Z",
  "published": "2022-05-24T17:07:42Z",
  "aliases": [
    "CVE-2020-3758"
  ],
  "summary": "Magento stored cross-site scripting vulnerability",
  "details": "Magento versions 2.3.3 and earlier, 2.2.10 and earlier, 1.14.4.3 and earlier, and 1.9.4.3 and earlier have a stored cross-site scripting vulnerability. Successful exploitation could lead to sensitive information disclosure.",
  "severity": [
    {
      "type": "CVSS_V3",
      "score": "CVSS:3.1/AV:N/AC:L/PR:N/UI:R/S:C/C:L/I:L/A:N"
    }
  ],
  "affected": [
    {
      "package": {
        "ecosystem": "Packagist",
        "name": "magento/community-edition"
      },
      "ranges": [
        {
          "type": "ECOSYSTEM",
          "events": [
            {
              "introduced": "2.3.0"
            },
            {
              "fixed": "2.3.4"
            }
          ]
        }
      ],
      "database_specific": {
        "last_known_affected_version_range": "<= 2.3.3"
      }
    },
    {
      "package": {
        "ecosystem": "Packagist",
        "name": "magento/community-edition"
      },
      "ranges": [
        {
          "type": "ECOSYSTEM",
          "events": [
            {
              "introduced": "0"
            },
            {
              "fixed": "2.2.11"
            }
          ]
        }
      ],
      "database_specific": {
        "last_known_affected_version_range": "<= 2.2.10"
      }
    },
    {
      "package": {
        "ecosystem": "Packagist",
        "name": "magneto/core"
      },
      "ranges": [
        {
          "type": "ECOSYSTEM",
          "events": [
            {
              "introduced": "0"
            },
            {
              "fixed": "1.9.4.4"
            }
          ]
        }
      ]
    }
  ],
  "references": [
    {
      "type": "ADVISORY",
      "url": "https://nvd.nist.gov/vuln/detail/CVE-2020-3758"
    },
    {
      "type": "PACKAGE",
      "url": "https://github.com/magento/magento2"
    },
    {
      "type": "WEB",
      "url": "https://helpx.adobe.com/security/products/magento/apsb20-02.html"
    }
  ],
  "database_specific": {
    "cwe_ids": [
      "CWE-79"
    ],
    "severity": "MODERATE",
    "github_reviewed": true,
    "github_reviewed_at": "2024-01-11T15:54:45Z",
    "nvd_published_at": "2020-01-29T19:15:00Z"
  }
}