{
  "schema_version": "1.4.0",
  "id": "GHSA-rm26-w253-9qv7",
  "modified": "2023-09-22T21:55:23Z",
  "published": "2022-05-01T18:45:52Z",
  "aliases": [
    "CVE-2007-6726"
  ],
  "summary": "Apache Struts Dojo Plugin XSS Vulnerability",
  "details": "Multiple cross-site scripting (XSS) vulnerabilities in Dojo 0.4.1 and 0.4.2, as used in Apache Struts and other products, allow remote attackers to inject arbitrary web script or HTML via unspecified vectors involving (1) `xip_client.html` and (2) `xip_server.html` in `src/io/`.",
  "severity": [],
  "affected": [
    {
      "package": {
        "ecosystem": "Maven",
        "name": "org.apache.struts:struts2-dojo-plugin"
      },
      "ranges": [
        {
          "type": "ECOSYSTEM",
          "events": [
            {
              "introduced": "0.4.1"
            },
            {
              "fixed": "0.4.3"
            }
          ]
        }
      ],
      "database_specific": {
        "last_known_affected_version_range": "<= 0.4.2"
      }
    }
  ],
  "references": [
    {
      "type": "ADVISORY",
      "url": "https://nvd.nist.gov/vuln/detail/CVE-2007-6726"
    },
    {
      "type": "WEB",
      "url": "https://exchange.xforce.ibmcloud.com/vulnerabilities/49884"
    },
    {
      "type": "WEB",
      "url": "https://github.com/apache/struts-archive/blob/master/plugins/struts2-dojo-plugin"
    },
    {
      "type": "WEB",
      "url": "https://issues.apache.org/struts/browse/WW-2134"
    },
    {
      "type": "WEB",
      "url": "http://www.dojotoolkit.org/0-4-3-and-updated-0-4-1-0-4-2-builds"
    },
    {
      "type": "WEB",
      "url": "http://www.dojotoolkit.org/2007/05/26/0-4-3-released-0-4-2-and-0-4-1-users-should-upgrade-immediately"
    },
    {
      "type": "WEB",
      "url": "http://www.dojotoolkit.org/releaseNotes/0.4.3"
    },
    {
      "type": "WEB",
      "url": "http://www.securityfocus.com/bid/34660"
    }
  ],
  "database_specific": {
    "cwe_ids": [
      "CWE-79"
    ],
    "severity": "MODERATE",
    "github_reviewed": true,
    "github_reviewed_at": "2023-09-22T21:55:23Z",
    "nvd_published_at": "2009-04-09T15:08:00Z"
  }
}