{
  "schema_version": "1.4.0",
  "id": "GHSA-7fq8-4pv5-5w5c",
  "modified": "2024-09-18T16:03:52Z",
  "published": "2022-05-14T02:06:51Z",
  "aliases": [
    "CVE-2015-2317"
  ],
  "summary": "Django cross-site scripting (XSS) attack via user-supplied redirect URLs",
  "details": "The utils.http.is_safe_url function in Django before 1.4.20, 1.5.x, 1.6.x before 1.6.11, 1.7.x before 1.7.7, and 1.8.x before 1.8c1 does not properly validate URLs, which allows remote attackers to conduct cross-site scripting (XSS) attacks via a control character in a URL, as demonstrated by a \\x08javascript: URL.",
  "severity": [
    {
      "type": "CVSS_V3",
      "score": "CVSS:3.1/AV:N/AC:L/PR:N/UI:R/S:C/C:L/I:L/A:N"
    },
    {
      "type": "CVSS_V4",
      "score": "CVSS:4.0/AV:N/AC:L/AT:N/PR:N/UI:P/VC:N/VI:N/VA:N/SC:L/SI:L/SA:N"
    }
  ],
  "affected": [
    {
      "package": {
        "ecosystem": "PyPI",
        "name": "Django"
      },
      "ranges": [
        {
          "type": "ECOSYSTEM",
          "events": [
            {
              "introduced": "0"
            },
            {
              "fixed": "1.4.20"
            }
          ]
        }
      ]
    },
    {
      "package": {
        "ecosystem": "PyPI",
        "name": "Django"
      },
      "ranges": [
        {
          "type": "ECOSYSTEM",
          "events": [
            {
              "introduced": "1.5"
            },
            {
              "fixed": "1.6.11"
            }
          ]
        }
      ]
    },
    {
      "package": {
        "ecosystem": "PyPI",
        "name": "Django"
      },
      "ranges": [
        {
          "type": "ECOSYSTEM",
          "events": [
            {
              "introduced": "1.7"
            },
            {
              "fixed": "1.7.7"
            }
          ]
        }
      ]
    },
    {
      "package": {
        "ecosystem": "PyPI",
        "name": "Django"
      },
      "ranges": [
        {
          "type": "ECOSYSTEM",
          "events": [
            {
              "introduced": "1.8a1"
            },
            {
              "fixed": "1.8c1"
            }
          ]
        }
      ]
    }
  ],
  "references": [
    {
      "type": "ADVISORY",
      "url": "https://nvd.nist.gov/vuln/detail/CVE-2015-2317"
    },
    {
      "type": "WEB",
      "url": "https://github.com/django/django/commit/2342693b31f740a422abf7267c53b4e7bc487c1b"
    },
    {
      "type": "WEB",
      "url": "https://github.com/django/django/commit/2a4113dbd532ce952308992633d802dc169a75f1"
    },
    {
      "type": "WEB",
      "url": "https://github.com/django/django/commit/5510f070711540aaa8d3707776cd77494e688ef9"
    },
    {
      "type": "WEB",
      "url": "https://github.com/django/django/commit/770427c2896a078925abfca2317486b284d22f04"
    },
    {
      "type": "PACKAGE",
      "url": "https://github.com/django/django"
    },
    {
      "type": "WEB",
      "url": "https://github.com/pypa/advisory-database/tree/main/vulns/django/PYSEC-2015-9.yaml"
    },
    {
      "type": "WEB",
      "url": "https://web.archive.org/web/20200228131706/http://www.securityfocus.com/bid/73319"
    },
    {
      "type": "WEB",
      "url": "https://www.djangoproject.com/weblog/2015/mar/18/security-releases"
    },
    {
      "type": "WEB",
      "url": "http://lists.fedoraproject.org/pipermail/package-announce/2015-April/155421.html"
    },
    {
      "type": "WEB",
      "url": "http://lists.fedoraproject.org/pipermail/package-announce/2015-June/160263.html"
    },
    {
      "type": "WEB",
      "url": "http://lists.opensuse.org/opensuse-updates/2015-04/msg00001.html"
    },
    {
      "type": "WEB",
      "url": "http://lists.opensuse.org/opensuse-updates/2015-09/msg00035.html"
    },
    {
      "type": "WEB",
      "url": "http://ubuntu.com/usn/usn-2539-1"
    },
    {
      "type": "WEB",
      "url": "http://www.debian.org/security/2015/dsa-3204"
    },
    {
      "type": "WEB",
      "url": "http://www.mandriva.com/security/advisories?name=MDVSA-2015:195"
    },
    {
      "type": "WEB",
      "url": "http://www.oracle.com/technetwork/topics/security/bulletinapr2015-2511959.html"
    }
  ],
  "database_specific": {
    "cwe_ids": [
      "CWE-79"
    ],
    "severity": "MODERATE",
    "github_reviewed": true,
    "github_reviewed_at": "2024-04-29T12:01:27Z",
    "nvd_published_at": "2015-03-25T14:59:00Z"
  }
}