{
  "schema_version": "1.4.0",
  "id": "GHSA-8m9p-3926-gffr",
  "modified": "2024-11-19T19:14:57Z",
  "published": "2023-08-08T18:30:35Z",
  "aliases": [
    "CVE-2023-38758"
  ],
  "summary": "wger Workout Manager Cross-site Scripting vulnerability",
  "details": "Cross Site Scripting vulnerability in wger Project wger Workout Manager v.2.2.0a3 allows a remote attacker to gain privileges via the `license_author `field in the add-ingredient function in the `templates/ingredients/view.html`, `models/ingredients.py`, and `views/ingredients.py` components.",
  "severity": [
    {
      "type": "CVSS_V3",
      "score": "CVSS:3.1/AV:N/AC:L/PR:L/UI:R/S:C/C:L/I:L/A:N"
    }
  ],
  "affected": [
    {
      "package": {
        "ecosystem": "PyPI",
        "name": "wger"
      },
      "ranges": [
        {
          "type": "ECOSYSTEM",
          "events": [
            {
              "introduced": "0"
            },
            {
              "last_affected": "2.2.0a3"
            }
          ]
        }
      ]
    }
  ],
  "references": [
    {
      "type": "ADVISORY",
      "url": "https://nvd.nist.gov/vuln/detail/CVE-2023-38758"
    },
    {
      "type": "WEB",
      "url": "https://github.com/0x72303074/CVE-Disclosures"
    },
    {
      "type": "WEB",
      "url": "https://github.com/pypa/advisory-database/tree/main/vulns/wger/PYSEC-2023-143.yaml"
    },
    {
      "type": "PACKAGE",
      "url": "https://github.com/wger-project/wger"
    },
    {
      "type": "WEB",
      "url": "https://wger.de"
    }
  ],
  "database_specific": {
    "cwe_ids": [
      "CWE-79"
    ],
    "severity": "MODERATE",
    "github_reviewed": true,
    "github_reviewed_at": "2023-08-17T19:08:16Z",
    "nvd_published_at": "2023-08-08T16:15:11Z"
  }
}