{
  "schema_version": "1.4.0",
  "id": "GHSA-2vh3-cj9j-mcj5",
  "modified": "2024-05-15T21:29:15Z",
  "published": "2024-05-15T21:29:15Z",
  "aliases": [],
  "summary": "eZ Publish Legacy Cross-site Scripting (XSS) in 'disabled module' error template",
  "details": "This security advisory fixes a vulnerability in eZ Publish Legacy, and we recommend that you install it as soon as possible if you are using Legacy via the LegacyBridge.\n\nInstallations where all modules are disabled may be vulnerable to XSS injection in the module name. This is a rare configuration, but we still recommend installing the update, which adds the necessary input washing.\n\nTo install, use Composer to update to one of the \"Resolving versions\" mentioned above, or apply this patch manually:\nhttps://github.com/ezsystems/ezpublish-legacy/commit/4697bff700e8cf95d5847ea19dad3479a77b02d9",
  "severity": [],
  "affected": [
    {
      "package": {
        "ecosystem": "Packagist",
        "name": "ezsystems/ezpublish-legacy"
      },
      "ranges": [
        {
          "type": "ECOSYSTEM",
          "events": [
            {
              "introduced": "2018.9.0"
            },
            {
              "fixed": "2018.9.1.2"
            }
          ]
        }
      ]
    },
    {
      "package": {
        "ecosystem": "Packagist",
        "name": "ezsystems/ezpublish-legacy"
      },
      "ranges": [
        {
          "type": "ECOSYSTEM",
          "events": [
            {
              "introduced": "2018.6.0"
            },
            {
              "fixed": "2018.6.1.3"
            }
          ]
        }
      ]
    },
    {
      "package": {
        "ecosystem": "Packagist",
        "name": "ezsystems/ezpublish-legacy"
      },
      "ranges": [
        {
          "type": "ECOSYSTEM",
          "events": [
            {
              "introduced": "2011.0.0"
            },
            {
              "fixed": "2017.12.4.2"
            }
          ]
        }
      ]
    },
    {
      "package": {
        "ecosystem": "Packagist",
        "name": "ezsystems/ezpublish-legacy"
      },
      "ranges": [
        {
          "type": "ECOSYSTEM",
          "events": [
            {
              "introduced": "5.4.0"
            },
            {
              "fixed": "5.4.12.2"
            }
          ]
        }
      ]
    },
    {
      "package": {
        "ecosystem": "Packagist",
        "name": "ezsystems/ezpublish-legacy"
      },
      "ranges": [
        {
          "type": "ECOSYSTEM",
          "events": [
            {
              "introduced": "5.3.0"
            },
            {
              "fixed": "5.3.12.5"
            }
          ]
        }
      ]
    }
  ],
  "references": [
    {
      "type": "WEB",
      "url": "https://github.com/ezsystems/ezpublish-legacy/commit/4697bff700e8cf95d5847ea19dad3479a77b02d9"
    },
    {
      "type": "WEB",
      "url": "https://github.com/FriendsOfPHP/security-advisories/blob/master/ezsystems/ezpublish-legacy/2018-11-01-1.yaml"
    },
    {
      "type": "PACKAGE",
      "url": "https://github.com/ezsystems/ezpublish-legacy"
    },
    {
      "type": "WEB",
      "url": "https://web.archive.org/web/20210614172734/http://share.ez.no/community-project/security-advisories/ezsa-2018-006-xss-vulnerability-in-disabled-module-error-template"
    },
    {
      "type": "WEB",
      "url": "http://share.ez.no/community-project/security-advisories/ezsa-2018-006-xss-vulnerability-in-disabled-module-error-template"
    }
  ],
  "database_specific": {
    "cwe_ids": [
      "CWE-79"
    ],
    "severity": "MODERATE",
    "github_reviewed": true,
    "github_reviewed_at": "2024-05-15T21:29:15Z",
    "nvd_published_at": null
  }
}