{
  "schema_version": "1.4.0",
  "id": "GHSA-v3wp-35g3-m9mm",
  "modified": "2024-01-25T20:57:19Z",
  "published": "2022-05-13T01:12:45Z",
  "aliases": [
    "CVE-2015-2271"
  ],
  "summary": "Moodle does not consider the moodle/tag:flag capability",
  "details": "tag/user.php in Moodle through 2.5.9, 2.6.x before 2.6.9, 2.7.x before 2.7.6, and 2.8.x before 2.8.4 does not consider the moodle/tag:flag capability before proceeding with a flaginappropriate action, which allows remote authenticated users to bypass intended access restrictions via the \"Flag as inappropriate\" feature.",
  "severity": [],
  "affected": [
    {
      "package": {
        "ecosystem": "Packagist",
        "name": "moodle/moodle"
      },
      "ranges": [
        {
          "type": "ECOSYSTEM",
          "events": [
            {
              "introduced": "0"
            },
            {
              "fixed": "2.6.9"
            }
          ]
        }
      ]
    },
    {
      "package": {
        "ecosystem": "Packagist",
        "name": "moodle/moodle"
      },
      "ranges": [
        {
          "type": "ECOSYSTEM",
          "events": [
            {
              "introduced": "2.7.0"
            },
            {
              "fixed": "2.7.6"
            }
          ]
        }
      ]
    },
    {
      "package": {
        "ecosystem": "Packagist",
        "name": "moodle/moodle"
      },
      "ranges": [
        {
          "type": "ECOSYSTEM",
          "events": [
            {
              "introduced": "2.8.0"
            },
            {
              "fixed": "2.8.4"
            }
          ]
        }
      ]
    }
  ],
  "references": [
    {
      "type": "ADVISORY",
      "url": "https://nvd.nist.gov/vuln/detail/CVE-2015-2271"
    },
    {
      "type": "WEB",
      "url": "https://github.com/moodle/moodle/commit/1a344ea46f4bdedf6b8c87ae9a419e0617e1ac27"
    },
    {
      "type": "WEB",
      "url": "https://github.com/moodle/moodle/commit/64e2179478849ec09c3537716e70ae8a1684b58b"
    },
    {
      "type": "WEB",
      "url": "https://github.com/moodle/moodle/commit/8b4e370840dad1ec4ca6c7cef8a4d6b78e0458b7"
    },
    {
      "type": "WEB",
      "url": "https://github.com/moodle/moodle/commit/b771b31e20cbf3d39aab877c648cf387e77173ba"
    },
    {
      "type": "PACKAGE",
      "url": "https://github.com/moodle/moodle"
    },
    {
      "type": "WEB",
      "url": "https://moodle.org/mod/forum/discuss.php?d=307385"
    },
    {
      "type": "WEB",
      "url": "http://git.moodle.org/gw?p=moodle.git&a=search&h=HEAD&st=commit&s=MDL-49084"
    },
    {
      "type": "WEB",
      "url": "http://openwall.com/lists/oss-security/2015/03/16/1"
    }
  ],
  "database_specific": {
    "cwe_ids": [],
    "severity": "MODERATE",
    "github_reviewed": true,
    "github_reviewed_at": "2024-01-25T20:57:19Z",
    "nvd_published_at": "2015-06-01T19:59:00Z"
  }
}