{
  "schema_version": "1.4.0",
  "id": "GHSA-qwx7-39pw-2mhr",
  "modified": "2025-01-14T22:01:15Z",
  "published": "2025-01-14T15:25:45Z",
  "aliases": [
    "CVE-2024-55920"
  ],
  "summary": "TYPO3 Cross-Site Request Forgery in Dashboard Module",
  "details": "### Problem\nA vulnerability has been identified in the backend user interface functionality involving deep links. Specifically, this functionality is susceptible to Cross-Site Request Forgery (CSRF). Additionally, state-changing actions in downstream components incorrectly accepted submissions via HTTP GET and did not enforce the appropriate HTTP method.\n\nSuccessful exploitation of this vulnerability requires the victim to have an active session on the backend user interface and to be deceived into interacting with a malicious URL targeting the backend, which can occur under the following conditions:\n\n* the user opens a malicious link, such as one sent via email.\n* the user visits a compromised or manipulated website while the following settings are misconfigured:\n  + `security.backend.enforceReferrer` feature is disabled,\n  + `BE/cookieSameSite` configuration is set to `lax` or `none`\n\nThe vulnerability in the affected downstream component \u201cDashboard Module\u201d allows attackers to manipulate the victim\u2019s dashboard configuration.\n\n### Solution\nUpdate to TYPO3 versions 11.5.42 ELTS, 12.4.25 LTS, 13.4.3 LTS that fix the problem described.\n\n### Credits\nThanks to Gabriel Dimitrov who reported this issue and to TYPO3 core and security members Benjamin Franzke, Oliver Hader, Andreas Kienast, Torben Hansen, Elias H\u00e4u\u00dfler who fixed the issue.\n\n### References\n* [TYPO3-CORE-SA-2025-005](https://typo3.org/security/advisory/typo3-core-sa-2025-005)\n",
  "severity": [
    {
      "type": "CVSS_V3",
      "score": "CVSS:3.1/AV:N/AC:L/PR:N/UI:R/S:U/C:N/I:L/A:N"
    }
  ],
  "affected": [
    {
      "package": {
        "ecosystem": "Packagist",
        "name": "typo3/cms-dashboard"
      },
      "ranges": [
        {
          "type": "ECOSYSTEM",
          "events": [
            {
              "introduced": "10.0.0"
            },
            {
              "fixed": "10.4.48"
            }
          ]
        }
      ],
      "database_specific": {
        "last_known_affected_version_range": "<= 10.4.47"
      }
    },
    {
      "package": {
        "ecosystem": "Packagist",
        "name": "typo3/cms-dashboard"
      },
      "ranges": [
        {
          "type": "ECOSYSTEM",
          "events": [
            {
              "introduced": "11.0.0"
            },
            {
              "fixed": "11.5.42"
            }
          ]
        }
      ],
      "database_specific": {
        "last_known_affected_version_range": "<= 11.5.41"
      }
    },
    {
      "package": {
        "ecosystem": "Packagist",
        "name": "typo3/cms-dashboard"
      },
      "ranges": [
        {
          "type": "ECOSYSTEM",
          "events": [
            {
              "introduced": "12.0.0"
            },
            {
              "fixed": "12.4.25"
            }
          ]
        }
      ],
      "database_specific": {
        "last_known_affected_version_range": "<= 12.4.24"
      }
    },
    {
      "package": {
        "ecosystem": "Packagist",
        "name": "typo3/cms-dashboard"
      },
      "ranges": [
        {
          "type": "ECOSYSTEM",
          "events": [
            {
              "introduced": "13.0.0"
            },
            {
              "fixed": "13.4.3"
            }
          ]
        }
      ],
      "database_specific": {
        "last_known_affected_version_range": "<= 13.4.2"
      }
    }
  ],
  "references": [
    {
      "type": "WEB",
      "url": "https://github.com/TYPO3/typo3/security/advisories/GHSA-qwx7-39pw-2mhr"
    },
    {
      "type": "ADVISORY",
      "url": "https://nvd.nist.gov/vuln/detail/CVE-2024-55920"
    },
    {
      "type": "WEB",
      "url": "https://github.com/TYPO3-CMS/dashboard/commit/c2e5dbdda87387ad9ee2ff8ca986d41dd9424875"
    },
    {
      "type": "PACKAGE",
      "url": "https://github.com/TYPO3-CMS/dashboard"
    },
    {
      "type": "WEB",
      "url": "https://typo3.org/security/advisory/typo3-core-sa-2025-005"
    }
  ],
  "database_specific": {
    "cwe_ids": [
      "CWE-352",
      "CWE-749"
    ],
    "severity": "MODERATE",
    "github_reviewed": true,
    "github_reviewed_at": "2025-01-14T15:25:45Z",
    "nvd_published_at": "2025-01-14T20:15:29Z"
  }
}