{
  "schema_version": "1.4.0",
  "id": "GHSA-p55m-g4m3-qmrp",
  "modified": "2022-11-21T23:56:13Z",
  "published": "2022-11-20T06:30:15Z",
  "aliases": [
    "CVE-2022-4069"
  ],
  "summary": "Cross-site Scripting in librenms/librenms",
  "details": "Cross-site Scripting (XSS) - Generic in GitHub repository librenms/librenms prior to 22.10.0.",
  "severity": [
    {
      "type": "CVSS_V3",
      "score": "CVSS:3.1/AV:N/AC:L/PR:H/UI:R/S:C/C:L/I:L/A:N"
    }
  ],
  "affected": [
    {
      "package": {
        "ecosystem": "Packagist",
        "name": "librenms/librenms"
      },
      "ranges": [
        {
          "type": "ECOSYSTEM",
          "events": [
            {
              "introduced": "0"
            },
            {
              "fixed": "22.10.0"
            }
          ]
        }
      ]
    }
  ],
  "references": [
    {
      "type": "ADVISORY",
      "url": "https://nvd.nist.gov/vuln/detail/CVE-2022-4069"
    },
    {
      "type": "WEB",
      "url": "https://github.com/librenms/librenms/commit/8383376f1355812e09ec0c2af67f6d46891b7ba7"
    },
    {
      "type": "WEB",
      "url": "https://huntr.dev/bounties/a9925d98-dac4-4c3c-835a-d93aeecfb2c5"
    }
  ],
  "database_specific": {
    "cwe_ids": [
      "CWE-79"
    ],
    "severity": "MODERATE",
    "github_reviewed": true,
    "github_reviewed_at": "2022-11-21T23:56:13Z",
    "nvd_published_at": "2022-11-20T05:15:00Z"
  }
}