{
  "schema_version": "1.4.0",
  "id": "GHSA-45v7-65q8-x294",
  "modified": "2023-10-27T17:13:26Z",
  "published": "2022-03-30T00:00:26Z",
  "aliases": [
    "CVE-2022-28133"
  ],
  "summary": "Stored XSS vulnerability in Jenkins Bitbucket Server Integration Plugin",
  "details": "Jenkins Bitbucket Server Integration Plugin 3.1.0 and earlier does not limit URL schemes for callback URLs on OAuth consumers, resulting in a stored cross-site scripting (XSS) vulnerability exploitable by attackers able to create BitBucket Server consumers.",
  "severity": [
    {
      "type": "CVSS_V3",
      "score": "CVSS:3.1/AV:N/AC:L/PR:L/UI:R/S:C/C:L/I:L/A:N"
    }
  ],
  "affected": [
    {
      "package": {
        "ecosystem": "Maven",
        "name": "io.jenkins.plugins:atlassian-bitbucket-server-integration"
      },
      "ranges": [
        {
          "type": "ECOSYSTEM",
          "events": [
            {
              "introduced": "2.0.0"
            },
            {
              "fixed": "3.2.0"
            }
          ]
        }
      ]
    }
  ],
  "references": [
    {
      "type": "ADVISORY",
      "url": "https://nvd.nist.gov/vuln/detail/CVE-2022-28133"
    },
    {
      "type": "PACKAGE",
      "url": "https://github.com/jenkinsci/atlassian-bitbucket-server-integration-plugin"
    },
    {
      "type": "WEB",
      "url": "https://www.jenkins.io/security/advisory/2022-03-29/#SECURITY-2639"
    },
    {
      "type": "WEB",
      "url": "http://www.openwall.com/lists/oss-security/2022/03/29/1"
    }
  ],
  "database_specific": {
    "cwe_ids": [
      "CWE-79"
    ],
    "severity": "MODERATE",
    "github_reviewed": true,
    "github_reviewed_at": "2022-11-29T21:49:49Z",
    "nvd_published_at": "2022-03-29T13:15:00Z"
  }
}