{
  "schema_version": "1.4.0",
  "id": "GHSA-4g9r-vxhx-9pgx",
  "modified": "2025-02-13T19:13:39Z",
  "published": "2024-02-19T09:30:50Z",
  "aliases": [
    "CVE-2024-25710"
  ],
  "summary": "Apache Commons Compress: Denial of service caused by an infinite loop for a corrupted DUMP file",
  "details": "Loop with Unreachable Exit Condition ('Infinite Loop') vulnerability in Apache Commons Compress. This issue affects Apache Commons Compress: from 1.3 through 1.25.0.\n\nUsers are recommended to upgrade to version 1.26.0 which fixes the issue.",
  "severity": [
    {
      "type": "CVSS_V3",
      "score": "CVSS:3.1/AV:L/AC:H/PR:N/UI:N/S:C/C:N/I:N/A:H"
    }
  ],
  "affected": [
    {
      "package": {
        "ecosystem": "Maven",
        "name": "org.apache.commons:commons-compress"
      },
      "ranges": [
        {
          "type": "ECOSYSTEM",
          "events": [
            {
              "introduced": "1.3"
            },
            {
              "fixed": "1.26.0"
            }
          ]
        }
      ]
    }
  ],
  "references": [
    {
      "type": "ADVISORY",
      "url": "https://nvd.nist.gov/vuln/detail/CVE-2024-25710"
    },
    {
      "type": "PACKAGE",
      "url": "https://github.com/apache/commons-compress"
    },
    {
      "type": "WEB",
      "url": "https://lists.apache.org/thread/cz8qkcwphy4cx8gltn932ln51cbtq6kf"
    },
    {
      "type": "WEB",
      "url": "https://security.netapp.com/advisory/ntap-20240307-0010"
    },
    {
      "type": "WEB",
      "url": "http://www.openwall.com/lists/oss-security/2024/02/19/1"
    }
  ],
  "database_specific": {
    "cwe_ids": [
      "CWE-835"
    ],
    "severity": "MODERATE",
    "github_reviewed": true,
    "github_reviewed_at": "2024-02-20T23:58:47Z",
    "nvd_published_at": "2024-02-19T09:15:37Z"
  }
}