{
  "schema_version": "1.4.0",
  "id": "GHSA-f2rp-j8hv-g5gx",
  "modified": "2021-08-26T16:24:16Z",
  "published": "2021-08-30T16:25:26Z",
  "aliases": [
    "CVE-2021-38713"
  ],
  "summary": "Cross-site scripting in imgURL",
  "details": "imgURL 2.31 allows XSS via an X-Forwarded-For HTTP header.",
  "severity": [
    {
      "type": "CVSS_V3",
      "score": "CVSS:3.1/AV:N/AC:L/PR:L/UI:R/S:C/C:L/I:L/A:N"
    }
  ],
  "affected": [
    {
      "package": {
        "ecosystem": "Packagist",
        "name": "helloxz/imgurl"
      },
      "ranges": [
        {
          "type": "ECOSYSTEM",
          "events": [
            {
              "introduced": "0"
            },
            {
              "last_affected": "2.31"
            }
          ]
        }
      ]
    }
  ],
  "references": [
    {
      "type": "ADVISORY",
      "url": "https://nvd.nist.gov/vuln/detail/CVE-2021-38713"
    },
    {
      "type": "WEB",
      "url": "https://github.com/helloxz/imgurl/issues/72"
    },
    {
      "type": "PACKAGE",
      "url": "https://github.com/helloxz/imgurl"
    }
  ],
  "database_specific": {
    "cwe_ids": [
      "CWE-79"
    ],
    "severity": "MODERATE",
    "github_reviewed": true,
    "github_reviewed_at": "2021-08-26T16:24:16Z",
    "nvd_published_at": "2021-08-16T04:15:00Z"
  }
}