{
  "schema_version": "1.4.0",
  "id": "GHSA-cg4m-qjjp-7497",
  "modified": "2024-06-03T17:01:20Z",
  "published": "2024-06-03T17:01:20Z",
  "aliases": [],
  "summary": "TYPO3 Cross-Site Scripting in link validator component",
  "details": "Failing to sanitize content from editors, the link validator component is susceptible to Cross-Site Scripting. A valid editor account with access to content which is scanned by the link validator component is required to exploit this vulnerability.",
  "severity": [],
  "affected": [
    {
      "package": {
        "ecosystem": "Packagist",
        "name": "typo3/cms"
      },
      "ranges": [
        {
          "type": "ECOSYSTEM",
          "events": [
            {
              "introduced": "6.2.0"
            },
            {
              "fixed": "6.2.18"
            }
          ]
        }
      ]
    },
    {
      "package": {
        "ecosystem": "Packagist",
        "name": "typo3/cms"
      },
      "ranges": [
        {
          "type": "ECOSYSTEM",
          "events": [
            {
              "introduced": "7.6.0"
            },
            {
              "fixed": "7.6.3"
            }
          ]
        }
      ]
    }
  ],
  "references": [
    {
      "type": "WEB",
      "url": "https://github.com/FriendsOfPHP/security-advisories/blob/master/typo3/cms/2016-02-16-2.yaml"
    },
    {
      "type": "WEB",
      "url": "https://typo3.org/security/advisory/typo3-core-sa-2016-002"
    },
    {
      "type": "WEB",
      "url": "https://typo3.org/teams/security/security-bulletins/typo3-core/typo3-core-sa-2016-002"
    }
  ],
  "database_specific": {
    "cwe_ids": [],
    "severity": "MODERATE",
    "github_reviewed": true,
    "github_reviewed_at": "2024-06-03T17:01:20Z",
    "nvd_published_at": null
  }
}