{
  "schema_version": "1.4.0",
  "id": "GHSA-j8c7-3jpq-8985",
  "modified": "2022-06-17T19:21:49Z",
  "published": "2022-06-10T00:00:55Z",
  "aliases": [
    "CVE-2022-2016"
  ],
  "summary": "Cross-site Scripting in FacturaScripts",
  "details": "Cross-site Scripting (XSS) - Reflected in GitHub repository neorazorx/facturascripts. A patch is available on the `master` branch of the repository in commit 7b4ddb92.",
  "severity": [
    {
      "type": "CVSS_V3",
      "score": "CVSS:3.1/AV:N/AC:L/PR:L/UI:R/S:C/C:L/I:L/A:N"
    }
  ],
  "affected": [
    {
      "package": {
        "ecosystem": "Packagist",
        "name": "facturascripts/facturascripts"
      },
      "ranges": [
        {
          "type": "ECOSYSTEM",
          "events": [
            {
              "introduced": "0"
            },
            {
              "last_affected": "2022.08"
            }
          ]
        }
      ]
    }
  ],
  "references": [
    {
      "type": "ADVISORY",
      "url": "https://nvd.nist.gov/vuln/detail/CVE-2022-2016"
    },
    {
      "type": "WEB",
      "url": "https://github.com/neorazorx/facturascripts/commit/7b4ddb9269a230e2dd07c6a8d3211c9a88f4f09f"
    },
    {
      "type": "PACKAGE",
      "url": "https://github.com/neorazorx/facturascripts"
    },
    {
      "type": "WEB",
      "url": "https://huntr.dev/bounties/5fa17e9b-c767-46b4-af64-aafb8c2aa521"
    }
  ],
  "database_specific": {
    "cwe_ids": [
      "CWE-79"
    ],
    "severity": "MODERATE",
    "github_reviewed": true,
    "github_reviewed_at": "2022-06-10T19:53:42Z",
    "nvd_published_at": "2022-06-09T16:15:00Z"
  }
}