{
  "schema_version": "1.4.0",
  "id": "GHSA-6m26-25q2-cq46",
  "modified": "2022-03-09T20:36:46Z",
  "published": "2022-02-27T00:00:15Z",
  "aliases": [
    "CVE-2022-0763"
  ],
  "summary": "Cross-site Scripting in microweber",
  "details": "Microweber Cross-site Scripting (XSS) - Stored XSS vulnerability on admin page up to version 1.3.",
  "severity": [
    {
      "type": "CVSS_V3",
      "score": "CVSS:3.1/AV:N/AC:L/PR:H/UI:R/S:C/C:L/I:L/A:N"
    }
  ],
  "affected": [
    {
      "package": {
        "ecosystem": "Packagist",
        "name": "microweber/microweber"
      },
      "ranges": [
        {
          "type": "ECOSYSTEM",
          "events": [
            {
              "introduced": "0"
            },
            {
              "fixed": "1.3"
            }
          ]
        }
      ]
    }
  ],
  "references": [
    {
      "type": "ADVISORY",
      "url": "https://nvd.nist.gov/vuln/detail/CVE-2022-0763"
    },
    {
      "type": "WEB",
      "url": "https://github.com/microweber/microweber/commit/c897d0dc159849763a813184d9b75b966c6360bf"
    },
    {
      "type": "PACKAGE",
      "url": "https://github.com/microweber/microweber"
    },
    {
      "type": "WEB",
      "url": "https://huntr.dev/bounties/6de9c621-740d-4d7a-9d77-d90c6c87f3b6"
    }
  ],
  "database_specific": {
    "cwe_ids": [
      "CWE-79"
    ],
    "severity": "MODERATE",
    "github_reviewed": true,
    "github_reviewed_at": "2022-03-01T21:57:12Z",
    "nvd_published_at": "2022-02-26T10:15:00Z"
  }
}