{
  "schema_version": "1.4.0",
  "id": "GHSA-prvg-rh5h-74jr",
  "modified": "2024-05-02T14:52:55Z",
  "published": "2024-04-09T12:30:46Z",
  "aliases": [
    "CVE-2021-28656"
  ],
  "summary": "Apache Zeppelin CSRF vulnerability in the Credentials page",
  "details": "Cross-Site Request Forgery (CSRF) vulnerability in Credential page of Apache Zeppelin allows an attacker to submit malicious request.  This issue affects Apache Zeppelin Apache Zeppelin version 0.9.0 and prior versions.",
  "severity": [
    {
      "type": "CVSS_V3",
      "score": "CVSS:3.1/AV:N/AC:L/PR:N/UI:R/S:U/C:L/I:L/A:N"
    }
  ],
  "affected": [
    {
      "package": {
        "ecosystem": "Maven",
        "name": "org.apache.zeppelin:zeppelin-web"
      },
      "ranges": [
        {
          "type": "ECOSYSTEM",
          "events": [
            {
              "introduced": "0"
            },
            {
              "last_affected": "0.9.0"
            }
          ]
        }
      ]
    }
  ],
  "references": [
    {
      "type": "ADVISORY",
      "url": "https://nvd.nist.gov/vuln/detail/CVE-2021-28656"
    },
    {
      "type": "PACKAGE",
      "url": "https://github.com/apache/zeppelin"
    },
    {
      "type": "WEB",
      "url": "https://lists.apache.org/thread/dttzkkv4qyn1rq2fdv1r94otb1osxztc"
    },
    {
      "type": "WEB",
      "url": "http://www.openwall.com/lists/oss-security/2024/04/09/3"
    }
  ],
  "database_specific": {
    "cwe_ids": [
      "CWE-352"
    ],
    "severity": "MODERATE",
    "github_reviewed": true,
    "github_reviewed_at": "2024-04-09T16:23:03Z",
    "nvd_published_at": "2024-04-09T10:15:07Z"
  }
}