{
  "schema_version": "1.4.0",
  "id": "GHSA-rwpg-4c4c-v3r4",
  "modified": "2023-08-21T20:47:10Z",
  "published": "2023-08-21T12:30:19Z",
  "withdrawn": "2023-08-21T20:47:10Z",
  "aliases": [],
  "summary": "Duplicate Advisory: Wallabag user can reset data unintentionally",
  "details": "## Duplicate Advisory\nThis advisory has been withdrawn because it is a duplicate of GHSA-p8gp-899c-jvq9. This link is maintained to preserve external references.\n\n## Original Description\nCross-Site Request Forgery (CSRF) in GitHub repository wallabag/wallabag prior to 2.6.3.",
  "severity": [
    {
      "type": "CVSS_V3",
      "score": "CVSS:3.0/AV:N/AC:L/PR:N/UI:R/S:U/C:N/I:L/A:N"
    }
  ],
  "affected": [
    {
      "package": {
        "ecosystem": "Packagist",
        "name": "wallabag/wallabag"
      },
      "ranges": [
        {
          "type": "ECOSYSTEM",
          "events": [
            {
              "introduced": "2.0.0-alpha.1"
            },
            {
              "fixed": "2.6.3"
            }
          ]
        }
      ],
      "database_specific": {
        "last_known_affected_version_range": "<= 2.6.2"
      }
    }
  ],
  "references": [
    {
      "type": "ADVISORY",
      "url": "https://nvd.nist.gov/vuln/detail/CVE-2023-4454"
    },
    {
      "type": "WEB",
      "url": "https://github.com/wallabag/wallabag/commit/78b0b55c40511e1f22d5bbb4897aa10fca68441c"
    },
    {
      "type": "WEB",
      "url": "https://huntr.dev/bounties/4ee0ef74-e4d4-46e7-a05c-076bce522299"
    }
  ],
  "database_specific": {
    "cwe_ids": [
      "CWE-352"
    ],
    "severity": "MODERATE",
    "github_reviewed": true,
    "github_reviewed_at": "2023-08-21T20:47:10Z",
    "nvd_published_at": "2023-08-21T10:15:09Z"
  }
}