{
  "schema_version": "1.4.0",
  "id": "GHSA-6xjj-v76v-fwpj",
  "modified": "2023-08-11T21:56:52Z",
  "published": "2023-08-11T09:30:36Z",
  "aliases": [
    "CVE-2023-4107"
  ],
  "summary": "Mattermost does not validate requesting user permissions before updating admin details",
  "details": "Mattermost fails to properly validate the requesting user permissions when updating a system admin, allowing a user manager to update a system admin's details such as email, first name and last name.\n\n",
  "severity": [
    {
      "type": "CVSS_V3",
      "score": "CVSS:3.1/AV:N/AC:L/PR:H/UI:N/S:U/C:H/I:H/A:L"
    }
  ],
  "affected": [
    {
      "package": {
        "ecosystem": "Go",
        "name": "github.com/mattermost/mattermost-server/v6"
      },
      "ranges": [
        {
          "type": "ECOSYSTEM",
          "events": [
            {
              "introduced": "0"
            },
            {
              "fixed": "7.8.8"
            }
          ]
        }
      ],
      "database_specific": {
        "last_known_affected_version_range": "<= 7.8.7"
      }
    },
    {
      "package": {
        "ecosystem": "Go",
        "name": "github.com/mattermost/mattermost-server/v6"
      },
      "ranges": [
        {
          "type": "ECOSYSTEM",
          "events": [
            {
              "introduced": "7.9.0"
            },
            {
              "fixed": "7.9.6"
            }
          ]
        }
      ],
      "database_specific": {
        "last_known_affected_version_range": "<= 7.9.5"
      }
    },
    {
      "package": {
        "ecosystem": "Go",
        "name": "github.com/mattermost/mattermost-server/v6"
      },
      "ranges": [
        {
          "type": "ECOSYSTEM",
          "events": [
            {
              "introduced": "7.10.0"
            },
            {
              "fixed": "7.10.4"
            }
          ]
        }
      ],
      "database_specific": {
        "last_known_affected_version_range": "<= 7.10.3"
      }
    }
  ],
  "references": [
    {
      "type": "ADVISORY",
      "url": "https://nvd.nist.gov/vuln/detail/CVE-2023-4107"
    },
    {
      "type": "PACKAGE",
      "url": "https://github.com/mattermost/mattermost"
    },
    {
      "type": "WEB",
      "url": "https://mattermost.com/security-updates"
    }
  ],
  "database_specific": {
    "cwe_ids": [
      "CWE-284",
      "CWE-863"
    ],
    "severity": "MODERATE",
    "github_reviewed": true,
    "github_reviewed_at": "2023-08-11T21:56:52Z",
    "nvd_published_at": "2023-08-11T07:15:09Z"
  }
}