{
  "schema_version": "1.4.0",
  "id": "GHSA-4x63-3p7q-xmh7",
  "modified": "2022-12-12T16:55:41Z",
  "published": "2022-05-14T03:18:39Z",
  "aliases": [
    "CVE-2018-1000175"
  ],
  "summary": "Jenkins HTML Publisher Plugin path traversal vulnerability",
  "details": "A path traversal vulnerability exists in Jenkins HTML Publisher Plugin 1.15 and older in HtmlPublisherTarget.java that allows attackers able to configure the HTML Publisher build step to override arbitrary files on the Jenkins master. In version 1.16, non-alphanumeric characters in report names are escaped for use as part of a URL and as a directory name.",
  "severity": [
    {
      "type": "CVSS_V3",
      "score": "CVSS:3.0/AV:N/AC:L/PR:L/UI:N/S:U/C:N/I:H/A:N"
    }
  ],
  "affected": [
    {
      "package": {
        "ecosystem": "Maven",
        "name": "org.jenkins-ci.plugins:htmlpublisher"
      },
      "ranges": [
        {
          "type": "ECOSYSTEM",
          "events": [
            {
              "introduced": "0"
            },
            {
              "fixed": "1.16"
            }
          ]
        }
      ],
      "database_specific": {
        "last_known_affected_version_range": "<= 1.15"
      }
    }
  ],
  "references": [
    {
      "type": "ADVISORY",
      "url": "https://nvd.nist.gov/vuln/detail/CVE-2018-1000175"
    },
    {
      "type": "PACKAGE",
      "url": "https://github.com/jenkinsci/htmlpublisher-plugin"
    },
    {
      "type": "WEB",
      "url": "https://jenkins.io/security/advisory/2018-04-16"
    }
  ],
  "database_specific": {
    "cwe_ids": [
      "CWE-22"
    ],
    "severity": "MODERATE",
    "github_reviewed": true,
    "github_reviewed_at": "2022-12-12T16:55:41Z",
    "nvd_published_at": "2018-05-08T15:29:00Z"
  }
}