{
  "schema_version": "1.4.0",
  "id": "GHSA-jxcv-v856-j5vg",
  "modified": "2024-02-12T19:42:47Z",
  "published": "2022-04-30T18:20:37Z",
  "aliases": [
    "CVE-2002-1148"
  ],
  "summary": "Apache Tomcat Source Code Disclosure",
  "details": "The default servlet (`org.apache.catalina.servlets.DefaultServlet`) in Tomcat 4.0.4 and 4.1.10 and earlier allows remote attackers to read source code for server files via a direct request to the servlet.",
  "severity": [],
  "affected": [
    {
      "package": {
        "ecosystem": "Maven",
        "name": "org.apache.tomcat:tomcat"
      },
      "ranges": [
        {
          "type": "ECOSYSTEM",
          "events": [
            {
              "introduced": "4.0.0"
            },
            {
              "fixed": "4.0.5"
            }
          ]
        }
      ],
      "database_specific": {
        "last_known_affected_version_range": "<= 4.0.4"
      }
    },
    {
      "package": {
        "ecosystem": "Maven",
        "name": "org.apache.tomcat:tomcat"
      },
      "ranges": [
        {
          "type": "ECOSYSTEM",
          "events": [
            {
              "introduced": "4.1.0"
            },
            {
              "fixed": "4.1.12"
            }
          ]
        }
      ],
      "database_specific": {
        "last_known_affected_version_range": "<= 4.1.10"
      }
    }
  ],
  "references": [
    {
      "type": "ADVISORY",
      "url": "https://nvd.nist.gov/vuln/detail/CVE-2002-1148"
    },
    {
      "type": "WEB",
      "url": "https://lists.apache.org/thread.html/29dc6c2b625789e70a9c4756b5a327e6547273ff8bde7e0327af48c5@<dev.tomcat.apache.org>"
    },
    {
      "type": "WEB",
      "url": "https://lists.apache.org/thread.html/c62b0e3a7bf23342352a5810c640a94b6db69957c5c19db507004d74@<dev.tomcat.apache.org>"
    },
    {
      "type": "WEB",
      "url": "https://lists.apache.org/thread.html/rb71997f506c6cc8b530dd845c084995a9878098846c7b4eacfae8db3@<dev.tomcat.apache.org>"
    },
    {
      "type": "WEB",
      "url": "https://web.archive.org/web/20021027204137/http://www.iss.net/security_center/static/10175.php"
    },
    {
      "type": "WEB",
      "url": "https://web.archive.org/web/20030113141130/http://online.securityfocus.com/advisories/4758"
    },
    {
      "type": "WEB",
      "url": "https://web.archive.org/web/20030710185447/http://www.securityfocus.com/bid/5786"
    },
    {
      "type": "WEB",
      "url": "https://web.archive.org/web/20040814165854/http://rhn.redhat.com/errata/RHSA-2002-217.html"
    },
    {
      "type": "WEB",
      "url": "https://web.archive.org/web/20040817035804/http://rhn.redhat.com/errata/RHSA-2002-218.html"
    },
    {
      "type": "WEB",
      "url": "https://web.archive.org/web/20070430075037/http://www.debian.org/security/2002/dsa-170"
    },
    {
      "type": "WEB",
      "url": "http://marc.info/?l=bugtraq&m=103288242014253&w=2"
    }
  ],
  "database_specific": {
    "cwe_ids": [
      "CWE-200"
    ],
    "severity": "MODERATE",
    "github_reviewed": true,
    "github_reviewed_at": "2024-02-12T19:42:47Z",
    "nvd_published_at": "2002-10-11T04:00:00Z"
  }
}