{
  "schema_version": "1.4.0",
  "id": "GHSA-x5jp-9fmm-m9pf",
  "modified": "2021-11-17T21:11:15Z",
  "published": "2021-11-15T23:13:52Z",
  "aliases": [
    "CVE-2021-3683"
  ],
  "summary": "showdoc is vulnerable to Cross-Site Request Forgery (CSRF)",
  "details": "showdoc is vulnerable to Cross-Site Request Forgery (CSRF).",
  "severity": [
    {
      "type": "CVSS_V3",
      "score": "CVSS:3.0/AV:N/AC:L/PR:N/UI:R/S:U/C:L/I:L/A:N"
    }
  ],
  "affected": [
    {
      "package": {
        "ecosystem": "Packagist",
        "name": "showdoc/showdoc"
      },
      "ranges": [
        {
          "type": "ECOSYSTEM",
          "events": [
            {
              "introduced": "0"
            },
            {
              "last_affected": "2.9.12"
            }
          ]
        }
      ]
    }
  ],
  "references": [
    {
      "type": "ADVISORY",
      "url": "https://nvd.nist.gov/vuln/detail/CVE-2021-3683"
    },
    {
      "type": "WEB",
      "url": "https://github.com/star7th/showdoc/commit/67093c879a6563aa6ee08003177777d1975e2351"
    },
    {
      "type": "PACKAGE",
      "url": "https://github.com/star7th/showdoc"
    },
    {
      "type": "WEB",
      "url": "https://huntr.dev/bounties/063a339a-5d78-40d6-a96a-6716960e8134"
    }
  ],
  "database_specific": {
    "cwe_ids": [
      "CWE-352"
    ],
    "severity": "MODERATE",
    "github_reviewed": true,
    "github_reviewed_at": "2021-11-15T19:43:10Z",
    "nvd_published_at": "2021-11-13T10:15:00Z"
  }
}