{
  "schema_version": "1.4.0",
  "id": "GHSA-6jmh-9gqm-5xrx",
  "modified": "2022-01-24T21:11:02Z",
  "published": "2022-01-26T20:21:03Z",
  "aliases": [
    "CVE-2022-0226"
  ],
  "summary": "Cross-Site Request Forgery (CSRF) in livehelperchat",
  "details": "A CSRF issue is found in the audit configuration under settings. It was found that no CSRF token validation is getting done on the server-side. If we remove the CSRF token and keep the CSRF token field empty, the action is getting performed.",
  "severity": [
    {
      "type": "CVSS_V3",
      "score": "CVSS:3.1/AV:N/AC:L/PR:N/UI:R/S:U/C:N/I:L/A:N"
    }
  ],
  "affected": [
    {
      "package": {
        "ecosystem": "Packagist",
        "name": "remdex/livehelperchat"
      },
      "ranges": [
        {
          "type": "ECOSYSTEM",
          "events": [
            {
              "introduced": "0"
            },
            {
              "fixed": "3.92"
            }
          ]
        }
      ]
    }
  ],
  "references": [
    {
      "type": "ADVISORY",
      "url": "https://nvd.nist.gov/vuln/detail/CVE-2022-0226"
    },
    {
      "type": "WEB",
      "url": "https://github.com/livehelperchat/livehelperchat/commit/f59ffb02984c0ce2fbb19ac39365066507de9370"
    },
    {
      "type": "PACKAGE",
      "url": "https://github.com/livehelperchat/livehelperchat"
    },
    {
      "type": "WEB",
      "url": "https://huntr.dev/bounties/635d0abf-7680-47f6-a277-d9a91471c73f"
    }
  ],
  "database_specific": {
    "cwe_ids": [
      "CWE-352"
    ],
    "severity": "MODERATE",
    "github_reviewed": true,
    "github_reviewed_at": "2022-01-24T21:11:02Z",
    "nvd_published_at": "2022-01-14T19:15:00Z"
  }
}