{
  "schema_version": "1.4.0",
  "id": "GHSA-5hpw-vcj2-prwg",
  "modified": "2023-07-07T20:44:07Z",
  "published": "2022-05-24T16:50:37Z",
  "aliases": [
    "CVE-2019-13645"
  ],
  "summary": "Firefly III vulnerable to stored XSS",
  "details": "Firefly III before 4.7.17.3 is vulnerable to stored XSS due to lack of filtration of user-supplied data in image file names. The JavaScript code is executed during attachments/edit/$file_id$ attachment editing.",
  "severity": [
    {
      "type": "CVSS_V3",
      "score": "CVSS:3.0/AV:N/AC:L/PR:L/UI:R/S:C/C:L/I:L/A:N"
    }
  ],
  "affected": [
    {
      "package": {
        "ecosystem": "Packagist",
        "name": "grumpydictator/firefly-iii"
      },
      "ranges": [
        {
          "type": "ECOSYSTEM",
          "events": [
            {
              "introduced": "0"
            },
            {
              "fixed": "4.7.17.3"
            }
          ]
        }
      ]
    }
  ],
  "references": [
    {
      "type": "ADVISORY",
      "url": "https://nvd.nist.gov/vuln/detail/CVE-2019-13645"
    },
    {
      "type": "WEB",
      "url": "https://github.com/firefly-iii/firefly-iii/issues/2337"
    },
    {
      "type": "WEB",
      "url": "https://github.com/firefly-iii/firefly-iii/commit/17a66b3056096244a2198a7351847d26cb7b37c5"
    },
    {
      "type": "PACKAGE",
      "url": "https://github.com/firefly-iii/firefly-iii"
    },
    {
      "type": "WEB",
      "url": "https://github.com/firefly-iii/firefly-iii/compare/a70b7cc...7d482aa"
    }
  ],
  "database_specific": {
    "cwe_ids": [
      "CWE-79"
    ],
    "severity": "MODERATE",
    "github_reviewed": true,
    "github_reviewed_at": "2023-07-07T20:44:07Z",
    "nvd_published_at": "2019-07-18T03:15:00Z"
  }
}