{
  "schema_version": "1.4.0",
  "id": "GHSA-5h47-9rm5-fx3f",
  "modified": "2023-10-31T22:09:51Z",
  "published": "2023-10-20T00:30:24Z",
  "aliases": [
    "CVE-2023-43341"
  ],
  "summary": "Evolution CMS Cross-site Scripting vulnerability",
  "details": "Cross-site scripting (XSS) vulnerability in evolution evo v.3.2.3 allows a local attacker to execute arbitrary code via a crafted payload injected uid parameter.",
  "severity": [
    {
      "type": "CVSS_V3",
      "score": "CVSS:3.1/AV:N/AC:L/PR:N/UI:R/S:C/C:L/I:L/A:N"
    }
  ],
  "affected": [
    {
      "package": {
        "ecosystem": "Packagist",
        "name": "evolutioncms/evolution"
      },
      "ranges": [
        {
          "type": "ECOSYSTEM",
          "events": [
            {
              "introduced": "0"
            },
            {
              "last_affected": "3.2.3"
            }
          ]
        }
      ]
    }
  ],
  "references": [
    {
      "type": "ADVISORY",
      "url": "https://nvd.nist.gov/vuln/detail/CVE-2023-43341"
    },
    {
      "type": "PACKAGE",
      "url": "https://github.com/evolution-cms/evolution"
    },
    {
      "type": "WEB",
      "url": "https://github.com/sromanhu/CVE-2023-43341-Evolution-Reflected-XSS---Installation-Connection-"
    },
    {
      "type": "WEB",
      "url": "https://github.com/sromanhu/Evolution-Reflected-XSS---Installation-Connection-"
    }
  ],
  "database_specific": {
    "cwe_ids": [
      "CWE-79"
    ],
    "severity": "MODERATE",
    "github_reviewed": true,
    "github_reviewed_at": "2023-10-20T22:26:43Z",
    "nvd_published_at": "2023-10-19T22:15:09Z"
  }
}