{
  "schema_version": "1.4.0",
  "id": "GHSA-j9gq-w73w-9h6c",
  "modified": "2024-10-21T20:53:25Z",
  "published": "2023-10-02T21:30:17Z",
  "aliases": [
    "CVE-2023-44463"
  ],
  "summary": "pretix potential IP address spoofing vulnerability",
  "details": "An issue was discovered in pretix before 2023.7.1. Incorrect parsing of configuration files causes the application to trust unchecked X-Forwarded-For headers even though it has not been configured to do so. This can lead to IP address spoofing by users of the application.",
  "severity": [
    {
      "type": "CVSS_V3",
      "score": "CVSS:3.1/AV:N/AC:L/PR:N/UI:N/S:U/C:N/I:L/A:N"
    },
    {
      "type": "CVSS_V4",
      "score": "CVSS:4.0/AV:N/AC:L/AT:N/PR:N/UI:N/VC:N/VI:L/VA:N/SC:N/SI:N/SA:N"
    }
  ],
  "affected": [
    {
      "package": {
        "ecosystem": "PyPI",
        "name": "pretix"
      },
      "ranges": [
        {
          "type": "ECOSYSTEM",
          "events": [
            {
              "introduced": "0"
            },
            {
              "fixed": "2023.7.1"
            }
          ]
        }
      ]
    }
  ],
  "references": [
    {
      "type": "ADVISORY",
      "url": "https://nvd.nist.gov/vuln/detail/CVE-2023-44463"
    },
    {
      "type": "WEB",
      "url": "https://github.com/pretix/pretix/commit/ccdce2ccb8207b82501af3c03f50abc0f819b469"
    },
    {
      "type": "WEB",
      "url": "https://github.com/pretix/pretix"
    },
    {
      "type": "WEB",
      "url": "https://github.com/pretix/pretix/compare/v2023.7.0...v2023.7.1"
    },
    {
      "type": "WEB",
      "url": "https://github.com/pretix/pretix/tags"
    },
    {
      "type": "WEB",
      "url": "https://github.com/pypa/advisory-database/tree/main/vulns/pretix/PYSEC-2023-187.yaml"
    },
    {
      "type": "WEB",
      "url": "https://pretix.eu/about/en/blog/20230911-release-2023-7-1"
    },
    {
      "type": "WEB",
      "url": "https://pretix.eu/about/en/ticketing"
    }
  ],
  "database_specific": {
    "cwe_ids": [
      "CWE-290"
    ],
    "severity": "MODERATE",
    "github_reviewed": true,
    "github_reviewed_at": "2023-10-04T14:12:10Z",
    "nvd_published_at": "2023-10-02T20:15:10Z"
  }
}