{
  "schema_version": "1.4.0",
  "id": "GHSA-88fh-8979-q2rr",
  "modified": "2023-10-06T17:33:19Z",
  "published": "2022-05-14T03:04:23Z",
  "aliases": [
    "CVE-2018-13339"
  ],
  "summary": "Angular Redactor XSS Vulnerability",
  "details": "Imperavi Redactor 3 in Angular Redactor 1.1.6, when HTML content mode is used, allows stored XSS, as demonstrated by an onerror attribute of an IMG element, a related issue to CVE-2018-7035.",
  "severity": [
    {
      "type": "CVSS_V3",
      "score": "CVSS:3.0/AV:N/AC:L/PR:N/UI:R/S:C/C:L/I:L/A:N"
    }
  ],
  "affected": [
    {
      "package": {
        "ecosystem": "npm",
        "name": "angular-redactor"
      },
      "ranges": [
        {
          "type": "ECOSYSTEM",
          "events": [
            {
              "introduced": "0"
            },
            {
              "last_affected": "1.1.6"
            }
          ]
        }
      ]
    }
  ],
  "references": [
    {
      "type": "ADVISORY",
      "url": "https://nvd.nist.gov/vuln/detail/CVE-2018-13339"
    },
    {
      "type": "WEB",
      "url": "https://github.com/TylerGarlick/angular-redactor/issues/77"
    },
    {
      "type": "WEB",
      "url": "https://github.com/gleez/cms/issues/796"
    },
    {
      "type": "PACKAGE",
      "url": "https://github.com/TylerGarlick/angular-redactor"
    }
  ],
  "database_specific": {
    "cwe_ids": [
      "CWE-79"
    ],
    "severity": "MODERATE",
    "github_reviewed": true,
    "github_reviewed_at": "2023-07-25T18:49:01Z",
    "nvd_published_at": "2018-07-05T22:29:00Z"
  }
}