{
  "schema_version": "1.4.0",
  "id": "GHSA-m3v5-gjj9-rg24",
  "modified": "2023-06-27T21:58:21Z",
  "published": "2023-06-20T15:31:08Z",
  "aliases": [
    "CVE-2023-33495"
  ],
  "summary": "Craft CMS vulnerable to HTML injection",
  "details": "Craft CMS through 4.4.9 is vulnerable to HTML Injection.",
  "severity": [
    {
      "type": "CVSS_V3",
      "score": "CVSS:3.1/AV:N/AC:L/PR:N/UI:R/S:C/C:L/I:L/A:N"
    }
  ],
  "affected": [
    {
      "package": {
        "ecosystem": "Packagist",
        "name": "craftcms/cms"
      },
      "ranges": [
        {
          "type": "ECOSYSTEM",
          "events": [
            {
              "introduced": "0"
            },
            {
              "last_affected": "4.4.9"
            }
          ]
        }
      ]
    }
  ],
  "references": [
    {
      "type": "ADVISORY",
      "url": "https://nvd.nist.gov/vuln/detail/CVE-2023-33495"
    },
    {
      "type": "PACKAGE",
      "url": "https://github.com/craftcms/cms"
    },
    {
      "type": "WEB",
      "url": "https://medium.com/@mondalsomnath9135/html-injection-in-craft-cms-application-e2b28f746212"
    },
    {
      "type": "WEB",
      "url": "https://owasp.org/www-project-web-security-testing-guide/latest/4-Web_Application_Security_Testing/11-Client-side_Testing/03-Testing_for_HTML_Injection"
    }
  ],
  "database_specific": {
    "cwe_ids": [
      "CWE-79"
    ],
    "severity": "MODERATE",
    "github_reviewed": true,
    "github_reviewed_at": "2023-06-21T18:36:27Z",
    "nvd_published_at": "2023-06-20T13:15:09Z"
  }
}