{
  "schema_version": "1.4.0",
  "id": "GHSA-g8hw-794c-4j9g",
  "modified": "2024-03-07T21:32:20Z",
  "published": "2018-10-17T20:07:03Z",
  "aliases": [
    "CVE-2018-1271"
  ],
  "summary": "Path Traversal in org.springframework:spring-core",
  "details": "Spring Framework, versions 5.0 prior to 5.0.5 and versions 4.3 prior to 4.3.15 and older unsupported versions, allow applications to configure Spring MVC to serve static resources (e.g. CSS, JS, images). When static resources are served from a file system on Windows (as opposed to the classpath, or the ServletContext), a malicious user can send a request using a specially crafted URL that can lead a directory traversal attack.",
  "severity": [
    {
      "type": "CVSS_V3",
      "score": "CVSS:3.0/AV:N/AC:H/PR:N/UI:N/S:U/C:H/I:N/A:N"
    }
  ],
  "affected": [
    {
      "package": {
        "ecosystem": "Maven",
        "name": "org.springframework:spring-core"
      },
      "ranges": [
        {
          "type": "ECOSYSTEM",
          "events": [
            {
              "introduced": "5.0.0"
            },
            {
              "fixed": "5.0.5"
            }
          ]
        }
      ]
    },
    {
      "package": {
        "ecosystem": "Maven",
        "name": "org.springframework:spring-core"
      },
      "ranges": [
        {
          "type": "ECOSYSTEM",
          "events": [
            {
              "introduced": "0"
            },
            {
              "fixed": "4.3.15"
            }
          ]
        }
      ]
    }
  ],
  "references": [
    {
      "type": "ADVISORY",
      "url": "https://nvd.nist.gov/vuln/detail/CVE-2018-1271"
    },
    {
      "type": "WEB",
      "url": "https://github.com/spring-projects/spring-framework/commit/0e28bee0f155b9bf240b4bafc4646e4810cb23f8"
    },
    {
      "type": "WEB",
      "url": "https://github.com/spring-projects/spring-framework/commit/13356a7ee2240f740737c5c83bdccdacc30603ab"
    },
    {
      "type": "WEB",
      "url": "https://github.com/spring-projects/spring-framework/commit/695bf2961feffd35b5560ccc982a2189dcca611f"
    },
    {
      "type": "WEB",
      "url": "https://github.com/spring-projects/spring-framework/commit/91b803a2310344d925e5d4b1709bbcea90375548"
    },
    {
      "type": "WEB",
      "url": "https://github.com/spring-projects/spring-framework/commit/98ad23bef8e2e04143f8f5b201380543a8d8c0c3"
    },
    {
      "type": "WEB",
      "url": "https://github.com/spring-projects/spring-framework/commit/b9ebdaaf3710db473a2e1fec8641c316483a22aa"
    },
    {
      "type": "WEB",
      "url": "https://github.com/spring-projects/spring-framework/commit/f046a066eceefa0799d1bc89bd6e1318f39bdf69"
    },
    {
      "type": "WEB",
      "url": "https://github.com/spring-projects/spring-framework/commit/f59ea610dfcf55cd0b42f6dd76a9b3dab0218aaa"
    },
    {
      "type": "WEB",
      "url": "https://www.oracle.com/technetwork/security-advisory/cpujul2019-5072835.html"
    },
    {
      "type": "WEB",
      "url": "https://www.oracle.com/technetwork/security-advisory/cpujan2019-5072801.html"
    },
    {
      "type": "WEB",
      "url": "https://www.oracle.com/security-alerts/cpuoct2021.html"
    },
    {
      "type": "WEB",
      "url": "https://www.oracle.com/security-alerts/cpujul2020.html"
    },
    {
      "type": "WEB",
      "url": "https://pivotal.io/security/cve-2018-1271"
    },
    {
      "type": "ADVISORY",
      "url": "https://github.com/advisories/GHSA-g8hw-794c-4j9g"
    },
    {
      "type": "WEB",
      "url": "https://access.redhat.com/errata/RHSA-2018:2939"
    },
    {
      "type": "WEB",
      "url": "https://access.redhat.com/errata/RHSA-2018:2669"
    },
    {
      "type": "WEB",
      "url": "https://access.redhat.com/errata/RHSA-2018:1320"
    },
    {
      "type": "WEB",
      "url": "http://www.oracle.com/technetwork/security-advisory/cpujul2018-4258247.html"
    },
    {
      "type": "WEB",
      "url": "http://www.oracle.com/technetwork/security-advisory/cpuoct2018-4428296.html"
    },
    {
      "type": "WEB",
      "url": "http://www.securityfocus.com/bid/103699"
    }
  ],
  "database_specific": {
    "cwe_ids": [
      "CWE-22"
    ],
    "severity": "MODERATE",
    "github_reviewed": true,
    "github_reviewed_at": "2020-06-16T21:36:29Z",
    "nvd_published_at": "2018-04-06T13:29:00Z"
  }
}