{
  "schema_version": "1.4.0",
  "id": "GHSA-c79f-pqgf-fhp3",
  "modified": "2023-12-12T20:55:07Z",
  "published": "2023-12-07T18:30:34Z",
  "aliases": [
    "CVE-2023-47440"
  ],
  "summary": "Directory Traversal in Gladys Assistant",
  "details": "Gladys Assistant v4.27.0 and prior is vulnerable to Directory Traversal. The patch of CVE-2023-43256 was found to be incomplete, allowing authenticated attackers to extract sensitive files in the host machine.",
  "severity": [
    {
      "type": "CVSS_V3",
      "score": "CVSS:3.1/AV:N/AC:L/PR:L/UI:N/S:U/C:H/I:N/A:N"
    }
  ],
  "affected": [
    {
      "package": {
        "ecosystem": "npm",
        "name": "gladys"
      },
      "ranges": [
        {
          "type": "ECOSYSTEM",
          "events": [
            {
              "introduced": "0"
            },
            {
              "last_affected": "4.27.0"
            }
          ]
        }
      ]
    }
  ],
  "references": [
    {
      "type": "ADVISORY",
      "url": "https://nvd.nist.gov/vuln/detail/CVE-2023-47440"
    },
    {
      "type": "WEB",
      "url": "https://github.com/GladysAssistant/Gladys/pull/1918/commits/4f56ba250ff9f46578f1afa6a97e62e74bad83b7"
    },
    {
      "type": "WEB",
      "url": "https://blog.moku.fr/cve"
    },
    {
      "type": "WEB",
      "url": "https://blog.moku.fr/cves/CVE-2023-47440"
    },
    {
      "type": "PACKAGE",
      "url": "https://github.com/GladysAssistant/Gladys"
    }
  ],
  "database_specific": {
    "cwe_ids": [
      "CWE-22"
    ],
    "severity": "MODERATE",
    "github_reviewed": true,
    "github_reviewed_at": "2023-12-12T20:55:07Z",
    "nvd_published_at": "2023-12-07T18:15:08Z"
  }
}