{
  "schema_version": "1.4.0",
  "id": "GHSA-pqqj-299w-wf53",
  "modified": "2024-02-01T21:49:08Z",
  "published": "2022-05-24T17:27:18Z",
  "aliases": [
    "CVE-2020-23814"
  ],
  "summary": "xxl-job Multiple cross-site scripting (XSS) vulnerabilities",
  "details": "Multiple cross-site scripting (XSS) vulnerabilities in xxl-job v2.2.0 allow remote attackers to inject arbitrary web script or HTML via (1) AppName and (2)AddressList parameter in JobGroupController.java file.",
  "severity": [
    {
      "type": "CVSS_V3",
      "score": "CVSS:3.1/AV:N/AC:L/PR:N/UI:R/S:C/C:L/I:L/A:N"
    }
  ],
  "affected": [
    {
      "package": {
        "ecosystem": "Maven",
        "name": "com.xuxueli:xxl-job"
      },
      "ranges": [
        {
          "type": "ECOSYSTEM",
          "events": [
            {
              "introduced": "0"
            },
            {
              "fixed": "2.3.0"
            }
          ]
        }
      ]
    }
  ],
  "references": [
    {
      "type": "ADVISORY",
      "url": "https://nvd.nist.gov/vuln/detail/CVE-2020-23814"
    },
    {
      "type": "WEB",
      "url": "https://github.com/xuxueli/xxl-job/issues/1866"
    },
    {
      "type": "WEB",
      "url": "https://github.com/xuxueli/xxl-job/commit/227628567354d3c156951009d683c6fec3006e0e"
    },
    {
      "type": "WEB",
      "url": "https://www.ccsq8.com/issues.html"
    }
  ],
  "database_specific": {
    "cwe_ids": [],
    "severity": "MODERATE",
    "github_reviewed": true,
    "github_reviewed_at": "2024-02-01T21:49:08Z",
    "nvd_published_at": "2020-09-03T17:15:00Z"
  }
}