{
  "schema_version": "1.4.0",
  "id": "GHSA-2xw8-j43j-5vxp",
  "modified": "2022-01-05T17:56:06Z",
  "published": "2022-01-06T21:35:42Z",
  "aliases": [
    "CVE-2021-4072"
  ],
  "summary": "elgg is vulnerable to Cross-site Scripting",
  "details": "elgg is vulnerable to Improper Neutralization of Input During Web Page Generation ('Cross-site Scripting')",
  "severity": [
    {
      "type": "CVSS_V3",
      "score": "CVSS:3.1/AV:N/AC:L/PR:L/UI:R/S:C/C:L/I:L/A:N"
    }
  ],
  "affected": [
    {
      "package": {
        "ecosystem": "Packagist",
        "name": "elgg/elgg"
      },
      "ranges": [
        {
          "type": "ECOSYSTEM",
          "events": [
            {
              "introduced": "0"
            },
            {
              "fixed": "3.3.24"
            }
          ]
        }
      ]
    }
  ],
  "references": [
    {
      "type": "ADVISORY",
      "url": "https://nvd.nist.gov/vuln/detail/CVE-2021-4072"
    },
    {
      "type": "WEB",
      "url": "https://github.com/elgg/elgg/commit/c30b17bf75256ed3fcc84e2083147cc3951423d0"
    },
    {
      "type": "PACKAGE",
      "url": "https://github.com/elgg/elgg"
    },
    {
      "type": "WEB",
      "url": "https://huntr.dev/bounties/74034253-732a-4251-a0f9-eca5f576c955"
    }
  ],
  "database_specific": {
    "cwe_ids": [
      "CWE-79"
    ],
    "severity": "MODERATE",
    "github_reviewed": true,
    "github_reviewed_at": "2022-01-05T17:56:06Z",
    "nvd_published_at": "2021-12-24T14:15:00Z"
  }
}