{
  "schema_version": "1.4.0",
  "id": "GHSA-f7q6-xxph-mfm8",
  "modified": "2022-02-03T17:53:53Z",
  "published": "2022-01-27T00:01:26Z",
  "aliases": [
    "CVE-2022-0251"
  ],
  "summary": "Cross-site Scripting in Pimcore",
  "details": "Pimcore prior to version 10.2.10 contains a cross-site scripting vulnerability.",
  "severity": [
    {
      "type": "CVSS_V3",
      "score": "CVSS:3.1/AV:N/AC:L/PR:L/UI:R/S:C/C:L/I:L/A:N"
    }
  ],
  "affected": [
    {
      "package": {
        "ecosystem": "Packagist",
        "name": "pimcore/pimcore"
      },
      "ranges": [
        {
          "type": "ECOSYSTEM",
          "events": [
            {
              "introduced": "0"
            },
            {
              "fixed": "10.2.10"
            }
          ]
        }
      ]
    }
  ],
  "references": [
    {
      "type": "ADVISORY",
      "url": "https://nvd.nist.gov/vuln/detail/CVE-2022-0251"
    },
    {
      "type": "WEB",
      "url": "https://github.com/pimcore/pimcore/commit/3ae96b9d41c117aafa45873ad10077d4b873a3cb"
    },
    {
      "type": "PACKAGE",
      "url": "https://github.com/pimcore/pimcore"
    },
    {
      "type": "WEB",
      "url": "https://huntr.dev/bounties/eb4b08f9-cf8b-4335-b3b8-ed44e5fa80a5"
    }
  ],
  "database_specific": {
    "cwe_ids": [
      "CWE-79"
    ],
    "severity": "MODERATE",
    "github_reviewed": true,
    "github_reviewed_at": "2022-02-03T17:53:53Z",
    "nvd_published_at": "2022-01-26T11:15:00Z"
  }
}