{
  "schema_version": "1.4.0",
  "id": "GHSA-qmwf-j7g7-f5jw",
  "modified": "2024-06-05T15:02:40Z",
  "published": "2024-06-05T15:02:40Z",
  "aliases": [],
  "summary": "Cross-Site Scripting in third party library mso/idna-convert",
  "details": "Make sure to not expose the vendor directory to the publicly accessible document root. In composer managed installation, make sure to configure a dedicated web folder. In general it is recommended to not expose the complete typo3_src sources folder in the document root.",
  "severity": [],
  "affected": [
    {
      "package": {
        "ecosystem": "Packagist",
        "name": "typo3/cms"
      },
      "ranges": [
        {
          "type": "ECOSYSTEM",
          "events": [
            {
              "introduced": "7.6.0"
            },
            {
              "fixed": "7.6.10"
            }
          ]
        }
      ]
    },
    {
      "package": {
        "ecosystem": "Packagist",
        "name": "typo3/cms"
      },
      "ranges": [
        {
          "type": "ECOSYSTEM",
          "events": [
            {
              "introduced": "8.0.0"
            },
            {
              "fixed": "8.2.1"
            }
          ]
        }
      ]
    }
  ],
  "references": [
    {
      "type": "WEB",
      "url": "https://github.com/FriendsOfPHP/security-advisories/blob/master/typo3/cms/2016-07-19-7.yaml"
    },
    {
      "type": "WEB",
      "url": "https://typo3.org/security/advisory/typo3-core-sa-2016-020"
    }
  ],
  "database_specific": {
    "cwe_ids": [
      "CWE-79"
    ],
    "severity": "MODERATE",
    "github_reviewed": true,
    "github_reviewed_at": "2024-06-05T15:02:40Z",
    "nvd_published_at": null
  }
}