{
  "schema_version": "1.4.0",
  "id": "GHSA-969f-v7jv-pgj3",
  "modified": "2024-08-16T22:17:54Z",
  "published": "2024-05-04T21:30:33Z",
  "aliases": [
    "CVE-2024-34467"
  ],
  "summary": "ThinkPHP Cross-Site Scripting Vulnerability",
  "details": "ThinkPHP 8.0.3 allows remote attackers to exploit XSS due to inadequate filtering of function argument values in think_exception.tpl.",
  "severity": [
    {
      "type": "CVSS_V3",
      "score": "CVSS:3.1/AV:N/AC:L/PR:N/UI:R/S:C/C:L/I:L/A:N"
    }
  ],
  "affected": [
    {
      "package": {
        "ecosystem": "Packagist",
        "name": "topthink/framework"
      },
      "ranges": [
        {
          "type": "ECOSYSTEM",
          "events": [
            {
              "introduced": "8.0.0"
            },
            {
              "fixed": "8.0.4"
            }
          ]
        }
      ]
    },
    {
      "package": {
        "ecosystem": "Packagist",
        "name": "topthink/framework"
      },
      "ranges": [
        {
          "type": "ECOSYSTEM",
          "events": [
            {
              "introduced": "6.1.0"
            },
            {
              "fixed": "6.1.5"
            }
          ]
        }
      ]
    },
    {
      "package": {
        "ecosystem": "Packagist",
        "name": "topthink/framework"
      },
      "ranges": [
        {
          "type": "ECOSYSTEM",
          "events": [
            {
              "introduced": "0"
            },
            {
              "fixed": "6.0.17"
            }
          ]
        }
      ]
    }
  ],
  "references": [
    {
      "type": "ADVISORY",
      "url": "https://nvd.nist.gov/vuln/detail/CVE-2024-34467"
    },
    {
      "type": "WEB",
      "url": "https://github.com/top-think/framework/issues/2996"
    },
    {
      "type": "WEB",
      "url": "https://github.com/top-think/framework/commit/403358cd3e510e2fdab63f951930bdd093314eee"
    },
    {
      "type": "WEB",
      "url": "https://github.com/top-think/framework/commit/57d1950a1844ef8d3098ea290032aeb92e2e32c3"
    },
    {
      "type": "WEB",
      "url": "https://github.com/top-think/framework/commit/d3904e51e279c3b72ee206192aeccf9b1cffb534"
    },
    {
      "type": "PACKAGE",
      "url": "https://github.com/top-think/framework"
    }
  ],
  "database_specific": {
    "cwe_ids": [
      "CWE-79"
    ],
    "severity": "MODERATE",
    "github_reviewed": true,
    "github_reviewed_at": "2024-05-06T14:24:22Z",
    "nvd_published_at": "2024-05-04T20:15:07Z"
  }
}