{
  "schema_version": "1.4.0",
  "id": "GHSA-274v-r947-v34r",
  "modified": "2024-05-14T20:47:27Z",
  "published": "2022-05-13T01:26:09Z",
  "aliases": [
    "CVE-2014-3476"
  ],
  "summary": "OpenStack Identity Keystone is vulnerable to Block delegation escalation of privilege",
  "details": "OpenStack Identity (Keystone) before 2013.2.4, 2014.1 before 2014.1.2, and Juno before Juno-2 does not properly handle chained delegation, which allows remote authenticated users to gain privileges by leveraging a (1) trust or (2) OAuth token with impersonation enabled to create a new token with additional roles.",
  "severity": [],
  "affected": [
    {
      "package": {
        "ecosystem": "PyPI",
        "name": "keystone"
      },
      "ranges": [
        {
          "type": "ECOSYSTEM",
          "events": [
            {
              "introduced": "0"
            },
            {
              "fixed": "8.0.0a0"
            }
          ]
        }
      ]
    }
  ],
  "references": [
    {
      "type": "ADVISORY",
      "url": "https://nvd.nist.gov/vuln/detail/CVE-2014-3476"
    },
    {
      "type": "WEB",
      "url": "https://bugs.launchpad.net/keystone/+bug/1324592"
    },
    {
      "type": "WEB",
      "url": "http://lists.opensuse.org/opensuse-security-announce/2014-06/msg00031.html"
    },
    {
      "type": "WEB",
      "url": "http://secunia.com/advisories/57886"
    },
    {
      "type": "WEB",
      "url": "http://secunia.com/advisories/59547"
    },
    {
      "type": "WEB",
      "url": "http://www.openwall.com/lists/oss-security/2014/06/12/3"
    },
    {
      "type": "WEB",
      "url": "http://www.securityfocus.com/bid/68026"
    }
  ],
  "database_specific": {
    "cwe_ids": [
      "CWE-269"
    ],
    "severity": "MODERATE",
    "github_reviewed": true,
    "github_reviewed_at": "2024-05-14T20:47:27Z",
    "nvd_published_at": "2014-06-17T14:55:00Z"
  }
}