{
  "schema_version": "1.4.0",
  "id": "GHSA-4fxw-g29w-r8mx",
  "modified": "2023-08-03T22:07:56Z",
  "published": "2022-05-17T02:24:43Z",
  "aliases": [
    "CVE-2015-8796"
  ],
  "summary": "Apache Solr Cross-site scripting Vulnerability",
  "details": "Cross-site scripting (XSS) vulnerability in `webapp/web/js/scripts/schema-browser.js` in the Admin UI in Apache Solr before 5.3 allows remote attackers to inject arbitrary web script or HTML via a crafted schema-browse URL.",
  "severity": [
    {
      "type": "CVSS_V3",
      "score": "CVSS:3.0/AV:N/AC:L/PR:N/UI:R/S:C/C:L/I:L/A:N"
    }
  ],
  "affected": [
    {
      "package": {
        "ecosystem": "Maven",
        "name": "org.apache.solr:solr"
      },
      "ranges": [
        {
          "type": "ECOSYSTEM",
          "events": [
            {
              "introduced": "0"
            },
            {
              "fixed": "5.3"
            }
          ]
        }
      ]
    }
  ],
  "references": [
    {
      "type": "ADVISORY",
      "url": "https://nvd.nist.gov/vuln/detail/CVE-2015-8796"
    },
    {
      "type": "WEB",
      "url": "https://github.com/apache/lucene/commit/dc2f2295e0a6c6574f033f295dc0c9adb7660df9"
    },
    {
      "type": "WEB",
      "url": "https://github.com/apache/solr/commit/dc2f2295e0a6c6574f033f295dc0c9adb7660df9"
    },
    {
      "type": "PACKAGE",
      "url": "https://github.com/apache/solr"
    },
    {
      "type": "WEB",
      "url": "https://issues.apache.org/jira/browse/SOLR-7920"
    },
    {
      "type": "WEB",
      "url": "https://web.archive.org/web/20200227160406/http://www.securityfocus.com/bid/85205"
    }
  ],
  "database_specific": {
    "cwe_ids": [
      "CWE-79"
    ],
    "severity": "MODERATE",
    "github_reviewed": true,
    "github_reviewed_at": "2023-08-03T22:07:41Z",
    "nvd_published_at": "2016-02-15T02:59:00Z"
  }
}