{
  "schema_version": "1.4.0",
  "id": "GHSA-v6h8-5cp2-j9w4",
  "modified": "2023-10-27T19:52:25Z",
  "published": "2022-06-24T00:00:31Z",
  "aliases": [
    "CVE-2022-34206"
  ],
  "summary": "Jenkins Jianliao Notification Plugin Missing Authorization vulnerability",
  "details": "Jenkins Jianliao Notification Plugin 1.1 and earlier does not perform a permission check in a method implementing form validation.\n\nThis allows attackers with Overall/Read permission to send HTTP POST requests to an attacker-specified URL.\n\nAdditionally, this form validation method does not require POST requests, resulting in a cross-site request forgery (CSRF) vulnerability.\n\nAs of publication of this advisory, there is no fix.",
  "severity": [
    {
      "type": "CVSS_V3",
      "score": "CVSS:3.1/AV:N/AC:L/PR:L/UI:N/S:U/C:N/I:L/A:N"
    }
  ],
  "affected": [
    {
      "package": {
        "ecosystem": "Maven",
        "name": "org.jenkins-ci.plugins:jianliao"
      },
      "ranges": [
        {
          "type": "ECOSYSTEM",
          "events": [
            {
              "introduced": "0"
            },
            {
              "last_affected": "1.1"
            }
          ]
        }
      ]
    }
  ],
  "references": [
    {
      "type": "ADVISORY",
      "url": "https://nvd.nist.gov/vuln/detail/CVE-2022-34206"
    },
    {
      "type": "WEB",
      "url": "https://www.jenkins.io/security/advisory/2022-06-22/#SECURITY-2240"
    }
  ],
  "database_specific": {
    "cwe_ids": [
      "CWE-862"
    ],
    "severity": "MODERATE",
    "github_reviewed": true,
    "github_reviewed_at": "2022-07-05T22:59:40Z",
    "nvd_published_at": "2022-06-23T17:15:00Z"
  }
}