{
  "schema_version": "1.4.0",
  "id": "GHSA-c9c5-9fpr-m882",
  "modified": "2023-01-25T23:16:15Z",
  "published": "2017-10-24T18:33:36Z",
  "aliases": [
    "CVE-2014-9490"
  ],
  "summary": "sentry-raven allows remote attackers to cause a denial of service via a large exponent value in a scientific number",
  "details": "The `numtok` function in `lib/raven/okjson.rb` in the raven-ruby gem before 0.12.2 for Ruby allows remote attackers to cause a denial of service via a large exponent value in a scientific number.",
  "severity": [],
  "affected": [
    {
      "package": {
        "ecosystem": "RubyGems",
        "name": "sentry-raven"
      },
      "ranges": [
        {
          "type": "ECOSYSTEM",
          "events": [
            {
              "introduced": "0"
            },
            {
              "fixed": "0.12.2"
            }
          ]
        }
      ]
    }
  ],
  "references": [
    {
      "type": "ADVISORY",
      "url": "https://nvd.nist.gov/vuln/detail/CVE-2014-9490"
    },
    {
      "type": "WEB",
      "url": "https://github.com/getsentry/raven-ruby/commit/477ee93a3f735be33bc1e726820654cdf6e22d8f"
    },
    {
      "type": "WEB",
      "url": "https://exchange.xforce.ibmcloud.com/vulnerabilities/99687"
    },
    {
      "type": "PACKAGE",
      "url": "https://github.com/getsentry/raven-ruby"
    },
    {
      "type": "WEB",
      "url": "https://github.com/rubysec/ruby-advisory-db/blob/master/gems/sentry-raven/CVE-2014-9490.yml"
    },
    {
      "type": "WEB",
      "url": "https://groups.google.com/forum/#!topic/getsentry/Cz5bih0ZY1U"
    },
    {
      "type": "WEB",
      "url": "http://seclists.org/oss-sec/2015/q1/26"
    }
  ],
  "database_specific": {
    "cwe_ids": [
      "CWE-400"
    ],
    "severity": "MODERATE",
    "github_reviewed": true,
    "github_reviewed_at": "2020-06-16T21:30:45Z",
    "nvd_published_at": "2015-01-20T15:59:05Z"
  }
}