{
  "schema_version": "1.4.0",
  "id": "GHSA-xg59-m7wx-853q",
  "modified": "2021-08-18T22:03:52Z",
  "published": "2019-10-25T19:41:24Z",
  "aliases": [
    "CVE-2019-10756"
  ],
  "summary": "Cross-site Scripting in node-red-dashboard",
  "details": "It is possible to inject JavaScript within node-red-dashboard versions prior to version 2.17.0 due to the ui_notification node accepting raw HTML by default.",
  "severity": [
    {
      "type": "CVSS_V3",
      "score": "CVSS:3.1/AV:N/AC:L/PR:L/UI:R/S:C/C:L/I:L/A:N"
    }
  ],
  "affected": [
    {
      "package": {
        "ecosystem": "npm",
        "name": "node-red-dashboard"
      },
      "ranges": [
        {
          "type": "ECOSYSTEM",
          "events": [
            {
              "introduced": "0"
            },
            {
              "fixed": "2.17.0"
            }
          ]
        }
      ]
    }
  ],
  "references": [
    {
      "type": "ADVISORY",
      "url": "https://nvd.nist.gov/vuln/detail/CVE-2019-10756"
    },
    {
      "type": "WEB",
      "url": "https://snyk.io/vuln/SNYK-JS-NODEREDDASHBOARD-471939"
    }
  ],
  "database_specific": {
    "cwe_ids": [
      "CWE-79"
    ],
    "severity": "MODERATE",
    "github_reviewed": true,
    "github_reviewed_at": "2019-10-25T16:28:11Z",
    "nvd_published_at": "2019-10-08T19:15:00Z"
  }
}