{
  "schema_version": "1.4.0",
  "id": "GHSA-m8x2-4gc8-9v3r",
  "modified": "2022-12-12T17:01:53Z",
  "published": "2022-05-14T02:56:39Z",
  "aliases": [
    "CVE-2018-1000605"
  ],
  "summary": "Jenkins CollabNet Plugin man in the middle vulnerability",
  "details": "A man in the middle vulnerability exists in Jenkins CollabNet Plugin 2.0.4 and earlier in CollabNetApp.java, CollabNetPlugin.java, CNFormFieldValidator.java that allows attackers to impersonate any service that Jenkins connects to. CollabNet Plugin 2.0.5 and newer no longer does that. It instead requires users to opt in to disabling SSL/TLS certificate validation by setting the system property hudson.plugins.collabnet.CollabNetPlugin.skipSslValidation to true. This feature applies to connections by this plugin only.",
  "severity": [
    {
      "type": "CVSS_V3",
      "score": "CVSS:3.0/AV:N/AC:H/PR:N/UI:N/S:U/C:H/I:L/A:N"
    }
  ],
  "affected": [
    {
      "package": {
        "ecosystem": "Maven",
        "name": "org.jenkins-ci.plugins:collabnet"
      },
      "ranges": [
        {
          "type": "ECOSYSTEM",
          "events": [
            {
              "introduced": "0"
            },
            {
              "fixed": "2.0.5"
            }
          ]
        }
      ],
      "database_specific": {
        "last_known_affected_version_range": "<= 2.0.4"
      }
    }
  ],
  "references": [
    {
      "type": "ADVISORY",
      "url": "https://nvd.nist.gov/vuln/detail/CVE-2018-1000605"
    },
    {
      "type": "PACKAGE",
      "url": "https://github.com/jenkinsci/collabnet-plugin"
    },
    {
      "type": "WEB",
      "url": "https://jenkins.io/security/advisory/2018-06-25/#SECURITY-941"
    }
  ],
  "database_specific": {
    "cwe_ids": [
      "CWE-295"
    ],
    "severity": "MODERATE",
    "github_reviewed": true,
    "github_reviewed_at": "2022-12-12T17:01:53Z",
    "nvd_published_at": "2018-06-26T17:29:00Z"
  }
}