{
  "schema_version": "1.4.0",
  "id": "GHSA-qr62-r9xc-r2gj",
  "modified": "2024-05-14T21:13:50Z",
  "published": "2022-05-14T01:58:50Z",
  "aliases": [
    "CVE-2011-4596"
  ],
  "summary": "OpenStack Nova Multiple directory traversal vulnerabilities",
  "details": "Multiple directory traversal vulnerabilities in OpenStack Nova before 2011.3.1, when the EC2 API and the S3/RegisterImage image-registration method are enabled, allow remote authenticated users to overwrite arbitrary files via a crafted (1) tarball or (2) manifest.",
  "severity": [],
  "affected": [
    {
      "package": {
        "ecosystem": "PyPI",
        "name": "nova"
      },
      "ranges": [
        {
          "type": "ECOSYSTEM",
          "events": [
            {
              "introduced": "0"
            },
            {
              "fixed": "12.0.0a0"
            }
          ]
        }
      ]
    }
  ],
  "references": [
    {
      "type": "ADVISORY",
      "url": "https://nvd.nist.gov/vuln/detail/CVE-2011-4596"
    },
    {
      "type": "WEB",
      "url": "https://github.com/openstack/nova/commit/76363226bd8533256f7795bba358d7f4b8a6c9e6"
    },
    {
      "type": "WEB",
      "url": "https://github.com/openstack/nova/commit/ad3241929ea00569c74505ed002208ce360c667e"
    },
    {
      "type": "WEB",
      "url": "https://bugs.launchpad.net/nova/+bug/885167"
    },
    {
      "type": "WEB",
      "url": "https://bugs.launchpad.net/nova/+bug/894755"
    },
    {
      "type": "PACKAGE",
      "url": "https://github.com/openstack/nova"
    },
    {
      "type": "WEB",
      "url": "https://lists.launchpad.net/openstack/msg06105.html"
    }
  ],
  "database_specific": {
    "cwe_ids": [
      "CWE-22"
    ],
    "severity": "MODERATE",
    "github_reviewed": true,
    "github_reviewed_at": "2024-05-14T21:13:50Z",
    "nvd_published_at": "2011-12-23T22:55:00Z"
  }
}