{
  "schema_version": "1.4.0",
  "id": "GHSA-mw9h-hcp7-fgc6",
  "modified": "2022-09-01T17:39:37Z",
  "published": "2022-08-24T00:00:32Z",
  "aliases": [
    "CVE-2022-33916"
  ],
  "summary": "Exposure of Sensitive Information in OPCFoundation.NetStandard.Opc.Ua.Server",
  "details": "OPC UA .NET Standard Reference Server 1.04.368 allows a remote attacker to cause the application to access sensitive information.",
  "severity": [
    {
      "type": "CVSS_V3",
      "score": "CVSS:3.1/AV:N/AC:L/PR:N/UI:N/S:U/C:L/I:N/A:N"
    }
  ],
  "affected": [
    {
      "package": {
        "ecosystem": "NuGet",
        "name": "OPCFoundation.NetStandard.Opc.Ua.Server"
      },
      "ranges": [
        {
          "type": "ECOSYSTEM",
          "events": [
            {
              "introduced": "0"
            },
            {
              "fixed": "1.4.370.9"
            }
          ]
        }
      ]
    }
  ],
  "references": [
    {
      "type": "ADVISORY",
      "url": "https://nvd.nist.gov/vuln/detail/CVE-2022-33916"
    },
    {
      "type": "WEB",
      "url": "https://github.com/OPCFoundation/UA-.NETStandard/commit/313aa2a2499d8690cf719a67176e131517bb8b78"
    },
    {
      "type": "WEB",
      "url": "https://files.opcfoundation.org/SecurityBulletins/OPC%20Foundation%20Security%20Bulletin%20CVE-2022-33916.pdf"
    },
    {
      "type": "PACKAGE",
      "url": "https://github.com/OPCFoundation/UA-.NETStandard"
    }
  ],
  "database_specific": {
    "cwe_ids": [
      "CWE-200"
    ],
    "severity": "MODERATE",
    "github_reviewed": true,
    "github_reviewed_at": "2022-08-29T18:41:29Z",
    "nvd_published_at": "2022-08-23T01:15:00Z"
  }
}