{
  "schema_version": "1.4.0",
  "id": "GHSA-hh56-x62g-gvhc",
  "modified": "2021-08-17T19:04:59Z",
  "published": "2019-07-26T16:10:06Z",
  "aliases": [
    "CVE-2019-1010113"
  ],
  "summary": "Cross-site scripting in CLEditor",
  "details": "Premium Software CLEditor 1.4.5 and earlier is affected by: Cross Site Scripting (XSS). The impact is: An attacker might be able to inject arbitrary html and script code into the web site. The component is: jQuery plug-in. The attack vector is: the victim must open a crafted href attribute of a link (A) element.",
  "severity": [
    {
      "type": "CVSS_V3",
      "score": "CVSS:3.0/AV:N/AC:L/PR:N/UI:R/S:C/C:L/I:L/A:N"
    }
  ],
  "affected": [
    {
      "package": {
        "ecosystem": "NuGet",
        "name": "CLEditor"
      },
      "ranges": [
        {
          "type": "ECOSYSTEM",
          "events": [
            {
              "introduced": "0"
            },
            {
              "last_affected": "1.4.5"
            }
          ]
        }
      ]
    }
  ],
  "references": [
    {
      "type": "ADVISORY",
      "url": "https://nvd.nist.gov/vuln/detail/CVE-2019-1010113"
    },
    {
      "type": "WEB",
      "url": "https://drive.google.com/drive/folders/1UxgdL8SJO6KKnG3bh0-LTl7C6i41VwoW?usp=sharing"
    }
  ],
  "database_specific": {
    "cwe_ids": [
      "CWE-79"
    ],
    "severity": "MODERATE",
    "github_reviewed": true,
    "github_reviewed_at": "2019-07-25T15:56:08Z",
    "nvd_published_at": "2019-07-19T16:15:00Z"
  }
}