{
  "schema_version": "1.4.0",
  "id": "GHSA-5wx6-xwxf-q8qj",
  "modified": "2024-06-05T14:17:47Z",
  "published": "2024-06-05T14:17:47Z",
  "aliases": [],
  "summary": "Cross-Site Scripting in TYPO3 Backend",
  "details": "Failing to properly encode user input, some backend components are vulnerable to Cross-Site Scripting. A valid backend user account is needed to exploit this vulnerability.\n",
  "severity": [
    {
      "type": "CVSS_V3",
      "score": "CVSS:3.1/AV:N/AC:L/PR:L/UI:R/S:U/C:L/I:L/A:N"
    }
  ],
  "affected": [
    {
      "package": {
        "ecosystem": "Packagist",
        "name": "typo3/cms"
      },
      "ranges": [
        {
          "type": "ECOSYSTEM",
          "events": [
            {
              "introduced": "6.2.0"
            },
            {
              "fixed": "6.2.20"
            }
          ]
        }
      ]
    },
    {
      "package": {
        "ecosystem": "Packagist",
        "name": "typo3/cms"
      },
      "ranges": [
        {
          "type": "ECOSYSTEM",
          "events": [
            {
              "introduced": "7.6.0"
            },
            {
              "fixed": "7.6.5"
            }
          ]
        }
      ]
    },
    {
      "package": {
        "ecosystem": "Packagist",
        "name": "typo3/cms"
      },
      "ranges": [
        {
          "type": "ECOSYSTEM",
          "events": [
            {
              "introduced": "8.0.0"
            },
            {
              "fixed": "8.0.1"
            }
          ]
        }
      ]
    }
  ],
  "references": [
    {
      "type": "WEB",
      "url": "https://github.com/FriendsOfPHP/security-advisories/blob/master/typo3/cms/2016-04-12-1.yaml"
    },
    {
      "type": "WEB",
      "url": "https://typo3.org/teams/security/security-bulletins/typo3-core/typo3-core-sa-2016-009"
    }
  ],
  "database_specific": {
    "cwe_ids": [
      "CWE-79"
    ],
    "severity": "MODERATE",
    "github_reviewed": true,
    "github_reviewed_at": "2024-06-05T14:17:47Z",
    "nvd_published_at": null
  }
}