{
  "schema_version": "1.4.0",
  "id": "GHSA-q7qq-9gx2-ggxv",
  "modified": "2022-12-02T22:26:45Z",
  "published": "2022-12-02T22:26:45Z",
  "aliases": [],
  "summary": "phpxmlrpc vulnerable to argument injection",
  "details": "phpxmlrpc vulnerable to argument injection via  local file access in `Client:send` via manipulation of `$protocol` argument.",
  "severity": [],
  "affected": [
    {
      "package": {
        "ecosystem": "Packagist",
        "name": "phpxmlrpc/phpxmlrpc"
      },
      "ranges": [
        {
          "type": "ECOSYSTEM",
          "events": [
            {
              "introduced": "0"
            },
            {
              "fixed": "4.9.0"
            }
          ]
        }
      ]
    }
  ],
  "references": [
    {
      "type": "WEB",
      "url": "https://github.com/gggeek/phpxmlrpc/issues/81"
    },
    {
      "type": "WEB",
      "url": "https://github.com/FriendsOfPHP/security-advisories/blob/master/phpxmlrpc/phpxmlrpc/2022-11-28-1.yaml"
    },
    {
      "type": "PACKAGE",
      "url": "https://github.com/gggeek/phpxmlrpc"
    },
    {
      "type": "WEB",
      "url": "https://github.com/gggeek/phpxmlrpc/releases/tag/4.9.0"
    }
  ],
  "database_specific": {
    "cwe_ids": [
      "CWE-88"
    ],
    "severity": "MODERATE",
    "github_reviewed": true,
    "github_reviewed_at": "2022-12-02T22:26:45Z",
    "nvd_published_at": null
  }
}