{
  "schema_version": "1.4.0",
  "id": "GHSA-74c2-965q-mqjw",
  "modified": "2024-01-30T21:15:46Z",
  "published": "2022-05-24T16:58:50Z",
  "aliases": [
    "CVE-2019-10457"
  ],
  "summary": "Missing permission check in Jenkins Oracle Cloud Infrastructure Compute Classic Plugin ",
  "details": "A missing permission check in Jenkins Oracle Cloud Infrastructure Compute Classic Plugin allows attackers with Overall/Read permission to connect to an attacker-specified URL using attacker-specified credentials.",
  "severity": [
    {
      "type": "CVSS_V3",
      "score": "CVSS:3.1/AV:N/AC:L/PR:L/UI:N/S:U/C:N/I:L/A:N"
    }
  ],
  "affected": [
    {
      "package": {
        "ecosystem": "Maven",
        "name": "org.jenkins-ci.plugins:oracle-cloud-infrastructure-compute-classic"
      },
      "ranges": [
        {
          "type": "ECOSYSTEM",
          "events": [
            {
              "introduced": "0"
            },
            {
              "last_affected": "1.0.0"
            }
          ]
        }
      ]
    }
  ],
  "references": [
    {
      "type": "ADVISORY",
      "url": "https://nvd.nist.gov/vuln/detail/CVE-2019-10457"
    },
    {
      "type": "WEB",
      "url": "https://jenkins.io/security/advisory/2019-10-16/#SECURITY-1462"
    },
    {
      "type": "WEB",
      "url": "http://www.openwall.com/lists/oss-security/2019/10/16/6"
    }
  ],
  "database_specific": {
    "cwe_ids": [
      "CWE-862"
    ],
    "severity": "MODERATE",
    "github_reviewed": true,
    "github_reviewed_at": "2024-01-30T21:15:46Z",
    "nvd_published_at": "2019-10-16T14:15:00Z"
  }
}