{
  "schema_version": "1.4.0",
  "id": "GHSA-2q8v-439j-6p77",
  "modified": "2025-03-13T19:06:07Z",
  "published": "2022-05-17T03:51:00Z",
  "aliases": [
    "CVE-2013-6373"
  ],
  "summary": "Jenkins Exclusion Plugin allows Access to Resource Locks",
  "details": "The Exclusion plugin before 0.9 for Jenkins does not properly prevent access to resource locks, which allows remote authenticated users to list and release resources via unspecified vectors.",
  "severity": [
    {
      "type": "CVSS_V4",
      "score": "CVSS:4.0/AV:N/AC:L/AT:N/PR:L/UI:N/VC:L/VI:N/VA:L/SC:N/SI:N/SA:N"
    }
  ],
  "affected": [
    {
      "package": {
        "ecosystem": "Maven",
        "name": "org.jenkins-ci.plugins:exclusion"
      },
      "ranges": [
        {
          "type": "ECOSYSTEM",
          "events": [
            {
              "introduced": "0"
            },
            {
              "fixed": "0.9"
            }
          ]
        }
      ]
    }
  ],
  "references": [
    {
      "type": "ADVISORY",
      "url": "https://nvd.nist.gov/vuln/detail/CVE-2013-6373"
    },
    {
      "type": "WEB",
      "url": "https://github.com/jenkinsci/exclusion-plugin/commit/847f9aeb407c0f47046d184080c9e2c2e3720311"
    },
    {
      "type": "PACKAGE",
      "url": "https://github.com/jenkinsci/exclusion-plugin"
    },
    {
      "type": "WEB",
      "url": "https://wiki.jenkins-ci.org/display/JENKINS/Exclusion-Plugin"
    },
    {
      "type": "WEB",
      "url": "https://wiki.jenkins-ci.org/display/SECURITY/Jenkins+Security+Advisory+2013-11-20"
    }
  ],
  "database_specific": {
    "cwe_ids": [
      "CWE-284"
    ],
    "severity": "MODERATE",
    "github_reviewed": true,
    "github_reviewed_at": "2025-03-13T19:06:07Z",
    "nvd_published_at": "2013-11-25T19:55:00Z"
  }
}