{
  "schema_version": "1.4.0",
  "id": "GHSA-cv78-v957-jx34",
  "modified": "2022-07-27T22:17:45Z",
  "published": "2022-05-24T17:12:57Z",
  "aliases": [
    "CVE-2020-7599"
  ],
  "summary": "Exposure of Sensitive Information in Gradle publish plugin",
  "details": "All versions of com.gradle.plugin-publish before 0.11.0 are vulnerable to Insertion of Sensitive Information into Log File. When a plugin author publishes a Gradle plugin while running Gradle with the --info log level flag, the Gradle Logger logs an AWS pre-signed URL. If this build log is publicly visible (as it is in many popular public CI systems like TravisCI) this AWS pre-signed URL would allow a malicious actor to replace a recently uploaded plugin with their own.",
  "severity": [
    {
      "type": "CVSS_V3",
      "score": "CVSS:3.1/AV:A/AC:L/PR:N/UI:N/S:U/C:H/I:N/A:N"
    }
  ],
  "affected": [
    {
      "package": {
        "ecosystem": "Maven",
        "name": "com.gradle.publish:plugin-publish-plugin"
      },
      "ranges": [
        {
          "type": "ECOSYSTEM",
          "events": [
            {
              "introduced": "0"
            },
            {
              "fixed": "0.11.0"
            }
          ]
        }
      ]
    },
    {
      "package": {
        "ecosystem": "Maven",
        "name": "com.gradle.plugin-publish:com.gradle.plugin-publish.gradle.plugin"
      },
      "ranges": [
        {
          "type": "ECOSYSTEM",
          "events": [
            {
              "introduced": "0"
            },
            {
              "fixed": "0.11.0"
            }
          ]
        }
      ]
    }
  ],
  "references": [
    {
      "type": "ADVISORY",
      "url": "https://nvd.nist.gov/vuln/detail/CVE-2020-7599"
    },
    {
      "type": "WEB",
      "url": "https://blog.gradle.org/plugin-portal-update"
    },
    {
      "type": "WEB",
      "url": "https://plugins.gradle.org/plugin/com.gradle.plugin-publish"
    },
    {
      "type": "WEB",
      "url": "https://snyk.io/vuln/SNYK-JAVA-COMGRADLEPLUGINPUBLISH-559866"
    }
  ],
  "database_specific": {
    "cwe_ids": [
      "CWE-532"
    ],
    "severity": "MODERATE",
    "github_reviewed": true,
    "github_reviewed_at": "2022-07-27T22:17:45Z",
    "nvd_published_at": "2020-03-30T19:15:00Z"
  }
}