{
  "schema_version": "1.4.0",
  "id": "GHSA-9327-mqm6-x97j",
  "modified": "2024-04-25T21:36:32Z",
  "published": "2022-05-14T02:57:54Z",
  "aliases": [
    "CVE-2016-3124"
  ],
  "summary": "SimpleSAMLphp Information leakage issue in the sanitycheck module",
  "details": "The sanitycheck module in SimpleSAMLphp before 1.14.1 allows remote attackers to learn the PHP version on the system via unspecified vectors.",
  "severity": [
    {
      "type": "CVSS_V3",
      "score": "CVSS:3.0/AV:N/AC:L/PR:N/UI:N/S:U/C:L/I:N/A:N"
    }
  ],
  "affected": [
    {
      "package": {
        "ecosystem": "Packagist",
        "name": "simplesamlphp/simplesamlphp"
      },
      "ranges": [
        {
          "type": "ECOSYSTEM",
          "events": [
            {
              "introduced": "0"
            },
            {
              "fixed": "1.14.1"
            }
          ]
        }
      ]
    }
  ],
  "references": [
    {
      "type": "ADVISORY",
      "url": "https://nvd.nist.gov/vuln/detail/CVE-2016-3124"
    },
    {
      "type": "WEB",
      "url": "https://github.com/FriendsOfPHP/security-advisories/blob/master/simplesamlphp/simplesamlphp/CVE-2016-3124.yaml"
    },
    {
      "type": "PACKAGE",
      "url": "https://github.com/simplesamlphp/simplesamlphp"
    },
    {
      "type": "WEB",
      "url": "https://simplesamlphp.org/security/201603-01"
    },
    {
      "type": "WEB",
      "url": "http://www.securityfocus.com/bid/96134"
    }
  ],
  "database_specific": {
    "cwe_ids": [
      "CWE-200"
    ],
    "severity": "MODERATE",
    "github_reviewed": true,
    "github_reviewed_at": "2024-04-25T21:36:32Z",
    "nvd_published_at": "2017-02-07T17:59:00Z"
  }
}