{
  "schema_version": "1.4.0",
  "id": "GHSA-524r-w8fx-hqg3",
  "modified": "2023-07-20T18:59:02Z",
  "published": "2023-07-10T18:30:49Z",
  "aliases": [
    "CVE-2023-3565"
  ],
  "summary": "TeamPass Cross-site Scripting vulnerability",
  "details": "Cross-site Scripting (XSS) - Generic in GitHub repository nilsteampassnet/teampass prior to 3.0.10.",
  "severity": [
    {
      "type": "CVSS_V3",
      "score": "CVSS:3.1/AV:N/AC:L/PR:L/UI:R/S:C/C:L/I:L/A:N"
    }
  ],
  "affected": [
    {
      "package": {
        "ecosystem": "Packagist",
        "name": "nilsteampassnet/teampass"
      },
      "ranges": [
        {
          "type": "ECOSYSTEM",
          "events": [
            {
              "introduced": "0"
            },
            {
              "fixed": "3.0.10"
            }
          ]
        }
      ]
    }
  ],
  "references": [
    {
      "type": "ADVISORY",
      "url": "https://nvd.nist.gov/vuln/detail/CVE-2023-3565"
    },
    {
      "type": "WEB",
      "url": "https://github.com/nilsteampassnet/teampass/commit/820bb49a362a566c9038e4a3048b26d654babb0e"
    },
    {
      "type": "PACKAGE",
      "url": "https://github.com/nilsteampassnet/teampass"
    },
    {
      "type": "WEB",
      "url": "https://huntr.dev/bounties/fcf46e1f-2ab6-4057-9d25-cf493ab09530"
    }
  ],
  "database_specific": {
    "cwe_ids": [
      "CWE-79"
    ],
    "severity": "MODERATE",
    "github_reviewed": true,
    "github_reviewed_at": "2023-07-10T21:52:43Z",
    "nvd_published_at": "2023-07-10T16:15:56Z"
  }
}