{
  "schema_version": "1.4.0",
  "id": "GHSA-xqvg-xm9m-p2c4",
  "modified": "2021-09-22T16:31:46Z",
  "published": "2018-09-11T18:57:16Z",
  "aliases": [
    "CVE-2018-13796"
  ],
  "summary": "Moderate severity vulnerability that affects mailman",
  "details": "An issue was discovered in GNU Mailman before 2.1.28. A crafted URL can cause arbitrary text to be displayed on a web page from a trusted site.",
  "severity": [
    {
      "type": "CVSS_V3",
      "score": "CVSS:3.0/AV:N/AC:L/PR:N/UI:R/S:U/C:N/I:H/A:N"
    }
  ],
  "affected": [
    {
      "package": {
        "ecosystem": "PyPI",
        "name": "mailman"
      },
      "ranges": [
        {
          "type": "ECOSYSTEM",
          "events": [
            {
              "introduced": "0"
            },
            {
              "fixed": "2.1.28"
            }
          ]
        }
      ]
    }
  ],
  "references": [
    {
      "type": "ADVISORY",
      "url": "https://nvd.nist.gov/vuln/detail/CVE-2018-13796"
    },
    {
      "type": "WEB",
      "url": "https://bugs.launchpad.net/mailman/+bug/1780874"
    },
    {
      "type": "ADVISORY",
      "url": "https://github.com/advisories/GHSA-xqvg-xm9m-p2c4"
    },
    {
      "type": "WEB",
      "url": "https://lists.debian.org/debian-lts-announce/2018/07/msg00034.html"
    },
    {
      "type": "WEB",
      "url": "https://security.gentoo.org/glsa/201904-10"
    },
    {
      "type": "WEB",
      "url": "https://usn.ubuntu.com/4348-1"
    },
    {
      "type": "WEB",
      "url": "https://www.mail-archive.com/mailman-users@python.org/msg71003.html"
    }
  ],
  "database_specific": {
    "cwe_ids": [
      "CWE-20"
    ],
    "severity": "MODERATE",
    "github_reviewed": true,
    "github_reviewed_at": "2020-06-16T22:04:19Z",
    "nvd_published_at": null
  }
}