{
  "schema_version": "1.4.0",
  "id": "GHSA-6cr4-7c7p-p3xv",
  "modified": "2022-07-13T18:30:02Z",
  "published": "2022-05-14T01:17:03Z",
  "aliases": [
    "CVE-2011-5064"
  ],
  "summary": "Use of Hard-coded Cryptographic Key in Apache Tomcat",
  "details": "DigestAuthenticator.java in the HTTP Digest Access Authentication implementation in Apache Tomcat 5.5.x before 5.5.34, 6.x before 6.0.33, and 7.x before 7.0.12 uses Catalina as the hard-coded server secret (aka private key), which makes it easier for remote attackers to bypass cryptographic protection mechanisms by leveraging knowledge of this string, a different vulnerability than CVE-2011-1184.",
  "severity": [],
  "affected": [
    {
      "package": {
        "ecosystem": "Maven",
        "name": "org.apache.tomcat:tomcat"
      },
      "ranges": [
        {
          "type": "ECOSYSTEM",
          "events": [
            {
              "introduced": "5.5.0"
            },
            {
              "fixed": "5.5.34"
            }
          ]
        }
      ]
    },
    {
      "package": {
        "ecosystem": "Maven",
        "name": "org.apache.tomcat:tomcat"
      },
      "ranges": [
        {
          "type": "ECOSYSTEM",
          "events": [
            {
              "introduced": "6.0.0"
            },
            {
              "fixed": "6.0.33"
            }
          ]
        }
      ]
    },
    {
      "package": {
        "ecosystem": "Maven",
        "name": "org.apache.tomcat:tomcat"
      },
      "ranges": [
        {
          "type": "ECOSYSTEM",
          "events": [
            {
              "introduced": "7.0.0"
            },
            {
              "fixed": "7.0.12"
            }
          ]
        }
      ]
    }
  ],
  "references": [
    {
      "type": "ADVISORY",
      "url": "https://nvd.nist.gov/vuln/detail/CVE-2011-5064"
    },
    {
      "type": "PACKAGE",
      "url": "https://github.com/apache/tomcat"
    },
    {
      "type": "WEB",
      "url": "https://lists.apache.org/thread.html/06cfb634bc7bf37af7d8f760f118018746ad8efbd519c4b789ac9c2e@%3Cdev.tomcat.apache.org%3E"
    },
    {
      "type": "WEB",
      "url": "https://lists.apache.org/thread.html/8dcaf7c3894d66cb717646ea1504ea6e300021c85bb4e677dc16b1aa@%3Cdev.tomcat.apache.org%3E"
    },
    {
      "type": "WEB",
      "url": "https://lists.apache.org/thread.html/r3aacc40356defc3f248aa504b1e48e819dd0471a0a83349080c6bcbf@%3Cdev.tomcat.apache.org%3E"
    },
    {
      "type": "WEB",
      "url": "https://lists.apache.org/thread.html/r584a714f141eff7b1c358d4679288177bd4ca4558e9999d15867d4b5@%3Cdev.tomcat.apache.org%3E"
    },
    {
      "type": "WEB",
      "url": "http://lists.opensuse.org/opensuse-security-announce/2012-02/msg00002.html"
    },
    {
      "type": "WEB",
      "url": "http://lists.opensuse.org/opensuse-security-announce/2012-02/msg00006.html"
    },
    {
      "type": "WEB",
      "url": "http://marc.info/?l=bugtraq&m=139344343412337&w=2"
    },
    {
      "type": "WEB",
      "url": "http://rhn.redhat.com/errata/RHSA-2012-0074.html"
    },
    {
      "type": "WEB",
      "url": "http://rhn.redhat.com/errata/RHSA-2012-0075.html"
    },
    {
      "type": "WEB",
      "url": "http://rhn.redhat.com/errata/RHSA-2012-0076.html"
    },
    {
      "type": "WEB",
      "url": "http://secunia.com/advisories/57126"
    },
    {
      "type": "WEB",
      "url": "http://svn.apache.org/viewvc?view=rev&rev=1087655"
    },
    {
      "type": "WEB",
      "url": "http://svn.apache.org/viewvc?view=rev&rev=1158180"
    },
    {
      "type": "WEB",
      "url": "http://svn.apache.org/viewvc?view=rev&rev=1159309"
    },
    {
      "type": "WEB",
      "url": "http://tomcat.apache.org/security-5.html"
    },
    {
      "type": "WEB",
      "url": "http://tomcat.apache.org/security-6.html"
    },
    {
      "type": "WEB",
      "url": "http://tomcat.apache.org/security-7.html"
    },
    {
      "type": "WEB",
      "url": "http://www.debian.org/security/2012/dsa-2401"
    }
  ],
  "database_specific": {
    "cwe_ids": [
      "CWE-321"
    ],
    "severity": "MODERATE",
    "github_reviewed": true,
    "github_reviewed_at": "2022-07-13T18:30:02Z",
    "nvd_published_at": "2012-01-14T21:55:00Z"
  }
}