{
  "schema_version": "1.4.0",
  "id": "GHSA-vp5f-8jgw-j53c",
  "modified": "2023-10-27T13:04:39Z",
  "published": "2022-05-24T17:33:07Z",
  "aliases": [
    "CVE-2020-2304"
  ],
  "summary": "XXE vulnerability in Jenkins Subversion Plugin",
  "details": "Jenkins Subversion Plugin 2.13.1 and earlier does not configure its XML parser to prevent XML external entity (XXE) attacks.\n\nThis allows attackers able to control an agent process to have Jenkins parse a crafted changelog file that uses external entities for extraction of secrets from the Jenkins controller or server-side request forgery.\n\nJenkins Subversion Plugin 2.13.2 disables external entity resolution for its XML parser.",
  "severity": [
    {
      "type": "CVSS_V3",
      "score": "CVSS:3.1/AV:N/AC:L/PR:L/UI:N/S:U/C:H/I:N/A:N"
    }
  ],
  "affected": [
    {
      "package": {
        "ecosystem": "Maven",
        "name": "org.jenkins-ci.plugins:subversion"
      },
      "ranges": [
        {
          "type": "ECOSYSTEM",
          "events": [
            {
              "introduced": "0"
            },
            {
              "fixed": "2.13.2"
            }
          ]
        }
      ]
    }
  ],
  "references": [
    {
      "type": "ADVISORY",
      "url": "https://nvd.nist.gov/vuln/detail/CVE-2020-2304"
    },
    {
      "type": "WEB",
      "url": "https://github.com/jenkinsci/subversion-plugin/commit/83f24081114a465f88d44fc84180d4d9d02c705d"
    },
    {
      "type": "PACKAGE",
      "url": "https://github.com/jenkinsci/subversion-plugin"
    },
    {
      "type": "WEB",
      "url": "https://www.jenkins.io/security/advisory/2020-11-04/#SECURITY-2145"
    },
    {
      "type": "WEB",
      "url": "http://www.openwall.com/lists/oss-security/2020/11/04/6"
    }
  ],
  "database_specific": {
    "cwe_ids": [
      "CWE-611"
    ],
    "severity": "MODERATE",
    "github_reviewed": true,
    "github_reviewed_at": "2022-12-21T19:38:14Z",
    "nvd_published_at": "2020-11-04T15:15:00Z"
  }
}