{
  "schema_version": "1.4.0",
  "id": "GHSA-wxj2-777f-vxmf",
  "modified": "2024-01-03T22:26:03Z",
  "published": "2024-01-03T18:30:51Z",
  "withdrawn": "2024-01-03T21:22:02Z",
  "aliases": [],
  "summary": "Duplicate Advisory: Cross-site scripting vulnerability in TinyMCE plugins",
  "details": "### Duplicate Advisory\nThis advisory has been withdrawn because it is a duplicate of GHSA-5h9g-x5rv-25wg. This link is maintained to preserve external references.\n\n### Original Description\nTinyMCE versions before 5.10.0 are affected by a cross-site scripting vulnerability. A remote and unauthenticated attacker could introduce crafted image or link URLs that would result in the execution of arbitrary JavaScript in an editing user's browser.\n",
  "severity": [],
  "affected": [
    {
      "package": {
        "ecosystem": "npm",
        "name": "tinymce"
      },
      "ranges": [
        {
          "type": "ECOSYSTEM",
          "events": [
            {
              "introduced": "0"
            }
          ]
        }
      ],
      "database_specific": {
        "last_known_affected_version_range": "< 5.10.0"
      }
    }
  ],
  "references": [
    {
      "type": "WEB",
      "url": "https://github.com/tinymce/tinymce/security/advisories/GHSA-r8hm-w5f7-wj39"
    },
    {
      "type": "ADVISORY",
      "url": "https://nvd.nist.gov/vuln/detail/CVE-2024-21910"
    },
    {
      "type": "WEB",
      "url": "https://github.com/jazzband/django-tinymce/issues/366"
    },
    {
      "type": "ADVISORY",
      "url": "https://github.com/advisories/GHSA-r8hm-w5f7-wj39"
    },
    {
      "type": "WEB",
      "url": "https://github.com/jazzband/django-tinymce/releases/tag/3.4.0"
    },
    {
      "type": "WEB",
      "url": "https://pypi.org/project/django-tinymce/3.4.0"
    },
    {
      "type": "WEB",
      "url": "https://vulncheck.com/advisories/vc-advisory-GHSA-r8hm-w5f7-wj39"
    }
  ],
  "database_specific": {
    "cwe_ids": [
      "CWE-79"
    ],
    "severity": "MODERATE",
    "github_reviewed": true,
    "github_reviewed_at": "2024-01-03T21:22:02Z",
    "nvd_published_at": "2024-01-03T16:15:09Z"
  }
}