{
  "schema_version": "1.4.0",
  "id": "GHSA-h6xw-mghq-7523",
  "modified": "2022-04-15T16:14:51Z",
  "published": "2022-04-08T00:00:24Z",
  "aliases": [
    "CVE-2022-27819"
  ],
  "summary": "Unsafe parsing in SWHKD",
  "details": "SWHKD 1.1.5 allows unsafe parsing via the -c option. An information leak might occur but there is a simple denial of service (memory exhaustion) upon an attempt to parse a large or infinite file (such as a block or character device).",
  "severity": [
    {
      "type": "CVSS_V3",
      "score": "CVSS:3.1/AV:L/AC:H/PR:N/UI:R/S:U/C:L/I:N/A:H"
    }
  ],
  "affected": [
    {
      "package": {
        "ecosystem": "crates.io",
        "name": "Simple-Wayland-HotKey-Daemon"
      },
      "ranges": [
        {
          "type": "ECOSYSTEM",
          "events": [
            {
              "introduced": "0"
            },
            {
              "fixed": "1.2.0"
            }
          ]
        }
      ]
    }
  ],
  "references": [
    {
      "type": "ADVISORY",
      "url": "https://nvd.nist.gov/vuln/detail/CVE-2022-27819"
    },
    {
      "type": "WEB",
      "url": "https://github.com/waycrate/swhkd/commit/b4e6dc76f4845ab03104187a42ac6d1bbc1e0021"
    },
    {
      "type": "PACKAGE",
      "url": "https://github.com/waycrate/swhkd"
    },
    {
      "type": "WEB",
      "url": "https://github.com/waycrate/swhkd/releases"
    },
    {
      "type": "WEB",
      "url": "https://github.com/waycrate/swhkd/releases/tag/1.2.0"
    },
    {
      "type": "WEB",
      "url": "http://www.openwall.com/lists/oss-security/2022/04/14/1"
    }
  ],
  "database_specific": {
    "cwe_ids": [
      "CWE-400",
      "CWE-770"
    ],
    "severity": "MODERATE",
    "github_reviewed": true,
    "github_reviewed_at": "2022-04-08T22:12:17Z",
    "nvd_published_at": "2022-04-07T02:15:00Z"
  }
}