{
  "schema_version": "1.4.0",
  "id": "GHSA-8987-93fh-rcwq",
  "modified": "2024-04-24T17:16:03Z",
  "published": "2022-05-14T01:09:10Z",
  "aliases": [
    "CVE-2018-19970"
  ],
  "summary": "phpMyAdmin Cross-site Scripting (XSS) vulnerability",
  "details": "In phpMyAdmin before 4.8.4, an XSS vulnerability was found in the navigation tree, where an attacker can deliver a payload to a user through a crafted database/table name.",
  "severity": [
    {
      "type": "CVSS_V3",
      "score": "CVSS:3.0/AV:N/AC:L/PR:N/UI:R/S:C/C:L/I:L/A:N"
    }
  ],
  "affected": [
    {
      "package": {
        "ecosystem": "Packagist",
        "name": "phpmyadmin/phpmyadmin"
      },
      "ranges": [
        {
          "type": "ECOSYSTEM",
          "events": [
            {
              "introduced": "4.0"
            },
            {
              "fixed": "4.8.4"
            }
          ]
        }
      ]
    }
  ],
  "references": [
    {
      "type": "ADVISORY",
      "url": "https://nvd.nist.gov/vuln/detail/CVE-2018-19970"
    },
    {
      "type": "PACKAGE",
      "url": "https://github.com/phpmyadmin/composer"
    },
    {
      "type": "WEB",
      "url": "https://lists.debian.org/debian-lts-announce/2019/02/msg00003.html"
    },
    {
      "type": "WEB",
      "url": "https://security.gentoo.org/glsa/201904-16"
    },
    {
      "type": "WEB",
      "url": "https://www.phpmyadmin.net/security/PMASA-2018-8"
    },
    {
      "type": "WEB",
      "url": "http://www.securityfocus.com/bid/106181"
    }
  ],
  "database_specific": {
    "cwe_ids": [
      "CWE-79"
    ],
    "severity": "MODERATE",
    "github_reviewed": true,
    "github_reviewed_at": "2024-04-24T17:16:03Z",
    "nvd_published_at": "2018-12-11T17:29:00Z"
  }
}