{
  "schema_version": "1.4.0",
  "id": "GHSA-q7qr-22qw-pqgx",
  "modified": "2025-01-21T19:14:51Z",
  "published": "2024-09-25T03:30:36Z",
  "aliases": [
    "CVE-2024-8291"
  ],
  "summary": "Cross site scripting in Concrete CMS",
  "details": "Concrete CMS versions 9.0.0 to 9.3.3 and below 8.5.19 are vulnerable to Stored XSS in Image Editor Background Color.\u00a0 A rogue admin could add malicious code to the Thumbnails/Add-Type.",
  "severity": [
    {
      "type": "CVSS_V3",
      "score": "CVSS:3.1/AV:N/AC:L/PR:H/UI:R/S:C/C:L/I:L/A:N"
    },
    {
      "type": "CVSS_V4",
      "score": "CVSS:4.0/AV:N/AC:L/AT:N/PR:H/UI:N/VC:L/VI:N/VA:N/SC:N/SI:N/SA:N"
    }
  ],
  "affected": [
    {
      "package": {
        "ecosystem": "Packagist",
        "name": "concrete5/concrete5"
      },
      "ranges": [
        {
          "type": "ECOSYSTEM",
          "events": [
            {
              "introduced": "9.0.0"
            },
            {
              "fixed": "9.3.4"
            }
          ]
        }
      ]
    },
    {
      "package": {
        "ecosystem": "Packagist",
        "name": "concrete5/concrete5"
      },
      "ranges": [
        {
          "type": "ECOSYSTEM",
          "events": [
            {
              "introduced": "0"
            },
            {
              "fixed": "8.5.19"
            }
          ]
        }
      ]
    }
  ],
  "references": [
    {
      "type": "ADVISORY",
      "url": "https://nvd.nist.gov/vuln/detail/CVE-2024-8291"
    },
    {
      "type": "WEB",
      "url": "https://github.com/concretecms/concretecms/pull/12183"
    },
    {
      "type": "WEB",
      "url": "https://github.com/concretecms/concretecms/commit/d97b43b8dd0b5578b41d2ffb5b2186a44c2c772c"
    },
    {
      "type": "WEB",
      "url": "https://github.com/concretecms/concretecms/commit/dbce253166f6b10ff3e0c09e50fd395370b8b065"
    },
    {
      "type": "WEB",
      "url": "https://documentation.concretecms.org/9-x/developers/introduction/version-history/934-release-notes"
    },
    {
      "type": "WEB",
      "url": "https://documentation.concretecms.org/developers/introduction/version-history/8519-release-notes"
    },
    {
      "type": "PACKAGE",
      "url": "https://github.com/concretecms/concretecms"
    }
  ],
  "database_specific": {
    "cwe_ids": [
      "CWE-22",
      "CWE-79"
    ],
    "severity": "MODERATE",
    "github_reviewed": true,
    "github_reviewed_at": "2024-09-25T18:56:45Z",
    "nvd_published_at": "2024-09-25T01:15:46Z"
  }
}