{
  "schema_version": "1.4.0",
  "id": "GHSA-wwrr-4jp4-58wg",
  "modified": "2024-01-30T21:11:17Z",
  "published": "2022-05-24T17:03:48Z",
  "aliases": [
    "CVE-2019-16569"
  ],
  "summary": "CSRF vulnerability in Jenkins Mantis Plugin ",
  "details": "A cross-site request forgery vulnerability in Jenkins Mantis Plugin 0.26 and earlier allows attackers to connect to an attacker-specified web server using attacker-specified credentials.",
  "severity": [
    {
      "type": "CVSS_V3",
      "score": "CVSS:3.1/AV:N/AC:L/PR:N/UI:R/S:U/C:N/I:L/A:N"
    }
  ],
  "affected": [
    {
      "package": {
        "ecosystem": "Maven",
        "name": "org.jenkins-ci.plugins:mantis"
      },
      "ranges": [
        {
          "type": "ECOSYSTEM",
          "events": [
            {
              "introduced": "0"
            },
            {
              "last_affected": "0.26"
            }
          ]
        }
      ]
    }
  ],
  "references": [
    {
      "type": "ADVISORY",
      "url": "https://nvd.nist.gov/vuln/detail/CVE-2019-16569"
    },
    {
      "type": "WEB",
      "url": "https://jenkins.io/security/advisory/2019-12-17/#SECURITY-1603"
    },
    {
      "type": "WEB",
      "url": "http://www.openwall.com/lists/oss-security/2019/12/17/1"
    }
  ],
  "database_specific": {
    "cwe_ids": [
      "CWE-352"
    ],
    "severity": "MODERATE",
    "github_reviewed": true,
    "github_reviewed_at": "2024-01-30T21:11:06Z",
    "nvd_published_at": "2019-12-17T15:15:00Z"
  }
}