{
  "schema_version": "1.4.0",
  "id": "GHSA-hcw3-6459-pwhc",
  "modified": "2022-10-25T20:34:09Z",
  "published": "2022-10-19T19:00:22Z",
  "aliases": [
    "CVE-2022-43431"
  ],
  "summary": "Jenkins Compuware Strobe Measurement Plugin Missing Authorization vulnerability",
  "details": "Jenkins Compuware Strobe Measurement Plugin 1.0.1 and earlier does not perform a permission check in an HTTP endpoint, allowing attackers with Overall/Read permission to enumerate credentials IDs of credentials stored in Jenkins.",
  "severity": [
    {
      "type": "CVSS_V3",
      "score": "CVSS:3.1/AV:N/AC:L/PR:L/UI:N/S:U/C:L/I:N/A:N"
    }
  ],
  "affected": [
    {
      "package": {
        "ecosystem": "Maven",
        "name": "com.compuware.jenkins:compuware-strobe-measurement"
      },
      "ranges": [
        {
          "type": "ECOSYSTEM",
          "events": [
            {
              "introduced": "0"
            },
            {
              "fixed": "1.0.2"
            }
          ]
        }
      ],
      "database_specific": {
        "last_known_affected_version_range": "<= 1.0.1"
      }
    }
  ],
  "references": [
    {
      "type": "ADVISORY",
      "url": "https://nvd.nist.gov/vuln/detail/CVE-2022-43431"
    },
    {
      "type": "WEB",
      "url": "https://github.com/jenkinsci/compuware-strobe-measurement-plugin/commit/29a0d38d12e31ff8538473742c05a2e11f15c0df"
    },
    {
      "type": "WEB",
      "url": "https://www.jenkins.io/security/advisory/2022-10-19/#SECURITY-2631"
    },
    {
      "type": "WEB",
      "url": "http://www.openwall.com/lists/oss-security/2022/10/19/3"
    }
  ],
  "database_specific": {
    "cwe_ids": [
      "CWE-862"
    ],
    "severity": "MODERATE",
    "github_reviewed": true,
    "github_reviewed_at": "2022-10-19T22:02:50Z",
    "nvd_published_at": "2022-10-19T16:15:00Z"
  }
}