{
  "schema_version": "1.4.0",
  "id": "GHSA-c533-c843-67h8",
  "modified": "2024-05-15T20:52:03Z",
  "published": "2022-02-12T00:00:47Z",
  "aliases": [
    "CVE-2020-13669"
  ],
  "summary": "Drupal core Cross-site Scripting (XSS) vulnerability in ckeditor",
  "details": "Cross-site Scripting (XSS) vulnerability in ckeditor of Drupal Core allows attacker to inject XSS. This issue affects: Drupal Core 8.8.x versions prior to 8.8.10.; 8.9.x versions prior to 8.9.6; 9.0.x versions prior to 9.0.6.",
  "severity": [
    {
      "type": "CVSS_V3",
      "score": "CVSS:3.1/AV:N/AC:L/PR:N/UI:R/S:C/C:L/I:L/A:N"
    }
  ],
  "affected": [
    {
      "package": {
        "ecosystem": "Packagist",
        "name": "drupal/core"
      },
      "ranges": [
        {
          "type": "ECOSYSTEM",
          "events": [
            {
              "introduced": "8.0.0"
            },
            {
              "fixed": "8.8.10"
            }
          ]
        }
      ]
    },
    {
      "package": {
        "ecosystem": "Packagist",
        "name": "drupal/core"
      },
      "ranges": [
        {
          "type": "ECOSYSTEM",
          "events": [
            {
              "introduced": "8.9.0"
            },
            {
              "fixed": "8.9.6"
            }
          ]
        }
      ]
    },
    {
      "package": {
        "ecosystem": "Packagist",
        "name": "drupal/core"
      },
      "ranges": [
        {
          "type": "ECOSYSTEM",
          "events": [
            {
              "introduced": "9.0.0"
            },
            {
              "fixed": "9.0.6"
            }
          ]
        }
      ]
    },
    {
      "package": {
        "ecosystem": "Packagist",
        "name": "drupal/drupal"
      },
      "ranges": [
        {
          "type": "ECOSYSTEM",
          "events": [
            {
              "introduced": "8.0.0"
            },
            {
              "fixed": "8.8.10"
            }
          ]
        }
      ]
    },
    {
      "package": {
        "ecosystem": "Packagist",
        "name": "drupal/drupal"
      },
      "ranges": [
        {
          "type": "ECOSYSTEM",
          "events": [
            {
              "introduced": "8.9.0"
            },
            {
              "fixed": "8.9.6"
            }
          ]
        }
      ]
    },
    {
      "package": {
        "ecosystem": "Packagist",
        "name": "drupal/drupal"
      },
      "ranges": [
        {
          "type": "ECOSYSTEM",
          "events": [
            {
              "introduced": "9.0.0"
            },
            {
              "fixed": "9.0.6"
            }
          ]
        }
      ]
    }
  ],
  "references": [
    {
      "type": "ADVISORY",
      "url": "https://nvd.nist.gov/vuln/detail/CVE-2020-13669"
    },
    {
      "type": "WEB",
      "url": "https://github.com/FriendsOfPHP/security-advisories/blob/master/drupal/core/CVE-2020-13669.yaml"
    },
    {
      "type": "WEB",
      "url": "https://github.com/FriendsOfPHP/security-advisories/blob/master/drupal/drupal/CVE-2020-13669.yaml"
    },
    {
      "type": "PACKAGE",
      "url": "https://github.com/drupal/core"
    },
    {
      "type": "WEB",
      "url": "https://www.drupal.org/sa-core-2020-010"
    }
  ],
  "database_specific": {
    "cwe_ids": [
      "CWE-79"
    ],
    "severity": "MODERATE",
    "github_reviewed": true,
    "github_reviewed_at": "2024-05-15T20:52:03Z",
    "nvd_published_at": "2022-02-11T16:15:00Z"
  }
}