{
  "schema_version": "1.4.0",
  "id": "GHSA-mwg2-3xpv-5v28",
  "modified": "2022-12-13T19:00:22Z",
  "published": "2022-05-24T17:46:58Z",
  "aliases": [
    "CVE-2021-22512"
  ],
  "summary": "CSRF vulnerability in Jenkins Micro Focus Application Automation Tools Plugin",
  "details": "Micro Focus Application Automation Tools Plugin 6.7 and earlier does not perform permission checks in methods implementing form validation.\n\nThis allows attackers with Overall/Read permission to connect to attacker-specified URLs using attacker-specified username and password.\n\nAdditionally, these form validation methods do not require POST requests, resulting in a cross-site request forgery (CSRF) vulnerability.\n\nMicro Focus Application Automation Tools Plugin 6.8 requires POST requests and Overall/Administer permission for the affected form validation methods.",
  "severity": [
    {
      "type": "CVSS_V3",
      "score": "CVSS:3.1/AV:N/AC:L/PR:L/UI:N/S:U/C:N/I:L/A:N"
    }
  ],
  "affected": [
    {
      "package": {
        "ecosystem": "Maven",
        "name": "org.jenkins-ci.plugins:hp-application-automation-tools-plugin"
      },
      "ranges": [
        {
          "type": "ECOSYSTEM",
          "events": [
            {
              "introduced": "0"
            },
            {
              "fixed": "6.8"
            }
          ]
        }
      ],
      "database_specific": {
        "last_known_affected_version_range": "<= 6.7"
      }
    }
  ],
  "references": [
    {
      "type": "ADVISORY",
      "url": "https://nvd.nist.gov/vuln/detail/CVE-2021-22512"
    },
    {
      "type": "WEB",
      "url": "https://github.com/jenkinsci/hpe-application-automation-tools-plugin/commit/497a143d9a95e9c937501ca329fe0dae22a0d9cd"
    },
    {
      "type": "PACKAGE",
      "url": "https://github.com/jenkinsci/hpe-application-automation-tools-plugin"
    },
    {
      "type": "WEB",
      "url": "https://www.jenkins.io/security/advisory/2021-04-07/#SECURITY-2132"
    }
  ],
  "database_specific": {
    "cwe_ids": [
      "CWE-352"
    ],
    "severity": "MODERATE",
    "github_reviewed": true,
    "github_reviewed_at": "2022-12-13T19:00:22Z",
    "nvd_published_at": "2021-04-08T22:15:00Z"
  }
}