{
  "schema_version": "1.4.0",
  "id": "GHSA-592v-7frm-h44q",
  "modified": "2021-07-13T15:53:43Z",
  "published": "2021-09-08T17:25:36Z",
  "aliases": [
    "CVE-2020-23700"
  ],
  "summary": "Cross-site scripting in LavaLite-CMS",
  "details": "Cross Site Scripting (XSS) vulnerability in LavaLite-CMS 5.8.0 via the Menu Links feature.",
  "severity": [
    {
      "type": "CVSS_V3",
      "score": "CVSS:3.1/AV:N/AC:L/PR:H/UI:R/S:C/C:L/I:L/A:N"
    }
  ],
  "affected": [
    {
      "package": {
        "ecosystem": "Packagist",
        "name": "lavalite/cms"
      },
      "ranges": [
        {
          "type": "ECOSYSTEM",
          "events": [
            {
              "introduced": "0"
            },
            {
              "last_affected": "5.8.0"
            }
          ]
        }
      ]
    }
  ],
  "references": [
    {
      "type": "ADVISORY",
      "url": "https://nvd.nist.gov/vuln/detail/CVE-2020-23700"
    },
    {
      "type": "WEB",
      "url": "https://github.com/LavaLite/cms/issues/319"
    }
  ],
  "database_specific": {
    "cwe_ids": [
      "CWE-79"
    ],
    "severity": "MODERATE",
    "github_reviewed": true,
    "github_reviewed_at": "2021-07-08T13:53:19Z",
    "nvd_published_at": "2021-07-07T19:15:00Z"
  }
}