{
  "schema_version": "1.4.0",
  "id": "GHSA-76x2-h8h3-cwjg",
  "modified": "2022-06-15T19:43:51Z",
  "published": "2022-06-04T00:00:25Z",
  "aliases": [
    "CVE-2022-29773"
  ],
  "summary": "Access control issue in AlekSIS-Core",
  "details": "An access control issue in aleksis/core/util/auth_helpers.py: ClientProtectedResourceMixin of AlekSIS-Core v2.8.1 and below allows attackers to access arbitrary scopes if no allowed scopes are specifically set.",
  "severity": [
    {
      "type": "CVSS_V3",
      "score": "CVSS:3.1/AV:N/AC:L/PR:L/UI:N/S:U/C:H/I:N/A:N"
    }
  ],
  "affected": [
    {
      "package": {
        "ecosystem": "PyPI",
        "name": "aleksis-core"
      },
      "ranges": [
        {
          "type": "ECOSYSTEM",
          "events": [
            {
              "introduced": "0"
            },
            {
              "fixed": "2.9"
            }
          ]
        }
      ]
    }
  ],
  "references": [
    {
      "type": "ADVISORY",
      "url": "https://nvd.nist.gov/vuln/detail/CVE-2022-29773"
    },
    {
      "type": "WEB",
      "url": "https://aleksis.org/2022-05-04_advisory.html"
    },
    {
      "type": "PACKAGE",
      "url": "https://edugit.org/AlekSIS/official/AlekSIS-Core"
    },
    {
      "type": "WEB",
      "url": "https://edugit.org/AlekSIS/official/AlekSIS-Core/-/commit/0d39d5f566e1d916e3c8dedd3f5bd62161f30bd8"
    },
    {
      "type": "WEB",
      "url": "https://edugit.org/AlekSIS/official/AlekSIS-Core/-/issues/688"
    },
    {
      "type": "WEB",
      "url": "https://edugit.org/AlekSIS/official/AlekSIS-Core/-/merge_requests/1011"
    }
  ],
  "database_specific": {
    "cwe_ids": [
      "CWE-863"
    ],
    "severity": "MODERATE",
    "github_reviewed": true,
    "github_reviewed_at": "2022-06-06T21:20:39Z",
    "nvd_published_at": "2022-06-03T21:15:00Z"
  }
}