{
  "schema_version": "1.4.0",
  "id": "GHSA-5m8f-v3gw-h94w",
  "modified": "2023-10-27T16:52:02Z",
  "published": "2022-02-16T00:01:28Z",
  "aliases": [
    "CVE-2022-25187"
  ],
  "summary": "Jenkins Support Core Plugin stores sensitive data in plain text",
  "details": "Jenkins Support Core Plugin 2.79 and earlier does not redact some sensitive information in the support bundle. Support Core Plugin 2.79.1 adds a list of keywords whose associated values are redacted.",
  "severity": [
    {
      "type": "CVSS_V3",
      "score": "CVSS:3.1/AV:N/AC:L/PR:L/UI:N/S:U/C:H/I:N/A:N"
    }
  ],
  "affected": [
    {
      "package": {
        "ecosystem": "Maven",
        "name": "org.jenkins-ci.plugins:support-core"
      },
      "ranges": [
        {
          "type": "ECOSYSTEM",
          "events": [
            {
              "introduced": "0"
            },
            {
              "fixed": "2.79.1"
            }
          ]
        }
      ]
    }
  ],
  "references": [
    {
      "type": "ADVISORY",
      "url": "https://nvd.nist.gov/vuln/detail/CVE-2022-25187"
    },
    {
      "type": "WEB",
      "url": "https://github.com/jenkinsci/support-core-plugin/commit/c6d20da4f372f03bd3e4844f0df2f109df68a63c"
    },
    {
      "type": "WEB",
      "url": "https://github.com/jenkinsci/support-core-plugin/commit/e90487a87bc0a3445c887203f5badec17af905c5"
    },
    {
      "type": "PACKAGE",
      "url": "https://github.com/jenkinsci/support-core-plugin"
    },
    {
      "type": "WEB",
      "url": "https://www.jenkins.io/security/advisory/2022-02-15/#SECURITY-2186"
    }
  ],
  "database_specific": {
    "cwe_ids": [
      "CWE-212",
      "CWE-312",
      "CWE-522"
    ],
    "severity": "MODERATE",
    "github_reviewed": true,
    "github_reviewed_at": "2022-07-27T21:24:40Z",
    "nvd_published_at": "2022-02-15T17:15:00Z"
  }
}