{
  "schema_version": "1.4.0",
  "id": "GHSA-4mvc-qc5w-v5qr",
  "modified": "2024-04-22T18:41:24Z",
  "published": "2019-12-17T22:53:34Z",
  "aliases": [
    "CVE-2019-19712"
  ],
  "summary": "Information disclosure in the Contao backend",
  "details": "### Impact\n\nBack end users can manipulate the details view URL to show pages and articles that have not been enabled for them.\n\n### Patches\n\nUpdate to Contao 4.4.46 or 4.8.6.\n\n### Workarounds\n\nNone.\n\n### References\n\nhttps://contao.org/en/security-advisories/information-disclosure-in-the-back-end\n\n### For more information\n\nIf you have any questions or comments about this advisory, open an issue in [contao/contao](https://github.com/contao/contao/issues/new/choose).\n",
  "severity": [
    {
      "type": "CVSS_V3",
      "score": "CVSS:3.1/AV:N/AC:L/PR:N/UI:N/S:U/C:L/I:N/A:N"
    }
  ],
  "affected": [
    {
      "package": {
        "ecosystem": "Packagist",
        "name": "contao/core-bundle"
      },
      "ranges": [
        {
          "type": "ECOSYSTEM",
          "events": [
            {
              "introduced": "4.0.0"
            },
            {
              "fixed": "4.4.46"
            }
          ]
        }
      ]
    },
    {
      "package": {
        "ecosystem": "Packagist",
        "name": "contao/core-bundle"
      },
      "ranges": [
        {
          "type": "ECOSYSTEM",
          "events": [
            {
              "introduced": "4.5.0"
            },
            {
              "fixed": "4.8.6"
            }
          ]
        }
      ]
    },
    {
      "package": {
        "ecosystem": "Packagist",
        "name": "contao/contao"
      },
      "ranges": [
        {
          "type": "ECOSYSTEM",
          "events": [
            {
              "introduced": "4.0.0"
            },
            {
              "fixed": "4.4.46"
            }
          ]
        }
      ]
    },
    {
      "package": {
        "ecosystem": "Packagist",
        "name": "contao/contao"
      },
      "ranges": [
        {
          "type": "ECOSYSTEM",
          "events": [
            {
              "introduced": "4.5.0"
            },
            {
              "fixed": "4.8.6"
            }
          ]
        }
      ]
    }
  ],
  "references": [
    {
      "type": "WEB",
      "url": "https://github.com/contao/contao/security/advisories/GHSA-4mvc-qc5w-v5qr"
    },
    {
      "type": "ADVISORY",
      "url": "https://nvd.nist.gov/vuln/detail/CVE-2019-19712"
    },
    {
      "type": "WEB",
      "url": "https://contao.org/en/news.html"
    },
    {
      "type": "WEB",
      "url": "https://contao.org/en/security-advisories/information-disclosure-in-the-back-end.html"
    },
    {
      "type": "WEB",
      "url": "https://github.com/FriendsOfPHP/security-advisories/blob/master/contao/contao/CVE-2019-19712.yaml"
    },
    {
      "type": "WEB",
      "url": "https://github.com/FriendsOfPHP/security-advisories/blob/master/contao/core-bundle/CVE-2019-19712.yaml"
    },
    {
      "type": "PACKAGE",
      "url": "https://github.com/contao/contao"
    }
  ],
  "database_specific": {
    "cwe_ids": [
      "CWE-276"
    ],
    "severity": "MODERATE",
    "github_reviewed": true,
    "github_reviewed_at": "2019-12-17T19:35:52Z",
    "nvd_published_at": "2019-12-17T14:15:18Z"
  }
}