{
  "schema_version": "1.4.0",
  "id": "GHSA-55vq-xpjf-r2xc",
  "modified": "2023-05-05T20:35:56Z",
  "published": "2023-04-27T21:30:26Z",
  "aliases": [
    "CVE-2023-29471"
  ],
  "summary": "Lightbend Alpakka Kafka logs credentials on debug level",
  "details": "Lightbend Alpakka Kafka before 4.0.2 logs its configuration as debug information, and thus log files may contain credentials (if plain cleartext login is configured). This occurs in akka.kafka.internal.KafkaConsumerActor.",
  "severity": [
    {
      "type": "CVSS_V3",
      "score": "CVSS:3.1/AV:L/AC:L/PR:L/UI:N/S:U/C:H/I:N/A:N"
    }
  ],
  "affected": [
    {
      "package": {
        "ecosystem": "Maven",
        "name": "com.typesafe.akka:akka-stream-kafka"
      },
      "ranges": [
        {
          "type": "ECOSYSTEM",
          "events": [
            {
              "introduced": "0"
            },
            {
              "fixed": "4.0.2"
            }
          ]
        }
      ]
    }
  ],
  "references": [
    {
      "type": "ADVISORY",
      "url": "https://nvd.nist.gov/vuln/detail/CVE-2023-29471"
    },
    {
      "type": "WEB",
      "url": "https://github.com/akka/alpakka-kafka/issues/1592"
    },
    {
      "type": "WEB",
      "url": "https://github.com/akka/alpakka-kafka/pull/1614/commits/4011b704e93b22f6fd956aac516c7159d384644c"
    },
    {
      "type": "WEB",
      "url": "https://akka.io/security/alpakka-kafka-cve-2023-29471.html"
    },
    {
      "type": "PACKAGE",
      "url": "https://github.com/akka/alpakka-kafka"
    }
  ],
  "database_specific": {
    "cwe_ids": [
      "CWE-312",
      "CWE-532"
    ],
    "severity": "MODERATE",
    "github_reviewed": true,
    "github_reviewed_at": "2023-04-27T23:53:28Z",
    "nvd_published_at": "2023-04-27T21:15:10Z"
  }
}