{
  "schema_version": "1.4.0",
  "id": "GHSA-mg72-h5gj-8gg7",
  "modified": "2024-01-30T21:24:16Z",
  "published": "2022-05-24T16:52:45Z",
  "aliases": [
    "CVE-2019-10377"
  ],
  "summary": "Missing permission check in Jenkins Avatar Plugin",
  "details": "A missing permission check in Jenkins Avatar Plugin 1.2 and earlier allows attackers with Overall/Read access to change the avatar of any user of Jenkins.",
  "severity": [
    {
      "type": "CVSS_V3",
      "score": "CVSS:3.1/AV:N/AC:L/PR:L/UI:N/S:U/C:N/I:L/A:N"
    }
  ],
  "affected": [
    {
      "package": {
        "ecosystem": "Maven",
        "name": "net.hurstfrost.jenkins:avatar"
      },
      "ranges": [
        {
          "type": "ECOSYSTEM",
          "events": [
            {
              "introduced": "0"
            }
          ]
        }
      ],
      "database_specific": {
        "last_known_affected_version_range": "< 1.2"
      }
    }
  ],
  "references": [
    {
      "type": "ADVISORY",
      "url": "https://nvd.nist.gov/vuln/detail/CVE-2019-10377"
    },
    {
      "type": "WEB",
      "url": "https://jenkins.io/security/advisory/2019-08-07/#SECURITY-1099"
    },
    {
      "type": "WEB",
      "url": "http://www.openwall.com/lists/oss-security/2019/08/07/1"
    }
  ],
  "database_specific": {
    "cwe_ids": [
      "CWE-862"
    ],
    "severity": "MODERATE",
    "github_reviewed": true,
    "github_reviewed_at": "2024-01-30T21:24:16Z",
    "nvd_published_at": "2019-08-07T15:15:00Z"
  }
}