{
  "schema_version": "1.4.0",
  "id": "GHSA-42m6-g935-5vmq",
  "modified": "2022-08-11T22:04:47Z",
  "published": "2022-07-26T00:01:05Z",
  "aliases": [
    "CVE-2021-23397"
  ],
  "summary": "@ianwalter/merge Prototype Pollution via `merge` function",
  "details": "All versions of package @ianwalter/merge are vulnerable to Prototype Pollution via the main (`merge`) function. @ianwalter/merge is [deprecated](https://github.com/ianwalter/merge/blob/master/README.md) and the maintainer suggests using [@generates/merger](https://github.com/generates/generates/tree/main/packages/merger) instead.",
  "severity": [
    {
      "type": "CVSS_V3",
      "score": "CVSS:3.1/AV:N/AC:H/PR:N/UI:N/S:U/C:L/I:L/A:L"
    }
  ],
  "affected": [
    {
      "package": {
        "ecosystem": "npm",
        "name": "@ianwalter/merge"
      },
      "ranges": [
        {
          "type": "ECOSYSTEM",
          "events": [
            {
              "introduced": "0"
            },
            {
              "last_affected": "9.0.1"
            }
          ]
        }
      ]
    }
  ],
  "references": [
    {
      "type": "ADVISORY",
      "url": "https://nvd.nist.gov/vuln/detail/CVE-2021-23397"
    },
    {
      "type": "PACKAGE",
      "url": "https://github.com/ianwalter/merge"
    },
    {
      "type": "WEB",
      "url": "https://security.snyk.io/vuln/SNYK-JS-IANWALTERMERGE-1311022"
    }
  ],
  "database_specific": {
    "cwe_ids": [
      "CWE-1321"
    ],
    "severity": "MODERATE",
    "github_reviewed": true,
    "github_reviewed_at": "2022-07-26T19:37:36Z",
    "nvd_published_at": "2022-07-25T14:15:00Z"
  }
}