{
  "schema_version": "1.4.0",
  "id": "GHSA-9cjv-93g7-c6mv",
  "modified": "2022-06-30T15:43:19Z",
  "published": "2022-05-13T01:48:40Z",
  "aliases": [
    "CVE-2018-1000864"
  ],
  "summary": "Loop with Unreachable Exit Condition in Jenkins",
  "details": "A denial of service vulnerability exists in Jenkins 2.153 and earlier, LTS 2.138.3 and earlier in CronTab.java that allows attackers with Overall/Read permission to have a request handling thread enter an infinite loop.",
  "severity": [
    {
      "type": "CVSS_V3",
      "score": "CVSS:3.0/AV:N/AC:L/PR:L/UI:N/S:U/C:N/I:N/A:H"
    }
  ],
  "affected": [
    {
      "package": {
        "ecosystem": "Maven",
        "name": "org.jenkins-ci.main:jenkins-core"
      },
      "ranges": [
        {
          "type": "ECOSYSTEM",
          "events": [
            {
              "introduced": "0"
            },
            {
              "fixed": "2.138.4"
            }
          ]
        }
      ],
      "database_specific": {
        "last_known_affected_version_range": "<= 2.138.3"
      }
    },
    {
      "package": {
        "ecosystem": "Maven",
        "name": "org.jenkins-ci.main:jenkins-core"
      },
      "ranges": [
        {
          "type": "ECOSYSTEM",
          "events": [
            {
              "introduced": "2.140"
            },
            {
              "fixed": "2.154"
            }
          ]
        }
      ],
      "database_specific": {
        "last_known_affected_version_range": "<= 2.153"
      }
    }
  ],
  "references": [
    {
      "type": "ADVISORY",
      "url": "https://nvd.nist.gov/vuln/detail/CVE-2018-1000864"
    },
    {
      "type": "WEB",
      "url": "https://github.com/jenkinsci/jenkins/commit/73afa0ca786a87f05b5433e2e38f863826fcad17"
    },
    {
      "type": "WEB",
      "url": "https://access.redhat.com/errata/RHBA-2019:0024"
    },
    {
      "type": "PACKAGE",
      "url": "https://github.com/jenkinsci/jenkins"
    },
    {
      "type": "WEB",
      "url": "https://jenkins.io/security/advisory/2018-12-05/#SECURITY-1193"
    },
    {
      "type": "WEB",
      "url": "http://www.securityfocus.com/bid/106176"
    }
  ],
  "database_specific": {
    "cwe_ids": [
      "CWE-835"
    ],
    "severity": "MODERATE",
    "github_reviewed": true,
    "github_reviewed_at": "2022-06-30T15:43:19Z",
    "nvd_published_at": "2018-12-10T14:29:00Z"
  }
}