{
  "schema_version": "1.4.0",
  "id": "GHSA-79r5-rhrw-7pvh",
  "modified": "2023-10-27T14:16:19Z",
  "published": "2022-05-24T17:45:47Z",
  "aliases": [
    "CVE-2021-21634"
  ],
  "summary": "Passwords stored in plain text by Jenkins Jabber (XMPP) notifier and control Plugin",
  "details": "Jenkins Jabber (XMPP) notifier and control Plugin 1.41 and earlier stores passwords unencrypted in its global configuration file `hudson.plugins.jabber.im.transport.JabberPublisher.xml` on the Jenkins controller as part of its configuration.\n\nThese passwords can be viewed by users with access to the Jenkins controller file system.\n\nJenkins Jabber (XMPP) notifier and control Plugin 1.42 stores passwords encrypted once its configuration is saved again.",
  "severity": [
    {
      "type": "CVSS_V3",
      "score": "CVSS:3.1/AV:N/AC:L/PR:L/UI:N/S:U/C:H/I:N/A:N"
    }
  ],
  "affected": [
    {
      "package": {
        "ecosystem": "Maven",
        "name": "org.jvnet.hudson.plugins:jabber"
      },
      "ranges": [
        {
          "type": "ECOSYSTEM",
          "events": [
            {
              "introduced": "0"
            },
            {
              "fixed": "1.42"
            }
          ]
        }
      ],
      "database_specific": {
        "last_known_affected_version_range": "<= 1.41"
      }
    }
  ],
  "references": [
    {
      "type": "ADVISORY",
      "url": "https://nvd.nist.gov/vuln/detail/CVE-2021-21634"
    },
    {
      "type": "WEB",
      "url": "https://github.com/jenkinsci/jabber-plugin/commit/67882cfd189d6d05ad39e043edbfbf079dc37677"
    },
    {
      "type": "PACKAGE",
      "url": "https://github.com/jenkinsci/jabber-plugin"
    },
    {
      "type": "WEB",
      "url": "https://www.jenkins.io/security/advisory/2021-03-30/#SECURITY-2162"
    },
    {
      "type": "WEB",
      "url": "http://www.openwall.com/lists/oss-security/2021/03/30/1"
    }
  ],
  "database_specific": {
    "cwe_ids": [
      "CWE-522"
    ],
    "severity": "MODERATE",
    "github_reviewed": true,
    "github_reviewed_at": "2022-12-15T17:08:05Z",
    "nvd_published_at": "2021-03-30T12:16:00Z"
  }
}