{
  "schema_version": "1.4.0",
  "id": "GHSA-r9mq-m72x-257g",
  "modified": "2023-12-22T22:27:07Z",
  "published": "2023-12-18T19:33:58Z",
  "aliases": [
    "CVE-2023-50727"
  ],
  "summary": "Resque vulnerable to reflected XSS in Queue Endpoint",
  "details": "### Impact\n\nReflected XSS can be performed using the current_queue portion of the path on the /queues endpoint of resque-web.\n\n### Patches\n\nv2.6.0\n\n### Workarounds\n\nNo known workarounds at this time. It is recommended to not click on 3rd party or untrusted links to the resque-web interface until you have patched your application.\n\n### References\n\nhttps://github.com/resque/resque/pull/1865\n",
  "severity": [
    {
      "type": "CVSS_V3",
      "score": "CVSS:3.1/AV:N/AC:L/PR:L/UI:R/S:U/C:L/I:H/A:N"
    }
  ],
  "affected": [
    {
      "package": {
        "ecosystem": "RubyGems",
        "name": "resque"
      },
      "ranges": [
        {
          "type": "ECOSYSTEM",
          "events": [
            {
              "introduced": "0"
            },
            {
              "fixed": "2.6.0"
            }
          ]
        }
      ]
    }
  ],
  "references": [
    {
      "type": "WEB",
      "url": "https://github.com/resque/resque/security/advisories/GHSA-r9mq-m72x-257g"
    },
    {
      "type": "ADVISORY",
      "url": "https://nvd.nist.gov/vuln/detail/CVE-2023-50727"
    },
    {
      "type": "WEB",
      "url": "https://github.com/resque/resque/pull/1865"
    },
    {
      "type": "WEB",
      "url": "https://github.com/resque/resque/commit/7623b8dfbdd0a07eb04b19fb25b16a8d6f087f9a"
    },
    {
      "type": "PACKAGE",
      "url": "https://github.com/resque/resque"
    },
    {
      "type": "WEB",
      "url": "https://github.com/rubysec/ruby-advisory-db/blob/master/gems/resque/CVE-2023-50727.yml"
    }
  ],
  "database_specific": {
    "cwe_ids": [
      "CWE-233",
      "CWE-79"
    ],
    "severity": "MODERATE",
    "github_reviewed": true,
    "github_reviewed_at": "2023-12-18T19:33:58Z",
    "nvd_published_at": "2023-12-22T21:15:07Z"
  }
}