{
  "schema_version": "1.4.0",
  "id": "GHSA-34w4-wrqp-j47g",
  "modified": "2023-10-31T19:39:42Z",
  "published": "2023-10-31T03:31:22Z",
  "aliases": [
    "CVE-2023-5866"
  ],
  "summary": "Sensitive cookie in HTTPS session without 'Secure' attribute in thorsten/phpmyfaq",
  "details": "Sensitive Cookie in HTTPS Session Without 'Secure' Attribute in GitHub repository thorsten/phpmyfaq prior to 3.2.1.",
  "severity": [
    {
      "type": "CVSS_V3",
      "score": "CVSS:3.0/AV:N/AC:L/PR:L/UI:N/S:U/C:L/I:L/A:L"
    }
  ],
  "affected": [
    {
      "package": {
        "ecosystem": "Packagist",
        "name": "thorsten/phpmyfaq"
      },
      "ranges": [
        {
          "type": "ECOSYSTEM",
          "events": [
            {
              "introduced": "0"
            },
            {
              "fixed": "3.2.1"
            }
          ]
        }
      ]
    }
  ],
  "references": [
    {
      "type": "ADVISORY",
      "url": "https://nvd.nist.gov/vuln/detail/CVE-2023-5866"
    },
    {
      "type": "WEB",
      "url": "https://github.com/thorsten/phpmyfaq/commit/fdacff14acd5e69841068f0e32b59e2d1b1d0d55"
    },
    {
      "type": "PACKAGE",
      "url": "https://github.com/thorsten/phpMyFAQ"
    },
    {
      "type": "WEB",
      "url": "https://huntr.com/bounties/ec44bcba-ae7f-497a-851e-8165ecf56945"
    }
  ],
  "database_specific": {
    "cwe_ids": [
      "CWE-614"
    ],
    "severity": "MODERATE",
    "github_reviewed": true,
    "github_reviewed_at": "2023-10-31T19:39:42Z",
    "nvd_published_at": "2023-10-31T01:15:07Z"
  }
}