{
  "schema_version": "1.4.0",
  "id": "GHSA-v87q-rpwp-qr7q",
  "modified": "2022-11-30T21:21:54Z",
  "published": "2022-11-25T18:30:25Z",
  "aliases": [
    "CVE-2022-45210"
  ],
  "summary": "Jeecg-boot vulnerable to SQL Injection",
  "details": "Jeecg-boot v3.4.3 was discovered to contain a SQL injection vulnerability via the component /sys/user/deleteRecycleBin.",
  "severity": [
    {
      "type": "CVSS_V3",
      "score": "CVSS:3.1/AV:N/AC:L/PR:L/UI:N/S:U/C:L/I:N/A:N"
    }
  ],
  "affected": [
    {
      "package": {
        "ecosystem": "Maven",
        "name": "org.jeecgframework.boot:jeecg-boot-common"
      },
      "ranges": [
        {
          "type": "ECOSYSTEM",
          "events": [
            {
              "introduced": "0"
            },
            {
              "fixed": "3.4.4"
            }
          ]
        }
      ]
    }
  ],
  "references": [
    {
      "type": "ADVISORY",
      "url": "https://nvd.nist.gov/vuln/detail/CVE-2022-45210"
    },
    {
      "type": "WEB",
      "url": "https://github.com/jeecgboot/jeecg-boot/issues/4125"
    },
    {
      "type": "WEB",
      "url": "https://github.com/jeecgboot/jeecg-boot/commit/51e2227bfe54f5d67b09411ee9a336750164e73d"
    },
    {
      "type": "PACKAGE",
      "url": "https://github.com/jeecgboot/jeecg-boot-starter"
    }
  ],
  "database_specific": {
    "cwe_ids": [
      "CWE-89"
    ],
    "severity": "MODERATE",
    "github_reviewed": true,
    "github_reviewed_at": "2022-11-30T21:21:54Z",
    "nvd_published_at": "2022-11-25T17:15:00Z"
  }
}