{
  "schema_version": "1.4.0",
  "id": "GHSA-phhm-63xx-v9rr",
  "modified": "2024-04-24T17:19:11Z",
  "published": "2022-05-17T02:37:14Z",
  "aliases": [
    "CVE-2016-6628"
  ],
  "summary": "phpMyAdmin Reflected File Download attack",
  "details": "An issue was discovered in phpMyAdmin. An attacker may be able to trigger a user to download a specially crafted malicious SVG file. All 4.6.x versions (prior to 4.6.4), 4.4.x versions (prior to 4.4.15.8), and 4.0.x versions (prior to 4.0.10.17) are affected.",
  "severity": [
    {
      "type": "CVSS_V3",
      "score": "CVSS:3.0/AV:N/AC:L/PR:N/UI:R/S:U/C:L/I:L/A:L"
    }
  ],
  "affected": [
    {
      "package": {
        "ecosystem": "Packagist",
        "name": "phpmyadmin/phpmyadmin"
      },
      "ranges": [
        {
          "type": "ECOSYSTEM",
          "events": [
            {
              "introduced": "4.6"
            },
            {
              "fixed": "4.6.4"
            }
          ]
        }
      ]
    },
    {
      "package": {
        "ecosystem": "Packagist",
        "name": "phpmyadmin/phpmyadmin"
      },
      "ranges": [
        {
          "type": "ECOSYSTEM",
          "events": [
            {
              "introduced": "4.4"
            },
            {
              "fixed": "4.4.15.8"
            }
          ]
        }
      ]
    },
    {
      "package": {
        "ecosystem": "Packagist",
        "name": "phpmyadmin/phpmyadmin"
      },
      "ranges": [
        {
          "type": "ECOSYSTEM",
          "events": [
            {
              "introduced": "4.0"
            },
            {
              "fixed": "4.0.10.17"
            }
          ]
        }
      ]
    }
  ],
  "references": [
    {
      "type": "ADVISORY",
      "url": "https://nvd.nist.gov/vuln/detail/CVE-2016-6628"
    },
    {
      "type": "PACKAGE",
      "url": "https://github.com/phpmyadmin/composer"
    },
    {
      "type": "WEB",
      "url": "https://lists.debian.org/debian-lts-announce/2019/06/msg00009.html"
    },
    {
      "type": "WEB",
      "url": "https://security.gentoo.org/glsa/201701-32"
    },
    {
      "type": "WEB",
      "url": "https://www.phpmyadmin.net/security/PMASA-2016-51"
    },
    {
      "type": "WEB",
      "url": "http://www.securityfocus.com/bid/92492"
    }
  ],
  "database_specific": {
    "cwe_ids": [],
    "severity": "MODERATE",
    "github_reviewed": true,
    "github_reviewed_at": "2024-04-24T17:19:11Z",
    "nvd_published_at": "2016-12-11T02:59:00Z"
  }
}