{
  "schema_version": "1.4.0",
  "id": "GHSA-qj7f-j6h9-g5rq",
  "modified": "2022-11-01T22:33:57Z",
  "published": "2022-05-17T00:26:27Z",
  "aliases": [
    "CVE-2017-12623"
  ],
  "summary": "XML External Entity Reference in Apache NiFi",
  "details": "An authorized user could upload a template which contained malicious code and accessed sensitive files via an XML External Entity (XXE) attack. The fix to properly handle XML External Entities was applied on the Apache NiFi 1.4.0 release. Users running a prior 1.x release should upgrade to the appropriate release.",
  "severity": [
    {
      "type": "CVSS_V3",
      "score": "CVSS:3.0/AV:N/AC:L/PR:L/UI:N/S:U/C:H/I:N/A:N"
    }
  ],
  "affected": [
    {
      "package": {
        "ecosystem": "Maven",
        "name": "org.apache.nifi:nifi"
      },
      "ranges": [
        {
          "type": "ECOSYSTEM",
          "events": [
            {
              "introduced": "1.0.0"
            },
            {
              "fixed": "1.4.0"
            }
          ]
        }
      ]
    }
  ],
  "references": [
    {
      "type": "ADVISORY",
      "url": "https://nvd.nist.gov/vuln/detail/CVE-2017-12623"
    },
    {
      "type": "WEB",
      "url": "https://nifi.apache.org/security.html#CVE-2017-12623"
    }
  ],
  "database_specific": {
    "cwe_ids": [
      "CWE-611"
    ],
    "severity": "MODERATE",
    "github_reviewed": true,
    "github_reviewed_at": "2022-11-01T22:33:57Z",
    "nvd_published_at": "2017-10-10T18:29:00Z"
  }
}