{
  "schema_version": "1.4.0",
  "id": "GHSA-4c7h-f2j9-9c46",
  "modified": "2023-10-27T17:05:48Z",
  "published": "2022-03-30T00:00:21Z",
  "aliases": [
    "CVE-2022-28158"
  ],
  "summary": "Missing permission Jenkins Pipeline Phoenix AutoTest Plugin",
  "details": "A missing permission check in Jenkins Pipeline: Phoenix AutoTest Plugin 1.3 and earlier allows attackers with Overall/Read permission to enumerate credentials IDs of credentials stored in Jenkins.",
  "severity": [
    {
      "type": "CVSS_V3",
      "score": "CVSS:3.1/AV:N/AC:L/PR:L/UI:N/S:U/C:H/I:N/A:N"
    }
  ],
  "affected": [
    {
      "package": {
        "ecosystem": "Maven",
        "name": "com.surenpi.jenkins:phoenix-autotest"
      },
      "ranges": [
        {
          "type": "ECOSYSTEM",
          "events": [
            {
              "introduced": "0"
            },
            {
              "last_affected": "1.3"
            }
          ]
        }
      ]
    }
  ],
  "references": [
    {
      "type": "ADVISORY",
      "url": "https://nvd.nist.gov/vuln/detail/CVE-2022-28158"
    },
    {
      "type": "PACKAGE",
      "url": "https://github.com/jenkinsci/phoenix-autotest-plugin"
    },
    {
      "type": "WEB",
      "url": "https://www.jenkins.io/security/advisory/2022-03-29/#SECURITY-2685"
    },
    {
      "type": "WEB",
      "url": "http://www.openwall.com/lists/oss-security/2022/03/29/1"
    }
  ],
  "database_specific": {
    "cwe_ids": [
      "CWE-862"
    ],
    "severity": "MODERATE",
    "github_reviewed": true,
    "github_reviewed_at": "2022-04-05T19:50:57Z",
    "nvd_published_at": "2022-03-29T13:15:00Z"
  }
}