{
  "schema_version": "1.4.0",
  "id": "GHSA-4c5w-qqfg-grf3",
  "modified": "2023-12-07T19:48:34Z",
  "published": "2022-05-13T01:13:58Z",
  "aliases": [
    "CVE-2015-8766"
  ],
  "summary": "Symphony CMS XSS Vulnerabilities",
  "details": "Multiple cross-site scripting (XSS) vulnerabilities in `content/content.systempreferences.php` in Symphony CMS before 2.6.4 allow remote attackers to inject arbitrary web script or HTML via the (1) `email_sendmail[from_name]`, (2) `email_sendmail[from_address]`, (3) `email_smtp[from_name]`, (4) `email_smtp[from_address]`, (5) `email_smtp[host]`, (6) `email_smtp[port]`, (7) `jit_image_manipulation[trusted_external_sites]`, or (8) `maintenance_mode[ip_whitelist]` parameters to system/preferences.",
  "severity": [
    {
      "type": "CVSS_V3",
      "score": "CVSS:3.0/AV:N/AC:L/PR:N/UI:R/S:C/C:L/I:L/A:N"
    }
  ],
  "affected": [
    {
      "package": {
        "ecosystem": "Packagist",
        "name": "symphonycms/symphony-2"
      },
      "ranges": [
        {
          "type": "ECOSYSTEM",
          "events": [
            {
              "introduced": "0"
            },
            {
              "fixed": "2.6.4"
            }
          ]
        }
      ]
    }
  ],
  "references": [
    {
      "type": "ADVISORY",
      "url": "https://nvd.nist.gov/vuln/detail/CVE-2015-8766"
    },
    {
      "type": "WEB",
      "url": "https://github.com/symphonycms/symphony-2/commit/651e150091c61fb60ad1dff2bc2166185a83d9d6"
    },
    {
      "type": "PACKAGE",
      "url": "https://github.com/symphonycms/symphony-2"
    },
    {
      "type": "WEB",
      "url": "https://web.archive.org/web/20210321090853/https://cybersecurityworks.com/zerodays/cve-2015-8766-getsymphoney.html"
    },
    {
      "type": "WEB",
      "url": "http://seclists.org/fulldisclosure/2015/Dec/60"
    },
    {
      "type": "WEB",
      "url": "http://www.getsymphony.com/download/releases/version/2.6.4"
    }
  ],
  "database_specific": {
    "cwe_ids": [
      "CWE-79"
    ],
    "severity": "MODERATE",
    "github_reviewed": true,
    "github_reviewed_at": "2023-08-01T20:00:06Z",
    "nvd_published_at": "2016-01-08T21:59:00Z"
  }
}