{
  "schema_version": "1.4.0",
  "id": "GHSA-9gj3-hwp5-pmwc",
  "modified": "2021-10-27T17:00:10Z",
  "published": "2021-10-26T14:55:02Z",
  "aliases": [
    "CVE-2021-41182"
  ],
  "summary": "XSS in the `altField` option of the Datepicker widget in jquery-ui",
  "details": "### Impact\nAccepting the value of the `altField` option of the Datepicker widget from untrusted sources may execute untrusted code. For example, initializing the datepicker in the following way:\n```js\n$( \"#datepicker\" ).datepicker( {\n\taltField: \"<img onerror='doEvilThing()' src='/404' />\",\n} );\n```\nwill call the `doEvilThing` function.\n\n### Patches\nThe issue is fixed in jQuery UI 1.13.0. Any string value passed to the `altField` option is now treated as a CSS selector.\n\n### Workarounds\nA workaround is to not accept the value of the `altField` option from untrusted sources.\n\n### For more information\nIf you have any questions or comments about this advisory, search for a relevant issue in [the jQuery UI repo](https://github.com/jquery/jquery-ui/issues). If you don't find an answer, open a new issue.",
  "severity": [
    {
      "type": "CVSS_V3",
      "score": "CVSS:3.1/AV:N/AC:L/PR:N/UI:R/S:U/C:N/I:H/A:N"
    }
  ],
  "affected": [
    {
      "package": {
        "ecosystem": "npm",
        "name": "jquery-ui"
      },
      "ranges": [
        {
          "type": "ECOSYSTEM",
          "events": [
            {
              "introduced": "0"
            },
            {
              "fixed": "1.13.0"
            }
          ]
        }
      ]
    },
    {
      "package": {
        "ecosystem": "NuGet",
        "name": "jQuery.UI.Combined"
      },
      "ranges": [
        {
          "type": "ECOSYSTEM",
          "events": [
            {
              "introduced": "0"
            },
            {
              "fixed": "1.13.0"
            }
          ]
        }
      ]
    },
    {
      "package": {
        "ecosystem": "RubyGems",
        "name": "jquery-ui-rails"
      },
      "ranges": [
        {
          "type": "ECOSYSTEM",
          "events": [
            {
              "introduced": "0"
            },
            {
              "fixed": "7.0.0"
            }
          ]
        }
      ]
    },
    {
      "package": {
        "ecosystem": "Maven",
        "name": "org.webjars.npm:jquery-ui"
      },
      "ranges": [
        {
          "type": "ECOSYSTEM",
          "events": [
            {
              "introduced": "0"
            },
            {
              "fixed": "1.13.0"
            }
          ]
        }
      ]
    }
  ],
  "references": [
    {
      "type": "WEB",
      "url": "https://github.com/jquery/jquery-ui/security/advisories/GHSA-9gj3-hwp5-pmwc"
    },
    {
      "type": "ADVISORY",
      "url": "https://nvd.nist.gov/vuln/detail/CVE-2021-41182"
    },
    {
      "type": "WEB",
      "url": "https://github.com/jquery/jquery-ui/pull/1954/commits/6809ce843e5ac4128108ea4c15cbc100653c2b63"
    },
    {
      "type": "WEB",
      "url": "https://www.tenable.com/security/tns-2022-09"
    },
    {
      "type": "WEB",
      "url": "https://www.oracle.com/security-alerts/cpujul2022.html"
    },
    {
      "type": "WEB",
      "url": "https://www.oracle.com/security-alerts/cpuapr2022.html"
    },
    {
      "type": "WEB",
      "url": "https://www.drupal.org/sa-core-2022-002"
    },
    {
      "type": "WEB",
      "url": "https://www.drupal.org/sa-contrib-2022-004"
    },
    {
      "type": "WEB",
      "url": "https://security.netapp.com/advisory/ntap-20211118-0004"
    },
    {
      "type": "WEB",
      "url": "https://lists.fedoraproject.org/archives/list/package-announce@lists.fedoraproject.org/message/SNXA7XRKGINWSUIPIZ6ZBCTV6N3KSHES"
    },
    {
      "type": "WEB",
      "url": "https://lists.fedoraproject.org/archives/list/package-announce@lists.fedoraproject.org/message/SGSY236PYSFYIEBRGDERLA7OSY6D7XL4"
    },
    {
      "type": "WEB",
      "url": "https://lists.fedoraproject.org/archives/list/package-announce@lists.fedoraproject.org/message/O74SXYY7RGXREQDQUDQD4BPJ4QQTD2XQ"
    },
    {
      "type": "WEB",
      "url": "https://lists.fedoraproject.org/archives/list/package-announce@lists.fedoraproject.org/message/NXIUUBRVLA4E7G7MMIKCEN75YN7UFERW"
    },
    {
      "type": "WEB",
      "url": "https://lists.fedoraproject.org/archives/list/package-announce@lists.fedoraproject.org/message/HVKIOWSXL2RF2ULNAP7PHESYCFSZIJE3"
    },
    {
      "type": "WEB",
      "url": "https://lists.fedoraproject.org/archives/list/package-announce%40lists.fedoraproject.org/message/SNXA7XRKGINWSUIPIZ6ZBCTV6N3KSHES"
    },
    {
      "type": "WEB",
      "url": "https://lists.fedoraproject.org/archives/list/package-announce%40lists.fedoraproject.org/message/SGSY236PYSFYIEBRGDERLA7OSY6D7XL4"
    },
    {
      "type": "WEB",
      "url": "https://lists.fedoraproject.org/archives/list/package-announce%40lists.fedoraproject.org/message/O74SXYY7RGXREQDQUDQD4BPJ4QQTD2XQ"
    },
    {
      "type": "WEB",
      "url": "https://lists.fedoraproject.org/archives/list/package-announce%40lists.fedoraproject.org/message/NXIUUBRVLA4E7G7MMIKCEN75YN7UFERW"
    },
    {
      "type": "WEB",
      "url": "https://lists.fedoraproject.org/archives/list/package-announce%40lists.fedoraproject.org/message/HVKIOWSXL2RF2ULNAP7PHESYCFSZIJE3"
    },
    {
      "type": "WEB",
      "url": "https://lists.debian.org/debian-lts-announce/2023/08/msg00040.html"
    },
    {
      "type": "WEB",
      "url": "https://lists.debian.org/debian-lts-announce/2022/01/msg00014.html"
    },
    {
      "type": "WEB",
      "url": "https://github.com/rubysec/ruby-advisory-db/blob/master/gems/jquery-ui-rails/CVE-2021-41182.yml"
    },
    {
      "type": "PACKAGE",
      "url": "https://github.com/jquery/jquery-ui"
    },
    {
      "type": "WEB",
      "url": "https://blog.jqueryui.com/2021/10/jquery-ui-1-13-0-released"
    }
  ],
  "database_specific": {
    "cwe_ids": [
      "CWE-79"
    ],
    "severity": "MODERATE",
    "github_reviewed": true,
    "github_reviewed_at": "2021-10-25T22:06:41Z",
    "nvd_published_at": "2021-10-26T15:15:00Z"
  }
}