{
  "schema_version": "1.4.0",
  "id": "GHSA-6pq8-67pw-j6hw",
  "modified": "2024-05-17T23:03:25Z",
  "published": "2024-05-17T23:03:25Z",
  "aliases": [],
  "summary": "Time-Based Information Disclosure Vulnerability in Flow",
  "details": "The PersistedUsernamePasswordProvider was prone to a information disclosure of account existance based on timing attacks as the hashing of passwords was only done in case an account was found. We changed the core so that the provider always does a password comparison in case credentials were submitted at all.\n\n",
  "severity": [
    {
      "type": "CVSS_V3",
      "score": "CVSS:3.1/AV:N/AC:L/PR:N/UI:N/S:U/C:L/I:N/A:N"
    }
  ],
  "affected": [
    {
      "package": {
        "ecosystem": "Packagist",
        "name": "neos/flow"
      },
      "ranges": [
        {
          "type": "ECOSYSTEM",
          "events": [
            {
              "introduced": "2.3.0"
            },
            {
              "fixed": "2.3.16"
            }
          ]
        }
      ]
    },
    {
      "package": {
        "ecosystem": "Packagist",
        "name": "neos/flow"
      },
      "ranges": [
        {
          "type": "ECOSYSTEM",
          "events": [
            {
              "introduced": "3.0.0"
            },
            {
              "fixed": "3.0.10"
            }
          ]
        }
      ]
    },
    {
      "package": {
        "ecosystem": "Packagist",
        "name": "neos/flow"
      },
      "ranges": [
        {
          "type": "ECOSYSTEM",
          "events": [
            {
              "introduced": "3.1.0"
            },
            {
              "fixed": "3.1.7"
            }
          ]
        }
      ]
    },
    {
      "package": {
        "ecosystem": "Packagist",
        "name": "neos/flow"
      },
      "ranges": [
        {
          "type": "ECOSYSTEM",
          "events": [
            {
              "introduced": "3.2.0"
            },
            {
              "fixed": "3.2.7"
            }
          ]
        }
      ]
    },
    {
      "package": {
        "ecosystem": "Packagist",
        "name": "neos/flow"
      },
      "ranges": [
        {
          "type": "ECOSYSTEM",
          "events": [
            {
              "introduced": "3.3.0"
            },
            {
              "fixed": "3.3.5"
            }
          ]
        }
      ]
    }
  ],
  "references": [
    {
      "type": "WEB",
      "url": "https://github.com/FriendsOfPHP/security-advisories/blob/master/neos/flow/2016-11-01.yaml"
    },
    {
      "type": "PACKAGE",
      "url": "https://github.com/neos/flow"
    },
    {
      "type": "WEB",
      "url": "https://www.neos.io/blog/flow-sa-2016-001.html"
    }
  ],
  "database_specific": {
    "cwe_ids": [],
    "severity": "MODERATE",
    "github_reviewed": true,
    "github_reviewed_at": "2024-05-17T23:03:25Z",
    "nvd_published_at": null
  }
}