{
  "schema_version": "1.4.0",
  "id": "GHSA-f32v-vf79-p29q",
  "modified": "2022-05-26T19:40:49Z",
  "published": "2022-04-27T00:00:19Z",
  "aliases": [
    "CVE-2022-1466"
  ],
  "summary": "Improper authorization in Keycloak",
  "details": "Due to improper authorization, Red Hat Single Sign-On is vulnerable to users performing actions that they should not be allowed to perform. It was possible to add users to the master realm even though no respective permission was granted.",
  "severity": [
    {
      "type": "CVSS_V3",
      "score": "CVSS:3.1/AV:N/AC:L/PR:L/UI:N/S:U/C:N/I:H/A:N"
    }
  ],
  "affected": [
    {
      "package": {
        "ecosystem": "Maven",
        "name": "org.keycloak:keycloak-core"
      },
      "ranges": [
        {
          "type": "ECOSYSTEM",
          "events": [
            {
              "introduced": "0"
            },
            {
              "fixed": "17.0.1"
            }
          ]
        }
      ]
    }
  ],
  "references": [
    {
      "type": "ADVISORY",
      "url": "https://nvd.nist.gov/vuln/detail/CVE-2022-1466"
    },
    {
      "type": "WEB",
      "url": "https://bugzilla.redhat.com/show_bug.cgi?id=2050228"
    },
    {
      "type": "PACKAGE",
      "url": "https://github.com/keycloak/keycloak"
    },
    {
      "type": "WEB",
      "url": "https://www.syss.de/fileadmin/dokumente/Publikationen/Advisories/SYSS-2021-076.txt"
    },
    {
      "type": "WEB",
      "url": "https://www.syss.de/pentest-blog/fehlerhafte-autorisierung-bei-red-hat-single-sign-on-750ga-syss-2021-076"
    }
  ],
  "database_specific": {
    "cwe_ids": [
      "CWE-863"
    ],
    "severity": "MODERATE",
    "github_reviewed": true,
    "github_reviewed_at": "2022-04-28T21:03:04Z",
    "nvd_published_at": "2022-04-26T19:15:00Z"
  }
}