{
  "schema_version": "1.4.0",
  "id": "GHSA-prff-6j8q-vrv7",
  "modified": "2022-02-03T21:01:48Z",
  "published": "2022-01-28T22:15:33Z",
  "aliases": [
    "CVE-2022-0379"
  ],
  "summary": "Cross-site Scripting in microweber",
  "details": "There is a persistent XSS Vulnerability exsists in the checkout page where we can able to execute any javascription in the last name field",
  "severity": [
    {
      "type": "CVSS_V3",
      "score": "CVSS:3.1/AV:N/AC:L/PR:L/UI:R/S:C/C:L/I:L/A:N"
    }
  ],
  "affected": [
    {
      "package": {
        "ecosystem": "Packagist",
        "name": "microweber/microweber"
      },
      "ranges": [
        {
          "type": "ECOSYSTEM",
          "events": [
            {
              "introduced": "0"
            },
            {
              "fixed": "1.2.11"
            }
          ]
        }
      ]
    }
  ],
  "references": [
    {
      "type": "ADVISORY",
      "url": "https://nvd.nist.gov/vuln/detail/CVE-2022-0379"
    },
    {
      "type": "WEB",
      "url": "https://github.com/microweber/microweber/commit/f017cbfbd5c4f097d2c78c5e15b6c8a9da479d7b"
    },
    {
      "type": "PACKAGE",
      "url": "https://github.com/microweber/microweber"
    },
    {
      "type": "WEB",
      "url": "https://huntr.dev/bounties/933f94b8-c5e7-4c3a-92e0-4d1577d5fee6"
    }
  ],
  "database_specific": {
    "cwe_ids": [
      "CWE-79"
    ],
    "severity": "MODERATE",
    "github_reviewed": true,
    "github_reviewed_at": "2022-01-27T18:41:26Z",
    "nvd_published_at": "2022-01-26T16:15:00Z"
  }
}