{
  "schema_version": "1.4.0",
  "id": "GHSA-fmr4-w67p-vh8x",
  "modified": "2023-02-13T20:36:36Z",
  "published": "2018-10-19T16:55:35Z",
  "aliases": [
    "CVE-2018-1047"
  ],
  "summary": "Improper Input Validation in org.wildfly:wildfly-undertow",
  "details": "A flaw was found in Wildfly 9.x. A path traversal vulnerability through the org.wildfly.extension.undertow.deployment.ServletResourceManager.getResource method could lead to information disclosure of arbitrary local files.",
  "severity": [
    {
      "type": "CVSS_V3",
      "score": "CVSS:3.0/AV:L/AC:L/PR:L/UI:N/S:U/C:H/I:N/A:N"
    }
  ],
  "affected": [
    {
      "package": {
        "ecosystem": "Maven",
        "name": "org.wildfly:wildfly-undertow"
      },
      "ranges": [
        {
          "type": "ECOSYSTEM",
          "events": [
            {
              "introduced": "0"
            },
            {
              "fixed": "12.0.0"
            }
          ]
        }
      ]
    }
  ],
  "references": [
    {
      "type": "ADVISORY",
      "url": "https://nvd.nist.gov/vuln/detail/CVE-2018-1047"
    },
    {
      "type": "WEB",
      "url": "https://access.redhat.com/errata/RHSA-2018:1247"
    },
    {
      "type": "WEB",
      "url": "https://access.redhat.com/errata/RHSA-2018:1248"
    },
    {
      "type": "WEB",
      "url": "https://access.redhat.com/errata/RHSA-2018:1249"
    },
    {
      "type": "WEB",
      "url": "https://access.redhat.com/errata/RHSA-2018:1251"
    },
    {
      "type": "WEB",
      "url": "https://access.redhat.com/errata/RHSA-2018:2938"
    },
    {
      "type": "WEB",
      "url": "https://access.redhat.com/security/cve/CVE-2018-1047"
    },
    {
      "type": "WEB",
      "url": "https://bugzilla.redhat.com/show_bug.cgi?id=1528361"
    },
    {
      "type": "ADVISORY",
      "url": "https://github.com/advisories/GHSA-fmr4-w67p-vh8x"
    },
    {
      "type": "WEB",
      "url": "https://issues.jboss.org/browse/WFLY-9620"
    }
  ],
  "database_specific": {
    "cwe_ids": [
      "CWE-20",
      "CWE-22"
    ],
    "severity": "MODERATE",
    "github_reviewed": true,
    "github_reviewed_at": "2020-06-16T20:49:32Z",
    "nvd_published_at": "2018-01-24T23:29:00Z"
  }
}