{
  "schema_version": "1.4.0",
  "id": "GHSA-7wg4-8m5p-hrfg",
  "modified": "2023-05-22T18:33:41Z",
  "published": "2022-11-10T12:01:03Z",
  "aliases": [
    "CVE-2022-3866"
  ],
  "summary": "HashiCorp Nomad vulnerable to non-sensitive metadata exposure",
  "details": "HashiCorp Nomad and Nomad Enterprise 1.4.0 up to 1.4.1 workload identity token can list non-sensitive metadata for paths under `nomad/` that belong to other jobs in the same namespace. Fixed in 1.4.2.",
  "severity": [
    {
      "type": "CVSS_V3",
      "score": "CVSS:3.1/AV:N/AC:L/PR:L/UI:N/S:C/C:L/I:N/A:N"
    }
  ],
  "affected": [
    {
      "package": {
        "ecosystem": "Go",
        "name": "github.com/hashicorp/nomad"
      },
      "ranges": [
        {
          "type": "ECOSYSTEM",
          "events": [
            {
              "introduced": "1.4.0"
            },
            {
              "fixed": "1.4.2"
            }
          ]
        }
      ]
    }
  ],
  "references": [
    {
      "type": "ADVISORY",
      "url": "https://nvd.nist.gov/vuln/detail/CVE-2022-3866"
    },
    {
      "type": "WEB",
      "url": "https://github.com/hashicorp/nomad/commit/3b24f26603e2b116ba324101afa8a7e3a7a769a5"
    },
    {
      "type": "WEB",
      "url": "https://discuss.hashicorp.com/t/hcsec-2022-25-nomad-s-workload-identity-token-can-list-non-sensitive-metadata-for-nomad-paths/46167"
    },
    {
      "type": "PACKAGE",
      "url": "https://github.com/hashicorp/nomad"
    }
  ],
  "database_specific": {
    "cwe_ids": [
      "CWE-668"
    ],
    "severity": "MODERATE",
    "github_reviewed": true,
    "github_reviewed_at": "2022-11-10T23:51:44Z",
    "nvd_published_at": "2022-11-10T06:15:00Z"
  }
}