{
  "schema_version": "1.4.0",
  "id": "GHSA-jgx4-7v3v-vwfm",
  "modified": "2025-02-21T21:01:32Z",
  "published": "2025-01-21T12:30:47Z",
  "aliases": [
    "CVE-2024-43709"
  ],
  "summary": "Elasticsearch allocation of resources without limits or throttling leads to crash",
  "details": "An allocation of resources without limits or throttling in Elasticsearch can lead to an OutOfMemoryError exception resulting in a crash via a specially crafted query using an SQL function.",
  "severity": [
    {
      "type": "CVSS_V3",
      "score": "CVSS:3.1/AV:N/AC:L/PR:L/UI:N/S:U/C:N/I:N/A:H"
    }
  ],
  "affected": [
    {
      "package": {
        "ecosystem": "Maven",
        "name": "org.elasticsearch:elasticsearch"
      },
      "ranges": [
        {
          "type": "ECOSYSTEM",
          "events": [
            {
              "introduced": "0"
            },
            {
              "fixed": "7.17.21"
            }
          ]
        }
      ]
    },
    {
      "package": {
        "ecosystem": "Maven",
        "name": "org.elasticsearch:elasticsearch"
      },
      "ranges": [
        {
          "type": "ECOSYSTEM",
          "events": [
            {
              "introduced": "8.0.0"
            },
            {
              "fixed": "8.13.3"
            }
          ]
        }
      ]
    }
  ],
  "references": [
    {
      "type": "ADVISORY",
      "url": "https://nvd.nist.gov/vuln/detail/CVE-2024-43709"
    },
    {
      "type": "WEB",
      "url": "https://discuss.elastic.co/t/elasticsearch-7-17-21-and-8-13-3-security-update-esa-2024-25/373442"
    },
    {
      "type": "PACKAGE",
      "url": "https://github.com/elastic/elasticsearch"
    },
    {
      "type": "WEB",
      "url": "https://security.netapp.com/advisory/ntap-20250221-0007"
    }
  ],
  "database_specific": {
    "cwe_ids": [
      "CWE-770"
    ],
    "severity": "MODERATE",
    "github_reviewed": true,
    "github_reviewed_at": "2025-01-21T20:17:05Z",
    "nvd_published_at": "2025-01-21T11:15:09Z"
  }
}