{
  "schema_version": "1.4.0",
  "id": "GHSA-m6w8-fq7v-ph4m",
  "modified": "2022-01-12T21:38:27Z",
  "published": "2022-01-13T16:09:36Z",
  "aliases": [],
  "summary": "GovernorCompatibilityBravo incorrect ABI encoding may lead to unexpected behavior",
  "details": "### Impact\n\nThe `GovernorCompatibilityBravo` module may lead to the creation of governance proposals that execute function calls with incorrect arguments due to bad ABI encoding. This happens if the proposal is created using explicit function signatures, e.g. a proposal to invoke the function `foo(uint256)` is created as `propose([target], [0], [\"foo(uint256)\"], [\"0x00..01\"])`. If the function selector is provided as part of the encoded proposal data the issue is not present, e.g. the same proposal is created as `propose([target], [0], [\"0x2fbebd3800..01\"])`, where `2fbebd38` is the function selector.\n\nWe've assessed the instances of this contract found on chain, and did not find any occurrence of this bug in the past. Proposal creation through Tally or OpenZeppelin Defender is not affected. The core `Governor` contract on its own is not affected.\n\n### Patches\n\nA fix is included in version v4.4.2 of `@openzeppelin/contracts` and `@openzeppelin/contracts-upgradeable`.\n\n### Workarounds\n\nDo not create proposals using explicit function signatures. Instead, use the `propose` function without the `signatures` argument, and create the proposal using the fully ABI-encoded function call including the function selector in the `calldatas` argument as explained above.\n\n### References\n\nhttps://github.com/OpenZeppelin/openzeppelin-contracts/issues/3099\n\n### Credits\n\nThis issue was identified and reported by @GeraldHost.\n\n### For more information\n\nIf you have any questions, comments, or need assistance regarding this advisory, email us at security@openzeppelin.com.\n\nTo submit security reports please use [our bug bounty on Immunefi](https://immunefi.com/bounty/openzeppelin/).",
  "severity": [],
  "affected": [
    {
      "package": {
        "ecosystem": "npm",
        "name": "@openzeppelin/contracts"
      },
      "ranges": [
        {
          "type": "ECOSYSTEM",
          "events": [
            {
              "introduced": "4.3.0"
            },
            {
              "fixed": "4.4.2"
            }
          ]
        }
      ]
    },
    {
      "package": {
        "ecosystem": "npm",
        "name": "@openzeppelin/contracts-upgradeable"
      },
      "ranges": [
        {
          "type": "ECOSYSTEM",
          "events": [
            {
              "introduced": "4.3.0"
            },
            {
              "fixed": "4.4.2"
            }
          ]
        }
      ]
    }
  ],
  "references": [
    {
      "type": "WEB",
      "url": "https://github.com/OpenZeppelin/openzeppelin-contracts/security/advisories/GHSA-m6w8-fq7v-ph4m"
    },
    {
      "type": "PACKAGE",
      "url": "https://github.com/OpenZeppelin/openzeppelin-contracts"
    }
  ],
  "database_specific": {
    "cwe_ids": [],
    "severity": "MODERATE",
    "github_reviewed": true,
    "github_reviewed_at": "2022-01-11T23:50:55Z",
    "nvd_published_at": null
  }
}