{
  "schema_version": "1.4.0",
  "id": "GHSA-9fh3-vh3h-q4g3",
  "modified": "2023-05-12T17:06:32Z",
  "published": "2017-10-24T18:33:38Z",
  "aliases": [
    "CVE-2011-2932"
  ],
  "summary": "activesupport Cross-site Scripting vulnerability",
  "details": "Cross-site scripting (XSS) vulnerability in `activesupport/lib/active_support/core_ext/string/output_safety.r`b in Ruby on Rails 2.x before 2.3.13, 3.0.x before 3.0.10, and 3.1.x before 3.1.0.rc5 allows remote attackers to inject arbitrary web script or HTML via a malformed Unicode string, related to a \"UTF-8 escaping vulnerability.\"",
  "severity": [],
  "affected": [
    {
      "package": {
        "ecosystem": "RubyGems",
        "name": "activesupport"
      },
      "ranges": [
        {
          "type": "ECOSYSTEM",
          "events": [
            {
              "introduced": "2.0.0"
            },
            {
              "fixed": "2.3.13"
            }
          ]
        }
      ]
    },
    {
      "package": {
        "ecosystem": "RubyGems",
        "name": "activesupport"
      },
      "ranges": [
        {
          "type": "ECOSYSTEM",
          "events": [
            {
              "introduced": "3.0.0"
            },
            {
              "fixed": "3.0.10"
            }
          ]
        }
      ]
    }
  ],
  "references": [
    {
      "type": "ADVISORY",
      "url": "https://nvd.nist.gov/vuln/detail/CVE-2011-2932"
    },
    {
      "type": "WEB",
      "url": "https://github.com/rails/rails/commit/bfc432574d0b141fd7fe759edfe9b6771dd306bd"
    },
    {
      "type": "WEB",
      "url": "https://bugzilla.redhat.com/show_bug.cgi?id=731435"
    },
    {
      "type": "PACKAGE",
      "url": "https://github.com/rails/rails"
    },
    {
      "type": "WEB",
      "url": "https://github.com/rubysec/ruby-advisory-db/blob/master/gems/activesupport/CVE-2011-2932.yml"
    },
    {
      "type": "WEB",
      "url": "http://groups.google.com/group/rubyonrails-security/msg/f1d2749773db9f21?dmode=source&output=gplain"
    },
    {
      "type": "WEB",
      "url": "http://lists.fedoraproject.org/pipermail/package-announce/2011-September/065114.html"
    },
    {
      "type": "WEB",
      "url": "http://lists.fedoraproject.org/pipermail/package-announce/2011-September/065189.html"
    },
    {
      "type": "WEB",
      "url": "http://lists.fedoraproject.org/pipermail/package-announce/2011-September/065212.html"
    },
    {
      "type": "WEB",
      "url": "http://weblog.rubyonrails.org/2011/8/16/ann-rails-3-1-0-rc6"
    },
    {
      "type": "WEB",
      "url": "http://www.openwall.com/lists/oss-security/2011/08/17/1"
    },
    {
      "type": "WEB",
      "url": "http://www.openwall.com/lists/oss-security/2011/08/19/11"
    },
    {
      "type": "WEB",
      "url": "http://www.openwall.com/lists/oss-security/2011/08/20/1"
    },
    {
      "type": "WEB",
      "url": "http://www.openwall.com/lists/oss-security/2011/08/22/13"
    },
    {
      "type": "WEB",
      "url": "http://www.openwall.com/lists/oss-security/2011/08/22/14"
    },
    {
      "type": "WEB",
      "url": "http://www.openwall.com/lists/oss-security/2011/08/22/5"
    }
  ],
  "database_specific": {
    "cwe_ids": [
      "CWE-79"
    ],
    "severity": "MODERATE",
    "github_reviewed": true,
    "github_reviewed_at": "2020-06-16T21:28:22Z",
    "nvd_published_at": "2011-08-29T18:55:01Z"
  }
}