{
  "schema_version": "1.4.0",
  "id": "GHSA-j8r2-2x94-2q67",
  "modified": "2021-09-28T16:59:50Z",
  "published": "2020-09-11T21:19:09Z",
  "aliases": [],
  "summary": "Cross-Site Scripting in diagram-js-direct-editing",
  "details": "Versions of `diagram-js-direct-editing` prior to 1.4.3 are vulnerable to Cross-Site Scripting. The package fails to sanitize input from the clipboard, allowing attackers to execute arbitrary JavaScript in the victim's browser.\n\n\n## Recommendation\n\nUpgrade to version 1.4.3 or later.",
  "severity": [],
  "affected": [
    {
      "package": {
        "ecosystem": "npm",
        "name": "diagram-js-direct-editing"
      },
      "ranges": [
        {
          "type": "ECOSYSTEM",
          "events": [
            {
              "introduced": "0"
            },
            {
              "fixed": "1.4.3"
            }
          ]
        }
      ]
    }
  ],
  "references": [
    {
      "type": "PACKAGE",
      "url": "https://github.com/bpmn-io/diagram-js-direct-editing"
    },
    {
      "type": "WEB",
      "url": "https://www.npmjs.com/advisories/983"
    }
  ],
  "database_specific": {
    "cwe_ids": [
      "CWE-79"
    ],
    "severity": "MODERATE",
    "github_reviewed": true,
    "github_reviewed_at": "2020-08-31T18:43:01Z",
    "nvd_published_at": null
  }
}