{
  "schema_version": "1.4.0",
  "id": "GHSA-6x5v-cxpp-pc5x",
  "modified": "2023-03-23T19:10:59Z",
  "published": "2023-03-21T06:30:17Z",
  "aliases": [
    "CVE-2023-1540"
  ],
  "summary": "Answer has Observable Response Discrepancy",
  "details": "Observable Response Discrepancy in GitHub repository answerdev/answer prior to 1.0.6.",
  "severity": [
    {
      "type": "CVSS_V3",
      "score": "CVSS:3.1/AV:N/AC:L/PR:N/UI:N/S:U/C:L/I:N/A:N"
    }
  ],
  "affected": [
    {
      "package": {
        "ecosystem": "Go",
        "name": "github.com/answerdev/answer"
      },
      "ranges": [
        {
          "type": "ECOSYSTEM",
          "events": [
            {
              "introduced": "0"
            },
            {
              "fixed": "1.0.6"
            }
          ]
        }
      ]
    }
  ],
  "references": [
    {
      "type": "ADVISORY",
      "url": "https://nvd.nist.gov/vuln/detail/CVE-2023-1540"
    },
    {
      "type": "WEB",
      "url": "https://github.com/answerdev/answer/commit/1de3ec27e50ba7389c9449c59e8ea3a37a908ee4"
    },
    {
      "type": "PACKAGE",
      "url": "https://github.com/answerdev/answer"
    },
    {
      "type": "WEB",
      "url": "https://huntr.dev/bounties/d8d6c259-a0f2-4209-a3b0-ecbf3eb092f4"
    }
  ],
  "database_specific": {
    "cwe_ids": [
      "CWE-203",
      "CWE-204"
    ],
    "severity": "MODERATE",
    "github_reviewed": true,
    "github_reviewed_at": "2023-03-21T22:32:37Z",
    "nvd_published_at": "2023-03-21T05:15:00Z"
  }
}