{
  "schema_version": "1.4.0",
  "id": "GHSA-c8cc-p3j7-4c7f",
  "modified": "2021-09-08T21:43:33Z",
  "published": "2018-10-17T19:54:14Z",
  "aliases": [
    "CVE-2018-8023"
  ],
  "summary": "Moderate severity vulnerability that affects org.apache.mesos:mesos",
  "details": "Apache Mesos can be configured to require authentication to call the Executor HTTP API using JSON Web Token (JWT). In Apache Mesos versions pre-1.4.2, 1.5.0, 1.5.1, 1.6.0 the comparison of the generated HMAC value against the provided signature in the JWT implementation used is vulnerable to a timing attack because instead of a constant-time string comparison routine a standard `==` operator has been used. A malicious actor can therefore abuse the timing difference of when the JWT validation function returns to reveal the correct HMAC value.",
  "severity": [
    {
      "type": "CVSS_V3",
      "score": "CVSS:3.0/AV:N/AC:H/PR:N/UI:N/S:U/C:H/I:N/A:N"
    }
  ],
  "affected": [
    {
      "package": {
        "ecosystem": "Maven",
        "name": "org.apache.mesos:mesos"
      },
      "ranges": [
        {
          "type": "ECOSYSTEM",
          "events": [
            {
              "introduced": "0"
            },
            {
              "fixed": "1.4.2"
            }
          ]
        }
      ]
    },
    {
      "package": {
        "ecosystem": "Maven",
        "name": "org.apache.mesos:mesos"
      },
      "ranges": [
        {
          "type": "ECOSYSTEM",
          "events": [
            {
              "introduced": "1.5.0"
            },
            {
              "fixed": "1.5.2"
            }
          ]
        }
      ]
    },
    {
      "package": {
        "ecosystem": "Maven",
        "name": "org.apache.mesos:mesos"
      },
      "ranges": [
        {
          "type": "ECOSYSTEM",
          "events": [
            {
              "introduced": "1.6.0"
            },
            {
              "fixed": "1.6.1"
            }
          ]
        }
      ]
    }
  ],
  "references": [
    {
      "type": "ADVISORY",
      "url": "https://nvd.nist.gov/vuln/detail/CVE-2018-8023"
    },
    {
      "type": "ADVISORY",
      "url": "https://github.com/advisories/GHSA-c8cc-p3j7-4c7f"
    },
    {
      "type": "WEB",
      "url": "https://lists.apache.org/thread.html/9b9d3f6bd09f3ebd2284b82077033bdc71da550a1c4c010c2494acc3@%3Cdev.mesos.apache.org%3E"
    },
    {
      "type": "WEB",
      "url": "https://lists.apache.org/thread.html/r0dd7ff197b2e3bdd80a0326587ca3d0c22e10d1dba17c769d6da7d7a@%3Cuser.flink.apache.org%3E"
    }
  ],
  "database_specific": {
    "cwe_ids": [
      "CWE-200"
    ],
    "severity": "MODERATE",
    "github_reviewed": true,
    "github_reviewed_at": "2020-06-16T21:30:32Z",
    "nvd_published_at": null
  }
}