{
  "schema_version": "1.4.0",
  "id": "GHSA-jqcp-xc3v-f446",
  "modified": "2025-01-29T22:21:13Z",
  "published": "2025-01-29T22:19:01Z",
  "aliases": [],
  "summary": "fast-float2 has a segmentation fault due to lack of bound check",
  "details": "In this case, the \"fast_float2::common::AsciiStr::first\" method within the \"AsciiStr\" struct \nuses the unsafe keyword to reading from memory without performing bounds checking. \nSpecifically, it directly dereferences a pointer offset by \"self.ptr\".\nBecause of the above reason, the method accesses invalid memory address when it takes an empty string as its input.\nThis approach violates Rust\u2019s memory safety guarantees, as it can lead to invalid memory access if empty buffer is provided.\n",
  "severity": [],
  "affected": [
    {
      "package": {
        "ecosystem": "crates.io",
        "name": "fast-float2"
      },
      "ranges": [
        {
          "type": "ECOSYSTEM",
          "events": [
            {
              "introduced": "0"
            },
            {
              "fixed": "0.2.2"
            }
          ]
        }
      ]
    }
  ],
  "references": [
    {
      "type": "WEB",
      "url": "https://github.com/aldanor/fast-float-rust/issues/38"
    },
    {
      "type": "WEB",
      "url": "https://github.com/Alexhuszagh/fast-float-rust/pull/7"
    },
    {
      "type": "PACKAGE",
      "url": "https://github.com/Alexhuszagh/fast-float-rust"
    },
    {
      "type": "WEB",
      "url": "https://rustsec.org/advisories/RUSTSEC-2025-0002.html"
    }
  ],
  "database_specific": {
    "cwe_ids": [],
    "severity": "MODERATE",
    "github_reviewed": true,
    "github_reviewed_at": "2025-01-29T22:19:01Z",
    "nvd_published_at": null
  }
}