{
  "schema_version": "1.4.0",
  "id": "GHSA-c962-g533-823f",
  "modified": "2024-01-23T14:38:31Z",
  "published": "2024-01-17T00:30:19Z",
  "aliases": [
    "CVE-2023-36236"
  ],
  "summary": "Cross-site Scripting in Bagisto",
  "details": "Cross Site Scripting vulnerability in webkil Bagisto v1.3.1 and before allows an attacker to execute arbitrary code via a crafted SVG file uplad.",
  "severity": [
    {
      "type": "CVSS_V3",
      "score": "CVSS:3.1/AV:N/AC:L/PR:H/UI:R/S:C/C:L/I:L/A:N"
    }
  ],
  "affected": [
    {
      "package": {
        "ecosystem": "Packagist",
        "name": "bagisto/bagisto"
      },
      "ranges": [
        {
          "type": "ECOSYSTEM",
          "events": [
            {
              "introduced": "0"
            },
            {
              "fixed": "1.3.2"
            }
          ]
        }
      ]
    }
  ],
  "references": [
    {
      "type": "ADVISORY",
      "url": "https://nvd.nist.gov/vuln/detail/CVE-2023-36236"
    },
    {
      "type": "WEB",
      "url": "https://github.com/bagisto/bagisto/pull/4764/commits/7bbf0c4bb565fc2601f031f9bbcdfa06e24dbd45"
    },
    {
      "type": "WEB",
      "url": "https://github.com/bagisto/bagisto/commit/7bbf0c4bb565fc2601f031f9bbcdfa06e24dbd45"
    }
  ],
  "database_specific": {
    "cwe_ids": [
      "CWE-79"
    ],
    "severity": "MODERATE",
    "github_reviewed": true,
    "github_reviewed_at": "2024-01-23T14:38:31Z",
    "nvd_published_at": "2024-01-16T22:15:37Z"
  }
}