{
  "schema_version": "1.4.0",
  "id": "GHSA-hxf5-mg84-pj4m",
  "modified": "2020-06-17T15:14:53Z",
  "published": "2018-07-31T23:03:17Z",
  "withdrawn": "2020-06-17T15:14:53Z",
  "aliases": [],
  "summary": "Moderate severity vulnerability that affects moment",
  "details": "Withdrawn, accidental duplicate publish.\n\nThe duration function in the moment package before 2.11.2 for Node.js allows remote attackers to cause a denial of service (CPU consumption) via a long string, aka a \"regular expression Denial of Service (ReDoS).\"",
  "severity": [],
  "affected": [
    {
      "package": {
        "ecosystem": "npm",
        "name": "moment"
      },
      "ranges": [
        {
          "type": "ECOSYSTEM",
          "events": [
            {
              "introduced": "0"
            },
            {
              "fixed": "2.11.2"
            }
          ]
        }
      ]
    }
  ],
  "references": [
    {
      "type": "ADVISORY",
      "url": "https://nvd.nist.gov/vuln/detail/CVE-2016-4055"
    },
    {
      "type": "ADVISORY",
      "url": "https://github.com/advisories/GHSA-hxf5-mg84-pj4m"
    }
  ],
  "database_specific": {
    "cwe_ids": [],
    "severity": "MODERATE",
    "github_reviewed": true,
    "github_reviewed_at": "2020-06-17T15:14:53Z",
    "nvd_published_at": null
  }
}