{
  "schema_version": "1.4.0",
  "id": "GHSA-83qr-c7m9-wmgw",
  "modified": "2023-03-23T19:11:03Z",
  "published": "2023-03-21T06:30:17Z",
  "aliases": [
    "CVE-2023-1535"
  ],
  "summary": "Answer vulnerable to Stored Cross-site Scripting",
  "details": "Cross-site Scripting (XSS) - Stored in GitHub repository answerdev/answer prior to 1.0.7.",
  "severity": [
    {
      "type": "CVSS_V3",
      "score": "CVSS:3.1/AV:N/AC:L/PR:L/UI:R/S:C/C:L/I:L/A:N"
    }
  ],
  "affected": [
    {
      "package": {
        "ecosystem": "Go",
        "name": "github.com/answerdev/answer"
      },
      "ranges": [
        {
          "type": "ECOSYSTEM",
          "events": [
            {
              "introduced": "0"
            },
            {
              "fixed": "1.0.7"
            }
          ]
        }
      ]
    }
  ],
  "references": [
    {
      "type": "ADVISORY",
      "url": "https://nvd.nist.gov/vuln/detail/CVE-2023-1535"
    },
    {
      "type": "WEB",
      "url": "https://github.com/answerdev/answer/commit/c3743bad4f2a69f69f8f1e1e5b4b6524fc03da25"
    },
    {
      "type": "PACKAGE",
      "url": "https://github.com/answerdev/answer"
    },
    {
      "type": "WEB",
      "url": "https://huntr.dev/bounties/4d4b0caa-6d8c-4574-ae7e-e9ef5e2e1a40"
    }
  ],
  "database_specific": {
    "cwe_ids": [
      "CWE-79"
    ],
    "severity": "MODERATE",
    "github_reviewed": true,
    "github_reviewed_at": "2023-03-21T22:31:54Z",
    "nvd_published_at": "2023-03-21T05:15:00Z"
  }
}