{
  "schema_version": "1.4.0",
  "id": "GHSA-9g2j-5685-h44h",
  "modified": "2023-08-04T23:08:30Z",
  "published": "2022-05-17T04:03:11Z",
  "aliases": [
    "CVE-2015-1775"
  ],
  "summary": "Apache Ambari SSRF Vulnerability",
  "details": "Server-side request forgery (SSRF) vulnerability in the proxy endpoint (`api/v1/proxy`) in Apache Ambari before 2.1.0 allows remote authenticated users to conduct port scans and access unsecured services via a crafted REST call.",
  "severity": [],
  "affected": [
    {
      "package": {
        "ecosystem": "Maven",
        "name": "org.apache.ambari:ambari"
      },
      "ranges": [
        {
          "type": "ECOSYSTEM",
          "events": [
            {
              "introduced": "1.5.0"
            },
            {
              "fixed": "2.1.0"
            }
          ]
        }
      ]
    }
  ],
  "references": [
    {
      "type": "ADVISORY",
      "url": "https://nvd.nist.gov/vuln/detail/CVE-2015-1775"
    },
    {
      "type": "WEB",
      "url": "https://cwiki.apache.org/confluence/display/AMBARI/Ambari+Vulnerabilities#AmbariVulnerabilities-FixedinAmbari2.1.0"
    },
    {
      "type": "WEB",
      "url": "http://www.openwall.com/lists/oss-security/2015/10/13/2"
    }
  ],
  "database_specific": {
    "cwe_ids": [
      "CWE-918"
    ],
    "severity": "MODERATE",
    "github_reviewed": true,
    "github_reviewed_at": "2023-08-04T23:08:30Z",
    "nvd_published_at": "2015-11-02T19:59:00Z"
  }
}