{
  "schema_version": "1.4.0",
  "id": "GHSA-947m-vgqc-x6v4",
  "modified": "2024-01-12T18:00:15Z",
  "published": "2022-05-17T01:37:41Z",
  "aliases": [
    "CVE-2012-6144"
  ],
  "summary": "Typo3 Backend History Module Vulnerable to SQL Injection",
  "details": "SQL injection vulnerability in the Backend History module in TYPO3 4.5.x before 4.5.21, 4.6.x before 4.6.14, and 4.7.x before 4.7.6  Due to missing encoding of user input, the history module is susceptible to SQL Injection and Cross-Site Scripting. A valid backend login is required to exploit this vulnerability.",
  "severity": [],
  "affected": [
    {
      "package": {
        "ecosystem": "Packagist",
        "name": "typo3/cms"
      },
      "ranges": [
        {
          "type": "ECOSYSTEM",
          "events": [
            {
              "introduced": "4.5.0"
            },
            {
              "fixed": "4.5.21"
            }
          ]
        }
      ],
      "database_specific": {
        "last_known_affected_version_range": "<= 4.5.20"
      }
    },
    {
      "package": {
        "ecosystem": "Packagist",
        "name": "typo3/cms"
      },
      "ranges": [
        {
          "type": "ECOSYSTEM",
          "events": [
            {
              "introduced": "4.6.0"
            },
            {
              "fixed": "4.6.14"
            }
          ]
        }
      ],
      "database_specific": {
        "last_known_affected_version_range": "<= 4.6.13"
      }
    },
    {
      "package": {
        "ecosystem": "Packagist",
        "name": "typo3/cms"
      },
      "ranges": [
        {
          "type": "ECOSYSTEM",
          "events": [
            {
              "introduced": "4.7.0"
            },
            {
              "fixed": "4.7.6"
            }
          ]
        }
      ],
      "database_specific": {
        "last_known_affected_version_range": "<= 4.7.5"
      }
    }
  ],
  "references": [
    {
      "type": "ADVISORY",
      "url": "https://nvd.nist.gov/vuln/detail/CVE-2012-6144"
    },
    {
      "type": "WEB",
      "url": "https://exchange.xforce.ibmcloud.com/vulnerabilities/79964"
    },
    {
      "type": "WEB",
      "url": "http://typo3.org/teams/security/security-bulletins/typo3-core/typo3-core-sa-2012-005"
    },
    {
      "type": "WEB",
      "url": "http://www.openwall.com/lists/oss-security/2013/06/19/4"
    }
  ],
  "database_specific": {
    "cwe_ids": [
      "CWE-89"
    ],
    "severity": "MODERATE",
    "github_reviewed": true,
    "github_reviewed_at": "2024-01-12T18:00:15Z",
    "nvd_published_at": "2013-07-01T21:55:00Z"
  }
}