{
  "schema_version": "1.4.0",
  "id": "GHSA-jwvf-28fg-g4xg",
  "modified": "2022-07-21T21:40:20Z",
  "published": "2022-07-18T00:00:33Z",
  "aliases": [
    "CVE-2022-2099"
  ],
  "summary": "WooCommerce WordPress plugin before 6.6.0 vulnerable to stored HTML injection",
  "details": "The WooCommerce WordPress plugin before 6.6.0 is vulnerable to stored HTML injection due to lack of escaping and sanitizing in the payment gateway titles",
  "severity": [
    {
      "type": "CVSS_V3",
      "score": "CVSS:3.1/AV:N/AC:L/PR:H/UI:R/S:C/C:L/I:L/A:N"
    }
  ],
  "affected": [
    {
      "package": {
        "ecosystem": "Packagist",
        "name": "woocommerce/woocommerce"
      },
      "ranges": [
        {
          "type": "ECOSYSTEM",
          "events": [
            {
              "introduced": "0"
            },
            {
              "fixed": "6.6.0"
            }
          ]
        }
      ]
    }
  ],
  "references": [
    {
      "type": "ADVISORY",
      "url": "https://nvd.nist.gov/vuln/detail/CVE-2022-2099"
    },
    {
      "type": "PACKAGE",
      "url": "https://github.com/woocommerce/woocommerce"
    },
    {
      "type": "WEB",
      "url": "https://wpscan.com/vulnerability/0316e5f3-3302-40e3-8ff4-be3423a3be7b"
    }
  ],
  "database_specific": {
    "cwe_ids": [
      "CWE-116",
      "CWE-94"
    ],
    "severity": "MODERATE",
    "github_reviewed": true,
    "github_reviewed_at": "2022-07-21T21:40:20Z",
    "nvd_published_at": "2022-07-17T11:15:00Z"
  }
}