{
  "schema_version": "1.4.0",
  "id": "GHSA-rjvc-mf7r-ch7r",
  "modified": "2022-08-30T20:49:28Z",
  "published": "2022-08-22T00:00:49Z",
  "aliases": [
    "CVE-2022-2885"
  ],
  "summary": "Cross site scripting in yetiforce/yetiforce-crm",
  "details": "Cross-site Scripting (XSS) - Stored in GitHub repository yetiforcecompany/yetiforcecrm prior to 6.4.0.",
  "severity": [
    {
      "type": "CVSS_V3",
      "score": "CVSS:3.1/AV:N/AC:L/PR:H/UI:R/S:C/C:L/I:L/A:N"
    }
  ],
  "affected": [
    {
      "package": {
        "ecosystem": "Packagist",
        "name": "yetiforce/yetiforce-crm"
      },
      "ranges": [
        {
          "type": "ECOSYSTEM",
          "events": [
            {
              "introduced": "0"
            },
            {
              "fixed": "6.4.0"
            }
          ]
        }
      ]
    }
  ],
  "references": [
    {
      "type": "ADVISORY",
      "url": "https://nvd.nist.gov/vuln/detail/CVE-2022-2885"
    },
    {
      "type": "WEB",
      "url": "https://github.com/yetiforcecompany/yetiforcecrm/commit/a9ad9ee089b575855b9e5e202b4990a15811e8d2"
    },
    {
      "type": "PACKAGE",
      "url": "https://github.com/yetiforcecompany/yetiforcecrm"
    },
    {
      "type": "WEB",
      "url": "https://huntr.dev/bounties/edeed309-be07-4373-b15e-2d1eb415eb89"
    }
  ],
  "database_specific": {
    "cwe_ids": [
      "CWE-79"
    ],
    "severity": "MODERATE",
    "github_reviewed": true,
    "github_reviewed_at": "2022-08-30T20:49:28Z",
    "nvd_published_at": "2022-08-21T08:15:00Z"
  }
}