{
  "schema_version": "1.4.0",
  "id": "GHSA-gchq-9r68-6jwv",
  "modified": "2023-10-27T14:31:46Z",
  "published": "2021-06-16T17:24:31Z",
  "aliases": [
    "CVE-2021-21648"
  ],
  "summary": "Cross-Site Request Forgery in Jenkins Credentials Plugin",
  "details": "Jenkins Credentials Plugin prior to 2.3.19, 2.3.15.1, 2.3.14.1, 2.3.13.1, 2.3.7.1, and 2.3.0.1 does not escape user-controlled information on a view it provides, resulting in a reflected cross-site scripting (XSS) vulnerability.\n\nJenkins Credentials Plugin 2.3.19, 2.3.15.1, 2.3.14.1, 2.3.13.1, 2.3.7.1, and 2.3.0.1 restricts the user-controlled information it provides to a safe subset.",
  "severity": [
    {
      "type": "CVSS_V3",
      "score": "CVSS:3.1/AV:N/AC:L/PR:N/UI:R/S:C/C:L/I:L/A:N"
    }
  ],
  "affected": [
    {
      "package": {
        "ecosystem": "Maven",
        "name": "org.jenkins-ci.plugins:credentials"
      },
      "ranges": [
        {
          "type": "ECOSYSTEM",
          "events": [
            {
              "introduced": "2.3.16"
            },
            {
              "fixed": "2.3.19"
            }
          ]
        }
      ]
    },
    {
      "package": {
        "ecosystem": "Maven",
        "name": "org.jenkins-ci.plugins:credentials"
      },
      "ranges": [
        {
          "type": "ECOSYSTEM",
          "events": [
            {
              "introduced": "2.3.15"
            },
            {
              "fixed": "2.3.15.1"
            }
          ]
        }
      ],
      "versions": [
        "2.3.15"
      ]
    },
    {
      "package": {
        "ecosystem": "Maven",
        "name": "org.jenkins-ci.plugins:credentials"
      },
      "ranges": [
        {
          "type": "ECOSYSTEM",
          "events": [
            {
              "introduced": "2.3.14"
            },
            {
              "fixed": "2.3.14.1"
            }
          ]
        }
      ],
      "versions": [
        "2.3.14"
      ]
    },
    {
      "package": {
        "ecosystem": "Maven",
        "name": "org.jenkins-ci.plugins:credentials"
      },
      "ranges": [
        {
          "type": "ECOSYSTEM",
          "events": [
            {
              "introduced": "2.3.8"
            },
            {
              "fixed": "2.3.13.1"
            }
          ]
        }
      ]
    },
    {
      "package": {
        "ecosystem": "Maven",
        "name": "org.jenkins-ci.plugins:credentials"
      },
      "ranges": [
        {
          "type": "ECOSYSTEM",
          "events": [
            {
              "introduced": "2.3.1"
            },
            {
              "fixed": "2.3.7.1"
            }
          ]
        }
      ]
    },
    {
      "package": {
        "ecosystem": "Maven",
        "name": "org.jenkins-ci.plugins:credentials"
      },
      "ranges": [
        {
          "type": "ECOSYSTEM",
          "events": [
            {
              "introduced": "0"
            },
            {
              "fixed": "2.3.0.1"
            }
          ]
        }
      ]
    }
  ],
  "references": [
    {
      "type": "ADVISORY",
      "url": "https://nvd.nist.gov/vuln/detail/CVE-2021-21648"
    },
    {
      "type": "WEB",
      "url": "https://github.com/jenkinsci/credentials-plugin/commit/41f3ec1143f80a7e80ab9a4a5f861f26fd3792cc"
    },
    {
      "type": "WEB",
      "url": "https://github.com/CVEProject/cvelist/blob/2d78eb36f4d084db7fb35f1535d8d84fdcb7d859/2021/21xxx/CVE-2021-21648.json"
    },
    {
      "type": "PACKAGE",
      "url": "https://github.com/jenkinsci/credentials-plugin"
    },
    {
      "type": "WEB",
      "url": "https://www.jenkins.io/security/advisory/2021-05-11/#SECURITY-2349"
    }
  ],
  "database_specific": {
    "cwe_ids": [
      "CWE-79"
    ],
    "severity": "MODERATE",
    "github_reviewed": true,
    "github_reviewed_at": "2021-05-19T19:18:23Z",
    "nvd_published_at": "2021-05-11T15:15:00Z"
  }
}