{
  "schema_version": "1.4.0",
  "id": "GHSA-qgw9-vgrf-h723",
  "modified": "2023-04-12T22:18:27Z",
  "published": "2023-04-12T18:30:36Z",
  "aliases": [
    "CVE-2023-30523"
  ],
  "summary": "Jenkins Report Portal Plugin allows users with Item/Extended Read permission to view tokens on Jenkins controller",
  "details": "Jenkins Report Portal Plugin 0.5 and earlier stores ReportPortal access tokens unencrypted in job `config.xml` files on the Jenkins controller as part of its configuration.\n\nThese tokens can be viewed by users with Item/Extended Read permission or access to the Jenkins controller file system.\n\nAdditionally, the configuration form does not mask these tokens, increasing the potential for attackers to observe and capture them.",
  "severity": [
    {
      "type": "CVSS_V3",
      "score": "CVSS:3.1/AV:N/AC:L/PR:L/UI:N/S:U/C:L/I:N/A:N"
    }
  ],
  "affected": [
    {
      "package": {
        "ecosystem": "Maven",
        "name": "org.jenkins-ci.plugins:reportportal"
      },
      "ranges": [
        {
          "type": "ECOSYSTEM",
          "events": [
            {
              "introduced": "0"
            },
            {
              "last_affected": "0.5"
            }
          ]
        }
      ]
    }
  ],
  "references": [
    {
      "type": "ADVISORY",
      "url": "https://nvd.nist.gov/vuln/detail/CVE-2023-30523"
    },
    {
      "type": "WEB",
      "url": "https://www.jenkins.io/security/advisory/2023-04-12/#SECURITY-2945"
    },
    {
      "type": "WEB",
      "url": "http://www.openwall.com/lists/oss-security/2023/04/13/3"
    }
  ],
  "database_specific": {
    "cwe_ids": [
      "CWE-312"
    ],
    "severity": "MODERATE",
    "github_reviewed": true,
    "github_reviewed_at": "2023-04-12T22:18:27Z",
    "nvd_published_at": "2023-04-12T18:15:00Z"
  }
}