{
  "schema_version": "1.4.0",
  "id": "GHSA-7f63-h6g3-7cwm",
  "modified": "2022-03-10T15:59:12Z",
  "published": "2022-03-01T22:09:25Z",
  "aliases": [
    "CVE-2022-24717"
  ],
  "summary": "Cross Site Scripting (XSS) in @finastra/ssr-pages",
  "details": "A cross site scripting (XSS) issue can occur when providing untrusted input to the `redirect.link` property as an argument to the `build(MessagePageOptions)` function.\n\n### References\n- https://github.com/Finastra/ssr-pages/pull/2\n- https://github.com/Finastra/ssr-pages/pull/2/commits/133606ffaec2edd9918d9fba5771ed21da7876a5\n- https://github.com/Finastra/ssr-pages/commit/98abc59e28fec48246be0d59ac144675d6361073\n",
  "severity": [
    {
      "type": "CVSS_V3",
      "score": "CVSS:3.1/AV:N/AC:L/PR:N/UI:R/S:C/C:L/I:L/A:N"
    }
  ],
  "affected": [
    {
      "package": {
        "ecosystem": "npm",
        "name": "@finastra/ssr-pages"
      },
      "ranges": [
        {
          "type": "ECOSYSTEM",
          "events": [
            {
              "introduced": "0"
            },
            {
              "fixed": "0.1.5"
            }
          ]
        }
      ]
    }
  ],
  "references": [
    {
      "type": "WEB",
      "url": "https://github.com/Finastra/ssr-pages/security/advisories/GHSA-7f63-h6g3-7cwm"
    },
    {
      "type": "ADVISORY",
      "url": "https://nvd.nist.gov/vuln/detail/CVE-2022-24717"
    },
    {
      "type": "WEB",
      "url": "https://github.com/Finastra/ssr-pages/pull/2"
    },
    {
      "type": "WEB",
      "url": "https://github.com/Finastra/ssr-pages/pull/2/commits/133606ffaec2edd9918d9fba5771ed21da7876a5"
    },
    {
      "type": "WEB",
      "url": "https://github.com/Finastra/ssr-pages/commit/98abc59e28fec48246be0d59ac144675d6361073"
    },
    {
      "type": "PACKAGE",
      "url": "https://github.com/Finastra/ssr-pages"
    }
  ],
  "database_specific": {
    "cwe_ids": [
      "CWE-79"
    ],
    "severity": "MODERATE",
    "github_reviewed": true,
    "github_reviewed_at": "2022-03-01T22:09:25Z",
    "nvd_published_at": "2022-03-01T19:15:00Z"
  }
}