{
  "schema_version": "1.4.0",
  "id": "GHSA-rr6r-p7rw-369c",
  "modified": "2022-06-30T16:30:55Z",
  "published": "2022-05-14T01:04:36Z",
  "aliases": [
    "CVE-2018-1000409"
  ],
  "summary": "Session Fixation in Jenkins",
  "details": "A session fixation vulnerability exists in Jenkins 2.145 and earlier, LTS 2.138.1 and earlier in core/src/main/java/hudson/security/HudsonPrivateSecurityRealm.java that prevented Jenkins from invalidating the existing session and creating a new one when a user signed up for a new user account.",
  "severity": [
    {
      "type": "CVSS_V3",
      "score": "CVSS:3.0/AV:N/AC:L/PR:N/UI:R/S:U/C:L/I:L/A:N"
    }
  ],
  "affected": [
    {
      "package": {
        "ecosystem": "Maven",
        "name": "org.jenkins-ci.main:jenkins-core"
      },
      "ranges": [
        {
          "type": "ECOSYSTEM",
          "events": [
            {
              "introduced": "0"
            },
            {
              "fixed": "2.138.2"
            }
          ]
        }
      ],
      "database_specific": {
        "last_known_affected_version_range": "<= 2.138.1"
      }
    },
    {
      "package": {
        "ecosystem": "Maven",
        "name": "org.jenkins-ci.main:jenkins-core"
      },
      "ranges": [
        {
          "type": "ECOSYSTEM",
          "events": [
            {
              "introduced": "2.140"
            },
            {
              "fixed": "2.146"
            }
          ]
        }
      ],
      "database_specific": {
        "last_known_affected_version_range": "<= 2.145"
      }
    }
  ],
  "references": [
    {
      "type": "ADVISORY",
      "url": "https://nvd.nist.gov/vuln/detail/CVE-2018-1000409"
    },
    {
      "type": "WEB",
      "url": "https://github.com/jenkinsci/jenkins/commit/517da6ed389f0a606dd9bb8595bc79fc93f4331c"
    },
    {
      "type": "PACKAGE",
      "url": "https://github.com/jenkinsci/jenkins"
    },
    {
      "type": "WEB",
      "url": "https://jenkins.io/security/advisory/2018-10-10/#SECURITY-1158"
    },
    {
      "type": "WEB",
      "url": "http://www.securityfocus.com/bid/106532"
    }
  ],
  "database_specific": {
    "cwe_ids": [
      "CWE-384"
    ],
    "severity": "MODERATE",
    "github_reviewed": true,
    "github_reviewed_at": "2022-06-30T16:30:55Z",
    "nvd_published_at": "2019-01-09T23:29:00Z"
  }
}