{
  "schema_version": "1.4.0",
  "id": "GHSA-rv87-vcv4-fjvr",
  "modified": "2022-07-27T21:12:17Z",
  "published": "2022-05-14T03:05:26Z",
  "aliases": [
    "CVE-2018-1000606"
  ],
  "summary": "URLTrigger Plugin server-side request forgery vulnerability",
  "details": "A server-side request forgery vulnerability exists in Jenkins URLTrigger Plugin 0.41 and earlier in URLTrigger.java that allows attackers with Overall/Read access to cause Jenkins to send a GET request to a specified URL. As of version 0.43, this form validation method no longer connects to a user provided URL.",
  "severity": [
    {
      "type": "CVSS_V3",
      "score": "CVSS:3.0/AV:N/AC:L/PR:L/UI:N/S:U/C:N/I:H/A:N"
    }
  ],
  "affected": [
    {
      "package": {
        "ecosystem": "Maven",
        "name": "org.jenkins-ci.plugins:urltrigger"
      },
      "ranges": [
        {
          "type": "ECOSYSTEM",
          "events": [
            {
              "introduced": "0"
            },
            {
              "fixed": "0.43"
            }
          ]
        }
      ],
      "database_specific": {
        "last_known_affected_version_range": "<= 0.41"
      }
    }
  ],
  "references": [
    {
      "type": "ADVISORY",
      "url": "https://nvd.nist.gov/vuln/detail/CVE-2018-1000606"
    },
    {
      "type": "WEB",
      "url": "https://github.com/jenkinsci/urltrigger-plugin/commit/46220e69c220bacf8eb23911c8feba9dd68d1a26"
    },
    {
      "type": "WEB",
      "url": "https://github.com/jenkinsci/urltrigger-plugin/commit/aec43e370550b26636aa9cab0f23a5cbcffdc44f"
    },
    {
      "type": "PACKAGE",
      "url": "https://github.com/jenkinsci/urltrigger-plugin"
    },
    {
      "type": "WEB",
      "url": "https://jenkins.io/security/advisory/2018-06-25/#SECURITY-819"
    }
  ],
  "database_specific": {
    "cwe_ids": [
      "CWE-918"
    ],
    "severity": "MODERATE",
    "github_reviewed": true,
    "github_reviewed_at": "2022-07-27T21:12:17Z",
    "nvd_published_at": "2018-06-26T17:29:00Z"
  }
}