{
  "schema_version": "1.4.0",
  "id": "GHSA-xv69-6rf3-w5g2",
  "modified": "2023-10-27T13:56:20Z",
  "published": "2022-05-24T17:45:45Z",
  "aliases": [
    "CVE-2021-21631"
  ],
  "summary": "Missing permission check in Jenkins Cloud Statistics Plugin",
  "details": "Jenkins Cloud Statistics Plugin 0.26 and earlier does not perform a permission check in an HTTP endpoint.\n\nThis allows attackers with Overall/Read permission and knowledge of random activity IDs to view related provisioning exception error messages.\n\nJenkins Cloud Statistics Plugin 0.27 requires Overall/Administer permission to access provisioning exception error messages.",
  "severity": [
    {
      "type": "CVSS_V3",
      "score": "CVSS:3.1/AV:N/AC:L/PR:L/UI:N/S:U/C:L/I:N/A:N"
    }
  ],
  "affected": [
    {
      "package": {
        "ecosystem": "Maven",
        "name": "org.jenkins-ci.plugins:cloud-stats"
      },
      "ranges": [
        {
          "type": "ECOSYSTEM",
          "events": [
            {
              "introduced": "0"
            },
            {
              "fixed": "0.27"
            }
          ]
        }
      ],
      "database_specific": {
        "last_known_affected_version_range": "<= 0.26"
      }
    }
  ],
  "references": [
    {
      "type": "ADVISORY",
      "url": "https://nvd.nist.gov/vuln/detail/CVE-2021-21631"
    },
    {
      "type": "WEB",
      "url": "https://github.com/jenkinsci/cloud-stats-plugin/commit/07dd3da346a65083a93a071036409f1128e0b133"
    },
    {
      "type": "PACKAGE",
      "url": "https://github.com/jenkinsci/cloud-stats-plugin"
    },
    {
      "type": "WEB",
      "url": "https://www.jenkins.io/security/advisory/2021-03-30/#SECURITY-2246"
    },
    {
      "type": "WEB",
      "url": "http://www.openwall.com/lists/oss-security/2021/03/30/1"
    }
  ],
  "database_specific": {
    "cwe_ids": [
      "CWE-862"
    ],
    "severity": "MODERATE",
    "github_reviewed": true,
    "github_reviewed_at": "2022-12-15T17:26:41Z",
    "nvd_published_at": "2021-03-30T12:16:00Z"
  }
}