{
  "schema_version": "1.4.0",
  "id": "GHSA-whgj-6m78-2gg9",
  "modified": "2024-01-30T23:02:44Z",
  "published": "2023-06-14T15:30:37Z",
  "aliases": [
    "CVE-2023-35147"
  ],
  "summary": "Arbitrary file read vulnerability in Jenkins AWS CodeCommit Trigger Plugin",
  "details": "Jenkins AWS CodeCommit Trigger Plugin 3.0.12 and earlier does not restrict the AWS SQS queue name path parameter in an HTTP endpoint, allowing attackers with Item/Read permission to obtain the contents of arbitrary files on the Jenkins controller file system.",
  "severity": [
    {
      "type": "CVSS_V3",
      "score": "CVSS:3.1/AV:N/AC:L/PR:L/UI:N/S:U/C:H/I:N/A:N"
    }
  ],
  "affected": [
    {
      "package": {
        "ecosystem": "Maven",
        "name": "org.jenkins-ci.plugins:aws-codecommit-trigger"
      },
      "ranges": [
        {
          "type": "ECOSYSTEM",
          "events": [
            {
              "introduced": "0"
            },
            {
              "last_affected": "3.0.12"
            }
          ]
        }
      ]
    }
  ],
  "references": [
    {
      "type": "ADVISORY",
      "url": "https://nvd.nist.gov/vuln/detail/CVE-2023-35147"
    },
    {
      "type": "WEB",
      "url": "https://www.jenkins.io/security/advisory/2023-06-14/#SECURITY-3099"
    },
    {
      "type": "WEB",
      "url": "http://www.openwall.com/lists/oss-security/2023/06/14/5"
    }
  ],
  "database_specific": {
    "cwe_ids": [
      "CWE-732"
    ],
    "severity": "MODERATE",
    "github_reviewed": true,
    "github_reviewed_at": "2024-01-30T23:02:36Z",
    "nvd_published_at": "2023-06-14T13:15:12Z"
  }
}