{
  "schema_version": "1.4.0",
  "id": "GHSA-73cq-fhp3-8rpw",
  "modified": "2021-09-02T19:18:12Z",
  "published": "2018-10-17T00:04:53Z",
  "aliases": [
    "CVE-2014-1868"
  ],
  "summary": "Moderate severity vulnerability that affects org.restlet.jse:org.restlet",
  "details": "Restlet Framework 2.1.x before 2.1.7 and 2.x.x before 2.2 RC1, when using XMLRepresentation or XML serializers, allows attackers to cause a denial of service via an XML Entity Expansion (XEE) attack.",
  "severity": [],
  "affected": [
    {
      "package": {
        "ecosystem": "Maven",
        "name": "org.restlet.jse:org.restlet"
      },
      "ranges": [
        {
          "type": "ECOSYSTEM",
          "events": [
            {
              "introduced": "2.1.0"
            },
            {
              "fixed": "2.1.7"
            }
          ]
        }
      ]
    }
  ],
  "references": [
    {
      "type": "ADVISORY",
      "url": "https://nvd.nist.gov/vuln/detail/CVE-2014-1868"
    },
    {
      "type": "WEB",
      "url": "https://exchange.xforce.ibmcloud.com/vulnerabilities/91181"
    },
    {
      "type": "ADVISORY",
      "url": "https://github.com/advisories/GHSA-73cq-fhp3-8rpw"
    },
    {
      "type": "PACKAGE",
      "url": "https://github.com/restlet/restlet-framework-java"
    },
    {
      "type": "WEB",
      "url": "https://github.com/restlet/restlet-framework-java/wiki/XEE-security-enhancements"
    },
    {
      "type": "WEB",
      "url": "http://secunia.com/advisories/56940"
    }
  ],
  "database_specific": {
    "cwe_ids": [
      "CWE-776"
    ],
    "severity": "MODERATE",
    "github_reviewed": true,
    "github_reviewed_at": "2020-06-16T21:21:10Z",
    "nvd_published_at": null
  }
}