{
  "schema_version": "1.4.0",
  "id": "GHSA-45h4-6gcj-6hwv",
  "modified": "2025-02-10T20:26:48Z",
  "published": "2022-05-24T17:21:49Z",
  "aliases": [
    "CVE-2020-9584"
  ],
  "summary": "Magento Stored cross-site scripting",
  "details": "Magento versions 2.3.4 and earlier, 2.2.11 and earlier (see note), 1.14.4.4 and earlier, and 1.9.4.4 and earlier have a stored cross-site scripting vulnerability. Successful exploitation could lead to sensitive information disclosure.",
  "severity": [
    {
      "type": "CVSS_V3",
      "score": "CVSS:3.1/AV:N/AC:L/PR:L/UI:R/S:C/C:L/I:L/A:N"
    }
  ],
  "affected": [
    {
      "package": {
        "ecosystem": "Packagist",
        "name": "magento/community-edition"
      },
      "ranges": [
        {
          "type": "ECOSYSTEM",
          "events": [
            {
              "introduced": "2.3.0"
            },
            {
              "fixed": "2.3.4-p2"
            }
          ]
        }
      ]
    },
    {
      "package": {
        "ecosystem": "Packagist",
        "name": "magento/community-edition"
      },
      "ranges": [
        {
          "type": "ECOSYSTEM",
          "events": [
            {
              "introduced": "0"
            },
            {
              "fixed": "2.2.12"
            }
          ]
        }
      ]
    },
    {
      "package": {
        "ecosystem": "Packagist",
        "name": "magento/core"
      },
      "ranges": [
        {
          "type": "ECOSYSTEM",
          "events": [
            {
              "introduced": "0"
            },
            {
              "fixed": "1.9.4.5"
            }
          ]
        }
      ]
    },
    {
      "package": {
        "ecosystem": "Packagist",
        "name": "magento/project-community-edition"
      },
      "ranges": [
        {
          "type": "ECOSYSTEM",
          "events": [
            {
              "introduced": "0"
            },
            {
              "last_affected": "2.0.2"
            }
          ]
        }
      ]
    }
  ],
  "references": [
    {
      "type": "ADVISORY",
      "url": "https://nvd.nist.gov/vuln/detail/CVE-2020-9584"
    },
    {
      "type": "PACKAGE",
      "url": "https://github.com/magento/magento2"
    },
    {
      "type": "WEB",
      "url": "https://helpx.adobe.com/security/products/magento/apsb20-22.html"
    }
  ],
  "database_specific": {
    "cwe_ids": [
      "CWE-79"
    ],
    "severity": "MODERATE",
    "github_reviewed": true,
    "github_reviewed_at": "2024-01-11T15:53:14Z",
    "nvd_published_at": "2020-06-26T21:15:00Z"
  }
}