{
  "schema_version": "1.4.0",
  "id": "GHSA-2wgg-c8xc-7gg3",
  "modified": "2024-02-08T21:36:52Z",
  "published": "2022-05-02T03:46:56Z",
  "aliases": [
    "CVE-2009-3628"
  ],
  "summary": "TYPO3 Backend Discloses Encryption Key",
  "details": "The Backend subcomponent in TYPO3 4.0.13 and earlier, 4.1.x before 4.1.13, 4.2.x before 4.2.10, and 4.3.x before 4.3beta2 allows remote authenticated users to determine an encryption key via crafted input to a tt_content form element.",
  "severity": [],
  "affected": [
    {
      "package": {
        "ecosystem": "Packagist",
        "name": "typo3/cms-backend"
      },
      "ranges": [
        {
          "type": "ECOSYSTEM",
          "events": [
            {
              "introduced": "0"
            },
            {
              "last_affected": "4.0.13"
            }
          ]
        }
      ]
    },
    {
      "package": {
        "ecosystem": "Packagist",
        "name": "typo3/cms-backend"
      },
      "ranges": [
        {
          "type": "ECOSYSTEM",
          "events": [
            {
              "introduced": "4.1.0"
            },
            {
              "fixed": "4.1.13"
            }
          ]
        }
      ]
    },
    {
      "package": {
        "ecosystem": "Packagist",
        "name": "typo3/cms-backend"
      },
      "ranges": [
        {
          "type": "ECOSYSTEM",
          "events": [
            {
              "introduced": "4.2.0"
            },
            {
              "fixed": "4.2.10"
            }
          ]
        }
      ]
    },
    {
      "package": {
        "ecosystem": "Packagist",
        "name": "typo3/cms-backend"
      },
      "ranges": [
        {
          "type": "ECOSYSTEM",
          "events": [
            {
              "introduced": "4.3alpha1"
            },
            {
              "fixed": "4.3beta2"
            }
          ]
        }
      ]
    }
  ],
  "references": [
    {
      "type": "ADVISORY",
      "url": "https://nvd.nist.gov/vuln/detail/CVE-2009-3628"
    },
    {
      "type": "WEB",
      "url": "https://exchange.xforce.ibmcloud.com/vulnerabilities/53917"
    },
    {
      "type": "PACKAGE",
      "url": "https://github.com/TYPO3-CMS/backend"
    },
    {
      "type": "WEB",
      "url": "https://web.archive.org/web/20101223093042/http://www.securityfocus.com/bid/36801"
    },
    {
      "type": "WEB",
      "url": "http://marc.info/?l=oss-security&m=125632856206736&w=2"
    },
    {
      "type": "WEB",
      "url": "http://typo3.org/teams/security/security-bulletins/typo3-sa-2009-016"
    }
  ],
  "database_specific": {
    "cwe_ids": [
      "CWE-200"
    ],
    "severity": "MODERATE",
    "github_reviewed": true,
    "github_reviewed_at": "2024-02-08T21:36:52Z",
    "nvd_published_at": "2009-11-02T15:30:00Z"
  }
}