{
  "schema_version": "1.4.0",
  "id": "GHSA-qcg2-h349-vwm3",
  "modified": "2023-09-11T22:34:30Z",
  "published": "2021-05-06T15:52:35Z",
  "aliases": [
    "CVE-2021-31712"
  ],
  "summary": "Cross-site Scripting in React Draft Wysiwyg",
  "details": "react-draft-wysiwyg (aka React Draft Wysiwyg) before 1.14.6 allows a `javascript:` URi in a Link Target of the link decorator in `decorators/Link/index.js` when a draft is shared across users, leading to XSS.",
  "severity": [
    {
      "type": "CVSS_V3",
      "score": "CVSS:3.1/AV:N/AC:L/PR:L/UI:R/S:C/C:L/I:L/A:N"
    }
  ],
  "affected": [
    {
      "package": {
        "ecosystem": "npm",
        "name": "react-draft-wysiwyg"
      },
      "ranges": [
        {
          "type": "ECOSYSTEM",
          "events": [
            {
              "introduced": "0"
            },
            {
              "fixed": "1.14.6"
            }
          ]
        }
      ]
    }
  ],
  "references": [
    {
      "type": "ADVISORY",
      "url": "https://nvd.nist.gov/vuln/detail/CVE-2021-31712"
    },
    {
      "type": "WEB",
      "url": "https://github.com/jpuri/react-draft-wysiwyg/issues/1102"
    },
    {
      "type": "WEB",
      "url": "https://github.com/jpuri/react-draft-wysiwyg/pull/1104"
    },
    {
      "type": "WEB",
      "url": "https://github.com/jpuri/react-draft-wysiwyg/commit/d2faeb612b53f10dff048de7dc57e1f4044b5380"
    }
  ],
  "database_specific": {
    "cwe_ids": [
      "CWE-79"
    ],
    "severity": "MODERATE",
    "github_reviewed": true,
    "github_reviewed_at": "2021-04-26T18:46:48Z",
    "nvd_published_at": "2021-04-24T21:15:00Z"
  }
}