{
  "schema_version": "1.4.0",
  "id": "GHSA-5vjc-qx43-r747",
  "modified": "2022-03-18T23:57:52Z",
  "published": "2022-03-18T23:57:52Z",
  "aliases": [],
  "summary": "Stored Cross-site Scripting in folder-auth plugin",
  "details": "Folder-based Authorization Strategy Plugin 1.3 and earlier does not escape the names of roles shown on the configuration form.\n\nThis results in a stored cross-site scripting (XSS) vulnerability exploitable by attackers with Overall/Administer permission.\n\nFolder-based Authorization Strategy Plugin 1.4 escapes the names of roles shown on the configuration form.\n\nSee https://www.jenkins.io/security/advisory/2022-03-15/#SECURITY-2646",
  "severity": [],
  "affected": [
    {
      "package": {
        "ecosystem": "Maven",
        "name": "io.jenkins.plugins:folder-auth"
      },
      "ranges": [
        {
          "type": "ECOSYSTEM",
          "events": [
            {
              "introduced": "0"
            },
            {
              "fixed": "1.4"
            }
          ]
        }
      ]
    }
  ],
  "references": [
    {
      "type": "WEB",
      "url": "https://github.com/jenkinsci/folder-auth-plugin/security/advisories/GHSA-5vjc-qx43-r747"
    },
    {
      "type": "WEB",
      "url": "https://github.com/jenkinsci/folder-auth-plugin/commit/085df580c22902820ebba77b1201fabff098efc4"
    },
    {
      "type": "PACKAGE",
      "url": "https://github.com/jenkinsci/folder-auth-plugin"
    },
    {
      "type": "WEB",
      "url": "https://www.jenkins.io/security/advisory/2022-03-15/#SECURITY-2646"
    }
  ],
  "database_specific": {
    "cwe_ids": [
      "CWE-79"
    ],
    "severity": "MODERATE",
    "github_reviewed": true,
    "github_reviewed_at": "2022-03-18T23:57:52Z",
    "nvd_published_at": null
  }
}