{
  "schema_version": "1.4.0",
  "id": "GHSA-w69q-w4h4-2fx8",
  "modified": "2024-09-19T19:48:00Z",
  "published": "2024-09-19T18:30:52Z",
  "aliases": [
    "CVE-2024-8375"
  ],
  "summary": "Reverb use after free vulnerability",
  "details": "There exists a use after free vulnerability in Reverb.\u00a0Reverb supports the VARIANT datatype, which is supposed to represent an arbitrary object in C++. When a tensor proto of type VARIANT is unpacked, memory is first allocated to store the entire tensor, and a ctor is called on each instance. Afterwards, Reverb copies the content in tensor_content\u00a0to the previously mentioned pre-allocated memory, which results in the bytes in tensor_content\u00a0overwriting the vtable pointers of all the objects which were previously allocated.\u00a0Reverb exposes 2 relevant gRPC endpoints: InsertStream and SampleStream. The attacker can insert this stream into the server\u2019s database, then when the client next calls SampleStream they will unpack the tensor into RAM, and when any method on that object is called (including its destructor) the attacker gains control of the Program Counter. We recommend upgrading past git commit\u00a0 https://github.com/google-deepmind/reverb/commit/6a0dcf4c9e842b7f999912f792aaa6f6bd261a25",
  "severity": [
    {
      "type": "CVSS_V3",
      "score": "CVSS:3.1/AV:L/AC:H/PR:L/UI:R/S:C/C:L/I:H/A:N"
    },
    {
      "type": "CVSS_V4",
      "score": "CVSS:4.0/AV:L/AC:H/AT:P/PR:L/UI:A/VC:L/VI:H/VA:N/SC:L/SI:H/SA:N/E:X/CR:X/IR:X/AR:X/MAV:X/MAC:X/MAT:X/MPR:X/MUI:X/MVC:X/MVI:X/MVA:X/MSC:X/MSI:X/MSA:X/S:X/AU:X/R:X/V:X/RE:X/U:X"
    }
  ],
  "affected": [
    {
      "package": {
        "ecosystem": "PyPI",
        "name": "dm-reverb"
      },
      "ranges": [
        {
          "type": "ECOSYSTEM",
          "events": [
            {
              "introduced": "0"
            },
            {
              "last_affected": "0.14.0"
            }
          ]
        }
      ]
    },
    {
      "package": {
        "ecosystem": "PyPI",
        "name": "dm-reverb-nightly"
      },
      "ranges": [
        {
          "type": "ECOSYSTEM",
          "events": [
            {
              "introduced": "0"
            },
            {
              "last_affected": "0.15.0.dev20240214"
            }
          ]
        }
      ]
    }
  ],
  "references": [
    {
      "type": "ADVISORY",
      "url": "https://nvd.nist.gov/vuln/detail/CVE-2024-8375"
    },
    {
      "type": "WEB",
      "url": "https://github.com/google-deepmind/reverb/issues/141"
    },
    {
      "type": "WEB",
      "url": "https://github.com/google-deepmind/reverb/commit/6a0dcf4c9e842b7f999912f792aaa6f6bd261a25"
    },
    {
      "type": "PACKAGE",
      "url": "https://github.com/google-deepmind/reverb"
    }
  ],
  "database_specific": {
    "cwe_ids": [
      "CWE-502"
    ],
    "severity": "MODERATE",
    "github_reviewed": true,
    "github_reviewed_at": "2024-09-19T19:47:59Z",
    "nvd_published_at": "2024-09-19T16:15:06Z"
  }
}