{
  "schema_version": "1.4.0",
  "id": "GHSA-2xwq-h7r9-6w27",
  "modified": "2021-11-22T18:46:48Z",
  "published": "2021-11-23T17:59:40Z",
  "aliases": [
    "CVE-2021-3957"
  ],
  "summary": "Cross-site Scripting in kimai2",
  "details": "Cross site request forgery vulnerability is present in delete functionality of doctor feature. This vulnerability is capable of deleting system logs",
  "severity": [
    {
      "type": "CVSS_V3",
      "score": "CVSS:3.0/AV:N/AC:L/PR:L/UI:R/S:U/C:N/I:L/A:L"
    }
  ],
  "affected": [
    {
      "package": {
        "ecosystem": "Packagist",
        "name": "kevinpapst/kimai2"
      },
      "ranges": [
        {
          "type": "ECOSYSTEM",
          "events": [
            {
              "introduced": "0"
            },
            {
              "fixed": "1.16"
            }
          ]
        }
      ]
    }
  ],
  "references": [
    {
      "type": "ADVISORY",
      "url": "https://nvd.nist.gov/vuln/detail/CVE-2021-3957"
    },
    {
      "type": "WEB",
      "url": "https://github.com/kevinpapst/kimai2/commit/6b49535b523dcd36ec59462ee4e67e2b3a9151f3"
    },
    {
      "type": "WEB",
      "url": "https://huntr.dev/bounties/5fa3098a-ba02-45e0-af56-645e34dbc691"
    }
  ],
  "database_specific": {
    "cwe_ids": [
      "CWE-352"
    ],
    "severity": "MODERATE",
    "github_reviewed": true,
    "github_reviewed_at": "2021-11-22T18:46:48Z",
    "nvd_published_at": "2021-11-19T12:15:00Z"
  }
}