{
  "schema_version": "1.4.0",
  "id": "GHSA-6cr3-cm5h-8q96",
  "modified": "2025-03-13T17:56:30Z",
  "published": "2022-05-14T03:57:43Z",
  "aliases": [
    "CVE-2016-3727"
  ],
  "summary": "Jenkins Exposes Sensitive Information via API URL",
  "details": "The API URL computer/(master)/api/xml in Jenkins before 2.3 and LTS before 1.651.2 allows remote authenticated users with extended read permission for the master node to obtain sensitive information about the global configuration via unspecified vectors.",
  "severity": [
    {
      "type": "CVSS_V3",
      "score": "CVSS:3.0/AV:N/AC:L/PR:L/UI:N/S:U/C:L/I:N/A:N"
    }
  ],
  "affected": [
    {
      "package": {
        "ecosystem": "Maven",
        "name": "org.jenkins-ci.main:jenkins-core"
      },
      "ranges": [
        {
          "type": "ECOSYSTEM",
          "events": [
            {
              "introduced": "1.652"
            },
            {
              "fixed": "2.3"
            }
          ]
        }
      ]
    },
    {
      "package": {
        "ecosystem": "Maven",
        "name": "org.jenkins-ci.main:jenkins-core"
      },
      "ranges": [
        {
          "type": "ECOSYSTEM",
          "events": [
            {
              "introduced": "0"
            },
            {
              "fixed": "1.651.2"
            }
          ]
        }
      ]
    }
  ],
  "references": [
    {
      "type": "ADVISORY",
      "url": "https://nvd.nist.gov/vuln/detail/CVE-2016-3727"
    },
    {
      "type": "WEB",
      "url": "https://github.com/jenkinsci/jenkins/commit/d66ad6f3ee46a5c6bb865bb831e8cdfc74cd7eb3"
    },
    {
      "type": "WEB",
      "url": "https://access.redhat.com/errata/RHSA-2016:1206"
    },
    {
      "type": "PACKAGE",
      "url": "https://github.com/jenkinsci/jenkins"
    },
    {
      "type": "WEB",
      "url": "https://wiki.jenkins-ci.org/display/SECURITY/Jenkins+Security+Advisory+2016-05-11"
    },
    {
      "type": "WEB",
      "url": "https://www.cloudbees.com/jenkins-security-advisory-2016-05-11"
    },
    {
      "type": "WEB",
      "url": "http://rhn.redhat.com/errata/RHSA-2016-1773.html"
    }
  ],
  "database_specific": {
    "cwe_ids": [
      "CWE-200"
    ],
    "severity": "MODERATE",
    "github_reviewed": true,
    "github_reviewed_at": "2025-03-13T17:56:30Z",
    "nvd_published_at": "2016-05-17T14:08:00Z"
  }
}