{
  "schema_version": "1.4.0",
  "id": "GHSA-jcgq-xh2f-2hfm",
  "modified": "2021-02-25T01:20:42Z",
  "published": "2021-02-25T01:20:42Z",
  "withdrawn": "2021-02-25T01:20:42Z",
  "aliases": [],
  "summary": "Regular Expression Denial of Service",
  "details": "A vulnerability was descovered in eslint before 4.18.2. One of the regexes in eslint is vulnerable to catastrophic backtracking.",
  "severity": [],
  "affected": [
    {
      "package": {
        "ecosystem": "npm",
        "name": "eslint"
      },
      "ranges": [
        {
          "type": "ECOSYSTEM",
          "events": [
            {
              "introduced": "0"
            },
            {
              "fixed": "4.18.2"
            }
          ]
        }
      ]
    }
  ],
  "references": [
    {
      "type": "WEB",
      "url": "https://github.com/eslint/eslint/issues/10002"
    },
    {
      "type": "WEB",
      "url": "https://github.com/eslint/eslint/commit/f6901d0bcf6c918ac4e5c6c7c4bddeb2cb715c09"
    }
  ],
  "database_specific": {
    "cwe_ids": [],
    "severity": "MODERATE",
    "github_reviewed": true,
    "github_reviewed_at": "2019-06-19T22:01:29Z",
    "nvd_published_at": null
  }
}