{
  "schema_version": "1.4.0",
  "id": "GHSA-fxjg-28fm-pfxh",
  "modified": "2025-02-13T18:54:17Z",
  "published": "2023-07-06T19:24:15Z",
  "aliases": [
    "CVE-2023-25504"
  ],
  "summary": "Apache Superset Server-Side Request Forgery vulnerability",
  "details": "A malicious actor who has been authenticated and granted specific permissions in Apache Superset may use the import dataset feature in order to conduct Server-Side Request Forgery attacks and query internal resources on behalf of the server where Superset is deployed. This vulnerability exists\u00a0in Apache Superset versions up to and including 2.0.1.",
  "severity": [
    {
      "type": "CVSS_V3",
      "score": "CVSS:3.1/AV:N/AC:L/PR:L/UI:N/S:U/C:H/I:N/A:N"
    }
  ],
  "affected": [
    {
      "package": {
        "ecosystem": "PyPI",
        "name": "apache-superset"
      },
      "ranges": [
        {
          "type": "ECOSYSTEM",
          "events": [
            {
              "introduced": "0"
            },
            {
              "fixed": "2.1.0"
            }
          ]
        }
      ]
    }
  ],
  "references": [
    {
      "type": "ADVISORY",
      "url": "https://nvd.nist.gov/vuln/detail/CVE-2023-25504"
    },
    {
      "type": "PACKAGE",
      "url": "https://github.com/apache/superset"
    },
    {
      "type": "WEB",
      "url": "https://lists.apache.org/thread/tdnzkocfsqg2sbbornnp9g492fn4zhtx"
    },
    {
      "type": "WEB",
      "url": "http://www.openwall.com/lists/oss-security/2023/04/18/8"
    }
  ],
  "database_specific": {
    "cwe_ids": [
      "CWE-918"
    ],
    "severity": "MODERATE",
    "github_reviewed": true,
    "github_reviewed_at": "2023-07-06T22:10:49Z",
    "nvd_published_at": "2023-04-17T17:15:00Z"
  }
}