{
  "schema_version": "1.4.0",
  "id": "GHSA-ggjr-2f7v-vhq4",
  "modified": "2022-08-11T16:53:09Z",
  "published": "2021-06-01T21:57:08Z",
  "aliases": [
    "CVE-2021-20278"
  ],
  "summary": "Kiali Authentication Bypass vulnerability",
  "details": "An authentication bypass vulnerability was found in Kiali in versions before 1.31.0 when the authentication strategy `OpenID` is used. When RBAC is enabled, Kiali assumes that some of the token validation is handled by the underlying cluster. When OpenID `implicit flow` is used with RBAC turned off, this token validation doesn't occur, and this allows a malicious user to bypass the authentication.",
  "severity": [
    {
      "type": "CVSS_V3",
      "score": "CVSS:3.1/AV:N/AC:L/PR:N/UI:N/S:U/C:L/I:L/A:N"
    }
  ],
  "affected": [
    {
      "package": {
        "ecosystem": "Go",
        "name": "github.com/kiali/kiali"
      },
      "ranges": [
        {
          "type": "ECOSYSTEM",
          "events": [
            {
              "introduced": "0"
            },
            {
              "fixed": "1.31.0"
            }
          ]
        }
      ]
    }
  ],
  "references": [
    {
      "type": "ADVISORY",
      "url": "https://nvd.nist.gov/vuln/detail/CVE-2021-20278"
    },
    {
      "type": "WEB",
      "url": "https://bugzilla.redhat.com/show_bug.cgi?id=1937171"
    },
    {
      "type": "WEB",
      "url": "https://kiali.io/news/security-bulletins/kiali-security-002"
    }
  ],
  "database_specific": {
    "cwe_ids": [
      "CWE-287",
      "CWE-290"
    ],
    "severity": "MODERATE",
    "github_reviewed": true,
    "github_reviewed_at": "2021-06-01T17:44:07Z",
    "nvd_published_at": "2021-05-28T11:15:00Z"
  }
}