{
  "schema_version": "1.4.0",
  "id": "GHSA-3r8w-mphv-2f3f",
  "modified": "2023-08-08T19:57:21Z",
  "published": "2021-06-21T17:12:25Z",
  "aliases": [
    "CVE-2021-23396"
  ],
  "summary": "Prototype Pollution in lutils",
  "details": "All versions of package lutils are vulnerable to Prototype Pollution via the main (merge) function.",
  "severity": [
    {
      "type": "CVSS_V3",
      "score": "CVSS:3.1/AV:N/AC:H/PR:N/UI:N/S:U/C:L/I:L/A:L"
    }
  ],
  "affected": [
    {
      "package": {
        "ecosystem": "npm",
        "name": "lutils"
      },
      "ranges": [
        {
          "type": "ECOSYSTEM",
          "events": [
            {
              "introduced": "0"
            },
            {
              "last_affected": "2.4.0"
            }
          ]
        }
      ]
    }
  ],
  "references": [
    {
      "type": "ADVISORY",
      "url": "https://nvd.nist.gov/vuln/detail/CVE-2021-23396"
    },
    {
      "type": "WEB",
      "url": "https://snyk.io/vuln/SNYK-JS-LUTILS-1311023"
    }
  ],
  "database_specific": {
    "cwe_ids": [
      "CWE-1321"
    ],
    "severity": "MODERATE",
    "github_reviewed": true,
    "github_reviewed_at": "2021-06-18T18:35:57Z",
    "nvd_published_at": "2021-06-17T17:15:00Z"
  }
}