{
  "schema_version": "1.4.0",
  "id": "GHSA-qppj-fm5r-hxr3",
  "modified": "2025-03-07T21:33:50Z",
  "published": "2023-10-10T21:28:24Z",
  "aliases": [
    "CVE-2023-44487"
  ],
  "summary": "HTTP/2 Stream Cancellation Attack",
  "details": "## HTTP/2 Rapid reset attack\nThe HTTP/2 protocol allows clients to indicate to the server that a previous stream should be canceled by sending a RST_STREAM frame. The protocol does not require the client and server to coordinate the cancellation in any way, the client may do it unilaterally. The client may also assume that the cancellation will take effect immediately when the server receives the RST_STREAM frame, before any other data from that TCP connection is processed.\n\nAbuse of this feature is called a Rapid Reset attack because it relies on the ability for an endpoint to send a RST_STREAM frame immediately after sending a request frame, which makes the other endpoint start working and then rapidly resets the request. The request is canceled, but leaves the HTTP/2 connection open. \n\nThe HTTP/2 Rapid Reset attack built on this capability is simple: The client opens a large number of streams at once as in the standard HTTP/2 attack, but rather than waiting for a response to each request stream from the server or proxy, the client cancels each request immediately.\n\nThe ability to reset streams immediately allows each connection to have an indefinite number of requests in flight. By explicitly canceling the requests, the attacker never exceeds the limit on the number of concurrent open streams. The number of in-flight requests is no longer dependent on the round-trip time (RTT), but only on the available network bandwidth.\n\nIn a typical HTTP/2 server implementation, the server will still have to do significant amounts of work for canceled requests, such as allocating new stream data structures, parsing the query and doing header decompression, and mapping the URL to a resource. For reverse proxy implementations, the request may be proxied to the backend server before the RST_STREAM frame is processed. The client on the other hand paid almost no costs for sending the requests. This creates an exploitable cost asymmetry between the server and the client.\n\nMultiple software artifacts implementing HTTP/2 are affected. This advisory was originally ingested from the `swift-nio-http2` repo advisory and their original conent follows.\n\n## swift-nio-http2 specific advisory\nswift-nio-http2 is vulnerable to a denial-of-service vulnerability in which a malicious client can create and then reset a large number of HTTP/2 streams in a short period of time. This causes swift-nio-http2 to commit to a large amount of expensive work which it then throws away, including creating entirely new `Channel`s to serve the traffic. This can easily overwhelm an `EventLoop` and prevent it from making forward progress.\n\nswift-nio-http2 1.28 contains a remediation for this issue that applies reset counter using a sliding window. This constrains the number of stream resets that may occur in a given window of time. Clients violating this limit will have their connections torn down. This allows clients to continue to cancel streams for legitimate reasons, while constraining malicious actors.",
  "severity": [
    {
      "type": "CVSS_V3",
      "score": "CVSS:3.1/AV:N/AC:L/PR:N/UI:N/S:U/C:N/I:N/A:L"
    },
    {
      "type": "CVSS_V4",
      "score": "CVSS:4.0/AV:N/AC:L/AT:N/PR:N/UI:N/VC:N/VI:N/VA:L/SC:N/SI:N/SA:N"
    }
  ],
  "affected": [
    {
      "package": {
        "ecosystem": "SwiftURL",
        "name": "github.com/apple/swift-nio-http2"
      },
      "ranges": [
        {
          "type": "ECOSYSTEM",
          "events": [
            {
              "introduced": "0"
            },
            {
              "fixed": "1.28.0"
            }
          ]
        }
      ]
    },
    {
      "package": {
        "ecosystem": "Go",
        "name": "golang.org/x/net"
      },
      "ranges": [
        {
          "type": "ECOSYSTEM",
          "events": [
            {
              "introduced": "0"
            },
            {
              "fixed": "0.17.0"
            }
          ]
        }
      ]
    },
    {
      "package": {
        "ecosystem": "Go",
        "name": "google.golang.org/grpc"
      },
      "ranges": [
        {
          "type": "ECOSYSTEM",
          "events": [
            {
              "introduced": "1.58.0"
            },
            {
              "fixed": "1.58.3"
            }
          ]
        }
      ]
    },
    {
      "package": {
        "ecosystem": "Go",
        "name": "google.golang.org/grpc"
      },
      "ranges": [
        {
          "type": "ECOSYSTEM",
          "events": [
            {
              "introduced": "1.57.0"
            },
            {
              "fixed": "1.57.1"
            }
          ]
        }
      ]
    },
    {
      "package": {
        "ecosystem": "Go",
        "name": "google.golang.org/grpc"
      },
      "ranges": [
        {
          "type": "ECOSYSTEM",
          "events": [
            {
              "introduced": "0"
            },
            {
              "fixed": "1.56.3"
            }
          ]
        }
      ]
    },
    {
      "package": {
        "ecosystem": "Maven",
        "name": "org.apache.tomcat:tomcat-coyote"
      },
      "ranges": [
        {
          "type": "ECOSYSTEM",
          "events": [
            {
              "introduced": "11.0.0-M1"
            },
            {
              "fixed": "11.0.0-M12"
            }
          ]
        }
      ]
    },
    {
      "package": {
        "ecosystem": "Maven",
        "name": "org.apache.tomcat:tomcat-coyote"
      },
      "ranges": [
        {
          "type": "ECOSYSTEM",
          "events": [
            {
              "introduced": "10.0.0"
            },
            {
              "fixed": "10.1.14"
            }
          ]
        }
      ]
    },
    {
      "package": {
        "ecosystem": "Maven",
        "name": "org.apache.tomcat:tomcat-coyote"
      },
      "ranges": [
        {
          "type": "ECOSYSTEM",
          "events": [
            {
              "introduced": "9.0.0"
            },
            {
              "fixed": "9.0.81"
            }
          ]
        }
      ]
    },
    {
      "package": {
        "ecosystem": "Maven",
        "name": "org.apache.tomcat:tomcat-coyote"
      },
      "ranges": [
        {
          "type": "ECOSYSTEM",
          "events": [
            {
              "introduced": "8.5.0"
            },
            {
              "fixed": "8.5.94"
            }
          ]
        }
      ]
    },
    {
      "package": {
        "ecosystem": "Maven",
        "name": "org.apache.tomcat.embed:tomcat-embed-core"
      },
      "ranges": [
        {
          "type": "ECOSYSTEM",
          "events": [
            {
              "introduced": "11.0.0-M1"
            },
            {
              "fixed": "11.0.0-M12"
            }
          ]
        }
      ]
    },
    {
      "package": {
        "ecosystem": "Maven",
        "name": "org.apache.tomcat.embed:tomcat-embed-core"
      },
      "ranges": [
        {
          "type": "ECOSYSTEM",
          "events": [
            {
              "introduced": "10.0.0"
            },
            {
              "fixed": "10.1.14"
            }
          ]
        }
      ]
    },
    {
      "package": {
        "ecosystem": "Maven",
        "name": "org.apache.tomcat.embed:tomcat-embed-core"
      },
      "ranges": [
        {
          "type": "ECOSYSTEM",
          "events": [
            {
              "introduced": "9.0.0"
            },
            {
              "fixed": "9.0.81"
            }
          ]
        }
      ]
    },
    {
      "package": {
        "ecosystem": "Maven",
        "name": "org.apache.tomcat.embed:tomcat-embed-core"
      },
      "ranges": [
        {
          "type": "ECOSYSTEM",
          "events": [
            {
              "introduced": "8.5.0"
            },
            {
              "fixed": "8.5.94"
            }
          ]
        }
      ]
    },
    {
      "package": {
        "ecosystem": "Maven",
        "name": "org.eclipse.jetty.http2:http2-common"
      },
      "ranges": [
        {
          "type": "ECOSYSTEM",
          "events": [
            {
              "introduced": "9.3.0"
            },
            {
              "fixed": "9.4.53"
            }
          ]
        }
      ]
    },
    {
      "package": {
        "ecosystem": "Maven",
        "name": "org.eclipse.jetty.http2:http2-common"
      },
      "ranges": [
        {
          "type": "ECOSYSTEM",
          "events": [
            {
              "introduced": "10.0.0"
            },
            {
              "fixed": "10.0.17"
            }
          ]
        }
      ]
    },
    {
      "package": {
        "ecosystem": "Maven",
        "name": "org.eclipse.jetty.http2:http2-common"
      },
      "ranges": [
        {
          "type": "ECOSYSTEM",
          "events": [
            {
              "introduced": "11.0.0"
            },
            {
              "fixed": "11.0.17"
            }
          ]
        }
      ]
    },
    {
      "package": {
        "ecosystem": "Maven",
        "name": "org.eclipse.jetty.http2:http2-server"
      },
      "ranges": [
        {
          "type": "ECOSYSTEM",
          "events": [
            {
              "introduced": "9.3.0"
            },
            {
              "fixed": "9.4.53"
            }
          ]
        }
      ]
    },
    {
      "package": {
        "ecosystem": "Maven",
        "name": "org.eclipse.jetty.http2:http2-server"
      },
      "ranges": [
        {
          "type": "ECOSYSTEM",
          "events": [
            {
              "introduced": "10.0.0"
            },
            {
              "fixed": "10.0.17"
            }
          ]
        }
      ]
    },
    {
      "package": {
        "ecosystem": "Maven",
        "name": "org.eclipse.jetty.http2:http2-server"
      },
      "ranges": [
        {
          "type": "ECOSYSTEM",
          "events": [
            {
              "introduced": "11.0.0"
            },
            {
              "fixed": "11.0.17"
            }
          ]
        }
      ]
    },
    {
      "package": {
        "ecosystem": "Maven",
        "name": "org.eclipse.jetty.http2:jetty-http2-common"
      },
      "ranges": [
        {
          "type": "ECOSYSTEM",
          "events": [
            {
              "introduced": "12.0.0"
            },
            {
              "fixed": "12.0.2"
            }
          ]
        }
      ]
    },
    {
      "package": {
        "ecosystem": "Maven",
        "name": "org.eclipse.jetty.http2:jetty-http2-server"
      },
      "ranges": [
        {
          "type": "ECOSYSTEM",
          "events": [
            {
              "introduced": "12.0.0"
            },
            {
              "fixed": "12.0.2"
            }
          ]
        }
      ]
    },
    {
      "package": {
        "ecosystem": "Maven",
        "name": "com.typesafe.akka:akka-http-core"
      },
      "ranges": [
        {
          "type": "ECOSYSTEM",
          "events": [
            {
              "introduced": "0"
            },
            {
              "fixed": "10.5.3"
            }
          ]
        }
      ]
    },
    {
      "package": {
        "ecosystem": "Maven",
        "name": "com.typesafe.akka:akka-http-core_2.13"
      },
      "ranges": [
        {
          "type": "ECOSYSTEM",
          "events": [
            {
              "introduced": "0"
            },
            {
              "fixed": "10.5.3"
            }
          ]
        }
      ]
    },
    {
      "package": {
        "ecosystem": "Maven",
        "name": "com.typesafe.akka:akka-http-core_2.12"
      },
      "ranges": [
        {
          "type": "ECOSYSTEM",
          "events": [
            {
              "introduced": "0"
            },
            {
              "fixed": "10.5.3"
            }
          ]
        }
      ]
    },
    {
      "package": {
        "ecosystem": "Maven",
        "name": "com.typesafe.akka:akka-http-core_2.11"
      },
      "ranges": [
        {
          "type": "ECOSYSTEM",
          "events": [
            {
              "introduced": "0"
            },
            {
              "last_affected": "10.1.15"
            }
          ]
        }
      ]
    }
  ],
  "references": [
    {
      "type": "WEB",
      "url": "https://github.com/apple/swift-nio-http2/security/advisories/GHSA-qppj-fm5r-hxr3"
    },
    {
      "type": "WEB",
      "url": "https://github.com/h2o/h2o/security/advisories/GHSA-2m7v-gc89-fjqf"
    },
    {
      "type": "ADVISORY",
      "url": "https://nvd.nist.gov/vuln/detail/CVE-2023-44487"
    },
    {
      "type": "WEB",
      "url": "https://github.com/apache/apisix/issues/10320"
    },
    {
      "type": "WEB",
      "url": "https://github.com/alibaba/tengine/issues/1872"
    },
    {
      "type": "WEB",
      "url": "https://github.com/caddyserver/caddy/issues/5877"
    },
    {
      "type": "WEB",
      "url": "https://github.com/akka/akka-http/issues/4323"
    },
    {
      "type": "WEB",
      "url": "https://github.com/dotnet/announcements/issues/277"
    },
    {
      "type": "WEB",
      "url": "https://github.com/eclipse/jetty.project/issues/10679"
    },
    {
      "type": "WEB",
      "url": "https://github.com/etcd-io/etcd/issues/16740"
    },
    {
      "type": "WEB",
      "url": "https://github.com/Azure/AKS/issues/3947"
    },
    {
      "type": "WEB",
      "url": "https://github.com/golang/go/issues/63417"
    },
    {
      "type": "WEB",
      "url": "https://github.com/varnishcache/varnish-cache/issues/3996"
    },
    {
      "type": "WEB",
      "url": "https://github.com/tempesta-tech/tempesta/issues/1986"
    },
    {
      "type": "WEB",
      "url": "https://github.com/haproxy/haproxy/issues/2312"
    },
    {
      "type": "WEB",
      "url": "https://github.com/hyperium/hyper/issues/3337"
    },
    {
      "type": "WEB",
      "url": "https://github.com/openresty/openresty/issues/930"
    },
    {
      "type": "WEB",
      "url": "https://github.com/junkurihara/rust-rpxy/issues/97"
    },
    {
      "type": "WEB",
      "url": "https://github.com/ninenines/cowboy/issues/1615"
    },
    {
      "type": "WEB",
      "url": "https://github.com/kazu-yamamoto/http2/issues/93"
    },
    {
      "type": "WEB",
      "url": "https://github.com/opensearch-project/data-prepper/issues/3474"
    },
    {
      "type": "WEB",
      "url": "https://github.com/apache/trafficserver/pull/10564"
    },
    {
      "type": "WEB",
      "url": "https://github.com/nodejs/node/pull/50121"
    },
    {
      "type": "WEB",
      "url": "https://github.com/nghttp2/nghttp2/pull/1961"
    },
    {
      "type": "WEB",
      "url": "https://github.com/microsoft/CBL-Mariner/pull/6381"
    },
    {
      "type": "WEB",
      "url": "https://github.com/linkerd/website/pull/1695/commits/4b9c6836471bc8270ab48aae6fd2181bc73fd632"
    },
    {
      "type": "WEB",
      "url": "https://github.com/line/armeria/pull/5232"
    },
    {
      "type": "WEB",
      "url": "https://github.com/envoyproxy/envoy/pull/30055"
    },
    {
      "type": "WEB",
      "url": "https://github.com/kubernetes/kubernetes/pull/121120"
    },
    {
      "type": "WEB",
      "url": "https://github.com/facebook/proxygen/pull/466"
    },
    {
      "type": "WEB",
      "url": "https://github.com/grpc/grpc-go/pull/6703"
    },
    {
      "type": "WEB",
      "url": "https://github.com/projectcontour/contour/pull/5826"
    },
    {
      "type": "WEB",
      "url": "https://github.com/h2o/h2o/pull/3291"
    },
    {
      "type": "WEB",
      "url": "https://github.com/apache/httpd-site/pull/10"
    },
    {
      "type": "WEB",
      "url": "https://github.com/akka/akka-http/pull/4325"
    },
    {
      "type": "WEB",
      "url": "https://github.com/akka/akka-http/pull/4324"
    },
    {
      "type": "WEB",
      "url": "https://github.com/apache/tomcat/commit/944332bb15bd2f3bf76ec2caeb1ff0a58a3bc628"
    },
    {
      "type": "WEB",
      "url": "https://github.com/kazu-yamamoto/http2/commit/f61d41a502bd0f60eb24e1ce14edc7b6df6722a1"
    },
    {
      "type": "WEB",
      "url": "https://github.com/netty/netty/commit/58f75f665aa81a8cbcf6ffa74820042a285c5e61"
    },
    {
      "type": "WEB",
      "url": "https://lists.fedoraproject.org/archives/list/package-announce@lists.fedoraproject.org/message/JIZSEFC3YKCGABA2BZW6ZJRMDZJMB7PJ"
    },
    {
      "type": "WEB",
      "url": "https://lists.fedoraproject.org/archives/list/package-announce@lists.fedoraproject.org/message/HT7T2R4MQKLIF4ODV4BDLPARWFPCJ5CZ"
    },
    {
      "type": "WEB",
      "url": "https://lists.fedoraproject.org/archives/list/package-announce@lists.fedoraproject.org/message/FNA62Q767CFAFHBCDKYNPBMZWB7TWYVU"
    },
    {
      "type": "WEB",
      "url": "https://lists.fedoraproject.org/archives/list/package-announce@lists.fedoraproject.org/message/E72T67UPDRXHIDLO3OROR25YAMN4GGW5"
    },
    {
      "type": "WEB",
      "url": "https://lists.fedoraproject.org/archives/list/package-announce@lists.fedoraproject.org/message/CLB4TW7KALB3EEQWNWCN7OUIWWVWWCG2"
    },
    {
      "type": "WEB",
      "url": "https://lists.fedoraproject.org/archives/list/package-announce@lists.fedoraproject.org/message/BFQD3KUEMFBHPAPBGLWQC34L4OWL5HAZ"
    },
    {
      "type": "WEB",
      "url": "https://lists.fedoraproject.org/archives/list/package-announce@lists.fedoraproject.org/message/3N4NJ7FR4X4FPZUGNTQAPSTVB2HB2Y4A"
    },
    {
      "type": "WEB",
      "url": "https://lists.fedoraproject.org/archives/list/package-announce@lists.fedoraproject.org/message/2MBEPPC36UBVOZZNAXFHKLFGSLCMN5LI"
    },
    {
      "type": "WEB",
      "url": "https://msrc.microsoft.com/update-guide/vulnerability/CVE-2023-44487"
    },
    {
      "type": "WEB",
      "url": "https://lists.fedoraproject.org/archives/list/package-announce%40lists.fedoraproject.org/message/ZLU6U2R2IC2K64NDPNMV55AUAO65MAF4"
    },
    {
      "type": "WEB",
      "url": "https://lists.fedoraproject.org/archives/list/package-announce%40lists.fedoraproject.org/message/ZKQSIKIAT5TJ3WSLU3RDBQ35YX4GY4V3"
    },
    {
      "type": "WEB",
      "url": "https://lists.fedoraproject.org/archives/list/package-announce%40lists.fedoraproject.org/message/ZB43REMKRQR62NJEI7I5NQ4FSXNLBKRT"
    },
    {
      "type": "WEB",
      "url": "https://lists.fedoraproject.org/archives/list/package-announce%40lists.fedoraproject.org/message/XFOIBB4YFICHDM7IBOP7PWXW3FX4HLL2"
    },
    {
      "type": "WEB",
      "url": "https://lists.fedoraproject.org/archives/list/package-announce%40lists.fedoraproject.org/message/X6QXN4ORIVF6XBW4WWFE7VNPVC74S45Y"
    },
    {
      "type": "WEB",
      "url": "https://access.redhat.com/security/cve/cve-2023-44487"
    },
    {
      "type": "WEB",
      "url": "https://lists.fedoraproject.org/archives/list/package-announce@lists.fedoraproject.org/message/ZLU6U2R2IC2K64NDPNMV55AUAO65MAF4"
    },
    {
      "type": "WEB",
      "url": "https://lists.fedoraproject.org/archives/list/package-announce@lists.fedoraproject.org/message/ZKQSIKIAT5TJ3WSLU3RDBQ35YX4GY4V3"
    },
    {
      "type": "WEB",
      "url": "https://lists.w3.org/Archives/Public/ietf-http-wg/2023OctDec/0025.html"
    },
    {
      "type": "WEB",
      "url": "https://mailman.nginx.org/pipermail/nginx-devel/2023-October/S36Q5HBXR7CAIMPLLPRSSSYR4PCMWILK.html"
    },
    {
      "type": "WEB",
      "url": "https://martinthomson.github.io/h2-stream-limits/draft-thomson-httpbis-h2-stream-limits.html"
    },
    {
      "type": "WEB",
      "url": "https://lists.fedoraproject.org/archives/list/package-announce@lists.fedoraproject.org/message/ZB43REMKRQR62NJEI7I5NQ4FSXNLBKRT"
    },
    {
      "type": "WEB",
      "url": "https://msrc.microsoft.com/blog/2023/10/microsoft-response-to-distributed-denial-of-service-ddos-attacks-against-http/2"
    },
    {
      "type": "WEB",
      "url": "https://lists.fedoraproject.org/archives/list/package-announce@lists.fedoraproject.org/message/XFOIBB4YFICHDM7IBOP7PWXW3FX4HLL2"
    },
    {
      "type": "WEB",
      "url": "https://lists.fedoraproject.org/archives/list/package-announce@lists.fedoraproject.org/message/X6QXN4ORIVF6XBW4WWFE7VNPVC74S45Y"
    },
    {
      "type": "WEB",
      "url": "https://lists.fedoraproject.org/archives/list/package-announce@lists.fedoraproject.org/message/WLPRQ5TWUQQXYWBJM7ECYDAIL2YVKIUH"
    },
    {
      "type": "WEB",
      "url": "https://lists.fedoraproject.org/archives/list/package-announce@lists.fedoraproject.org/message/WE2I52RHNNU42PX6NZ2RBUHSFFJ2LVZX"
    },
    {
      "type": "WEB",
      "url": "https://lists.fedoraproject.org/archives/list/package-announce@lists.fedoraproject.org/message/VSRDIV77HNKUSM7SJC5BKE5JSHLHU2NK"
    },
    {
      "type": "WEB",
      "url": "https://lists.fedoraproject.org/archives/list/package-announce@lists.fedoraproject.org/message/VHUHTSXLXGXS7JYKBXTA3VINUPHTNGVU"
    },
    {
      "type": "WEB",
      "url": "https://lists.fedoraproject.org/archives/list/package-announce@lists.fedoraproject.org/message/LNMZJCDHGLJJLXO4OXWJMTVQRNWOC7UL"
    },
    {
      "type": "WEB",
      "url": "https://lists.fedoraproject.org/archives/list/package-announce@lists.fedoraproject.org/message/LKYHSZQFDNR7RSA7LHVLLIAQMVYCUGBG"
    },
    {
      "type": "WEB",
      "url": "https://lists.fedoraproject.org/archives/list/package-announce@lists.fedoraproject.org/message/KSEGD2IWKNUO3DWY4KQGUQM5BISRWHQE"
    },
    {
      "type": "WEB",
      "url": "https://lists.fedoraproject.org/archives/list/package-announce@lists.fedoraproject.org/message/JMEXY22BFG5Q64HQCM5CK2Q7KDKVV4TY"
    },
    {
      "type": "WEB",
      "url": "https://ubuntu.com/security/CVE-2023-44487"
    },
    {
      "type": "WEB",
      "url": "https://www.bleepingcomputer.com/news/security/new-http-2-rapid-reset-zero-day-attack-breaks-ddos-records"
    },
    {
      "type": "WEB",
      "url": "https://www.cisa.gov/news-events/alerts/2023/10/10/http2-rapid-reset-vulnerability-cve-2023-44487"
    },
    {
      "type": "WEB",
      "url": "https://www.darkreading.com/cloud/internet-wide-zero-day-bug-fuels-largest-ever-ddos-event"
    },
    {
      "type": "WEB",
      "url": "https://www.debian.org/security/2023/dsa-5521"
    },
    {
      "type": "WEB",
      "url": "https://www.debian.org/security/2023/dsa-5522"
    },
    {
      "type": "WEB",
      "url": "https://www.debian.org/security/2023/dsa-5540"
    },
    {
      "type": "WEB",
      "url": "https://www.debian.org/security/2023/dsa-5549"
    },
    {
      "type": "WEB",
      "url": "https://www.debian.org/security/2023/dsa-5558"
    },
    {
      "type": "WEB",
      "url": "https://www.debian.org/security/2023/dsa-5570"
    },
    {
      "type": "WEB",
      "url": "https://www.eclipse.org/lists/jetty-announce/msg00181.html"
    },
    {
      "type": "WEB",
      "url": "https://www.haproxy.com/blog/haproxy-is-not-affected-by-the-http-2-rapid-reset-attack-cve-2023-44487"
    },
    {
      "type": "WEB",
      "url": "https://www.netlify.com/blog/netlify-successfully-mitigates-cve-2023-44487"
    },
    {
      "type": "WEB",
      "url": "https://www.nginx.com/blog/http-2-rapid-reset-attack-impacting-f5-nginx-products"
    },
    {
      "type": "WEB",
      "url": "https://www.openwall.com/lists/oss-security/2023/10/10/6"
    },
    {
      "type": "WEB",
      "url": "https://www.phoronix.com/news/HTTP2-Rapid-Reset-Attack"
    },
    {
      "type": "WEB",
      "url": "https://www.theregister.com/2023/10/10/http2_rapid_reset_zeroday"
    },
    {
      "type": "WEB",
      "url": "https://www.vicarius.io/vsociety/posts/rapid-reset-cve-2023-44487-dos-in-http2-understanding-the-root-cause"
    },
    {
      "type": "WEB",
      "url": "https://my.f5.com/manage/s/article/K000137106"
    },
    {
      "type": "WEB",
      "url": "https://netty.io/news/2023/10/10/4-1-100-Final.html"
    },
    {
      "type": "WEB",
      "url": "https://news.ycombinator.com/item?id=37830987"
    },
    {
      "type": "WEB",
      "url": "https://news.ycombinator.com/item?id=37830998"
    },
    {
      "type": "WEB",
      "url": "https://news.ycombinator.com/item?id=37831062"
    },
    {
      "type": "WEB",
      "url": "https://news.ycombinator.com/item?id=37837043"
    },
    {
      "type": "WEB",
      "url": "https://openssf.org/blog/2023/10/10/http-2-rapid-reset-vulnerability-highlights-need-for-rapid-response"
    },
    {
      "type": "WEB",
      "url": "https://seanmonstar.com/post/730794151136935936/hyper-http2-rapid-reset-unaffected"
    },
    {
      "type": "WEB",
      "url": "https://security.gentoo.org/glsa/202311-09"
    },
    {
      "type": "WEB",
      "url": "https://security.netapp.com/advisory/ntap-20231016-0001"
    },
    {
      "type": "WEB",
      "url": "https://security.netapp.com/advisory/ntap-20240426-0007"
    },
    {
      "type": "WEB",
      "url": "https://security.netapp.com/advisory/ntap-20240621-0006"
    },
    {
      "type": "WEB",
      "url": "https://security.netapp.com/advisory/ntap-20240621-0007"
    },
    {
      "type": "WEB",
      "url": "https://security.paloaltonetworks.com/CVE-2023-44487"
    },
    {
      "type": "WEB",
      "url": "https://tomcat.apache.org/security-10.html#Fixed_in_Apache_Tomcat_10.1.14"
    },
    {
      "type": "WEB",
      "url": "https://tomcat.apache.org/security-11.html#Fixed_in_Apache_Tomcat_11.0.0-M12"
    },
    {
      "type": "WEB",
      "url": "https://tomcat.apache.org/security-8.html#Fixed_in_Apache_Tomcat_8.5.94"
    },
    {
      "type": "WEB",
      "url": "https://tomcat.apache.org/security-9.html#Fixed_in_Apache_Tomcat_9.0.81"
    },
    {
      "type": "WEB",
      "url": "https://edg.io/lp/blog/resets-leaks-ddos-and-the-tale-of-a-hidden-cve"
    },
    {
      "type": "WEB",
      "url": "https://forums.swift.org/t/swift-nio-http2-security-update-cve-2023-44487-http-2-dos/67764"
    },
    {
      "type": "WEB",
      "url": "https://gist.github.com/adulau/7c2bfb8e9cdbe4b35a5e131c66a0c088"
    },
    {
      "type": "WEB",
      "url": "https://github.com/Kong/kong/discussions/11741"
    },
    {
      "type": "ADVISORY",
      "url": "https://github.com/advisories/GHSA-qppj-fm5r-hxr3"
    },
    {
      "type": "ADVISORY",
      "url": "https://github.com/advisories/GHSA-vx74-f528-fxqg"
    },
    {
      "type": "ADVISORY",
      "url": "https://github.com/advisories/GHSA-xpw8-rcwv-8f8p"
    },
    {
      "type": "WEB",
      "url": "https://github.com/apache/httpd/blob/afcdbeebbff4b0c50ea26cdd16e178c0d1f24152/modules/http2/h2_mplx.c#L1101-L1113"
    },
    {
      "type": "WEB",
      "url": "https://github.com/apache/tomcat/tree/main/java/org/apache/coyote/http2"
    },
    {
      "type": "PACKAGE",
      "url": "https://github.com/apple/swift-nio-http2"
    },
    {
      "type": "WEB",
      "url": "https://github.com/arkrwn/PoC/tree/main/CVE-2023-44487"
    },
    {
      "type": "WEB",
      "url": "https://github.com/bcdannyboy/CVE-2023-44487"
    },
    {
      "type": "WEB",
      "url": "https://github.com/caddyserver/caddy/releases/tag/v2.7.5"
    },
    {
      "type": "WEB",
      "url": "https://github.com/dotnet/core/blob/e4613450ea0da7fd2fc6b61dfb2c1c1dec1ce9ec/release-notes/6.0/6.0.23/6.0.23.md?plain=1#L73"
    },
    {
      "type": "WEB",
      "url": "https://github.com/grpc/grpc-go/releases"
    },
    {
      "type": "WEB",
      "url": "https://github.com/grpc/grpc/releases/tag/v1.59.2"
    },
    {
      "type": "WEB",
      "url": "https://github.com/icing/mod_h2/blob/0a864782af0a942aa2ad4ed960a6b32cd35bcf0a/mod_http2/README.md?plain=1#L239-L244"
    },
    {
      "type": "WEB",
      "url": "https://akka.io/security/akka-http-cve-2023-44487.html"
    },
    {
      "type": "WEB",
      "url": "https://arstechnica.com/security/2023/10/how-ddosers-used-the-http-2-protocol-to-deliver-attacks-of-unprecedented-size"
    },
    {
      "type": "WEB",
      "url": "https://aws.amazon.com/security/security-bulletins/AWS-2023-011"
    },
    {
      "type": "WEB",
      "url": "https://blog.cloudflare.com/technical-breakdown-http2-rapid-reset-ddos-attack"
    },
    {
      "type": "WEB",
      "url": "https://blog.cloudflare.com/zero-day-rapid-reset-http2-record-breaking-ddos-attack"
    },
    {
      "type": "WEB",
      "url": "https://blog.litespeedtech.com/2023/10/11/rapid-reset-http-2-vulnerablilty"
    },
    {
      "type": "WEB",
      "url": "https://blog.qualys.com/vulnerabilities-threat-research/2023/10/10/cve-2023-44487-http-2-rapid-reset-attack"
    },
    {
      "type": "WEB",
      "url": "https://blog.vespa.ai/cve-2023-44487"
    },
    {
      "type": "WEB",
      "url": "https://bugzilla.proxmox.com/show_bug.cgi?id=4988"
    },
    {
      "type": "WEB",
      "url": "https://bugzilla.redhat.com/show_bug.cgi?id=2242803"
    },
    {
      "type": "WEB",
      "url": "https://bugzilla.suse.com/show_bug.cgi?id=1216123"
    },
    {
      "type": "WEB",
      "url": "https://cgit.freebsd.org/ports/commit/?id=c64c329c2c1752f46b73e3e6ce9f4329be6629f9"
    },
    {
      "type": "WEB",
      "url": "https://chaos.social/@icing/111210915918780532"
    },
    {
      "type": "WEB",
      "url": "https://cloud.google.com/blog/products/identity-security/google-cloud-mitigated-largest-ddos-attack-peaking-above-398-million-rps"
    },
    {
      "type": "WEB",
      "url": "https://cloud.google.com/blog/products/identity-security/how-it-works-the-novel-http2-rapid-reset-ddos-attack"
    },
    {
      "type": "WEB",
      "url": "https://community.traefik.io/t/is-traefik-vulnerable-to-cve-2023-44487/20125"
    },
    {
      "type": "WEB",
      "url": "https://discuss.hashicorp.com/t/hcsec-2023-32-vault-consul-and-boundary-affected-by-http-2-rapid-reset-denial-of-service-vulnerability-cve-2023-44487/59715"
    },
    {
      "type": "WEB",
      "url": "https://lists.debian.org/debian-lts-announce/2023/11/msg00012.html"
    },
    {
      "type": "WEB",
      "url": "https://lists.fedoraproject.org/archives/list/package-announce%40lists.fedoraproject.org/message/2MBEPPC36UBVOZZNAXFHKLFGSLCMN5LI"
    },
    {
      "type": "WEB",
      "url": "https://lists.fedoraproject.org/archives/list/package-announce%40lists.fedoraproject.org/message/3N4NJ7FR4X4FPZUGNTQAPSTVB2HB2Y4A"
    },
    {
      "type": "WEB",
      "url": "https://lists.fedoraproject.org/archives/list/package-announce%40lists.fedoraproject.org/message/BFQD3KUEMFBHPAPBGLWQC34L4OWL5HAZ"
    },
    {
      "type": "WEB",
      "url": "https://lists.fedoraproject.org/archives/list/package-announce%40lists.fedoraproject.org/message/CLB4TW7KALB3EEQWNWCN7OUIWWVWWCG2"
    },
    {
      "type": "WEB",
      "url": "https://lists.fedoraproject.org/archives/list/package-announce%40lists.fedoraproject.org/message/E72T67UPDRXHIDLO3OROR25YAMN4GGW5"
    },
    {
      "type": "WEB",
      "url": "https://lists.fedoraproject.org/archives/list/package-announce%40lists.fedoraproject.org/message/FNA62Q767CFAFHBCDKYNPBMZWB7TWYVU"
    },
    {
      "type": "WEB",
      "url": "https://lists.fedoraproject.org/archives/list/package-announce%40lists.fedoraproject.org/message/HT7T2R4MQKLIF4ODV4BDLPARWFPCJ5CZ"
    },
    {
      "type": "WEB",
      "url": "https://lists.fedoraproject.org/archives/list/package-announce%40lists.fedoraproject.org/message/JIZSEFC3YKCGABA2BZW6ZJRMDZJMB7PJ"
    },
    {
      "type": "WEB",
      "url": "https://lists.fedoraproject.org/archives/list/package-announce%40lists.fedoraproject.org/message/JMEXY22BFG5Q64HQCM5CK2Q7KDKVV4TY"
    },
    {
      "type": "WEB",
      "url": "https://lists.fedoraproject.org/archives/list/package-announce%40lists.fedoraproject.org/message/KSEGD2IWKNUO3DWY4KQGUQM5BISRWHQE"
    },
    {
      "type": "WEB",
      "url": "https://lists.fedoraproject.org/archives/list/package-announce%40lists.fedoraproject.org/message/LKYHSZQFDNR7RSA7LHVLLIAQMVYCUGBG"
    },
    {
      "type": "WEB",
      "url": "https://lists.fedoraproject.org/archives/list/package-announce%40lists.fedoraproject.org/message/LNMZJCDHGLJJLXO4OXWJMTVQRNWOC7UL"
    },
    {
      "type": "WEB",
      "url": "https://lists.fedoraproject.org/archives/list/package-announce%40lists.fedoraproject.org/message/VHUHTSXLXGXS7JYKBXTA3VINUPHTNGVU"
    },
    {
      "type": "WEB",
      "url": "https://lists.fedoraproject.org/archives/list/package-announce%40lists.fedoraproject.org/message/VSRDIV77HNKUSM7SJC5BKE5JSHLHU2NK"
    },
    {
      "type": "WEB",
      "url": "https://lists.fedoraproject.org/archives/list/package-announce%40lists.fedoraproject.org/message/WE2I52RHNNU42PX6NZ2RBUHSFFJ2LVZX"
    },
    {
      "type": "WEB",
      "url": "https://lists.fedoraproject.org/archives/list/package-announce%40lists.fedoraproject.org/message/WLPRQ5TWUQQXYWBJM7ECYDAIL2YVKIUH"
    },
    {
      "type": "WEB",
      "url": "https://github.com/micrictor/http2-rst-stream"
    },
    {
      "type": "WEB",
      "url": "https://github.com/nghttp2/nghttp2/releases/tag/v1.57.0"
    },
    {
      "type": "WEB",
      "url": "https://github.com/oqtane/oqtane.framework/discussions/3367"
    },
    {
      "type": "WEB",
      "url": "https://go.dev/cl/534215"
    },
    {
      "type": "WEB",
      "url": "https://go.dev/cl/534235"
    },
    {
      "type": "WEB",
      "url": "https://go.dev/issue/63417"
    },
    {
      "type": "WEB",
      "url": "https://groups.google.com/g/golang-announce/c/iNNxDTCjZvo"
    },
    {
      "type": "WEB",
      "url": "https://groups.google.com/g/golang-announce/c/iNNxDTCjZvo/m/UDd7VKQuAAAJ"
    },
    {
      "type": "WEB",
      "url": "https://istio.io/latest/news/security/istio-security-2023-004"
    },
    {
      "type": "WEB",
      "url": "https://linkerd.io/2023/10/12/linkerd-cve-2023-44487"
    },
    {
      "type": "WEB",
      "url": "https://lists.apache.org/thread/5py8h42mxfsn8l1wy6o41xwhsjlsd87q"
    },
    {
      "type": "WEB",
      "url": "https://lists.debian.org/debian-lts-announce/2023/10/msg00020.html"
    },
    {
      "type": "WEB",
      "url": "https://lists.debian.org/debian-lts-announce/2023/10/msg00023.html"
    },
    {
      "type": "WEB",
      "url": "https://lists.debian.org/debian-lts-announce/2023/10/msg00024.html"
    },
    {
      "type": "WEB",
      "url": "https://lists.debian.org/debian-lts-announce/2023/10/msg00045.html"
    },
    {
      "type": "WEB",
      "url": "https://lists.debian.org/debian-lts-announce/2023/10/msg00047.html"
    },
    {
      "type": "WEB",
      "url": "https://lists.debian.org/debian-lts-announce/2023/11/msg00001.html"
    },
    {
      "type": "WEB",
      "url": "http://www.openwall.com/lists/oss-security/2023/10/10/6"
    },
    {
      "type": "WEB",
      "url": "http://www.openwall.com/lists/oss-security/2023/10/10/7"
    },
    {
      "type": "WEB",
      "url": "http://www.openwall.com/lists/oss-security/2023/10/13/4"
    },
    {
      "type": "WEB",
      "url": "http://www.openwall.com/lists/oss-security/2023/10/13/9"
    },
    {
      "type": "WEB",
      "url": "http://www.openwall.com/lists/oss-security/2023/10/18/4"
    },
    {
      "type": "WEB",
      "url": "http://www.openwall.com/lists/oss-security/2023/10/18/8"
    },
    {
      "type": "WEB",
      "url": "http://www.openwall.com/lists/oss-security/2023/10/19/6"
    },
    {
      "type": "WEB",
      "url": "http://www.openwall.com/lists/oss-security/2023/10/20/8"
    }
  ],
  "database_specific": {
    "cwe_ids": [
      "CWE-400"
    ],
    "severity": "MODERATE",
    "github_reviewed": true,
    "github_reviewed_at": "2023-10-10T21:28:24Z",
    "nvd_published_at": "2023-10-10T14:15:10Z"
  }
}