{
  "schema_version": "1.4.0",
  "id": "GHSA-c2cp-3xj9-97w9",
  "modified": "2024-05-14T16:05:30Z",
  "published": "2022-04-22T00:00:33Z",
  "aliases": [
    "CVE-2022-22969"
  ],
  "summary": "Denial of service in Spring Security OAuth2",
  "details": "Spring Security OAuth versions 2.5.x prior to 2.5.2 and older unsupported versions are susceptible to a Denial-of-Service (DoS) attack via the initiation of the Authorization Request in an OAuth 2.0 Client application. A malicious user or attacker can send multiple requests initiating the Authorization Request for the Authorization Code Grant, which has the potential of exhausting system resources using a single session. This vulnerability exposes OAuth 2.0 Client applications only.",
  "severity": [
    {
      "type": "CVSS_V3",
      "score": "CVSS:3.1/AV:N/AC:L/PR:L/UI:N/S:U/C:N/I:N/A:H"
    }
  ],
  "affected": [
    {
      "package": {
        "ecosystem": "Maven",
        "name": "org.springframework.security.oauth:spring-security-oauth2"
      },
      "ranges": [
        {
          "type": "ECOSYSTEM",
          "events": [
            {
              "introduced": "2.5.0.RELEASE"
            },
            {
              "fixed": "2.5.2.RELEASE"
            }
          ]
        }
      ]
    },
    {
      "package": {
        "ecosystem": "Maven",
        "name": "org.springframework.security.oauth:spring-security-oauth2"
      },
      "ranges": [
        {
          "type": "ECOSYSTEM",
          "events": [
            {
              "introduced": "2.4.0.RELEASE"
            },
            {
              "fixed": "2.4.2.RELEASE"
            }
          ]
        }
      ]
    }
  ],
  "references": [
    {
      "type": "ADVISORY",
      "url": "https://nvd.nist.gov/vuln/detail/CVE-2022-22969"
    },
    {
      "type": "WEB",
      "url": "https://spring.io/security/cve-2022-22969"
    },
    {
      "type": "WEB",
      "url": "https://tanzu.vmware.com/security/cve-2022-22969"
    },
    {
      "type": "WEB",
      "url": "https://www.oracle.com/security-alerts/cpujul2022.html"
    }
  ],
  "database_specific": {
    "cwe_ids": [
      "CWE-400"
    ],
    "severity": "MODERATE",
    "github_reviewed": true,
    "github_reviewed_at": "2022-04-26T13:01:06Z",
    "nvd_published_at": "2022-04-21T19:15:00Z"
  }
}