{
  "schema_version": "1.4.0",
  "id": "GHSA-wwvv-x5mq-h3jj",
  "modified": "2021-08-30T20:28:42Z",
  "published": "2021-09-01T18:35:26Z",
  "aliases": [
    "CVE-2021-3692"
  ],
  "summary": "Use of Cryptographically Weak Pseudo-Random Number Generator in yiisoft/yii2-dev",
  "details": "yii2 is vulnerable to Use of Predictable Algorithm in Random Number Generator",
  "severity": [
    {
      "type": "CVSS_V3",
      "score": "CVSS:3.1/AV:N/AC:L/PR:N/UI:N/S:U/C:L/I:N/A:N"
    }
  ],
  "affected": [
    {
      "package": {
        "ecosystem": "Packagist",
        "name": "yiisoft/yii2-dev"
      },
      "ranges": [
        {
          "type": "ECOSYSTEM",
          "events": [
            {
              "introduced": "0"
            },
            {
              "fixed": "2.0.43"
            }
          ]
        }
      ]
    }
  ],
  "references": [
    {
      "type": "ADVISORY",
      "url": "https://nvd.nist.gov/vuln/detail/CVE-2021-3692"
    },
    {
      "type": "WEB",
      "url": "https://github.com/yiisoft/yii2/commit/13f27e4d920a05d53236139e8b07007acd046a46"
    },
    {
      "type": "PACKAGE",
      "url": "https://github.com/yiisoft/yii2"
    },
    {
      "type": "WEB",
      "url": "https://huntr.dev/bounties/55517f19-5c28-4db2-8b00-f78f841e8aba"
    }
  ],
  "database_specific": {
    "cwe_ids": [
      "CWE-330",
      "CWE-338"
    ],
    "severity": "MODERATE",
    "github_reviewed": true,
    "github_reviewed_at": "2021-08-30T20:28:42Z",
    "nvd_published_at": "2021-08-10T17:15:00Z"
  }
}