{
  "schema_version": "1.4.0",
  "id": "GHSA-g9m2-c2x5-fr2v",
  "modified": "2023-08-01T23:39:36Z",
  "published": "2022-05-24T17:05:43Z",
  "aliases": [
    "CVE-2019-14879"
  ],
  "summary": "Moodle does not revoke role capabilities correctly",
  "details": "A vulnerability was found in Moodle versions 3.7.x before 3.7.3, 3.6.x before 3.6.7 and 3.5.x before 3.5.9. When a cohort role assignment was removed, the associated capabilities were not being revoked (where applicable).",
  "severity": [
    {
      "type": "CVSS_V3",
      "score": "CVSS:3.1/AV:N/AC:L/PR:L/UI:N/S:U/C:L/I:L/A:N"
    }
  ],
  "affected": [
    {
      "package": {
        "ecosystem": "Packagist",
        "name": "moodle/moodle"
      },
      "ranges": [
        {
          "type": "ECOSYSTEM",
          "events": [
            {
              "introduced": "3.7.0"
            },
            {
              "fixed": "3.7.3"
            }
          ]
        }
      ]
    },
    {
      "package": {
        "ecosystem": "Packagist",
        "name": "moodle/moodle"
      },
      "ranges": [
        {
          "type": "ECOSYSTEM",
          "events": [
            {
              "introduced": "3.6.0"
            },
            {
              "fixed": "3.6.7"
            }
          ]
        }
      ]
    },
    {
      "package": {
        "ecosystem": "Packagist",
        "name": "moodle/moodle"
      },
      "ranges": [
        {
          "type": "ECOSYSTEM",
          "events": [
            {
              "introduced": "3.5.0"
            },
            {
              "fixed": "3.5.9"
            }
          ]
        }
      ]
    }
  ],
  "references": [
    {
      "type": "ADVISORY",
      "url": "https://nvd.nist.gov/vuln/detail/CVE-2019-14879"
    },
    {
      "type": "WEB",
      "url": "https://github.com/moodle/moodle/commit/7b5f4a62c18fd5bad6956828aade23e1f15b4be3"
    },
    {
      "type": "WEB",
      "url": "https://bugzilla.redhat.com/show_bug.cgi?id=CVE-2019-14879"
    }
  ],
  "database_specific": {
    "cwe_ids": [
      "CWE-273"
    ],
    "severity": "MODERATE",
    "github_reviewed": true,
    "github_reviewed_at": "2023-08-01T23:39:36Z",
    "nvd_published_at": "2020-01-07T17:15:00Z"
  }
}