{
  "schema_version": "1.4.0",
  "id": "GHSA-45vg-2v73-vm62",
  "modified": "2024-03-05T18:20:18Z",
  "published": "2018-10-17T20:28:20Z",
  "aliases": [
    "CVE-2015-0201"
  ],
  "summary": "Moderate severity vulnerability that affects org.springframework:spring-core",
  "details": "The Java SockJS client in Pivotal Spring Framework 4.1.x before 4.1.5 generates predictable session ids, which allows remote attackers to send messages to other sessions via unspecified vectors.",
  "severity": [],
  "affected": [
    {
      "package": {
        "ecosystem": "Maven",
        "name": "org.springframework:spring-core"
      },
      "ranges": [
        {
          "type": "ECOSYSTEM",
          "events": [
            {
              "introduced": "4.1.0"
            },
            {
              "fixed": "4.1.5"
            }
          ]
        }
      ]
    }
  ],
  "references": [
    {
      "type": "ADVISORY",
      "url": "https://nvd.nist.gov/vuln/detail/CVE-2015-0201"
    },
    {
      "type": "WEB",
      "url": "https://github.com/spring-projects/spring-framework/commit/d63cfc8eebc396be009e733a81ebb4c984811f6e"
    },
    {
      "type": "WEB",
      "url": "https://github.com/spring-projects/spring-framework/commit/dc5b5ca8ee09c890352f89b2dae58bc0132d6545"
    },
    {
      "type": "ADVISORY",
      "url": "https://github.com/advisories/GHSA-45vg-2v73-vm62"
    },
    {
      "type": "PACKAGE",
      "url": "https://github.com/spring-projects/spring-framework"
    },
    {
      "type": "WEB",
      "url": "https://pivotal.io/security/cve-2015-0201"
    }
  ],
  "database_specific": {
    "cwe_ids": [],
    "severity": "MODERATE",
    "github_reviewed": true,
    "github_reviewed_at": "2020-06-16T20:57:30Z",
    "nvd_published_at": "2015-03-10T14:59:00Z"
  }
}