{
  "schema_version": "1.4.0",
  "id": "GHSA-fg5q-r2q5-qmh3",
  "modified": "2024-04-23T22:29:18Z",
  "published": "2022-05-17T03:57:20Z",
  "aliases": [
    "CVE-2016-3166"
  ],
  "summary": "Drupal CRLF injection vulnerability in the drupal_set_header function",
  "details": "CRLF injection vulnerability in the drupal_set_header function in Drupal 6.x before 6.38, when used with PHP before 5.1.2, allows remote attackers to inject arbitrary HTTP headers and conduct HTTP response splitting attacks by leveraging a module that allows user-submitted data to appear in HTTP headers.",
  "severity": [
    {
      "type": "CVSS_V3",
      "score": "CVSS:3.0/AV:N/AC:H/PR:N/UI:N/S:U/C:N/I:H/A:N"
    }
  ],
  "affected": [
    {
      "package": {
        "ecosystem": "Packagist",
        "name": "drupal/core"
      },
      "ranges": [
        {
          "type": "ECOSYSTEM",
          "events": [
            {
              "introduced": "6.0"
            },
            {
              "fixed": "6.38"
            }
          ]
        }
      ]
    },
    {
      "package": {
        "ecosystem": "Packagist",
        "name": "drupal/drupal"
      },
      "ranges": [
        {
          "type": "ECOSYSTEM",
          "events": [
            {
              "introduced": "6.0"
            },
            {
              "fixed": "6.38"
            }
          ]
        }
      ]
    }
  ],
  "references": [
    {
      "type": "ADVISORY",
      "url": "https://nvd.nist.gov/vuln/detail/CVE-2016-3166"
    },
    {
      "type": "WEB",
      "url": "https://github.com/FriendsOfPHP/security-advisories/blob/master/drupal/core/CVE-2016-3166.yaml"
    },
    {
      "type": "WEB",
      "url": "https://github.com/FriendsOfPHP/security-advisories/blob/master/drupal/drupal/CVE-2016-3166.yaml"
    },
    {
      "type": "PACKAGE",
      "url": "https://github.com/drupal/core"
    },
    {
      "type": "WEB",
      "url": "https://www.drupal.org/SA-CORE-2016-001"
    },
    {
      "type": "WEB",
      "url": "http://www.debian.org/security/2016/dsa-3498"
    },
    {
      "type": "WEB",
      "url": "http://www.openwall.com/lists/oss-security/2016/02/24/19"
    },
    {
      "type": "WEB",
      "url": "http://www.openwall.com/lists/oss-security/2016/03/15/10"
    }
  ],
  "database_specific": {
    "cwe_ids": [
      "CWE-113"
    ],
    "severity": "MODERATE",
    "github_reviewed": true,
    "github_reviewed_at": "2024-04-23T22:29:18Z",
    "nvd_published_at": "2016-04-12T15:59:00Z"
  }
}