{
  "schema_version": "1.4.0",
  "id": "GHSA-rwf4-gx62-rqfw",
  "modified": "2022-06-08T22:28:27Z",
  "published": "2022-06-08T22:28:27Z",
  "aliases": [],
  "summary": "`MsQueue` `push`/`pop` use the wrong orderings",
  "details": "Affected versions of this crate use orderings which are too weak to support this data structure.\nIt is likely this has caused memory corruption in the wild: <https://github.com/crossbeam-rs/crossbeam/issues/97#issuecomment-412785919>.\n",
  "severity": [],
  "affected": [
    {
      "package": {
        "ecosystem": "crates.io",
        "name": "crossbeam"
      },
      "ranges": [
        {
          "type": "ECOSYSTEM",
          "events": [
            {
              "introduced": "0"
            },
            {
              "fixed": "0.3.0"
            }
          ]
        }
      ]
    }
  ],
  "references": [
    {
      "type": "WEB",
      "url": "https://github.com/crossbeam-rs/crossbeam/issues/97#issuecomment-412785919"
    },
    {
      "type": "WEB",
      "url": "https://github.com/crossbeam-rs/crossbeam/pull/98"
    },
    {
      "type": "PACKAGE",
      "url": "https://github.com/crossbeam-rs/crossbeam"
    },
    {
      "type": "WEB",
      "url": "https://rustsec.org/advisories/RUSTSEC-2022-0029.html"
    }
  ],
  "database_specific": {
    "cwe_ids": [],
    "severity": "MODERATE",
    "github_reviewed": true,
    "github_reviewed_at": "2022-06-08T22:28:27Z",
    "nvd_published_at": null
  }
}