{
  "schema_version": "1.4.0",
  "id": "GHSA-8jfm-rgmg-3wq2",
  "modified": "2022-11-22T18:47:52Z",
  "published": "2022-05-14T01:09:51Z",
  "aliases": [
    "CVE-2016-5005"
  ],
  "summary": "Apache Archiva vulnerable to Cross-site Scripting",
  "details": "Cross-site scripting (XSS) vulnerability in Apache Archiva prior to version 2.2.1 allows remote authenticated administrators to inject arbitrary web script or HTML via the connector.sourceRepoId parameter to admin/addProxyConnector_commit.action.",
  "severity": [
    {
      "type": "CVSS_V3",
      "score": "CVSS:3.0/AV:N/AC:L/PR:H/UI:R/S:C/C:L/I:L/A:N"
    }
  ],
  "affected": [
    {
      "package": {
        "ecosystem": "Maven",
        "name": "org.apache.archiva:archiva"
      },
      "ranges": [
        {
          "type": "ECOSYSTEM",
          "events": [
            {
              "introduced": "0"
            },
            {
              "fixed": "2.2.1"
            }
          ]
        }
      ]
    }
  ],
  "references": [
    {
      "type": "ADVISORY",
      "url": "https://nvd.nist.gov/vuln/detail/CVE-2016-5005"
    },
    {
      "type": "PACKAGE",
      "url": "https://github.com/apache/archiva"
    },
    {
      "type": "WEB",
      "url": "https://lists.apache.org/thread.html/ff8dcfe29377088ab655fda9d585dccd5b1f07fabd94ae84fd60a7f8@%3Ccommits.pulsar.apache.org%3E"
    },
    {
      "type": "WEB",
      "url": "https://web.archive.org/web/20211208111430/https://securitytracker.com/id/1036475"
    },
    {
      "type": "WEB",
      "url": "http://packetstormsecurity.com/files/137870/Apache-Archiva-1.3.9-Cross-Site-Scripting.html"
    },
    {
      "type": "WEB",
      "url": "http://seclists.org/fulldisclosure/2016/Jul/38"
    },
    {
      "type": "WEB",
      "url": "http://www.securityfocus.com/archive/1/538878/100/0/threaded"
    },
    {
      "type": "WEB",
      "url": "http://www.securityfocus.com/bid/91707"
    }
  ],
  "database_specific": {
    "cwe_ids": [
      "CWE-79"
    ],
    "severity": "MODERATE",
    "github_reviewed": true,
    "github_reviewed_at": "2022-11-22T18:47:52Z",
    "nvd_published_at": "2016-07-28T16:59:00Z"
  }
}