{
  "schema_version": "1.4.0",
  "id": "GHSA-p986-hpr3-493p",
  "modified": "2024-01-30T23:01:54Z",
  "published": "2023-09-06T15:30:26Z",
  "aliases": [
    "CVE-2023-41947"
  ],
  "summary": "Missing permission checks in Jenkins Frugal Testing Plugin",
  "details": "A missing permission check in Jenkins Frugal Testing Plugin 1.1 and earlier allows attackers with Overall/Read permission to connect to Frugal Testing using attacker-specified credentials.",
  "severity": [
    {
      "type": "CVSS_V3",
      "score": "CVSS:3.1/AV:N/AC:L/PR:L/UI:N/S:U/C:L/I:N/A:N"
    }
  ],
  "affected": [
    {
      "package": {
        "ecosystem": "Maven",
        "name": "io.jenkins.plugins:frugal-testing"
      },
      "ranges": [
        {
          "type": "ECOSYSTEM",
          "events": [
            {
              "introduced": "0"
            },
            {
              "last_affected": "1.1"
            }
          ]
        }
      ]
    }
  ],
  "references": [
    {
      "type": "ADVISORY",
      "url": "https://nvd.nist.gov/vuln/detail/CVE-2023-41947"
    },
    {
      "type": "WEB",
      "url": "https://www.jenkins.io/security/advisory/2023-09-06/#SECURITY-3082"
    },
    {
      "type": "WEB",
      "url": "http://www.openwall.com/lists/oss-security/2023/09/06/9"
    }
  ],
  "database_specific": {
    "cwe_ids": [
      "CWE-862"
    ],
    "severity": "MODERATE",
    "github_reviewed": true,
    "github_reviewed_at": "2024-01-30T23:01:54Z",
    "nvd_published_at": "2023-09-06T13:15:11Z"
  }
}