{
  "schema_version": "1.4.0",
  "id": "GHSA-v62p-cjv8-35xh",
  "modified": "2024-11-21T23:19:17Z",
  "published": "2022-04-23T00:40:09Z",
  "aliases": [
    "CVE-2012-0051"
  ],
  "summary": "Tahoe-LAFS fails to ensure integrity",
  "details": "Tahoe-LAFS 1.9.0 fails to ensure integrity which allows remote attackers to corrupt mutable files or directories upon retrieval.",
  "severity": [],
  "affected": [
    {
      "package": {
        "ecosystem": "PyPI",
        "name": "tahoe-lafs"
      },
      "versions": [
        "1.9.0"
      ]
    }
  ],
  "references": [
    {
      "type": "ADVISORY",
      "url": "https://nvd.nist.gov/vuln/detail/CVE-2012-0051"
    },
    {
      "type": "WEB",
      "url": "https://github.com/pypa/advisory-database/tree/main/vulns/tahoe-lafs/PYSEC-2019-253.yaml"
    },
    {
      "type": "PACKAGE",
      "url": "https://github.com/tahoe-lafs/tahoe-lafs"
    },
    {
      "type": "WEB",
      "url": "https://security-tracker.debian.org/tracker/CVE-2012-0051"
    },
    {
      "type": "WEB",
      "url": "https://tahoe-lafs.org/trac/tahoe-lafs/ticket/1654"
    },
    {
      "type": "WEB",
      "url": "http://www.openwall.com/lists/oss-security/2012/01/15/11"
    },
    {
      "type": "WEB",
      "url": "http://www.openwall.com/lists/oss-security/2012/01/26/7"
    },
    {
      "type": "WEB",
      "url": "http://www.openwall.com/lists/oss-security/2012/01/26/8"
    },
    {
      "type": "WEB",
      "url": "http://www.openwall.com/lists/oss-security/2012/01/26/9"
    }
  ],
  "database_specific": {
    "cwe_ids": [],
    "severity": "MODERATE",
    "github_reviewed": true,
    "github_reviewed_at": "2024-11-21T23:19:17Z",
    "nvd_published_at": "2019-11-07T18:15:00Z"
  }
}