{
  "schema_version": "1.4.0",
  "id": "GHSA-gvjg-r9fv-7qx9",
  "modified": "2023-02-08T18:12:35Z",
  "published": "2022-05-17T03:44:52Z",
  "aliases": [
    "CVE-2015-5286"
  ],
  "summary": "OpenStack Image Service (Glance) allows remote authenticated users to bypass storage quota, cause denial of service",
  "details": "OpenStack Image Service (Glance) before 2014.2.4 (juno) and 2015.1.x before 2015.1.2 (kilo) allows remote authenticated users to bypass the storage quota and cause a denial of service (disk consumption) by deleting images that are being uploaded using a token that expires during the process.  NOTE: this vulnerability exists because of an incomplete fix for CVE-2014-9623.",
  "severity": [],
  "affected": [
    {
      "package": {
        "ecosystem": "PyPI",
        "name": "glance"
      },
      "ranges": [
        {
          "type": "ECOSYSTEM",
          "events": [
            {
              "introduced": "0"
            },
            {
              "fixed": "2014.2.4"
            }
          ]
        }
      ]
    },
    {
      "package": {
        "ecosystem": "PyPI",
        "name": "glance"
      },
      "ranges": [
        {
          "type": "ECOSYSTEM",
          "events": [
            {
              "introduced": "2015.1.0"
            },
            {
              "fixed": "2015.1.2"
            }
          ]
        }
      ]
    }
  ],
  "references": [
    {
      "type": "ADVISORY",
      "url": "https://nvd.nist.gov/vuln/detail/CVE-2015-5286"
    },
    {
      "type": "WEB",
      "url": "https://access.redhat.com/errata/RHSA-2015:1897"
    },
    {
      "type": "WEB",
      "url": "https://access.redhat.com/security/cve/CVE-2015-5286"
    },
    {
      "type": "WEB",
      "url": "https://bugs.launchpad.net/bugs/1498163"
    },
    {
      "type": "WEB",
      "url": "https://bugzilla.redhat.com/show_bug.cgi?id=1267516"
    },
    {
      "type": "PACKAGE",
      "url": "https://opendev.org/openstack/glance"
    },
    {
      "type": "WEB",
      "url": "https://rhn.redhat.com/errata/RHSA-2015-1897.html"
    },
    {
      "type": "WEB",
      "url": "https://security.openstack.org/ossa/OSSA-2015-020.html"
    },
    {
      "type": "WEB",
      "url": "https://web.archive.org/web/20200228024859/http://www.securityfocus.com/bid/76943"
    }
  ],
  "database_specific": {
    "cwe_ids": [
      "CWE-400"
    ],
    "severity": "MODERATE",
    "github_reviewed": true,
    "github_reviewed_at": "2023-02-08T18:12:35Z",
    "nvd_published_at": "2015-10-26T17:59:00Z"
  }
}