{
  "schema_version": "1.4.0",
  "id": "GHSA-jwvr-vv7p-gpwq",
  "modified": "2022-05-02T19:39:35Z",
  "published": "2022-05-02T19:39:35Z",
  "aliases": [
    "CVE-2021-36784"
  ],
  "summary": "Privilege escalation for users with create/update permissions in Global Roles in Rancher",
  "details": "### Impact\nThis vulnerability affects customers who utilize non-admin users that are able to create or edit [Global Roles](https://rancher.com/docs/rancher/v2.6/en/admin-settings/rbac/). The most common use case for this scenario is the [`restricted-admin`](https://rancher.com/docs/rancher/v2.6/en/admin-settings/rbac/global-permissions/#restricted-admin) role.\n\nA flaw was discovered in Rancher versions from 2.5.0 up to and including 2.5.12 and from 2.6.0 up to and including 2.6.3 which allows users who have create or update permissions on Global Roles to escalate their permissions, or those of another user, to admin-level permissions. Global Roles grant users Rancher-wide permissions, such as the ability to create clusters. In the identified versions of Rancher, when users are given permission to edit or create Global Roles, they are not restricted to only granting permissions which they already posses.\n\nThe privilege escalation can be taken advantage of in two ways by users with create or update permissions on Global Roles (including the `restricted-admin`):\n\n1. Editing the global `admin` role to make it the default for new users, then creating a new user that will be elevated to the global `admin` role.\n2. Creating a new global role with permissions already possessed by the `restricted-admin`, assigning this new role to a user, then modifying the global role to grant additional administrive like permissions (`'*'`) to the elevated user.\n\n### Patches\nPatched versions include releases 2.5.13, 2.6.4 and later versions.\n\n### Workarounds\nLimit access in Rancher to trusted users. There is not a direct mitigation besides upgrading to the patched Rancher versions.\n\n**Note:** If you have users who have create or edit permissions on Global Roles but are not admin users (for example, the `restricted-admin`), it is highly advised to review the roles and users created by those users for possible privilege escalations.\n\n### For more information\nIf you have any questions or comments about this advisory:\n* Reach out to [SUSE Rancher Security team](https://github.com/rancher/rancher/security/policy) for security related inquiries.\n* Open an issue in [Rancher](https://github.com/rancher/rancher/issues/new/choose) repository.\n* Verify our [support matrix](https://www.suse.com/suse-rancher/support-matrix/all-supported-versions/) and [product support lifecycle](https://www.suse.com/lifecycle/).",
  "severity": [
    {
      "type": "CVSS_V3",
      "score": "CVSS:3.1/AV:N/AC:L/PR:H/UI:N/S:U/C:N/I:H/A:H"
    }
  ],
  "affected": [
    {
      "package": {
        "ecosystem": "Go",
        "name": "github.com/rancher/rancher"
      },
      "ranges": [
        {
          "type": "ECOSYSTEM",
          "events": [
            {
              "introduced": "2.6.0"
            },
            {
              "fixed": "2.6.4"
            }
          ]
        }
      ]
    },
    {
      "package": {
        "ecosystem": "Go",
        "name": "github.com/rancher/rancher"
      },
      "ranges": [
        {
          "type": "ECOSYSTEM",
          "events": [
            {
              "introduced": "2.5.0"
            },
            {
              "fixed": "2.5.13"
            }
          ]
        }
      ]
    }
  ],
  "references": [
    {
      "type": "WEB",
      "url": "https://github.com/rancher/rancher/security/advisories/GHSA-jwvr-vv7p-gpwq"
    },
    {
      "type": "ADVISORY",
      "url": "https://nvd.nist.gov/vuln/detail/CVE-2021-36784"
    },
    {
      "type": "WEB",
      "url": "https://bugzilla.suse.com/show_bug.cgi?id=1193991"
    },
    {
      "type": "WEB",
      "url": "https://github.com/rancher/rancher/releases/tag/v2.5.13"
    },
    {
      "type": "WEB",
      "url": "https://github.com/rancher/rancher/releases/tag/v2.6.4"
    },
    {
      "type": "PACKAGE",
      "url": "github.com/rancher/rancher"
    }
  ],
  "database_specific": {
    "cwe_ids": [
      "CWE-269",
      "CWE-285"
    ],
    "severity": "MODERATE",
    "github_reviewed": true,
    "github_reviewed_at": "2022-05-02T19:39:35Z",
    "nvd_published_at": "2022-05-02T12:16:00Z"
  }
}