{
  "schema_version": "1.4.0",
  "id": "GHSA-q67f-3jq4-mww2",
  "modified": "2022-03-11T20:36:49Z",
  "published": "2022-03-05T00:00:45Z",
  "aliases": [
    "CVE-2022-0831"
  ],
  "summary": "Cross-site Scripting in Pimcore",
  "details": "Pimcore version 10.3.2 and prior is vulnerable to stored cross-site scripting. A patch is available and anticipated to be part of version 10.3.3.",
  "severity": [
    {
      "type": "CVSS_V3",
      "score": "CVSS:3.1/AV:N/AC:L/PR:L/UI:R/S:C/C:L/I:L/A:N"
    }
  ],
  "affected": [
    {
      "package": {
        "ecosystem": "Packagist",
        "name": "pimcore/pimcore"
      },
      "ranges": [
        {
          "type": "ECOSYSTEM",
          "events": [
            {
              "introduced": "0"
            },
            {
              "fixed": "10.3.3"
            }
          ]
        }
      ],
      "database_specific": {
        "last_known_affected_version_range": "<= 10.3.2"
      }
    }
  ],
  "references": [
    {
      "type": "ADVISORY",
      "url": "https://nvd.nist.gov/vuln/detail/CVE-2022-0831"
    },
    {
      "type": "WEB",
      "url": "https://github.com/pimcore/pimcore/commit/e786fd44aac46febdbf916ed6c328fbe645d80bf"
    },
    {
      "type": "PACKAGE",
      "url": "https://github.com/pimcore/pimcore"
    },
    {
      "type": "WEB",
      "url": "https://huntr.dev/bounties/4152e3a7-27a1-49eb-a6eb-a57506af104f"
    }
  ],
  "database_specific": {
    "cwe_ids": [
      "CWE-79"
    ],
    "severity": "MODERATE",
    "github_reviewed": true,
    "github_reviewed_at": "2022-03-11T20:36:49Z",
    "nvd_published_at": "2022-03-04T14:15:00Z"
  }
}