{
  "schema_version": "1.4.0",
  "id": "GHSA-gv26-qw3h-8qvp",
  "modified": "2025-03-21T17:30:48Z",
  "published": "2025-03-20T12:32:46Z",
  "aliases": [
    "CVE-2024-7046"
  ],
  "summary": "Open WebUI Allows Viewing of Admin Details",
  "details": "An improper access control vulnerability in open-webui/open-webui v0.3.8 allows an attacker to view admin details. The application does not verify whether the attacker is an administrator, allowing the attacker to directly call the /api/v1/auths/admin/details interface to retrieve the first admin (owner) details.",
  "severity": [
    {
      "type": "CVSS_V3",
      "score": "CVSS:3.0/AV:N/AC:L/PR:L/UI:N/S:U/C:L/I:N/A:N"
    }
  ],
  "affected": [
    {
      "package": {
        "ecosystem": "PyPI",
        "name": "open-webui"
      },
      "ranges": [
        {
          "type": "ECOSYSTEM",
          "events": [
            {
              "introduced": "0"
            },
            {
              "last_affected": "0.3.8"
            }
          ]
        }
      ]
    }
  ],
  "references": [
    {
      "type": "ADVISORY",
      "url": "https://nvd.nist.gov/vuln/detail/CVE-2024-7046"
    },
    {
      "type": "PACKAGE",
      "url": "https://github.com/open-webui/open-webui"
    },
    {
      "type": "WEB",
      "url": "https://huntr.com/bounties/684185e4-6766-4638-b08a-0de9c2820aee"
    }
  ],
  "database_specific": {
    "cwe_ids": [
      "CWE-475"
    ],
    "severity": "MODERATE",
    "github_reviewed": true,
    "github_reviewed_at": "2025-03-21T17:30:48Z",
    "nvd_published_at": "2025-03-20T10:15:36Z"
  }
}