{
  "schema_version": "1.4.0",
  "id": "GHSA-g66v-3v62-g375",
  "modified": "2023-05-02T12:32:20Z",
  "published": "2023-04-21T03:30:36Z",
  "aliases": [
    "CVE-2023-2202"
  ],
  "summary": "RosarioSIS improper access control vulnerability",
  "details": "RosarioSIS prior to version 10.9.3 has a vulnerability that allows a user to return to a page containing personally identifiable information (PII) and sensitive information even after logging out of the application by using the browser's back button.",
  "severity": [
    {
      "type": "CVSS_V3",
      "score": "CVSS:3.1/AV:N/AC:L/PR:L/UI:N/S:U/C:H/I:N/A:N"
    }
  ],
  "affected": [
    {
      "package": {
        "ecosystem": "Packagist",
        "name": "francoisjacquet/rosariosis"
      },
      "ranges": [
        {
          "type": "ECOSYSTEM",
          "events": [
            {
              "introduced": "0"
            },
            {
              "fixed": "10.9.3"
            }
          ]
        }
      ]
    }
  ],
  "references": [
    {
      "type": "ADVISORY",
      "url": "https://nvd.nist.gov/vuln/detail/CVE-2023-2202"
    },
    {
      "type": "WEB",
      "url": "https://github.com/francoisjacquet/rosariosis/commit/6433946abfb34324616e833b1c00d0b2450753be"
    },
    {
      "type": "PACKAGE",
      "url": "https://github.com/francoisjacquet/rosariosis"
    },
    {
      "type": "WEB",
      "url": "https://github.com/francoisjacquet/rosariosis/compare/v10.9.2...v10.9.3"
    },
    {
      "type": "WEB",
      "url": "https://huntr.dev/bounties/efe6ef47-d17c-4773-933a-4836c32db85c"
    }
  ],
  "database_specific": {
    "cwe_ids": [
      "CWE-284"
    ],
    "severity": "MODERATE",
    "github_reviewed": true,
    "github_reviewed_at": "2023-04-24T20:19:30Z",
    "nvd_published_at": "2023-04-21T02:15:07Z"
  }
}