{
  "schema_version": "1.4.0",
  "id": "GHSA-w393-h95m-f879",
  "modified": "2023-09-28T20:30:19Z",
  "published": "2022-05-14T00:52:11Z",
  "aliases": [
    "CVE-2019-9648"
  ],
  "summary": "CoreFTP Directory Traversal",
  "details": "An issue was discovered in the SFTP Server component in Core FTP 2.0 Build 674. A directory traversal vulnerability exists using the SIZE command along with a `\\..\\..\\` substring, allowing an attacker to enumerate file existence based on the returned information.",
  "severity": [
    {
      "type": "CVSS_V3",
      "score": "CVSS:3.0/AV:N/AC:L/PR:N/UI:N/S:U/C:L/I:N/A:N"
    }
  ],
  "affected": [
    {
      "package": {
        "ecosystem": "NuGet",
        "name": "CoreFtp"
      },
      "ranges": [
        {
          "type": "ECOSYSTEM",
          "events": [
            {
              "introduced": "0"
            },
            {
              "last_affected": "2.0"
            }
          ]
        }
      ]
    }
  ],
  "references": [
    {
      "type": "ADVISORY",
      "url": "https://nvd.nist.gov/vuln/detail/CVE-2019-9648"
    },
    {
      "type": "PACKAGE",
      "url": "https://github.com/sparkeh9/CoreFTP"
    },
    {
      "type": "WEB",
      "url": "https://seclists.org/fulldisclosure/2019/Mar/23"
    },
    {
      "type": "WEB",
      "url": "https://web.archive.org/web/20210125013812/https://www.securityfocus.com/bid/107446"
    },
    {
      "type": "WEB",
      "url": "https://www.exploit-db.com/exploits/46535"
    },
    {
      "type": "WEB",
      "url": "http://packetstormsecurity.com/files/154204/CoreFTP-Server-SIZE-Directory-Traversal.html"
    },
    {
      "type": "WEB",
      "url": "http://seclists.org/fulldisclosure/2019/Aug/21"
    },
    {
      "type": "WEB",
      "url": "http://www.coreftp.com/forums/viewtopic.php?f=15&t=4022509"
    }
  ],
  "database_specific": {
    "cwe_ids": [
      "CWE-22"
    ],
    "severity": "MODERATE",
    "github_reviewed": true,
    "github_reviewed_at": "2023-07-19T21:32:55Z",
    "nvd_published_at": "2019-03-22T19:29:00Z"
  }
}