{
  "schema_version": "1.4.0",
  "id": "GHSA-rc3x-jf5g-xvc5",
  "modified": "2022-03-09T21:08:20Z",
  "published": "2022-02-26T00:00:38Z",
  "aliases": [
    "CVE-2021-23495"
  ],
  "summary": "Open redirect in karma",
  "details": "Karma before 6.3.16 is vulnerable to Open Redirect due to missing validation of the return_url query parameter.",
  "severity": [
    {
      "type": "CVSS_V3",
      "score": "CVSS:3.1/AV:N/AC:L/PR:N/UI:R/S:U/C:L/I:L/A:N"
    }
  ],
  "affected": [
    {
      "package": {
        "ecosystem": "npm",
        "name": "karma"
      },
      "ranges": [
        {
          "type": "ECOSYSTEM",
          "events": [
            {
              "introduced": "0"
            },
            {
              "fixed": "6.3.16"
            }
          ]
        }
      ]
    }
  ],
  "references": [
    {
      "type": "ADVISORY",
      "url": "https://nvd.nist.gov/vuln/detail/CVE-2021-23495"
    },
    {
      "type": "WEB",
      "url": "https://github.com/karma-runner/karma/commit/ff7edbb2ffbcdd69761bece86b7dc1ef0740508d"
    },
    {
      "type": "PACKAGE",
      "url": "https://github.com/karma-runner/karma"
    },
    {
      "type": "WEB",
      "url": "https://snyk.io/vuln/SNYK-JAVA-ORGWEBJARSNPM-2412347"
    },
    {
      "type": "WEB",
      "url": "https://snyk.io/vuln/SNYK-JS-KARMA-2396325"
    }
  ],
  "database_specific": {
    "cwe_ids": [
      "CWE-601"
    ],
    "severity": "MODERATE",
    "github_reviewed": true,
    "github_reviewed_at": "2022-03-01T19:17:53Z",
    "nvd_published_at": "2022-02-25T20:15:00Z"
  }
}