{
  "schema_version": "1.4.0",
  "id": "GHSA-vcvg-g8p2-3hqr",
  "modified": "2022-11-23T21:48:11Z",
  "published": "2022-11-22T15:30:26Z",
  "aliases": [
    "CVE-2022-42094"
  ],
  "summary": "Cross-site Scripting in Backdrop CMS",
  "details": "Backdrop CMS version 1.23.0 was discovered to contain a stored cross-site scripting (XSS) vulnerability via the 'Card' content.",
  "severity": [
    {
      "type": "CVSS_V3",
      "score": "CVSS:3.1/AV:N/AC:L/PR:H/UI:R/S:C/C:L/I:L/A:N"
    }
  ],
  "affected": [
    {
      "package": {
        "ecosystem": "Packagist",
        "name": "backdrop/backdrop"
      },
      "ranges": [
        {
          "type": "ECOSYSTEM",
          "events": [
            {
              "introduced": "0"
            },
            {
              "last_affected": "1.23.0"
            }
          ]
        }
      ]
    }
  ],
  "references": [
    {
      "type": "ADVISORY",
      "url": "https://nvd.nist.gov/vuln/detail/CVE-2022-42094"
    },
    {
      "type": "WEB",
      "url": "https://github.com/backdrop/backdrop/releases/tag/1.23.0"
    },
    {
      "type": "WEB",
      "url": "https://github.com/bypazs/CVE-2022-42094"
    },
    {
      "type": "WEB",
      "url": "https://grimthereaperteam.medium.com/cve-2022-42094-backdrop-xss-at-cards-84266b5250f1"
    }
  ],
  "database_specific": {
    "cwe_ids": [
      "CWE-79"
    ],
    "severity": "MODERATE",
    "github_reviewed": true,
    "github_reviewed_at": "2022-11-22T19:14:25Z",
    "nvd_published_at": "2022-11-22T13:15:00Z"
  }
}