{
  "schema_version": "1.4.0",
  "id": "GHSA-f8wg-36r9-7f4q",
  "modified": "2024-10-21T21:00:14Z",
  "published": "2022-05-01T18:45:57Z",
  "aliases": [
    "CVE-2007-6736"
  ],
  "summary": "Directory Traversal in pyftpdlib",
  "details": "Python FTP server library provides a high-level portable interface to easily write very efficient, scalable and asynchronous FTP servers with Python. Multiple directory traversal vulnerabilities in FTPServer.py in pyftpdlib before 0.2.0 allow remote authenticated users to access arbitrary files and directories via a .. (dot dot) in a (1) LIST, (2) STOR, or (3) RETR command.",
  "severity": [
    {
      "type": "CVSS_V3",
      "score": "CVSS:3.1/AV:N/AC:L/PR:L/UI:N/S:U/C:L/I:L/A:L"
    },
    {
      "type": "CVSS_V4",
      "score": "CVSS:4.0/AV:N/AC:L/AT:N/PR:L/UI:N/VC:L/VI:L/VA:L/SC:N/SI:N/SA:N"
    }
  ],
  "affected": [
    {
      "package": {
        "ecosystem": "PyPI",
        "name": "pyftpdlib"
      },
      "ranges": [
        {
          "type": "ECOSYSTEM",
          "events": [
            {
              "introduced": "0"
            },
            {
              "fixed": "0.2.0"
            }
          ]
        }
      ]
    }
  ],
  "references": [
    {
      "type": "ADVISORY",
      "url": "https://nvd.nist.gov/vuln/detail/CVE-2007-6736"
    },
    {
      "type": "WEB",
      "url": "https://github.com/giampaolo/pyftpdlib/issues/9"
    },
    {
      "type": "ADVISORY",
      "url": "https://github.com/advisories/GHSA-f8wg-36r9-7f4q"
    },
    {
      "type": "PACKAGE",
      "url": "https://github.com/giampaolo/pyftpdlib"
    },
    {
      "type": "WEB",
      "url": "https://github.com/pypa/advisory-database/tree/main/vulns/pyftpdlib/PYSEC-2010-20.yaml"
    },
    {
      "type": "WEB",
      "url": "http://code.google.com/p/pyftpdlib/issues/detail?id=9"
    },
    {
      "type": "WEB",
      "url": "http://code.google.com/p/pyftpdlib/source/browse/trunk/HISTORY"
    },
    {
      "type": "WEB",
      "url": "http://code.google.com/p/pyftpdlib/source/detail?r=16"
    },
    {
      "type": "WEB",
      "url": "http://code.google.com/p/pyftpdlib/source/diff?spec=svn16&r=16&format=side&path=/trunk/pyftpdlib/FTPServer.py"
    }
  ],
  "database_specific": {
    "cwe_ids": [
      "CWE-22"
    ],
    "severity": "MODERATE",
    "github_reviewed": true,
    "github_reviewed_at": "2022-06-08T22:28:53Z",
    "nvd_published_at": "2010-10-19T20:00:00Z"
  }
}