{
  "schema_version": "1.4.0",
  "id": "GHSA-3wmg-28v9-8hf6",
  "modified": "2022-11-10T14:31:18Z",
  "published": "2022-11-09T19:02:23Z",
  "aliases": [
    "CVE-2022-43120"
  ],
  "summary": "Subrion CMS is vulnerable to Cross-Site Scripting (XSS)",
  "details": "A cross-site scripting (XSS) vulnerability in the /panel/fields/add component of Intelliants Subrion CMS version 4.2.1 allows attackers to execute arbitrary web scripts or HTML via a crafted payload injected into the Field default value text field.",
  "severity": [
    {
      "type": "CVSS_V3",
      "score": "CVSS:3.1/AV:N/AC:L/PR:N/UI:R/S:C/C:L/I:L/A:N"
    }
  ],
  "affected": [
    {
      "package": {
        "ecosystem": "Packagist",
        "name": "intelliants/subrion"
      },
      "ranges": [
        {
          "type": "ECOSYSTEM",
          "events": [
            {
              "introduced": "0"
            },
            {
              "last_affected": "4.2.1"
            }
          ]
        }
      ]
    }
  ],
  "references": [
    {
      "type": "ADVISORY",
      "url": "https://nvd.nist.gov/vuln/detail/CVE-2022-43120"
    },
    {
      "type": "WEB",
      "url": "https://github.com/intelliants/subrion/issues/894"
    },
    {
      "type": "PACKAGE",
      "url": "https://github.com/intelliants/subrion"
    }
  ],
  "database_specific": {
    "cwe_ids": [
      "CWE-79"
    ],
    "severity": "MODERATE",
    "github_reviewed": true,
    "github_reviewed_at": "2022-11-09T20:57:15Z",
    "nvd_published_at": "2022-11-09T16:15:00Z"
  }
}