{
  "schema_version": "1.4.0",
  "id": "GHSA-hj4c-vfc4-5f9c",
  "modified": "2023-12-13T18:58:40Z",
  "published": "2023-12-10T21:30:27Z",
  "aliases": [
    "CVE-2022-48614"
  ],
  "summary": "Cross-site Scripting in Semantic MediaWiki",
  "details": "Special:Ask in Semantic MediaWiki before 4.0.2 allows Reflected XSS.",
  "severity": [
    {
      "type": "CVSS_V3",
      "score": "CVSS:3.1/AV:N/AC:L/PR:N/UI:R/S:C/C:L/I:L/A:N"
    }
  ],
  "affected": [
    {
      "package": {
        "ecosystem": "Packagist",
        "name": "mediawiki/semantic-media-wiki"
      },
      "ranges": [
        {
          "type": "ECOSYSTEM",
          "events": [
            {
              "introduced": "0"
            },
            {
              "fixed": "4.0.2"
            }
          ]
        }
      ]
    }
  ],
  "references": [
    {
      "type": "ADVISORY",
      "url": "https://nvd.nist.gov/vuln/detail/CVE-2022-48614"
    },
    {
      "type": "WEB",
      "url": "https://github.com/SemanticMediaWiki/SemanticMediaWiki/issues/5262"
    },
    {
      "type": "WEB",
      "url": "https://github.com/SemanticMediaWiki/SemanticMediaWiki/commit/604968d44fcdfcbb7f1e00c5d662ca5d5a3a5613"
    },
    {
      "type": "WEB",
      "url": "https://github.com/FriendsOfPHP/security-advisories/blob/master/mediawiki/semantic-media-wiki/CVE-2022-48614.yaml"
    },
    {
      "type": "PACKAGE",
      "url": "https://github.com/SemanticMediaWiki/SemanticMediaWiki"
    },
    {
      "type": "WEB",
      "url": "https://www.semantic-mediawiki.org/wiki/Semantic_MediaWiki_4.0.2"
    }
  ],
  "database_specific": {
    "cwe_ids": [
      "CWE-79"
    ],
    "severity": "MODERATE",
    "github_reviewed": true,
    "github_reviewed_at": "2023-12-11T21:47:36Z",
    "nvd_published_at": "2023-12-10T19:15:07Z"
  }
}