{
  "schema_version": "1.4.0",
  "id": "GHSA-mpjm-v997-c4h4",
  "modified": "2022-08-11T16:56:02Z",
  "published": "2021-10-12T21:59:13Z",
  "aliases": [
    "CVE-2021-39184"
  ],
  "summary": "Electron's sandboxed renderers can obtain thumbnails of arbitrary files through the nativeImage API",
  "details": "### Impact\nThis vulnerability allows a sandboxed renderer to request a \"thumbnail\" image of an arbitrary file on the user's system. The thumbnail can potentially include significant parts of the original file, including textual data in many cases.\n\nAll current stable versions of Electron are affected.\n\n### Patches\nThis was fixed with #30728, and the following Electron versions contain the fix:\n\n- 15.0.0-alpha.10\n- 14.0.0\n- 13.3.0\n- 12.1.0\n- 11.5.0\n\n### Workarounds\nIf your app enables `contextIsolation`, this vulnerability is significantly more difficult for an attacker to exploit.\n\nFurther, if your app does not depend on the `createThumbnailFromPath` API, then you can simply disable the functionality. In the main process, before the 'ready' event:\n```js\ndelete require('electron').nativeImage.createThumbnailFromPath\n```\n\n### For more information\nIf you have any questions or comments about this advisory, email us at [security@electronjs.org](mailto:security@electronjs.org).",
  "severity": [
    {
      "type": "CVSS_V3",
      "score": "CVSS:3.1/AV:N/AC:H/PR:N/UI:N/S:C/C:H/I:N/A:N"
    }
  ],
  "affected": [
    {
      "package": {
        "ecosystem": "npm",
        "name": "electron"
      },
      "ranges": [
        {
          "type": "ECOSYSTEM",
          "events": [
            {
              "introduced": "0"
            },
            {
              "fixed": "11.5.0"
            }
          ]
        }
      ]
    },
    {
      "package": {
        "ecosystem": "npm",
        "name": "electron"
      },
      "ranges": [
        {
          "type": "ECOSYSTEM",
          "events": [
            {
              "introduced": "12.0.0"
            },
            {
              "fixed": "12.1.0"
            }
          ]
        }
      ]
    },
    {
      "package": {
        "ecosystem": "npm",
        "name": "electron"
      },
      "ranges": [
        {
          "type": "ECOSYSTEM",
          "events": [
            {
              "introduced": "13.0.0"
            },
            {
              "fixed": "13.3.0"
            }
          ]
        }
      ]
    }
  ],
  "references": [
    {
      "type": "WEB",
      "url": "https://github.com/electron/electron/security/advisories/GHSA-mpjm-v997-c4h4"
    },
    {
      "type": "ADVISORY",
      "url": "https://nvd.nist.gov/vuln/detail/CVE-2021-39184"
    },
    {
      "type": "WEB",
      "url": "https://github.com/electron/electron/pull/30728"
    },
    {
      "type": "WEB",
      "url": "https://github.com/electron/electron/pull/30728/commits/8fed645bd671f359ee52d806c075ec4e07eda17f"
    },
    {
      "type": "PACKAGE",
      "url": "https://github.com/electron/electron"
    }
  ],
  "database_specific": {
    "cwe_ids": [
      "CWE-668",
      "CWE-862"
    ],
    "severity": "MODERATE",
    "github_reviewed": true,
    "github_reviewed_at": "2021-10-12T18:54:44Z",
    "nvd_published_at": "2021-10-12T19:15:00Z"
  }
}