{
  "schema_version": "1.4.0",
  "id": "GHSA-28mg-98xm-q493",
  "modified": "2024-09-12T20:36:10Z",
  "published": "2022-03-08T00:00:32Z",
  "aliases": [
    "CVE-2022-0697"
  ],
  "summary": "Open Redirect in archivy",
  "details": "archivy prior to version 1.7.1 is vulnerable to open redirect.",
  "severity": [
    {
      "type": "CVSS_V3",
      "score": "CVSS:3.1/AV:N/AC:L/PR:N/UI:R/S:C/C:L/I:L/A:N"
    },
    {
      "type": "CVSS_V4",
      "score": "CVSS:4.0/AV:N/AC:L/AT:N/PR:N/UI:P/VC:N/VI:N/VA:N/SC:L/SI:L/SA:N"
    }
  ],
  "affected": [
    {
      "package": {
        "ecosystem": "PyPI",
        "name": "archivy"
      },
      "ranges": [
        {
          "type": "ECOSYSTEM",
          "events": [
            {
              "introduced": "0"
            },
            {
              "fixed": "1.7.1"
            }
          ]
        }
      ]
    }
  ],
  "references": [
    {
      "type": "ADVISORY",
      "url": "https://nvd.nist.gov/vuln/detail/CVE-2022-0697"
    },
    {
      "type": "WEB",
      "url": "https://github.com/archivy/archivy/commit/2d8cb29853190d42572b36deb61127e68d6be574"
    },
    {
      "type": "ADVISORY",
      "url": "https://github.com/advisories/GHSA-28mg-98xm-q493"
    },
    {
      "type": "PACKAGE",
      "url": "https://github.com/archivy/archivy"
    },
    {
      "type": "WEB",
      "url": "https://github.com/archivy/archivy/releases/tag/v1.7.1"
    },
    {
      "type": "WEB",
      "url": "https://github.com/pypa/advisory-database/tree/main/vulns/archivy/PYSEC-2022-161.yaml"
    },
    {
      "type": "WEB",
      "url": "https://huntr.dev/bounties/2d0301a2-10ff-48f4-a346-5a0e8707835b"
    }
  ],
  "database_specific": {
    "cwe_ids": [
      "CWE-601"
    ],
    "severity": "MODERATE",
    "github_reviewed": true,
    "github_reviewed_at": "2022-03-08T17:48:14Z",
    "nvd_published_at": null
  }
}