{
  "schema_version": "1.4.0",
  "id": "GHSA-9w3m-gqgf-c4p9",
  "modified": "2024-03-15T12:30:35Z",
  "published": "2022-09-06T00:00:27Z",
  "aliases": [
    "CVE-2022-38752"
  ],
  "summary": "snakeYAML before 1.32 vulnerable to Denial of Service due to Out-of-bounds Write",
  "details": "Using snakeYAML to parse untrusted YAML files may be vulnerable to Denial of Service attacks (DoS). If the parser is running on user supplied input, an attacker may supply content that causes the parser to crash by stack-overflow.",
  "severity": [
    {
      "type": "CVSS_V3",
      "score": "CVSS:3.1/AV:N/AC:L/PR:L/UI:N/S:U/C:N/I:N/A:H"
    }
  ],
  "affected": [
    {
      "package": {
        "ecosystem": "Maven",
        "name": "org.yaml:snakeyaml"
      },
      "ranges": [
        {
          "type": "ECOSYSTEM",
          "events": [
            {
              "introduced": "0"
            },
            {
              "fixed": "1.32"
            }
          ]
        }
      ]
    }
  ],
  "references": [
    {
      "type": "ADVISORY",
      "url": "https://nvd.nist.gov/vuln/detail/CVE-2022-38752"
    },
    {
      "type": "PACKAGE",
      "url": "https://bitbucket.org/snakeyaml/snakeyaml"
    },
    {
      "type": "WEB",
      "url": "https://bitbucket.org/snakeyaml/snakeyaml/issues/531/stackoverflow-oss-fuzz-47081"
    },
    {
      "type": "WEB",
      "url": "https://bugs.chromium.org/p/oss-fuzz/issues/detail?id=47081"
    },
    {
      "type": "WEB",
      "url": "https://security.gentoo.org/glsa/202305-28"
    },
    {
      "type": "WEB",
      "url": "https://security.netapp.com/advisory/ntap-20240315-0009"
    }
  ],
  "database_specific": {
    "cwe_ids": [
      "CWE-121",
      "CWE-787"
    ],
    "severity": "MODERATE",
    "github_reviewed": true,
    "github_reviewed_at": "2022-09-13T21:29:45Z",
    "nvd_published_at": "2022-09-05T10:15:00Z"
  }
}