{
  "schema_version": "1.4.0",
  "id": "GHSA-6vx5-cg2p-7g5v",
  "modified": "2022-03-22T21:37:48Z",
  "published": "2022-03-12T00:00:35Z",
  "aliases": [
    "CVE-2022-0912"
  ],
  "summary": "Unrestricted Upload of File with Dangerous Type in microweber",
  "details": "Unrestricted Upload of File with Dangerous Type in GitHub repository microweber/microweber prior to 1.2.12.",
  "severity": [
    {
      "type": "CVSS_V3",
      "score": "CVSS:3.1/AV:N/AC:L/PR:H/UI:R/S:C/C:L/I:L/A:N"
    }
  ],
  "affected": [
    {
      "package": {
        "ecosystem": "Packagist",
        "name": "microweber/microweber"
      },
      "ranges": [
        {
          "type": "ECOSYSTEM",
          "events": [
            {
              "introduced": "0"
            },
            {
              "fixed": "1.2.12"
            }
          ]
        }
      ]
    }
  ],
  "references": [
    {
      "type": "ADVISORY",
      "url": "https://nvd.nist.gov/vuln/detail/CVE-2022-0912"
    },
    {
      "type": "WEB",
      "url": "https://github.com/microweber/microweber/commit/24245297231f5dc88bb3a2b20d0e4e25b0ebc789"
    },
    {
      "type": "PACKAGE",
      "url": "https://github.com/microweber/microweber"
    },
    {
      "type": "WEB",
      "url": "https://huntr.dev/bounties/ae5bb359-7e53-498b-848e-540c05b44c54"
    }
  ],
  "database_specific": {
    "cwe_ids": [
      "CWE-434"
    ],
    "severity": "MODERATE",
    "github_reviewed": true,
    "github_reviewed_at": "2022-03-14T23:18:58Z",
    "nvd_published_at": "2022-03-11T10:15:00Z"
  }
}