{
  "schema_version": "1.4.0",
  "id": "GHSA-374w-gwqr-fmxg",
  "modified": "2022-07-21T15:23:45Z",
  "published": "2022-06-17T21:46:14Z",
  "aliases": [
    "CVE-2022-33154"
  ],
  "summary": "brotkrueml/schema fails to properly encode user input for output in HTML context, leading to XSS",
  "details": "The extension fails to properly encode user input for output in HTML context. A TYPO3 backend user account is required to exploit the vulnerability.",
  "severity": [
    {
      "type": "CVSS_V3",
      "score": "CVSS:3.1/AV:N/AC:L/PR:L/UI:R/S:C/C:L/I:L/A:N"
    }
  ],
  "affected": [
    {
      "package": {
        "ecosystem": "Packagist",
        "name": "brotkrueml/schema"
      },
      "ranges": [
        {
          "type": "ECOSYSTEM",
          "events": [
            {
              "introduced": "2.0.0"
            },
            {
              "fixed": "2.5.1"
            }
          ]
        }
      ]
    },
    {
      "package": {
        "ecosystem": "Packagist",
        "name": "brotkrueml/schema"
      },
      "ranges": [
        {
          "type": "ECOSYSTEM",
          "events": [
            {
              "introduced": "0"
            },
            {
              "fixed": "1.13.1"
            }
          ]
        }
      ]
    }
  ],
  "references": [
    {
      "type": "ADVISORY",
      "url": "https://nvd.nist.gov/vuln/detail/CVE-2022-33154"
    },
    {
      "type": "WEB",
      "url": "https://github.com/FriendsOfPHP/security-advisories/blob/master/brotkrueml/schema/CVE-2022-33154.yaml"
    },
    {
      "type": "PACKAGE",
      "url": "https://github.com/brotkrueml/schema"
    },
    {
      "type": "WEB",
      "url": "https://typo3.org/security/advisory/typo3-ext-sa-2022-012"
    }
  ],
  "database_specific": {
    "cwe_ids": [
      "CWE-79"
    ],
    "severity": "MODERATE",
    "github_reviewed": true,
    "github_reviewed_at": "2022-06-17T21:46:14Z",
    "nvd_published_at": "2022-07-12T22:15:00Z"
  }
}