{
  "schema_version": "1.4.0",
  "id": "GHSA-hw26-fw67-qxm9",
  "modified": "2023-01-06T17:05:22Z",
  "published": "2022-05-24T17:08:46Z",
  "aliases": [
    "CVE-2020-2112"
  ],
  "summary": "Jenkins Git Parameter Plugin vulnerable to Stored cross-site scripting (XSS)",
  "details": "Jenkins Git Parameter Plugin 0.9.11 and earlier does not escape the parameter name shown on the UI, resulting in a stored cross-site scripting vulnerability exploitable by users with Job/Configure permission.",
  "severity": [
    {
      "type": "CVSS_V3",
      "score": "CVSS:3.1/AV:N/AC:L/PR:L/UI:R/S:C/C:L/I:L/A:N"
    }
  ],
  "affected": [
    {
      "package": {
        "ecosystem": "Maven",
        "name": "org.jenkins-ci.tools:git-parameter"
      },
      "ranges": [
        {
          "type": "ECOSYSTEM",
          "events": [
            {
              "introduced": "0"
            },
            {
              "fixed": "0.9.12"
            }
          ]
        }
      ],
      "database_specific": {
        "last_known_affected_version_range": "<= 0.9.11"
      }
    }
  ],
  "references": [
    {
      "type": "ADVISORY",
      "url": "https://nvd.nist.gov/vuln/detail/CVE-2020-2112"
    },
    {
      "type": "WEB",
      "url": "https://github.com/jenkinsci/git-parameter-plugin/commit/6fd933c5b1af4ec5dc27edfe2c74931dbff69012"
    },
    {
      "type": "PACKAGE",
      "url": "https://github.com/jenkinsci/git-parameter-plugin"
    },
    {
      "type": "WEB",
      "url": "https://jenkins.io/security/advisory/2020-02-12/#SECURITY-1709"
    },
    {
      "type": "WEB",
      "url": "http://www.openwall.com/lists/oss-security/2020/02/12/3"
    }
  ],
  "database_specific": {
    "cwe_ids": [
      "CWE-79"
    ],
    "severity": "MODERATE",
    "github_reviewed": true,
    "github_reviewed_at": "2023-01-06T17:05:22Z",
    "nvd_published_at": "2020-02-12T15:15:00Z"
  }
}