{
  "schema_version": "1.4.0",
  "id": "GHSA-9p54-pc88-36c4",
  "modified": "2024-01-17T15:51:20Z",
  "published": "2022-05-13T01:13:15Z",
  "aliases": [
    "CVE-2011-4300"
  ],
  "summary": "Moodle does not properly restrict access to category and course data",
  "details": "The `file_browser` component in Moodle 2.0.x before 2.0.5 and 2.1.x before 2.1.2 does not properly restrict access to category and course data, which allows remote attackers to obtain potentially sensitive information via a request for a file.",
  "severity": [],
  "affected": [
    {
      "package": {
        "ecosystem": "Packagist",
        "name": "moodle/moodle"
      },
      "ranges": [
        {
          "type": "ECOSYSTEM",
          "events": [
            {
              "introduced": "2.1"
            },
            {
              "fixed": "2.1.2"
            }
          ]
        }
      ]
    },
    {
      "package": {
        "ecosystem": "Packagist",
        "name": "moodle/moodle"
      },
      "ranges": [
        {
          "type": "ECOSYSTEM",
          "events": [
            {
              "introduced": "2.0.0"
            },
            {
              "fixed": "2.0.5"
            }
          ]
        }
      ]
    }
  ],
  "references": [
    {
      "type": "ADVISORY",
      "url": "https://nvd.nist.gov/vuln/detail/CVE-2011-4300"
    },
    {
      "type": "WEB",
      "url": "https://github.com/moodle/moodle/commit/6f7c43c7de8f62cd53a7f3b54ad5325cd109c1be"
    },
    {
      "type": "WEB",
      "url": "https://github.com/moodle/moodle/commit/81c77993e3808bba68fe24d6bfbac19a41679a6f"
    },
    {
      "type": "WEB",
      "url": "https://github.com/moodle/moodle/commit/f6b07c4da54a9db24723beb147e8a19a3d487e00"
    },
    {
      "type": "WEB",
      "url": "https://bugzilla.redhat.com/show_bug.cgi?id=747444"
    },
    {
      "type": "PACKAGE",
      "url": "https://github.com/moodle/moodle"
    },
    {
      "type": "WEB",
      "url": "http://git.moodle.org/gw?p=moodle.git%3Ba=commit%3Bh=f6b07c4da54a9db24723beb147e8a19a3d487e00"
    },
    {
      "type": "WEB",
      "url": "http://git.moodle.org/gw?p=moodle.git;a=commit;h=f6b07c4da54a9db24723beb147e8a19a3d487e00"
    },
    {
      "type": "WEB",
      "url": "http://moodle.org/mod/forum/discuss.php?d=188311"
    }
  ],
  "database_specific": {
    "cwe_ids": [
      "CWE-284"
    ],
    "severity": "MODERATE",
    "github_reviewed": true,
    "github_reviewed_at": "2024-01-17T15:51:20Z",
    "nvd_published_at": "2012-07-11T10:26:00Z"
  }
}