{
  "schema_version": "1.4.0",
  "id": "GHSA-7r65-pjgv-h2h9",
  "modified": "2023-10-27T20:00:57Z",
  "published": "2022-07-01T00:01:08Z",
  "aliases": [
    "CVE-2022-34804"
  ],
  "summary": "Jenkins OpsGenie Plugin vulnerable to Cleartext Transmission of Sensitive Information",
  "details": "Jenkins OpsGenie Plugin 1.9 and earlier stores API keys unencrypted in its global configuration file `com.opsgenie.integration.jenkins.OpsGenieNotifier.xml` and in job `config.xml` files on the Jenkins controller as part of its configuration.\n\nAdditionally, they are transmitted in plain text as part of the respective configuration forms.\n\nThese API keys can be viewed by users with Item/Extended Read permission (job `config.xml` only) or access to the Jenkins controller file system (both).\n\nAs of publication of this advisory, there is no fix.",
  "severity": [
    {
      "type": "CVSS_V3",
      "score": "CVSS:3.1/AV:N/AC:L/PR:L/UI:N/S:U/C:L/I:N/A:N"
    }
  ],
  "affected": [
    {
      "package": {
        "ecosystem": "Maven",
        "name": "org.jenkins-ci.plugins:opsgenie"
      },
      "ranges": [
        {
          "type": "ECOSYSTEM",
          "events": [
            {
              "introduced": "0"
            },
            {
              "last_affected": "1.9"
            }
          ]
        }
      ]
    }
  ],
  "references": [
    {
      "type": "ADVISORY",
      "url": "https://nvd.nist.gov/vuln/detail/CVE-2022-34804"
    },
    {
      "type": "PACKAGE",
      "url": "https://github.com/jenkinsci/opsgenie-plugin"
    },
    {
      "type": "WEB",
      "url": "https://www.jenkins.io/security/advisory/2022-06-30/#SECURITY-1877"
    }
  ],
  "database_specific": {
    "cwe_ids": [
      "CWE-319"
    ],
    "severity": "MODERATE",
    "github_reviewed": true,
    "github_reviewed_at": "2022-07-13T15:44:03Z",
    "nvd_published_at": "2022-06-30T18:15:00Z"
  }
}