{
  "schema_version": "1.4.0",
  "id": "GHSA-54fx-gm74-q676",
  "modified": "2022-03-18T17:55:47Z",
  "published": "2022-03-18T17:55:47Z",
  "aliases": [
    "CVE-2020-1729"
  ],
  "summary": "Permissions bypass in SmallRye",
  "details": "A flaw was found in SmallRye's API through version 1.6.1. The API can allow other code running within the application server to potentially obtain the ClassLoader, bypassing any permissions checks that should have been applied. The largest threat from this vulnerability is a threat to data confidentiality. This is fixed in SmallRye 1.6.2",
  "severity": [
    {
      "type": "CVSS_V3",
      "score": "CVSS:3.1/AV:L/AC:H/PR:H/UI:R/S:U/C:H/I:N/A:N"
    }
  ],
  "affected": [
    {
      "package": {
        "ecosystem": "Maven",
        "name": "io.smallrye.config:smallrye-config"
      },
      "ranges": [
        {
          "type": "ECOSYSTEM",
          "events": [
            {
              "introduced": "0"
            },
            {
              "fixed": "1.6.2"
            }
          ]
        }
      ]
    }
  ],
  "references": [
    {
      "type": "ADVISORY",
      "url": "https://nvd.nist.gov/vuln/detail/CVE-2020-1729"
    },
    {
      "type": "WEB",
      "url": "https://github.com/smallrye/smallrye-config/commit/fb0def6f61c09a2a80c9145e4ec6521225cd0b99"
    },
    {
      "type": "WEB",
      "url": "https://bugzilla.redhat.com/show_bug.cgi?id=1802444"
    }
  ],
  "database_specific": {
    "cwe_ids": [
      "CWE-863"
    ],
    "severity": "MODERATE",
    "github_reviewed": true,
    "github_reviewed_at": "2021-06-01T18:38:31Z",
    "nvd_published_at": "2021-05-28T14:15:00Z"
  }
}