{
  "schema_version": "1.4.0",
  "id": "GHSA-5qj8-6xxj-hp9h",
  "modified": "2022-07-25T18:25:17Z",
  "published": "2022-07-19T00:00:26Z",
  "aliases": [
    "CVE-2022-2400"
  ],
  "summary": "Dompdf before v2.0.0 vulnerable to chroot check bypass",
  "details": "Dompdf prior to version 2.0.0 is vulnerable to a chroot check bypass, which could cause disclosure of png and jpeg files.",
  "severity": [
    {
      "type": "CVSS_V3",
      "score": "CVSS:3.1/AV:N/AC:L/PR:N/UI:N/S:U/C:L/I:N/A:N"
    }
  ],
  "affected": [
    {
      "package": {
        "ecosystem": "Packagist",
        "name": "dompdf/dompdf"
      },
      "ranges": [
        {
          "type": "ECOSYSTEM",
          "events": [
            {
              "introduced": "0"
            },
            {
              "fixed": "2.0.0"
            }
          ]
        }
      ]
    }
  ],
  "references": [
    {
      "type": "ADVISORY",
      "url": "https://nvd.nist.gov/vuln/detail/CVE-2022-2400"
    },
    {
      "type": "WEB",
      "url": "https://github.com/dompdf/dompdf/commit/99aeec1efec9213e87098d42eb09439e7ee0bb6a"
    },
    {
      "type": "PACKAGE",
      "url": "https://github.com/dompdf/dompdf"
    },
    {
      "type": "WEB",
      "url": "https://huntr.dev/bounties/a6da5e5e-86be-499a-a3c3-2950f749202a"
    },
    {
      "type": "WEB",
      "url": "https://lists.debian.org/debian-lts-announce/2023/07/msg00017.html"
    }
  ],
  "database_specific": {
    "cwe_ids": [
      "CWE-73"
    ],
    "severity": "MODERATE",
    "github_reviewed": true,
    "github_reviewed_at": "2022-07-21T21:39:57Z",
    "nvd_published_at": "2022-07-18T15:15:00Z"
  }
}