{
  "schema_version": "1.4.0",
  "id": "GHSA-rvpc-w57p-q95f",
  "modified": "2021-04-07T21:38:25Z",
  "published": "2022-02-09T22:35:29Z",
  "aliases": [
    "CVE-2019-10797"
  ],
  "summary": "HTTP Response Splitting in WSO2 transport-http",
  "details": "Netty in WSO2 transport-http before v6.3.1 is vulnerable to HTTP Response Splitting due to HTTP Header validation being disabled.",
  "severity": [
    {
      "type": "CVSS_V3",
      "score": "CVSS:3.1/AV:N/AC:L/PR:N/UI:R/S:U/C:N/I:H/A:N"
    }
  ],
  "affected": [
    {
      "package": {
        "ecosystem": "Maven",
        "name": "org.wso2.transport.http:org.wso2.transport.http.netty"
      },
      "ranges": [
        {
          "type": "ECOSYSTEM",
          "events": [
            {
              "introduced": "0"
            },
            {
              "fixed": "6.3.1"
            }
          ]
        }
      ]
    }
  ],
  "references": [
    {
      "type": "ADVISORY",
      "url": "https://nvd.nist.gov/vuln/detail/CVE-2019-10797"
    },
    {
      "type": "WEB",
      "url": "https://snyk.io/vuln/SNYK-JAVA-ORGWSO2TRANSPORTHTTP-548944"
    }
  ],
  "database_specific": {
    "cwe_ids": [
      "CWE-113"
    ],
    "severity": "MODERATE",
    "github_reviewed": true,
    "github_reviewed_at": "2021-04-07T21:38:25Z",
    "nvd_published_at": "2020-02-19T19:15:00Z"
  }
}