{
  "schema_version": "1.4.0",
  "id": "GHSA-ggmx-pq89-7mcr",
  "modified": "2022-06-28T23:07:38Z",
  "published": "2022-05-24T16:51:50Z",
  "aliases": [
    "CVE-2019-10345"
  ],
  "summary": "Plaintext Storage of a Password in Jenkins Configuration as Code Plugin",
  "details": "Jenkins Configuration as Code Plugin prior to version 1.25 did not treat the proxy password as a secret to be masked when logging or encrypted for export.",
  "severity": [
    {
      "type": "CVSS_V3",
      "score": "CVSS:3.1/AV:L/AC:L/PR:L/UI:N/S:U/C:H/I:N/A:N"
    }
  ],
  "affected": [
    {
      "package": {
        "ecosystem": "Maven",
        "name": "io.jenkins:configuration-as-code"
      },
      "ranges": [
        {
          "type": "ECOSYSTEM",
          "events": [
            {
              "introduced": "0"
            },
            {
              "fixed": "1.25"
            }
          ]
        }
      ]
    }
  ],
  "references": [
    {
      "type": "ADVISORY",
      "url": "https://nvd.nist.gov/vuln/detail/CVE-2019-10345"
    },
    {
      "type": "WEB",
      "url": "https://github.com/jenkinsci/configuration-as-code-plugin/commit/73afe3cb10a723cb06e29c2e5499206aadae3a0d"
    },
    {
      "type": "PACKAGE",
      "url": "https://github.com/jenkinsci/configuration-as-code-plugin"
    },
    {
      "type": "WEB",
      "url": "https://jenkins.io/security/advisory/2019-07-31/#SECURITY-1303"
    },
    {
      "type": "WEB",
      "url": "http://www.openwall.com/lists/oss-security/2019/07/31/1"
    }
  ],
  "database_specific": {
    "cwe_ids": [
      "CWE-256",
      "CWE-522",
      "CWE-532"
    ],
    "severity": "MODERATE",
    "github_reviewed": true,
    "github_reviewed_at": "2022-06-28T23:07:38Z",
    "nvd_published_at": "2019-07-31T13:15:00Z"
  }
}