{
  "schema_version": "1.4.0",
  "id": "GHSA-h4v9-jf2r-9h6m",
  "modified": "2023-12-28T19:18:19Z",
  "published": "2022-05-14T02:50:59Z",
  "aliases": [
    "CVE-2014-7809"
  ],
  "summary": "Cross-Site Request Forgery in Apache Struts",
  "details": "Apache Struts 2.0.0 through 2.3.x before 2.3.20 uses predictable <s:token/> values, which allows remote attackers to bypass the CSRF protection mechanism.",
  "severity": [],
  "affected": [
    {
      "package": {
        "ecosystem": "Maven",
        "name": "org.apache.struts:struts2-core"
      },
      "ranges": [
        {
          "type": "ECOSYSTEM",
          "events": [
            {
              "introduced": "0"
            },
            {
              "fixed": "2.3.20"
            }
          ]
        }
      ]
    }
  ],
  "references": [
    {
      "type": "ADVISORY",
      "url": "https://nvd.nist.gov/vuln/detail/CVE-2014-7809"
    },
    {
      "type": "WEB",
      "url": "https://github.com/apache/struts/commit/1f301038a751bf16e525607c3db513db835b2999"
    },
    {
      "type": "PACKAGE",
      "url": "https://github.com/apache/struts"
    },
    {
      "type": "WEB",
      "url": "https://web.archive.org/web/20150201180327/http://www.securitytracker.com/id/1031309"
    },
    {
      "type": "WEB",
      "url": "https://web.archive.org/web/20150820131625/http://www.securityfocus.com/bid/71548"
    },
    {
      "type": "WEB",
      "url": "https://web.archive.org/web/20201023114849/http://www.securityfocus.com/archive/1/534175/100/0/threaded"
    },
    {
      "type": "WEB",
      "url": "http://packetstormsecurity.com/files/129421/Apache-Struts-2.3.20-Security-Fixes.html"
    },
    {
      "type": "WEB",
      "url": "http://struts.apache.org/docs/s2-023.html"
    }
  ],
  "database_specific": {
    "cwe_ids": [
      "CWE-352"
    ],
    "severity": "MODERATE",
    "github_reviewed": true,
    "github_reviewed_at": "2022-11-03T20:34:17Z",
    "nvd_published_at": "2014-12-10T15:59:00Z"
  }
}