{
  "schema_version": "1.4.0",
  "id": "GHSA-wjjr-h4wh-w6vv",
  "modified": "2022-11-08T15:00:08Z",
  "published": "2022-05-02T03:22:35Z",
  "aliases": [
    "CVE-2009-1190"
  ],
  "summary": "Spring Framework Inefficient Regular Expression Complexity",
  "details": "Algorithmic complexity vulnerability in the java.util.regex.Pattern.compile method in Sun Java Development Kit (JDK) before 1.6, when used with spring.jar in SpringSource Spring Framework 1.1.0 through 2.5.6 and 3.0.0.M1 through 3.0.0.M2 and dm Server 1.0.0 through 1.0.2, allows remote attackers to cause a denial of service (CPU consumption) via serializable data with a long regex string containing multiple optional groups, a related issue to CVE-2004-2540.",
  "severity": [],
  "affected": [
    {
      "package": {
        "ecosystem": "Maven",
        "name": "org.springframework:spring-core"
      },
      "ranges": [
        {
          "type": "ECOSYSTEM",
          "events": [
            {
              "introduced": "1.1.0"
            },
            {
              "fixed": "3.0.0.RELEASE"
            }
          ]
        }
      ],
      "database_specific": {
        "last_known_affected_version_range": "<= 2.5.6"
      }
    }
  ],
  "references": [
    {
      "type": "ADVISORY",
      "url": "https://nvd.nist.gov/vuln/detail/CVE-2009-1190"
    },
    {
      "type": "WEB",
      "url": "https://bugzilla.redhat.com/show_bug.cgi?id=497161"
    },
    {
      "type": "WEB",
      "url": "https://exchange.xforce.ibmcloud.com/vulnerabilities/50083"
    },
    {
      "type": "WEB",
      "url": "http://www.packetstormsecurity.org/hitb06/DAY_1_-_Marc_Schoenefeld_-_Pentesting_Java_J2EE.pdf"
    },
    {
      "type": "WEB",
      "url": "http://www.springsource.com/securityadvisory"
    }
  ],
  "database_specific": {
    "cwe_ids": [
      "CWE-1333"
    ],
    "severity": "MODERATE",
    "github_reviewed": true,
    "github_reviewed_at": "2022-11-08T15:00:08Z",
    "nvd_published_at": "2009-04-27T22:30:00Z"
  }
}