{
  "schema_version": "1.4.0",
  "id": "GHSA-6w5m-jgc5-8cgc",
  "modified": "2022-01-20T14:53:33Z",
  "published": "2022-01-21T23:57:49Z",
  "aliases": [
    "CVE-2022-0159"
  ],
  "summary": "orchardcore is vulnerable to Cross-site Scripting",
  "details": "orchardcore is vulnerable to Improper Neutralization of Input During Web Page Generation ('Cross-site Scripting')",
  "severity": [
    {
      "type": "CVSS_V3",
      "score": "CVSS:3.1/AV:N/AC:L/PR:L/UI:R/S:C/C:L/I:L/A:N"
    }
  ],
  "affected": [
    {
      "package": {
        "ecosystem": "NuGet",
        "name": "OrchardCore"
      },
      "ranges": [
        {
          "type": "ECOSYSTEM",
          "events": [
            {
              "introduced": "0"
            },
            {
              "fixed": "1.2.1"
            }
          ]
        }
      ]
    }
  ],
  "references": [
    {
      "type": "ADVISORY",
      "url": "https://nvd.nist.gov/vuln/detail/CVE-2022-0159"
    },
    {
      "type": "WEB",
      "url": "https://github.com/orchardcms/orchardcore/commit/4da927d39a49138527c30db09c962ff706f95202"
    },
    {
      "type": "PACKAGE",
      "url": "https://github.com/orchardcms/orchardcore"
    },
    {
      "type": "WEB",
      "url": "https://huntr.dev/bounties/00937280-e2ab-49fe-8d43-8235b3c3db4b"
    }
  ],
  "database_specific": {
    "cwe_ids": [
      "CWE-79"
    ],
    "severity": "MODERATE",
    "github_reviewed": true,
    "github_reviewed_at": "2022-01-20T14:53:33Z",
    "nvd_published_at": "2022-01-12T03:15:00Z"
  }
}