{
  "schema_version": "1.4.0",
  "id": "GHSA-jj8j-6jq7-gmvh",
  "modified": "2023-10-27T20:48:52Z",
  "published": "2022-07-28T00:00:42Z",
  "aliases": [
    "CVE-2022-36914"
  ],
  "summary": "Jenkins Files Found Trigger Plugin allows attackers to check for existence of attacker-specified file path on Jenkins controller file system",
  "details": "Jenkins Files Found Trigger Plugin 1.5 and earlier does not perform a permission check in a method implementing form validation.\n\nThis allows attackers with Overall/Read permission to check for the existence of an attacker-specified file path on the Jenkins controller file system. A sequence of requests can be used to effectively list the Jenkins controller file system.\n\nAs of publication of this advisory, there is no fix.",
  "severity": [
    {
      "type": "CVSS_V3",
      "score": "CVSS:3.1/AV:N/AC:L/PR:L/UI:N/S:U/C:L/I:N/A:N"
    }
  ],
  "affected": [
    {
      "package": {
        "ecosystem": "Maven",
        "name": "org.jenkins-ci.plugins:files-found-trigger"
      },
      "ranges": [
        {
          "type": "ECOSYSTEM",
          "events": [
            {
              "introduced": "0"
            },
            {
              "last_affected": "1.5"
            }
          ]
        }
      ]
    }
  ],
  "references": [
    {
      "type": "ADVISORY",
      "url": "https://nvd.nist.gov/vuln/detail/CVE-2022-36914"
    },
    {
      "type": "WEB",
      "url": "https://www.jenkins.io/security/advisory/2022-07-27/#SECURITY-2210"
    },
    {
      "type": "WEB",
      "url": "http://www.openwall.com/lists/oss-security/2022/07/27/1"
    }
  ],
  "database_specific": {
    "cwe_ids": [
      "CWE-862"
    ],
    "severity": "MODERATE",
    "github_reviewed": true,
    "github_reviewed_at": "2022-08-11T15:51:47Z",
    "nvd_published_at": "2022-07-27T15:15:00Z"
  }
}