{
  "schema_version": "1.4.0",
  "id": "GHSA-gxxj-x426-xj2w",
  "modified": "2023-02-23T22:08:38Z",
  "published": "2023-02-12T15:30:25Z",
  "aliases": [
    "CVE-2023-0787"
  ],
  "summary": "Cross-site Scripting in thorsten/phpmyfaq",
  "details": "Cross-site Scripting (XSS) - Generic in GitHub repository thorsten/phpmyfaq prior to 3.1.11.",
  "severity": [
    {
      "type": "CVSS_V3",
      "score": "CVSS:3.1/AV:N/AC:L/PR:L/UI:R/S:C/C:L/I:L/A:N"
    }
  ],
  "affected": [
    {
      "package": {
        "ecosystem": "Packagist",
        "name": "thorsten/phpmyfaq"
      },
      "ranges": [
        {
          "type": "ECOSYSTEM",
          "events": [
            {
              "introduced": "0"
            },
            {
              "fixed": "3.1.11"
            }
          ]
        }
      ]
    }
  ],
  "references": [
    {
      "type": "ADVISORY",
      "url": "https://nvd.nist.gov/vuln/detail/CVE-2023-0787"
    },
    {
      "type": "WEB",
      "url": "https://github.com/thorsten/phpmyfaq/commit/b76d58321a7a595eeaf4f7a30403ca6cd8506612"
    },
    {
      "type": "PACKAGE",
      "url": "https://github.com/thorsten/phpMyFAQ"
    },
    {
      "type": "WEB",
      "url": "https://huntr.dev/bounties/87397c71-7b84-4617-a66e-fa6c73be9024"
    }
  ],
  "database_specific": {
    "cwe_ids": [
      "CWE-79"
    ],
    "severity": "MODERATE",
    "github_reviewed": true,
    "github_reviewed_at": "2023-02-14T01:05:26Z",
    "nvd_published_at": "2023-02-12T14:15:00Z"
  }
}