{
  "schema_version": "1.4.0",
  "id": "GHSA-xc7q-q62f-wcvr",
  "modified": "2023-08-29T18:50:33Z",
  "published": "2022-05-17T04:58:35Z",
  "aliases": [
    "CVE-2013-6289"
  ],
  "summary": "Apache Solr for TYPO3 (solr) extension is vulnerable to Cross-site scripting (XSS)",
  "details": "Cross-site scripting (XSS) vulnerability in the Apache Solr for TYPO3 (solr) extension before 2.8.3 for TYPO3 allows remote attackers to inject arbitrary web script or HTML via unspecified vectors.",
  "severity": [
    {
      "type": "CVSS_V3",
      "score": "CVSS:3.1/AV:N/AC:L/PR:N/UI:R/S:U/C:N/I:L/A:N"
    }
  ],
  "affected": [
    {
      "package": {
        "ecosystem": "Packagist",
        "name": "apache-solr-for-typo3/solr"
      },
      "ranges": [
        {
          "type": "ECOSYSTEM",
          "events": [
            {
              "introduced": "0"
            },
            {
              "fixed": "2.8.3"
            }
          ]
        }
      ]
    }
  ],
  "references": [
    {
      "type": "ADVISORY",
      "url": "https://nvd.nist.gov/vuln/detail/CVE-2013-6289"
    },
    {
      "type": "WEB",
      "url": "https://github.com/TYPO3-Solr/ext-solr/commit/57e3b06b498668e093b9b86f32f7509d12d6ae4e"
    },
    {
      "type": "WEB",
      "url": "https://github.com/TYPO3-Solr/ext-solr/commit/7ed1e9fc03f2036d80a416178493da72c620f7e9"
    },
    {
      "type": "PACKAGE",
      "url": "https://github.com/TYPO3-Solr/ext-solr"
    },
    {
      "type": "WEB",
      "url": "http://secunia.com/advisories/54978"
    },
    {
      "type": "WEB",
      "url": "http://typo3.org/extensions/repository/view/solr"
    },
    {
      "type": "WEB",
      "url": "http://typo3.org/teams/security/security-bulletins/typo3-extensions/typo3-ext-sa-2013-009"
    },
    {
      "type": "WEB",
      "url": "http://www.securityfocus.com/bid/62674"
    }
  ],
  "database_specific": {
    "cwe_ids": [
      "CWE-79"
    ],
    "severity": "MODERATE",
    "github_reviewed": true,
    "github_reviewed_at": "2023-08-29T18:50:33Z",
    "nvd_published_at": "2013-10-28T22:55:00Z"
  }
}