{
  "schema_version": "1.4.0",
  "id": "GHSA-762g-9p7f-mrww",
  "modified": "2024-11-04T21:22:39Z",
  "published": "2024-10-29T09:30:51Z",
  "aliases": [
    "CVE-2024-46872"
  ],
  "summary": "Mattermost Server Path Traversal vulnerability that leads to Cross-Site Request Forgery",
  "details": "Mattermost versions 9.10.x <= 9.10.2, 9.11.x <= 9.11.1, 9.5.x <= 9.5.9 fail to sanitize user inputs in the frontend that are used for redirection which allows for a one-click client-side path traversal that is leading to CSRF in Playbooks",
  "severity": [
    {
      "type": "CVSS_V3",
      "score": "CVSS:3.1/AV:N/AC:L/PR:L/UI:R/S:U/C:N/I:L/A:L"
    },
    {
      "type": "CVSS_V4",
      "score": "CVSS:4.0/AV:N/AC:L/AT:N/PR:L/UI:P/VC:N/VI:L/VA:L/SC:N/SI:N/SA:N"
    }
  ],
  "affected": [
    {
      "package": {
        "ecosystem": "Go",
        "name": "github.com/mattermost/mattermost/server/v8"
      },
      "ranges": [
        {
          "type": "ECOSYSTEM",
          "events": [
            {
              "introduced": "0"
            },
            {
              "fixed": "8.0.0-20240926115259-20ed58906adc"
            }
          ]
        }
      ]
    }
  ],
  "references": [
    {
      "type": "ADVISORY",
      "url": "https://nvd.nist.gov/vuln/detail/CVE-2024-46872"
    },
    {
      "type": "ADVISORY",
      "url": "https://github.com/advisories/GHSA-762g-9p7f-mrww"
    },
    {
      "type": "PACKAGE",
      "url": "https://github.com/mattermost/mattermost"
    },
    {
      "type": "WEB",
      "url": "https://mattermost.com/security-updates"
    }
  ],
  "database_specific": {
    "cwe_ids": [
      "CWE-352"
    ],
    "severity": "MODERATE",
    "github_reviewed": true,
    "github_reviewed_at": "2024-10-29T16:13:08Z",
    "nvd_published_at": "2024-10-29T09:15:07Z"
  }
}