{
  "schema_version": "1.4.0",
  "id": "GHSA-3p73-mm7v-4f6m",
  "modified": "2023-01-28T00:31:24Z",
  "published": "2023-01-27T00:55:11Z",
  "aliases": [
    "CVE-2023-23617"
  ],
  "summary": " DoS vulnerability in MaliciousCode filter",
  "details": "### Impact\nInfinite loop in malicious code filter in certain conditions.\n\n### Workarounds\n\nNone",
  "severity": [
    {
      "type": "CVSS_V3",
      "score": "CVSS:3.1/AV:N/AC:L/PR:H/UI:N/S:U/C:N/I:N/A:H"
    }
  ],
  "affected": [
    {
      "package": {
        "ecosystem": "Packagist",
        "name": "openmage/magento-lts"
      },
      "ranges": [
        {
          "type": "ECOSYSTEM",
          "events": [
            {
              "introduced": "0"
            },
            {
              "fixed": "19.4.22"
            }
          ]
        }
      ]
    },
    {
      "package": {
        "ecosystem": "Packagist",
        "name": "openmage/magento-lts"
      },
      "ranges": [
        {
          "type": "ECOSYSTEM",
          "events": [
            {
              "introduced": "20.0.0"
            },
            {
              "fixed": "20.0.19"
            }
          ]
        }
      ]
    }
  ],
  "references": [
    {
      "type": "WEB",
      "url": "https://github.com/OpenMage/magento-lts/security/advisories/GHSA-3p73-mm7v-4f6m"
    },
    {
      "type": "ADVISORY",
      "url": "https://nvd.nist.gov/vuln/detail/CVE-2023-23617"
    },
    {
      "type": "WEB",
      "url": "https://github.com/OpenMage/magento-lts/commit/494027785bdb7db53e60c11ef03c144b61cd3172"
    },
    {
      "type": "PACKAGE",
      "url": "https://github.com/OpenMage/magento-lts"
    },
    {
      "type": "WEB",
      "url": "https://github.com/OpenMage/magento-lts/releases/tag/v19.4.22"
    },
    {
      "type": "WEB",
      "url": "https://github.com/OpenMage/magento-lts/releases/tag/v20.0.19"
    }
  ],
  "database_specific": {
    "cwe_ids": [
      "CWE-835"
    ],
    "severity": "MODERATE",
    "github_reviewed": true,
    "github_reviewed_at": "2023-01-27T00:55:11Z",
    "nvd_published_at": "2023-01-28T00:15:00Z"
  }
}