{
  "schema_version": "1.4.0",
  "id": "GHSA-hwcf-pp87-7x6p",
  "modified": "2023-09-08T21:35:56Z",
  "published": "2017-11-30T23:15:05Z",
  "aliases": [
    "CVE-2017-1000188"
  ],
  "summary": "mde ejs vulnerable to XSS",
  "details": "nodejs ejs version older than 2.5.5 is vulnerable to a Cross-site-scripting in the `ejs.renderFile()` resulting in code injection",
  "severity": [
    {
      "type": "CVSS_V3",
      "score": "CVSS:3.0/AV:N/AC:L/PR:N/UI:R/S:C/C:L/I:L/A:N"
    }
  ],
  "affected": [
    {
      "package": {
        "ecosystem": "npm",
        "name": "ejs"
      },
      "ranges": [
        {
          "type": "ECOSYSTEM",
          "events": [
            {
              "introduced": "0"
            },
            {
              "fixed": "2.5.5"
            }
          ]
        }
      ]
    }
  ],
  "references": [
    {
      "type": "ADVISORY",
      "url": "https://nvd.nist.gov/vuln/detail/CVE-2017-1000188"
    },
    {
      "type": "WEB",
      "url": "https://github.com/mde/ejs/commit/49264e0037e313a0a3e033450b5c184112516d8f"
    },
    {
      "type": "ADVISORY",
      "url": "https://github.com/advisories/GHSA-hwcf-pp87-7x6p"
    },
    {
      "type": "PACKAGE",
      "url": "https://github.com/mde/ejs"
    },
    {
      "type": "WEB",
      "url": "https://web.archive.org/web/20200227134555/http://www.securityfocus.com/bid/101889"
    }
  ],
  "database_specific": {
    "cwe_ids": [
      "CWE-79"
    ],
    "severity": "MODERATE",
    "github_reviewed": true,
    "github_reviewed_at": "2020-06-16T21:41:14Z",
    "nvd_published_at": null
  }
}