{
  "schema_version": "1.4.0",
  "id": "GHSA-44g9-w23c-5rw7",
  "modified": "2021-09-23T20:57:48Z",
  "published": "2020-08-31T22:53:54Z",
  "aliases": [
    "CVE-2014-8883"
  ],
  "summary": "Directory Traversal in nhouston",
  "details": "All versions of the static file server module nhouston are vulnerable to directory traversal. An attacker can provide input such as `../` to read files outside of the served directory.\n\n\n## Recommendation\n\nIt is recommended that a different module be used, as we have been unable to reacher the maintainer of this module. We will continue to reach out to them, and if an update becomes available that fixes the issue, we will update this advisory accordingly.",
  "severity": [
    {
      "type": "CVSS_V3",
      "score": "CVSS:3.1/AV:N/AC:L/PR:N/UI:N/S:U/C:L/I:N/A:N"
    }
  ],
  "affected": [
    {
      "package": {
        "ecosystem": "npm",
        "name": "nhouston"
      },
      "ranges": [
        {
          "type": "ECOSYSTEM",
          "events": [
            {
              "introduced": "0.0.0"
            }
          ]
        }
      ]
    }
  ],
  "references": [
    {
      "type": "ADVISORY",
      "url": "https://nvd.nist.gov/vuln/detail/CVE-2014-8883"
    },
    {
      "type": "WEB",
      "url": "https://snyk.io/vuln/npm:nhouston:20141114"
    },
    {
      "type": "WEB",
      "url": "https://www.npmjs.com/advisories/25"
    },
    {
      "type": "WEB",
      "url": "http://en.wikipedia.org/wiki/Directory_traversal_attack"
    }
  ],
  "database_specific": {
    "cwe_ids": [
      "CWE-23"
    ],
    "severity": "MODERATE",
    "github_reviewed": true,
    "github_reviewed_at": "2020-08-31T18:08:17Z",
    "nvd_published_at": null
  }
}