{
  "schema_version": "1.4.0",
  "id": "GHSA-4vwq-x64q-j4cj",
  "modified": "2024-09-23T16:44:05Z",
  "published": "2022-05-14T02:04:49Z",
  "aliases": [
    "CVE-2015-6938"
  ],
  "summary": "Improper Neutralization of Input During Web Page Generation in Jupyter Notebook",
  "details": "Cross-site scripting (XSS) vulnerability in the file browser in notebook/notebookapp.py in IPython Notebook before 3.2.2 and Jupyter Notebook 4.0.x before 4.0.5 allows remote attackers to inject arbitrary web script or HTML via a folder name.  NOTE: this was originally reported as a cross-site request forgery (CSRF) vulnerability, but this may be inaccurate.",
  "severity": [
    {
      "type": "CVSS_V3",
      "score": "CVSS:3.1/AV:N/AC:L/PR:N/UI:R/S:C/C:L/I:L/A:N"
    },
    {
      "type": "CVSS_V4",
      "score": "CVSS:4.0/AV:N/AC:L/AT:N/PR:N/UI:P/VC:N/VI:N/VA:N/SC:L/SI:L/SA:N"
    }
  ],
  "affected": [
    {
      "package": {
        "ecosystem": "PyPI",
        "name": "notebook"
      },
      "ranges": [
        {
          "type": "ECOSYSTEM",
          "events": [
            {
              "introduced": "4.0.0"
            },
            {
              "fixed": "4.0.5"
            }
          ]
        }
      ],
      "database_specific": {
        "last_known_affected_version_range": "<= 4.0.4"
      }
    },
    {
      "package": {
        "ecosystem": "PyPI",
        "name": "ipython"
      },
      "ranges": [
        {
          "type": "ECOSYSTEM",
          "events": [
            {
              "introduced": "0"
            },
            {
              "fixed": "3.2.2"
            }
          ]
        }
      ],
      "database_specific": {
        "last_known_affected_version_range": "<= 3.2.1"
      }
    }
  ],
  "references": [
    {
      "type": "ADVISORY",
      "url": "https://nvd.nist.gov/vuln/detail/CVE-2015-6938"
    },
    {
      "type": "WEB",
      "url": "https://github.com/ipython/ipython/commit/3ab41641cf6fce3860c73d5cf4645aa12e1e5892"
    },
    {
      "type": "WEB",
      "url": "https://github.com/jupyter/notebook/commit/35f32dd2da804d108a3a3585b69ec3295b2677ed"
    },
    {
      "type": "WEB",
      "url": "https://github.com/jupyter/notebook/commit/dd9876381f0ef09873d8c5f6f2063269172331e3"
    },
    {
      "type": "WEB",
      "url": "https://bugzilla.redhat.com/show_bug.cgi?id=1259405"
    },
    {
      "type": "ADVISORY",
      "url": "https://github.com/advisories/GHSA-4vwq-x64q-j4cj"
    },
    {
      "type": "WEB",
      "url": "https://github.com/pypa/advisory-database/tree/main/vulns/ipython/PYSEC-2015-24.yaml"
    },
    {
      "type": "WEB",
      "url": "https://github.com/pypa/advisory-database/tree/main/vulns/notebook/PYSEC-2015-26.yaml"
    },
    {
      "type": "WEB",
      "url": "http://lists.fedoraproject.org/pipermail/package-announce/2015-September/166460.html"
    },
    {
      "type": "WEB",
      "url": "http://lists.fedoraproject.org/pipermail/package-announce/2015-September/166471.html"
    },
    {
      "type": "WEB",
      "url": "http://lists.fedoraproject.org/pipermail/package-announce/2015-September/167670.html"
    },
    {
      "type": "WEB",
      "url": "http://lists.opensuse.org/opensuse-updates/2015-10/msg00016.html"
    },
    {
      "type": "WEB",
      "url": "http://seclists.org/oss-sec/2015/q3/474"
    },
    {
      "type": "WEB",
      "url": "http://seclists.org/oss-sec/2015/q3/544"
    }
  ],
  "database_specific": {
    "cwe_ids": [
      "CWE-79"
    ],
    "severity": "MODERATE",
    "github_reviewed": true,
    "github_reviewed_at": "2022-07-06T20:10:16Z",
    "nvd_published_at": "2015-09-21T19:59:00Z"
  }
}