{
  "schema_version": "1.4.0",
  "id": "GHSA-vjpc-vf4f-82qg",
  "modified": "2022-07-13T21:09:57Z",
  "published": "2022-05-13T01:09:22Z",
  "aliases": [
    "CVE-2012-2378"
  ],
  "summary": "Improper Authentication in Apache CXF",
  "details": "Apache CXF 2.4.5 through 2.4.7, 2.5.1 through 2.5.3, and 2.6.x before 2.6.1, does not properly enforce child policies of a WS-SecurityPolicy 1.1 SupportingToken policy on the client side, which allows remote attackers to bypass the (1) AlgorithmSuite, (2) SignedParts, (3) SignedElements, (4) EncryptedParts, and (5) EncryptedElements policies.",
  "severity": [],
  "affected": [
    {
      "package": {
        "ecosystem": "Maven",
        "name": "org.apache.cxf:cxf"
      },
      "ranges": [
        {
          "type": "ECOSYSTEM",
          "events": [
            {
              "introduced": "2.4.5"
            },
            {
              "fixed": "2.4.8"
            }
          ]
        }
      ]
    },
    {
      "package": {
        "ecosystem": "Maven",
        "name": "org.apache.cxf:cxf"
      },
      "ranges": [
        {
          "type": "ECOSYSTEM",
          "events": [
            {
              "introduced": "2.5.1"
            },
            {
              "fixed": "2.5.3"
            }
          ]
        }
      ]
    },
    {
      "package": {
        "ecosystem": "Maven",
        "name": "org.apache.cxf:cxf"
      },
      "ranges": [
        {
          "type": "ECOSYSTEM",
          "events": [
            {
              "introduced": "2.6.0"
            },
            {
              "fixed": "2.6.1"
            }
          ]
        }
      ]
    }
  ],
  "references": [
    {
      "type": "ADVISORY",
      "url": "https://nvd.nist.gov/vuln/detail/CVE-2012-2378"
    },
    {
      "type": "PACKAGE",
      "url": "https://github.com/apache/cxf"
    },
    {
      "type": "WEB",
      "url": "https://lists.apache.org/thread.html/r36e44ffc1a9b365327df62cdfaabe85b9a5637de102cea07d79b2dbf%40%3Ccommits.cxf.apache.org%3E"
    },
    {
      "type": "WEB",
      "url": "https://lists.apache.org/thread.html/r36e44ffc1a9b365327df62cdfaabe85b9a5637de102cea07d79b2dbf@%3Ccommits.cxf.apache.org%3E"
    },
    {
      "type": "WEB",
      "url": "https://lists.apache.org/thread.html/rc774278135816e7afc943dc9fc78eb0764f2c84a2b96470a0187315c%40%3Ccommits.cxf.apache.org%3E"
    },
    {
      "type": "WEB",
      "url": "https://lists.apache.org/thread.html/rc774278135816e7afc943dc9fc78eb0764f2c84a2b96470a0187315c@%3Ccommits.cxf.apache.org%3E"
    },
    {
      "type": "WEB",
      "url": "https://lists.apache.org/thread.html/rd49aabd984ed540c8ff7916d4d79405f3fa311d2fdbcf9ed307839a6%40%3Ccommits.cxf.apache.org%3E"
    },
    {
      "type": "WEB",
      "url": "https://lists.apache.org/thread.html/rd49aabd984ed540c8ff7916d4d79405f3fa311d2fdbcf9ed307839a6@%3Ccommits.cxf.apache.org%3E"
    },
    {
      "type": "WEB",
      "url": "https://lists.apache.org/thread.html/rec7160382badd3ef4ad017a22f64a266c7188b9ba71394f0d321e2d4%40%3Ccommits.cxf.apache.org%3E"
    },
    {
      "type": "WEB",
      "url": "https://lists.apache.org/thread.html/rec7160382badd3ef4ad017a22f64a266c7188b9ba71394f0d321e2d4@%3Ccommits.cxf.apache.org%3E"
    },
    {
      "type": "WEB",
      "url": "https://lists.apache.org/thread.html/rfb87e0bf3995e7d560afeed750fac9329ff5f1ad49da365129b7f89e%40%3Ccommits.cxf.apache.org%3E"
    },
    {
      "type": "WEB",
      "url": "https://lists.apache.org/thread.html/rfb87e0bf3995e7d560afeed750fac9329ff5f1ad49da365129b7f89e@%3Ccommits.cxf.apache.org%3E"
    },
    {
      "type": "WEB",
      "url": "https://lists.apache.org/thread.html/rff42cfa5e7d75b7c1af0e37589140a8f1999e578a75738740b244bd4%40%3Ccommits.cxf.apache.org%3E"
    },
    {
      "type": "WEB",
      "url": "https://lists.apache.org/thread.html/rff42cfa5e7d75b7c1af0e37589140a8f1999e578a75738740b244bd4@%3Ccommits.cxf.apache.org%3E"
    },
    {
      "type": "WEB",
      "url": "http://cxf.apache.org/cve-2012-2378.html"
    },
    {
      "type": "WEB",
      "url": "http://rhn.redhat.com/errata/RHSA-2012-1591.html"
    },
    {
      "type": "WEB",
      "url": "http://rhn.redhat.com/errata/RHSA-2012-1592.html"
    },
    {
      "type": "WEB",
      "url": "http://rhn.redhat.com/errata/RHSA-2012-1594.html"
    },
    {
      "type": "WEB",
      "url": "http://secunia.com/advisories/51607"
    },
    {
      "type": "WEB",
      "url": "http://svn.apache.org/viewvc?view=revision&revision=1337150"
    },
    {
      "type": "WEB",
      "url": "http://www.securityfocus.com/bid/53880"
    }
  ],
  "database_specific": {
    "cwe_ids": [
      "CWE-287"
    ],
    "severity": "MODERATE",
    "github_reviewed": true,
    "github_reviewed_at": "2022-07-13T21:09:57Z",
    "nvd_published_at": "2013-01-05T00:55:00Z"
  }
}