{
  "schema_version": "1.4.0",
  "id": "GHSA-4p5m-gvpf-f3x5",
  "modified": "2025-01-27T17:22:43Z",
  "published": "2025-01-27T09:30:35Z",
  "aliases": [
    "CVE-2024-52012"
  ],
  "summary": "Apache Solr Relative Path Traversal vulnerability",
  "details": "Relative Path Traversal vulnerability in Apache Solr.\n\nSolr instances running on Windows are vulnerable to arbitrary filepath write-access, due to a lack of input-sanitation in the \"configset upload\" API.\u00a0 Commonly known as a \"zipslip\", maliciously constructed ZIP files can use relative filepaths to write data to unanticipated parts of the filesystem.\u00a0\u00a0\nThis issue affects Apache Solr: from 6.6 through 9.7.0.\n\nUsers are recommended to upgrade to version 9.8.0, which fixes the issue.\u00a0 Users unable to upgrade may also safely prevent the issue by using Solr's \"Rule-Based Authentication Plugin\" to restrict access to the configset upload API, so that it can only be accessed by a trusted set of administrators/users.",
  "severity": [
    {
      "type": "CVSS_V4",
      "score": "CVSS:4.0/AV:N/AC:L/AT:N/PR:N/UI:N/VC:N/VI:H/VA:N/SC:N/SI:N/SA:N/E:U"
    }
  ],
  "affected": [
    {
      "package": {
        "ecosystem": "Maven",
        "name": "org.apache.solr:solr-core"
      },
      "ranges": [
        {
          "type": "ECOSYSTEM",
          "events": [
            {
              "introduced": "6.6"
            },
            {
              "fixed": "9.8.0"
            }
          ]
        }
      ]
    }
  ],
  "references": [
    {
      "type": "ADVISORY",
      "url": "https://nvd.nist.gov/vuln/detail/CVE-2024-52012"
    },
    {
      "type": "WEB",
      "url": "https://github.com/apache/solr/commit/5795edd143b8fcb2ffaf7f278a099b8678adf396"
    },
    {
      "type": "PACKAGE",
      "url": "https://github.com/apache/solr"
    },
    {
      "type": "WEB",
      "url": "https://issues.apache.org/jira/browse/SOLR-17543"
    },
    {
      "type": "WEB",
      "url": "https://lists.apache.org/thread/yp39pgbv4vf1746pf5yblz84lv30vfxd"
    },
    {
      "type": "WEB",
      "url": "http://www.openwall.com/lists/oss-security/2025/01/26/2"
    }
  ],
  "database_specific": {
    "cwe_ids": [
      "CWE-23"
    ],
    "severity": "MODERATE",
    "github_reviewed": true,
    "github_reviewed_at": "2025-01-27T17:22:43Z",
    "nvd_published_at": "2025-01-27T09:15:14Z"
  }
}