{
  "schema_version": "1.4.0",
  "id": "GHSA-3m93-m4q6-mc6v",
  "modified": "2024-09-04T20:27:06Z",
  "published": "2020-02-26T19:54:31Z",
  "aliases": [
    "CVE-2019-14864"
  ],
  "summary": "Inclusion of Sensitive Information in Log Files and Improper Output Neutralization for Logs in Ansible",
  "details": "Ansible, versions 2.9.x before 2.9.1, 2.8.x before 2.8.7 and Ansible versions 2.7.x before 2.7.15, is not respecting the flag no_log set it to True when Sumologic and Splunk callback plugins are used send tasks results events to collectors. This would discloses and collects any sensitive data.",
  "severity": [
    {
      "type": "CVSS_V3",
      "score": "CVSS:3.1/AV:N/AC:L/PR:L/UI:N/S:U/C:H/I:N/A:N"
    }
  ],
  "affected": [
    {
      "package": {
        "ecosystem": "PyPI",
        "name": "ansible"
      },
      "ranges": [
        {
          "type": "ECOSYSTEM",
          "events": [
            {
              "introduced": "2.7.0a1"
            },
            {
              "fixed": "2.7.15"
            }
          ]
        }
      ]
    },
    {
      "package": {
        "ecosystem": "PyPI",
        "name": "ansible"
      },
      "ranges": [
        {
          "type": "ECOSYSTEM",
          "events": [
            {
              "introduced": "2.8.0a1"
            },
            {
              "fixed": "2.8.7"
            }
          ]
        }
      ]
    },
    {
      "package": {
        "ecosystem": "PyPI",
        "name": "ansible"
      },
      "ranges": [
        {
          "type": "ECOSYSTEM",
          "events": [
            {
              "introduced": "2.9.0a1"
            },
            {
              "fixed": "2.9.1"
            }
          ]
        }
      ]
    }
  ],
  "references": [
    {
      "type": "ADVISORY",
      "url": "https://nvd.nist.gov/vuln/detail/CVE-2019-14864"
    },
    {
      "type": "WEB",
      "url": "https://github.com/ansible/ansible/issues/63522"
    },
    {
      "type": "WEB",
      "url": "https://github.com/ansible/ansible/pull/63527"
    },
    {
      "type": "WEB",
      "url": "https://github.com/ansible/ansible/pull/64273"
    },
    {
      "type": "WEB",
      "url": "https://github.com/ansible/ansible/pull/64274"
    },
    {
      "type": "WEB",
      "url": "https://github.com/ansible/ansible/pull/64748"
    },
    {
      "type": "WEB",
      "url": "https://github.com/ansible/ansible/commit/050f92f96054bf59e283fdec9972323c2ed00348"
    },
    {
      "type": "WEB",
      "url": "https://github.com/ansible/ansible/commit/75288a89d0053d6df35c90863fb6c9542d89850e"
    },
    {
      "type": "WEB",
      "url": "https://github.com/ansible/ansible/commit/a0ec2976b2716cdecdd7a8f416d96406acd79b7c"
    },
    {
      "type": "WEB",
      "url": "https://github.com/ansible/ansible/commit/c76e074e4c71c7621a1ca8159261c1959b5287af"
    },
    {
      "type": "WEB",
      "url": "https://bugzilla.redhat.com/show_bug.cgi?id=CVE-2019-14864"
    },
    {
      "type": "ADVISORY",
      "url": "https://github.com/advisories/GHSA-3m93-m4q6-mc6v"
    },
    {
      "type": "PACKAGE",
      "url": "https://github.com/ansible/ansible"
    },
    {
      "type": "WEB",
      "url": "https://github.com/pypa/advisory-database/tree/main/vulns/ansible/PYSEC-2020-160.yaml"
    },
    {
      "type": "WEB",
      "url": "https://www.debian.org/security/2021/dsa-4950"
    },
    {
      "type": "WEB",
      "url": "http://lists.opensuse.org/opensuse-security-announce/2020-04/msg00021.html"
    },
    {
      "type": "WEB",
      "url": "http://lists.opensuse.org/opensuse-security-announce/2020-04/msg00026.html"
    }
  ],
  "database_specific": {
    "cwe_ids": [
      "CWE-532"
    ],
    "severity": "MODERATE",
    "github_reviewed": true,
    "github_reviewed_at": "2020-02-25T02:19:23Z",
    "nvd_published_at": "2020-01-02T15:15:00Z"
  }
}