{
  "schema_version": "1.4.0",
  "id": "GHSA-gf34-hh5r-f74h",
  "modified": "2025-03-21T21:46:55Z",
  "published": "2023-02-12T15:30:25Z",
  "aliases": [
    "CVE-2023-0794"
  ],
  "summary": "Cross-site Scripting in thorsten/phpmyfaq",
  "details": "Cross-site Scripting (XSS) - Stored in GitHub repository thorsten/phpmyfaq prior to 3.1.11.",
  "severity": [
    {
      "type": "CVSS_V3",
      "score": "CVSS:3.1/AV:N/AC:L/PR:L/UI:R/S:C/C:L/I:L/A:N"
    }
  ],
  "affected": [
    {
      "package": {
        "ecosystem": "Packagist",
        "name": "thorsten/phpmyfaq"
      },
      "ranges": [
        {
          "type": "ECOSYSTEM",
          "events": [
            {
              "introduced": "0"
            },
            {
              "fixed": "3.1.11"
            }
          ]
        }
      ]
    }
  ],
  "references": [
    {
      "type": "ADVISORY",
      "url": "https://nvd.nist.gov/vuln/detail/CVE-2023-0794"
    },
    {
      "type": "WEB",
      "url": "https://github.com/thorsten/phpmyfaq/commit/edf0f6f90d4deaf46b4fd97ae92f16c1e10a2635"
    },
    {
      "type": "PACKAGE",
      "url": "https://github.com/thorsten/phpMyFAQ"
    },
    {
      "type": "WEB",
      "url": "https://huntr.com/bounties/949975f1-271d-46aa-85e5-1a013cdb5efb"
    }
  ],
  "database_specific": {
    "cwe_ids": [
      "CWE-79"
    ],
    "severity": "MODERATE",
    "github_reviewed": true,
    "github_reviewed_at": "2023-02-14T00:47:02Z",
    "nvd_published_at": "2023-02-12T14:15:00Z"
  }
}