{
  "schema_version": "1.4.0",
  "id": "GHSA-9jq5-xwqw-q8j3",
  "modified": "2023-04-20T22:05:26Z",
  "published": "2023-04-20T22:05:26Z",
  "aliases": [
    "CVE-2023-29520"
  ],
  "summary": "XWiki Platform vulnerable to page render failure due to broken translations",
  "details": "### Impact\n\nIt's possible to break many translations coming from wiki pages by creating a corrupted document containing a translation object.\n\n### Patches\n\nThe vulnerability has been patched in XWiki 15.0-rc-1, 14.10.1, 14.4.8, and 13.10.11.\n\n### Workarounds\n\nThere is no other workaround other than fixing any way to create a document that fail to load.\n\n### References\n\nhttps://jira.xwiki.org/browse/XWIKI-20460\n\n### For more information\n\nIf you have any questions or comments about this advisory:\n* Open an issue in [Jira XWiki.org](https://jira.xwiki.org/)\n* Email us at [Security Mailing List](mailto:security@xwiki.org)",
  "severity": [
    {
      "type": "CVSS_V3",
      "score": "CVSS:3.1/AV:N/AC:L/PR:L/UI:N/S:U/C:N/I:L/A:N"
    }
  ],
  "affected": [
    {
      "package": {
        "ecosystem": "Maven",
        "name": "org.xwiki.platform:xwiki-platform-localization-source-wiki"
      },
      "ranges": [
        {
          "type": "ECOSYSTEM",
          "events": [
            {
              "introduced": "4.3-milestone-2"
            },
            {
              "fixed": "13.10.11"
            }
          ]
        }
      ]
    },
    {
      "package": {
        "ecosystem": "Maven",
        "name": "org.xwiki.platform:xwiki-platform-localization-source-wiki"
      },
      "ranges": [
        {
          "type": "ECOSYSTEM",
          "events": [
            {
              "introduced": "14.0-rc-1"
            },
            {
              "fixed": "14.4.8"
            }
          ]
        }
      ]
    },
    {
      "package": {
        "ecosystem": "Maven",
        "name": "org.xwiki.platform:xwiki-platform-localization-source-wiki"
      },
      "ranges": [
        {
          "type": "ECOSYSTEM",
          "events": [
            {
              "introduced": "14.5"
            },
            {
              "fixed": "14.10.1"
            }
          ]
        }
      ]
    }
  ],
  "references": [
    {
      "type": "WEB",
      "url": "https://github.com/xwiki/xwiki-platform/security/advisories/GHSA-9jq5-xwqw-q8j3"
    },
    {
      "type": "ADVISORY",
      "url": "https://nvd.nist.gov/vuln/detail/CVE-2023-29520"
    },
    {
      "type": "PACKAGE",
      "url": "https://github.com/xwiki/xwiki-platform"
    },
    {
      "type": "WEB",
      "url": "https://jira.xwiki.org/browse/XWIKI-20460"
    }
  ],
  "database_specific": {
    "cwe_ids": [
      "CWE-248",
      "CWE-755"
    ],
    "severity": "MODERATE",
    "github_reviewed": true,
    "github_reviewed_at": "2023-04-20T22:05:26Z",
    "nvd_published_at": "2023-04-19T00:15:08Z"
  }
}