{
  "schema_version": "1.4.0",
  "id": "GHSA-mfg4-9xf4-f45q",
  "modified": "2024-05-14T21:25:58Z",
  "published": "2022-05-14T01:58:45Z",
  "aliases": [
    "CVE-2013-4202"
  ],
  "summary": "OpenStack Cinder Denial of Service using XML entities ",
  "details": "The (1) backup (api/contrib/backups.py) and (2) volume transfer (contrib/volume_transfer.py) APIs in OpenStack Cinder Grizzly 2013.1.3 and earlier allows remote attackers to cause a denial of service (resource consumption and crash) via an XML Entity Expansion (XEE) attack.  NOTE: this issue is due to an incomplete fix for CVE-2013-1664.",
  "severity": [],
  "affected": [
    {
      "package": {
        "ecosystem": "PyPI",
        "name": "cinder"
      },
      "ranges": [
        {
          "type": "ECOSYSTEM",
          "events": [
            {
              "introduced": "0"
            },
            {
              "fixed": "7.0.0a0"
            }
          ]
        }
      ]
    }
  ],
  "references": [
    {
      "type": "ADVISORY",
      "url": "https://nvd.nist.gov/vuln/detail/CVE-2013-4202"
    },
    {
      "type": "WEB",
      "url": "https://bugs.launchpad.net/ossa/+bug/1190229"
    },
    {
      "type": "PACKAGE",
      "url": "https://github.com/openstack/cinder"
    },
    {
      "type": "WEB",
      "url": "http://github.com/openstack/cinder/commit/2023eecc4b1a35daf42a64fa01967ed12c7d017b"
    },
    {
      "type": "WEB",
      "url": "http://github.com/openstack/cinder/commit/4ad95dba4fccbbc0df923dea0dc9e5c3ac9f4cc2"
    },
    {
      "type": "WEB",
      "url": "http://rhn.redhat.com/errata/RHSA-2013-1198.html"
    },
    {
      "type": "WEB",
      "url": "http://www.ubuntu.com/usn/USN-2005-1"
    }
  ],
  "database_specific": {
    "cwe_ids": [],
    "severity": "MODERATE",
    "github_reviewed": true,
    "github_reviewed_at": "2024-05-14T21:25:58Z",
    "nvd_published_at": "2013-09-16T19:14:00Z"
  }
}