{
  "schema_version": "1.4.0",
  "id": "GHSA-cj43-9h3w-v976",
  "modified": "2022-10-04T21:44:45Z",
  "published": "2017-10-24T18:33:37Z",
  "aliases": [
    "CVE-2013-4761"
  ],
  "summary": "Puppet allows remote attackers to execute arbitrary Ruby programs from the master via the resource_type service",
  "details": "Unspecified vulnerability in Puppet 2.7.x before 2.7.23 and 3.2.x before 3.2.4, and Puppet Enterprise 2.8.x before 2.8.3 and 3.0.x before 3.0.1, allows remote attackers to execute arbitrary Ruby programs from the master via the resource_type service.  NOTE: this vulnerability can only be exploited utilizing unspecified \"local file system access\" to the Puppet Master.",
  "severity": [],
  "affected": [
    {
      "package": {
        "ecosystem": "RubyGems",
        "name": "puppet"
      },
      "ranges": [
        {
          "type": "ECOSYSTEM",
          "events": [
            {
              "introduced": "2.7.0"
            },
            {
              "fixed": "2.7.23"
            }
          ]
        }
      ]
    },
    {
      "package": {
        "ecosystem": "RubyGems",
        "name": "puppet"
      },
      "ranges": [
        {
          "type": "ECOSYSTEM",
          "events": [
            {
              "introduced": "3.2.0"
            },
            {
              "fixed": "3.2.4"
            }
          ]
        }
      ]
    }
  ],
  "references": [
    {
      "type": "ADVISORY",
      "url": "https://nvd.nist.gov/vuln/detail/CVE-2013-4761"
    },
    {
      "type": "PACKAGE",
      "url": "https://github.com/puppetlabs/puppet"
    },
    {
      "type": "WEB",
      "url": "https://github.com/rubysec/ruby-advisory-db/blob/master/gems/puppet/CVE-2013-4761.yml"
    },
    {
      "type": "WEB",
      "url": "https://www.puppet.com/security/cve/cve-2013-4761-resourcetype-remote-code-execution-vulnerability"
    },
    {
      "type": "WEB",
      "url": "http://lists.opensuse.org/opensuse-security-announce/2014-01/msg00009.html"
    },
    {
      "type": "WEB",
      "url": "http://puppetlabs.com/security/cve/cve-2013-4761"
    },
    {
      "type": "WEB",
      "url": "http://rhn.redhat.com/errata/RHSA-2013-1283.html"
    },
    {
      "type": "WEB",
      "url": "http://rhn.redhat.com/errata/RHSA-2013-1284.html"
    },
    {
      "type": "WEB",
      "url": "http://www.debian.org/security/2013/dsa-2761"
    }
  ],
  "database_specific": {
    "cwe_ids": [],
    "severity": "MODERATE",
    "github_reviewed": true,
    "github_reviewed_at": "2020-06-16T21:31:52Z",
    "nvd_published_at": "2013-08-20T22:55:04Z"
  }
}