{
  "schema_version": "1.4.0",
  "id": "GHSA-m7p8-9w66-9frm",
  "modified": "2023-01-23T21:24:13Z",
  "published": "2018-01-06T01:11:34Z",
  "aliases": [
    "CVE-2017-17718"
  ],
  "summary": "net-ldap Improper Certificate Validation vulnerability",
  "details": "The Net::LDAP (aka net-ldap) gem before 0.16.0 for Ruby has Missing SSL Certificate Validation.",
  "severity": [
    {
      "type": "CVSS_V3",
      "score": "CVSS:3.0/AV:N/AC:H/PR:N/UI:N/S:U/C:H/I:N/A:N"
    }
  ],
  "affected": [
    {
      "package": {
        "ecosystem": "RubyGems",
        "name": "net-ldap"
      },
      "ranges": [
        {
          "type": "ECOSYSTEM",
          "events": [
            {
              "introduced": "0"
            },
            {
              "fixed": "0.16.0"
            }
          ]
        }
      ]
    }
  ],
  "references": [
    {
      "type": "ADVISORY",
      "url": "https://nvd.nist.gov/vuln/detail/CVE-2017-17718"
    },
    {
      "type": "WEB",
      "url": "https://github.com/ruby-ldap/ruby-net-ldap/issues/258"
    },
    {
      "type": "WEB",
      "url": "https://github.com/ruby-ldap/ruby-net-ldap/pull/279"
    },
    {
      "type": "PACKAGE",
      "url": "https://github.com/ruby-ldap/ruby-net-ldap"
    },
    {
      "type": "WEB",
      "url": "http://openwall.com/lists/oss-security/2017/12/17/10"
    }
  ],
  "database_specific": {
    "cwe_ids": [
      "CWE-295"
    ],
    "severity": "MODERATE",
    "github_reviewed": true,
    "github_reviewed_at": "2020-06-16T21:45:19Z",
    "nvd_published_at": null
  }
}