{
  "schema_version": "1.4.0",
  "id": "GHSA-m9xr-8cx7-53pj",
  "modified": "2023-01-24T18:05:58Z",
  "published": "2023-01-16T00:30:24Z",
  "aliases": [
    "CVE-2023-0314"
  ],
  "summary": "phpMyFAQ Reflected Cross-site Scripting vulnerability",
  "details": "Cross-site Scripting (XSS) - Reflected in GitHub repository thorsten/phpmyfaq prior to 3.1.10.",
  "severity": [
    {
      "type": "CVSS_V3",
      "score": "CVSS:3.1/AV:N/AC:L/PR:N/UI:R/S:C/C:L/I:L/A:N"
    }
  ],
  "affected": [
    {
      "package": {
        "ecosystem": "Packagist",
        "name": "thorsten/phpmyfaq"
      },
      "ranges": [
        {
          "type": "ECOSYSTEM",
          "events": [
            {
              "introduced": "0"
            },
            {
              "fixed": "3.1.10"
            }
          ]
        }
      ]
    }
  ],
  "references": [
    {
      "type": "ADVISORY",
      "url": "https://nvd.nist.gov/vuln/detail/CVE-2023-0314"
    },
    {
      "type": "WEB",
      "url": "https://github.com/thorsten/phpmyfaq/commit/3872e7eac2ddeac182fc1335cc312d1392d56f98"
    },
    {
      "type": "PACKAGE",
      "url": "https://github.com/thorsten/phpmyfaq"
    },
    {
      "type": "WEB",
      "url": "https://huntr.dev/bounties/eac0a9d7-9721-4191-bef3-d43b0df59c67"
    }
  ],
  "database_specific": {
    "cwe_ids": [
      "CWE-79"
    ],
    "severity": "MODERATE",
    "github_reviewed": true,
    "github_reviewed_at": "2023-01-20T22:01:26Z",
    "nvd_published_at": "2023-01-15T22:15:00Z"
  }
}