{
  "schema_version": "1.4.0",
  "id": "GHSA-p88w-fhxw-xvcc",
  "modified": "2022-11-28T15:50:31Z",
  "published": "2022-11-21T23:25:00Z",
  "aliases": [
    "CVE-2022-41936"
  ],
  "summary": "Exposure of Private Personal Information to an Unauthorized Actor in org.xwiki.platform:xwiki-platform-rest-server",
  "details": "### Impact\nThe `modifications` rest endpoint does not filter out entries according to the user's rights. Therefore, information hidden from unauthorized users are exposed though the `modifications` rest endpoint (e.g., comments, page names...). \n\n### Patches\nUsers should upgrade to XWiki 14.6+, 14.4.3+,  or13.10.8+. Older versions have not been patched.\n\n### Workarounds\nNo known workaround.\n\n### References\n\n- Patch: https://github.com/xwiki/xwiki-platform/commit/38dc1aa1a4435f24d58f5b8e4566cbcb0971f8ff\n- Jira issue: https://jira.xwiki.org/browse/XWIKI-19997\n\n### For more information\nIf you have any questions or comments about this advisory:\n\n- Open an issue in [Jira XWiki.org](https://jira.xwiki.org/)\n- Email us at [Security Mailing List](mailto:security@xwiki.org)\n",
  "severity": [
    {
      "type": "CVSS_V3",
      "score": "CVSS:3.1/AV:N/AC:L/PR:N/UI:N/S:U/C:L/I:N/A:N"
    }
  ],
  "affected": [
    {
      "package": {
        "ecosystem": "Maven",
        "name": "org.xwiki.platform:xwiki-platform-rest-server"
      },
      "ranges": [
        {
          "type": "ECOSYSTEM",
          "events": [
            {
              "introduced": "8.1"
            },
            {
              "fixed": "13.10.8"
            }
          ]
        }
      ]
    },
    {
      "package": {
        "ecosystem": "Maven",
        "name": "org.xwiki.platform:xwiki-platform-rest-server"
      },
      "ranges": [
        {
          "type": "ECOSYSTEM",
          "events": [
            {
              "introduced": "14.0.0"
            },
            {
              "fixed": "14.4.3"
            }
          ]
        }
      ]
    },
    {
      "package": {
        "ecosystem": "Maven",
        "name": "org.xwiki.platform:xwiki-platform-rest-server"
      },
      "ranges": [
        {
          "type": "ECOSYSTEM",
          "events": [
            {
              "introduced": "14.5.0"
            },
            {
              "fixed": "14.6"
            }
          ]
        }
      ]
    }
  ],
  "references": [
    {
      "type": "WEB",
      "url": "https://github.com/xwiki/xwiki-platform/security/advisories/GHSA-p88w-fhxw-xvcc"
    },
    {
      "type": "ADVISORY",
      "url": "https://nvd.nist.gov/vuln/detail/CVE-2022-41936"
    },
    {
      "type": "WEB",
      "url": "https://github.com/xwiki/xwiki-platform/commit/38dc1aa1a4435f24d58f5b8e4566cbcb0971f8ff"
    },
    {
      "type": "PACKAGE",
      "url": "https://github.com/xwiki/xwiki-platform"
    },
    {
      "type": "WEB",
      "url": "https://jira.xwiki.org/browse/XWIKI-19997"
    }
  ],
  "database_specific": {
    "cwe_ids": [
      "CWE-359"
    ],
    "severity": "MODERATE",
    "github_reviewed": true,
    "github_reviewed_at": "2022-11-21T23:25:00Z",
    "nvd_published_at": "2022-11-22T01:15:00Z"
  }
}