{
  "schema_version": "1.4.0",
  "id": "GHSA-gvrg-62jp-rf7j",
  "modified": "2023-09-28T19:43:48Z",
  "published": "2023-09-28T16:26:48Z",
  "aliases": [
    "CVE-2023-43664"
  ],
  "summary": "PrestaShop allows employee without any access rights to list all installed modules",
  "details": "### Impact\nIn BO, an employee can list all modules without any access rights: method `ajaxProcessGetPossibleHookingListForModule` doesn't check access rights\n\n### Patches\nFixed on 8.1.2\n\n### Workarounds\n\n### References\n",
  "severity": [
    {
      "type": "CVSS_V3",
      "score": "CVSS:3.1/AV:N/AC:L/PR:L/UI:N/S:U/C:L/I:N/A:N"
    }
  ],
  "affected": [
    {
      "package": {
        "ecosystem": "Packagist",
        "name": "prestashop/prestashop"
      },
      "ranges": [
        {
          "type": "ECOSYSTEM",
          "events": [
            {
              "introduced": "0"
            },
            {
              "fixed": "8.1.2"
            }
          ]
        }
      ]
    }
  ],
  "references": [
    {
      "type": "WEB",
      "url": "https://github.com/PrestaShop/PrestaShop/security/advisories/GHSA-gvrg-62jp-rf7j"
    },
    {
      "type": "ADVISORY",
      "url": "https://nvd.nist.gov/vuln/detail/CVE-2023-43664"
    },
    {
      "type": "WEB",
      "url": "https://github.com/PrestaShop/PrestaShop/commit/15bd281c18f032a5134a8d213b44d24829d45762"
    },
    {
      "type": "PACKAGE",
      "url": "https://github.com/PrestaShop/PrestaShop"
    }
  ],
  "database_specific": {
    "cwe_ids": [
      "CWE-269"
    ],
    "severity": "MODERATE",
    "github_reviewed": true,
    "github_reviewed_at": "2023-09-28T16:26:48Z",
    "nvd_published_at": "2023-09-28T19:15:10Z"
  }
}