{
  "schema_version": "1.4.0",
  "id": "GHSA-98gq-6hxg-52r6",
  "modified": "2023-10-27T13:05:26Z",
  "published": "2022-05-24T17:39:12Z",
  "aliases": [
    "CVE-2021-21603"
  ],
  "summary": "XSS vulnerability in Jenkins notification bar",
  "details": "Jenkins 2.274 and earlier, LTS 2.263.1 and earlier does not escape notification bar response contents (typically shown after form submissions via Apply button).\n\nThis results in a cross-site scripting (XSS) vulnerability exploitable by attackers able to influence notification bar contents.\n\nJenkins 2.275, LTS 2.263.2 escapes the content shown in notification bars.",
  "severity": [
    {
      "type": "CVSS_V3",
      "score": "CVSS:3.1/AV:N/AC:L/PR:L/UI:R/S:C/C:L/I:L/A:N"
    }
  ],
  "affected": [
    {
      "package": {
        "ecosystem": "Maven",
        "name": "org.jenkins-ci.main:jenkins-core"
      },
      "ranges": [
        {
          "type": "ECOSYSTEM",
          "events": [
            {
              "introduced": "0"
            },
            {
              "fixed": "2.275"
            }
          ]
        }
      ],
      "database_specific": {
        "last_known_affected_version_range": "< 2.263.1"
      }
    },
    {
      "package": {
        "ecosystem": "Maven",
        "name": "org.jenkins-ci.main:jenkins-core"
      },
      "ranges": [
        {
          "type": "ECOSYSTEM",
          "events": [
            {
              "introduced": "2.263.2"
            },
            {
              "fixed": "2.275"
            }
          ]
        }
      ],
      "database_specific": {
        "last_known_affected_version_range": "<= 2.274"
      }
    }
  ],
  "references": [
    {
      "type": "ADVISORY",
      "url": "https://nvd.nist.gov/vuln/detail/CVE-2021-21603"
    },
    {
      "type": "WEB",
      "url": "https://github.com/jenkinsci/jenkins/commit/f5d98421604e44f398e7de9d222b191a705608af"
    },
    {
      "type": "PACKAGE",
      "url": "https://github.com/jenkinsci/jenkins"
    },
    {
      "type": "WEB",
      "url": "https://www.jenkins.io/security/advisory/2021-01-13/#SECURITY-1889"
    }
  ],
  "database_specific": {
    "cwe_ids": [
      "CWE-79"
    ],
    "severity": "MODERATE",
    "github_reviewed": true,
    "github_reviewed_at": "2022-06-23T06:52:05Z",
    "nvd_published_at": "2021-01-13T16:15:00Z"
  }
}