{
  "schema_version": "1.4.0",
  "id": "GHSA-c2rc-8m9f-g4fh",
  "modified": "2023-03-06T01:45:11Z",
  "published": "2023-02-28T03:30:18Z",
  "aliases": [
    "CVE-2023-1081"
  ],
  "summary": "Microweber Cross-site Scripting vulnerability",
  "details": "Cross-site Scripting (XSS) - Stored in GitHub repository microweber/microweber 1.3.2 and prior. A patch is available and anticipated to be part of version 1.3.3.",
  "severity": [
    {
      "type": "CVSS_V3",
      "score": "CVSS:3.1/AV:N/AC:L/PR:H/UI:R/S:C/C:L/I:L/A:N"
    }
  ],
  "affected": [
    {
      "package": {
        "ecosystem": "Packagist",
        "name": "microweber/microweber"
      },
      "ranges": [
        {
          "type": "ECOSYSTEM",
          "events": [
            {
              "introduced": "0"
            },
            {
              "last_affected": "1.3.2"
            }
          ]
        }
      ]
    }
  ],
  "references": [
    {
      "type": "ADVISORY",
      "url": "https://nvd.nist.gov/vuln/detail/CVE-2023-1081"
    },
    {
      "type": "WEB",
      "url": "https://github.com/microweber/microweber/commit/29d418461d8407688f2720e7b4be915e03fc16c1"
    },
    {
      "type": "PACKAGE",
      "url": "https://github.com/microweber/microweber"
    },
    {
      "type": "WEB",
      "url": "https://huntr.dev/bounties/cf59deed-9d43-4552-acfd-43f38f3aabba"
    }
  ],
  "database_specific": {
    "cwe_ids": [
      "CWE-79"
    ],
    "severity": "MODERATE",
    "github_reviewed": true,
    "github_reviewed_at": "2023-02-28T23:31:01Z",
    "nvd_published_at": "2023-02-28T02:15:00Z"
  }
}