{
  "schema_version": "1.4.0",
  "id": "GHSA-36hp-4x3g-phrg",
  "modified": "2023-09-22T21:05:24Z",
  "published": "2022-05-01T18:13:15Z",
  "aliases": [
    "CVE-2007-3384"
  ],
  "summary": "Apache Tomcat's CookieExample Vulnerable to XSS",
  "details": "Multiple cross-site scripting (XSS) vulnerabilities in `examples/servlet/CookieExample` in Apache Tomcat 3.3 through 3.3.2 allow remote attackers to inject arbitrary web script or HTML via the (1) Name or (2) Value field, related to error messages.",
  "severity": [],
  "affected": [
    {
      "package": {
        "ecosystem": "Maven",
        "name": "org.apache.tomcat:tomcat"
      },
      "ranges": [
        {
          "type": "ECOSYSTEM",
          "events": [
            {
              "introduced": "3.3.0"
            },
            {
              "last_affected": "3.3.2"
            }
          ]
        }
      ]
    }
  ],
  "references": [
    {
      "type": "ADVISORY",
      "url": "https://nvd.nist.gov/vuln/detail/CVE-2007-3384"
    },
    {
      "type": "WEB",
      "url": "https://web.archive.org/web/20070824135030/http://securityreason.com/securityalert/2971"
    },
    {
      "type": "WEB",
      "url": "https://web.archive.org/web/20071117100258/http://securitytracker.com/alerts/2007/Aug/1018503.html"
    },
    {
      "type": "WEB",
      "url": "https://web.archive.org/web/20170323011513/http://www.securityfocus.com/bid/25174"
    },
    {
      "type": "WEB",
      "url": "https://web.archive.org/web/20201207035111/http://www.securityfocus.com/archive/1/475321/100/0/threaded"
    },
    {
      "type": "WEB",
      "url": "http://tomcat.apache.org/security-3.html"
    }
  ],
  "database_specific": {
    "cwe_ids": [
      "CWE-80"
    ],
    "severity": "MODERATE",
    "github_reviewed": true,
    "github_reviewed_at": "2023-09-22T21:05:24Z",
    "nvd_published_at": "2007-08-08T01:17:00Z"
  }
}