{
  "schema_version": "1.4.0",
  "id": "GHSA-m3v2-r236-5xgq",
  "modified": "2024-02-12T11:45:50Z",
  "published": "2022-05-24T16:52:23Z",
  "aliases": [
    "CVE-2019-7862"
  ],
  "summary": "Magento 2 Community Edition XSS Vulnerability",
  "details": "A reflected cross-site scripting vulnerability exists in the Product widget chooser functionality in the admin panel for Magento 2.1 prior to 2.1.18, Magento 2.2 prior to 2.2.9, Magento 2.3 prior to 2.3.2.",
  "severity": [
    {
      "type": "CVSS_V3",
      "score": "CVSS:3.0/AV:N/AC:L/PR:H/UI:R/S:C/C:L/I:L/A:N"
    }
  ],
  "affected": [
    {
      "package": {
        "ecosystem": "Packagist",
        "name": "magento/community-edition"
      },
      "ranges": [
        {
          "type": "ECOSYSTEM",
          "events": [
            {
              "introduced": "2.1.0"
            },
            {
              "fixed": "2.1.18"
            }
          ]
        }
      ]
    },
    {
      "package": {
        "ecosystem": "Packagist",
        "name": "magento/community-edition"
      },
      "ranges": [
        {
          "type": "ECOSYSTEM",
          "events": [
            {
              "introduced": "2.2.0"
            },
            {
              "fixed": "2.2.9"
            }
          ]
        }
      ]
    },
    {
      "package": {
        "ecosystem": "Packagist",
        "name": "magento/community-edition"
      },
      "ranges": [
        {
          "type": "ECOSYSTEM",
          "events": [
            {
              "introduced": "2.3.0"
            },
            {
              "fixed": "2.3.2"
            }
          ]
        }
      ]
    }
  ],
  "references": [
    {
      "type": "ADVISORY",
      "url": "https://nvd.nist.gov/vuln/detail/CVE-2019-7862"
    },
    {
      "type": "WEB",
      "url": "https://github.com/FriendsOfPHP/security-advisories/blob/master/magento/product-community-edition/CVE-2019-7862.yaml"
    },
    {
      "type": "PACKAGE",
      "url": "https://github.com/magento/magento2"
    },
    {
      "type": "WEB",
      "url": "https://magento.com/security/patches/magento-2.3.2-2.2.9-and-2.1.18-security-update-13"
    },
    {
      "type": "WEB",
      "url": "https://web.archive.org/web/20211206084839/https://magento.com/security/patches/magento-2.3.2-2.2.9-and-2.1.18-security-update-13"
    }
  ],
  "database_specific": {
    "cwe_ids": [
      "CWE-79"
    ],
    "severity": "MODERATE",
    "github_reviewed": true,
    "github_reviewed_at": "2023-07-17T20:55:45Z",
    "nvd_published_at": "2019-08-02T22:15:00Z"
  }
}