{
  "schema_version": "1.4.0",
  "id": "GHSA-gj7m-853r-289r",
  "modified": "2024-07-08T20:52:29Z",
  "published": "2024-05-14T22:29:38Z",
  "aliases": [
    "CVE-2022-39229"
  ],
  "summary": "Grafana when using email as a username can block other users from signing in",
  "details": "Today we are releasing Grafana 9.2. Alongside with new features and other bug fixes, this release includes a Moderate severity security fix for CVE-2022-39229 \n\nWe are also releasing security patches for Grafana 9.1.8 and Grafana 8.5.14 to fix these issues.\n\nRelease 9.2, latest release, also containing security fix:\n\n- [Download Grafana 9.2](https://grafana.com/grafana/download/9.2)\n\nRelease 9.1.8, only containing security fix:\n\n- [Download Grafana 9.1.8](https://grafana.com/grafana/download/9.1.8)\n\nRelease 8.5.14, only containing security fix:\n\n- [Download Grafana 8.5.14](https://grafana.com/grafana/download/8.5.14)\n\nAppropriate patches have been applied to [Grafana Cloud](https://grafana.com/cloud) and as always, we closely coordinated with all cloud providers licensed to offer Grafana Pro. They have received early notification under embargo and confirmed that their offerings are secure at the time of this announcement. This is applicable to Amazon Managed Grafana and Azure's Grafana as a service offering.\n\n## Improper authentication - CVE-2022-39229\n\n### Summary \n\nOn September 7 as a result of an internal security audit we have discovered a security vulnerability in Grafana basic authentication, related to the usage of username and email address. \n\nIn Grafana, a user\u2019s username and email address are unique fields, that means no other user can have the same username or email address as another user. \n\nIn addition, a user can have an email address as a username and Grafana login allows users to sign in with either username or email address. This creates an unusual behavior, where _user_1_ can register with one email address and _user_2_ can register their username as _user_1_\u2019s email address. As a result, _user_1_ would be prevented to sign in Grafana, since _user_1_ password won\u2019t match with _users_2_ email address.\n\nThe CVSS score for this vulnerability is 4.3 Moderate (CVSS:3.1/AV:N/AC:L/PR:L/UI:N/S:U/C:N/I:N/A:L).\n\n### Impacted versions\n\nAll installations for Grafana versions <=9.x, <=8.x\n\n### Solutions and mitigations\n\nTo fully address CVE-2022-39229 please upgrade your Grafana instances. \nAppropriate patches have been applied to [Grafana Cloud](https://grafana.com/cloud).\n\n## Reporting security issues\n\nIf you think you have found a security vulnerability, please send a report to security@grafana.com. This address can be used for all of Grafana Labs' open source and commercial products (including, but not limited to Grafana, Grafana Cloud, Grafana Enterprise, and grafana.com). We can accept only vulnerability reports at this address. We would prefer that you encrypt your message to us by using our PGP key. The key fingerprint is\n\nF988 7BEA 027A 049F AE8E 5CAA D125 8932 BE24 C5CA\n\nThe key is available from keyserver.ubuntu.com.\n\n## Security announcements\n\nWe maintain a [security category](https://community.grafana.com/c/support/security-announcements) on our blog, where we will always post a summary, remediation, and mitigation details for any patch containing security fixes.\n\nYou can also subscribe to our [RSS feed](https://grafana.com/tags/security/index.xml).",
  "severity": [
    {
      "type": "CVSS_V3",
      "score": "CVSS:3.1/AV:N/AC:L/PR:L/UI:N/S:U/C:N/I:N/A:L"
    },
    {
      "type": "CVSS_V4",
      "score": "CVSS:4.0/AV:N/AC:L/AT:N/PR:L/UI:P/VC:N/VI:N/VA:L/SC:N/SI:N/SA:N"
    }
  ],
  "affected": [
    {
      "package": {
        "ecosystem": "Go",
        "name": "github.com/grafana/grafana"
      },
      "ranges": [
        {
          "type": "ECOSYSTEM",
          "events": [
            {
              "introduced": "0"
            },
            {
              "fixed": "8.5.14"
            }
          ]
        }
      ]
    },
    {
      "package": {
        "ecosystem": "Go",
        "name": "github.com/grafana/grafana"
      },
      "ranges": [
        {
          "type": "ECOSYSTEM",
          "events": [
            {
              "introduced": "9.0.0"
            },
            {
              "fixed": "9.1.8"
            }
          ]
        }
      ]
    }
  ],
  "references": [
    {
      "type": "WEB",
      "url": "https://github.com/grafana/grafana/security/advisories/GHSA-gj7m-853r-289r"
    },
    {
      "type": "ADVISORY",
      "url": "https://nvd.nist.gov/vuln/detail/CVE-2022-39229"
    },
    {
      "type": "WEB",
      "url": "https://github.com/grafana/grafana/commit/5644758f0c5ae9955a4e5480d71f9bef57fdce35"
    },
    {
      "type": "PACKAGE",
      "url": "https://github.com/grafana/grafana"
    },
    {
      "type": "WEB",
      "url": "https://github.com/grafana/grafana/releases/tag/v9.1.8"
    }
  ],
  "database_specific": {
    "cwe_ids": [
      "CWE-287"
    ],
    "severity": "MODERATE",
    "github_reviewed": true,
    "github_reviewed_at": "2024-05-14T22:29:38Z",
    "nvd_published_at": "2022-10-13T23:15:00Z"
  }
}