{
  "schema_version": "1.4.0",
  "id": "GHSA-h5rm-m772-6qcx",
  "modified": "2025-02-10T20:55:38Z",
  "published": "2022-05-24T17:41:56Z",
  "aliases": [
    "CVE-2021-21023"
  ],
  "summary": "Magento stored cross-site scripting vulnerability in the admin console",
  "details": "Magento versions 2.4.1 (and earlier), 2.4.0-p1 (and earlier) and 2.3.6 (and earlier) are vulnerable to a stored cross-site scripting vulnerability in the admin console. Successful exploitation could lead to arbitrary JavaScript execution in the victim's browser. Access to the admin console is required for successful exploitation.",
  "severity": [
    {
      "type": "CVSS_V3",
      "score": "CVSS:3.1/AV:N/AC:L/PR:H/UI:R/S:C/C:L/I:L/A:N"
    }
  ],
  "affected": [
    {
      "package": {
        "ecosystem": "Packagist",
        "name": "magento/community-edition"
      },
      "ranges": [
        {
          "type": "ECOSYSTEM",
          "events": [
            {
              "introduced": "0"
            },
            {
              "fixed": "2.3.6"
            }
          ]
        }
      ]
    },
    {
      "package": {
        "ecosystem": "Packagist",
        "name": "magento/community-edition"
      },
      "ranges": [
        {
          "type": "ECOSYSTEM",
          "events": [
            {
              "introduced": "2.4.0"
            },
            {
              "fixed": "2.4.1-p1"
            }
          ]
        }
      ]
    },
    {
      "package": {
        "ecosystem": "Packagist",
        "name": "magento/project-community-edition"
      },
      "ranges": [
        {
          "type": "ECOSYSTEM",
          "events": [
            {
              "introduced": "0"
            },
            {
              "last_affected": "2.0.2"
            }
          ]
        }
      ]
    }
  ],
  "references": [
    {
      "type": "ADVISORY",
      "url": "https://nvd.nist.gov/vuln/detail/CVE-2021-21023"
    },
    {
      "type": "PACKAGE",
      "url": "https://github.com/magento/magento2"
    },
    {
      "type": "WEB",
      "url": "https://helpx.adobe.com/security/products/magento/apsb21-08.html"
    }
  ],
  "database_specific": {
    "cwe_ids": [
      "CWE-79"
    ],
    "severity": "MODERATE",
    "github_reviewed": true,
    "github_reviewed_at": "2024-01-10T18:14:21Z",
    "nvd_published_at": "2021-02-11T20:15:00Z"
  }
}