{
  "schema_version": "1.4.0",
  "id": "GHSA-wrx7-qgmj-mf2q",
  "modified": "2022-01-07T23:16:38Z",
  "published": "2022-01-08T00:43:04Z",
  "aliases": [
    "CVE-2021-27738"
  ],
  "summary": "Server-Side Request Forgery in Apache Kylin",
  "details": "All request mappings in `StreamingCoordinatorController.java` handling `/kylin/api/streaming_coordinator/*` REST API endpoints did not include any security checks, which allowed an unauthenticated user to issue arbitrary requests, such as assigning/unassigning of streaming cubes, creation/modification and deletion of replica sets, to the Kylin Coordinator. For endpoints accepting node details in HTTP message body, unauthenticated (but limited) server-side request forgery (SSRF) can be achieved. This issue affects Apache Kylin Apache Kylin 3 versions prior to 3.1.2.",
  "severity": [],
  "affected": [
    {
      "package": {
        "ecosystem": "Maven",
        "name": "org.apache.kylin:kylin"
      },
      "ranges": [
        {
          "type": "ECOSYSTEM",
          "events": [
            {
              "introduced": "0"
            },
            {
              "fixed": "3.1.3"
            }
          ]
        }
      ]
    }
  ],
  "references": [
    {
      "type": "ADVISORY",
      "url": "https://nvd.nist.gov/vuln/detail/CVE-2021-27738"
    },
    {
      "type": "WEB",
      "url": "https://github.com/apache/kylin/pull/1646"
    },
    {
      "type": "PACKAGE",
      "url": "https://github.com/apache/kylin"
    },
    {
      "type": "WEB",
      "url": "https://lists.apache.org/thread/vkohh0to2vzwymyb2x13fszs3cs3vd70"
    },
    {
      "type": "WEB",
      "url": "http://www.openwall.com/lists/oss-security/2022/01/06/6"
    }
  ],
  "database_specific": {
    "cwe_ids": [
      "CWE-918"
    ],
    "severity": "MODERATE",
    "github_reviewed": true,
    "github_reviewed_at": "2022-01-07T23:16:38Z",
    "nvd_published_at": "2022-01-06T13:15:00Z"
  }
}