{
  "schema_version": "1.4.0",
  "id": "GHSA-v2xm-76pq-phcf",
  "modified": "2024-06-21T15:06:26Z",
  "published": "2024-06-21T06:31:12Z",
  "aliases": [
    "CVE-2021-47621"
  ],
  "summary": "ClassGraph XML External Entity Reference",
  "details": "ClassGraph before 4.8.112 was not resistant to XML eXternal Entity (XXE) attacks.",
  "severity": [
    {
      "type": "CVSS_V3",
      "score": "CVSS:3.1/AV:N/AC:L/PR:N/UI:N/S:U/C:L/I:L/A:N"
    },
    {
      "type": "CVSS_V4",
      "score": "CVSS:4.0/AV:N/AC:L/AT:N/PR:N/UI:N/VC:L/VI:L/VA:N/SC:N/SI:N/SA:N"
    }
  ],
  "affected": [
    {
      "package": {
        "ecosystem": "Maven",
        "name": "io.github.classgraph:classgraph"
      },
      "ranges": [
        {
          "type": "ECOSYSTEM",
          "events": [
            {
              "introduced": "0"
            },
            {
              "fixed": "4.8.112"
            }
          ]
        }
      ]
    }
  ],
  "references": [
    {
      "type": "ADVISORY",
      "url": "https://nvd.nist.gov/vuln/detail/CVE-2021-47621"
    },
    {
      "type": "WEB",
      "url": "https://github.com/classgraph/classgraph/pull/539"
    },
    {
      "type": "WEB",
      "url": "https://github.com/classgraph/classgraph/commit/681362ad6b0b9d9abaffb2e07099ce54d7a41fa3"
    },
    {
      "type": "WEB",
      "url": "https://docs.r3.com/en/platform/corda/4.8/enterprise/release-notes-enterprise.html"
    },
    {
      "type": "PACKAGE",
      "url": "https://github.com/classgraph/classgraph"
    },
    {
      "type": "WEB",
      "url": "https://github.com/classgraph/classgraph/releases/tag/classgraph-4.8.112"
    }
  ],
  "database_specific": {
    "cwe_ids": [
      "CWE-611"
    ],
    "severity": "MODERATE",
    "github_reviewed": true,
    "github_reviewed_at": "2024-06-21T15:06:26Z",
    "nvd_published_at": "2024-06-21T06:15:10Z"
  }
}