{
  "schema_version": "1.4.0",
  "id": "GHSA-jg2x-r643-w2ch",
  "modified": "2024-02-12T16:20:55Z",
  "published": "2022-05-01T07:43:29Z",
  "aliases": [
    "CVE-2006-6969"
  ],
  "summary": "Jetty Uses Predictable Session Identifiers",
  "details": "Jetty before 4.2.27, 5.1 before 5.1.12, 6.0 before 6.0.2, and 6.1 before 6.1.0pre3 generates predictable session identifiers using java.util.random, which makes it easier for remote attackers to guess a session identifier through brute force attacks, bypass authentication requirements, and possibly conduct cross-site request forgery attacks.",
  "severity": [],
  "affected": [
    {
      "package": {
        "ecosystem": "Maven",
        "name": "org.eclipse.jetty:jetty-server"
      },
      "ranges": [
        {
          "type": "ECOSYSTEM",
          "events": [
            {
              "introduced": "0"
            },
            {
              "fixed": "4.2.27"
            }
          ]
        }
      ]
    },
    {
      "package": {
        "ecosystem": "Maven",
        "name": "org.eclipse.jetty:jetty-server"
      },
      "ranges": [
        {
          "type": "ECOSYSTEM",
          "events": [
            {
              "introduced": "5.1.0"
            },
            {
              "fixed": "5.1.12"
            }
          ]
        }
      ]
    },
    {
      "package": {
        "ecosystem": "Maven",
        "name": "org.eclipse.jetty:jetty-server"
      },
      "ranges": [
        {
          "type": "ECOSYSTEM",
          "events": [
            {
              "introduced": "6.0.0"
            },
            {
              "fixed": "6.0.2"
            }
          ]
        }
      ]
    },
    {
      "package": {
        "ecosystem": "Maven",
        "name": "org.eclipse.jetty:jetty-server"
      },
      "ranges": [
        {
          "type": "ECOSYSTEM",
          "events": [
            {
              "introduced": "6.1.0pre1"
            },
            {
              "fixed": "6.1.0pre3"
            }
          ]
        }
      ]
    }
  ],
  "references": [
    {
      "type": "ADVISORY",
      "url": "https://nvd.nist.gov/vuln/detail/CVE-2006-6969"
    },
    {
      "type": "WEB",
      "url": "https://github.com/jetty-project/codehaus-jetty6/commit/36f81d2e7058b012f6718bc2f1e2786694a8a4a1"
    },
    {
      "type": "WEB",
      "url": "https://github.com/jetty-project/codehaus-jetty6/commit/b31f606bf8058a38ab6253aa8dc2dfe6a7f83c78"
    },
    {
      "type": "WEB",
      "url": "https://exchange.xforce.ibmcloud.com/vulnerabilities/32240"
    },
    {
      "type": "PACKAGE",
      "url": "https://github.com/jetty-project/codehaus-jetty6"
    },
    {
      "type": "WEB",
      "url": "https://web.archive.org/web/20070208112816/http://fisheye.codehaus.org/changelog/jetty/?cs=1274"
    },
    {
      "type": "WEB",
      "url": "https://web.archive.org/web/20070602184857/http://archives.neohapsis.com/archives/bugtraq/2007-02/0070.html"
    },
    {
      "type": "WEB",
      "url": "https://web.archive.org/web/20121019131825/http://www.securityfocus.com/archive/1/459164/100/0/threaded"
    },
    {
      "type": "WEB",
      "url": "https://web.archive.org/web/20200228100052/http://www.securityfocus.com/bid/22405"
    }
  ],
  "database_specific": {
    "cwe_ids": [
      "CWE-330"
    ],
    "severity": "MODERATE",
    "github_reviewed": true,
    "github_reviewed_at": "2024-02-12T16:20:55Z",
    "nvd_published_at": "2007-02-07T11:28:00Z"
  }
}