{
  "schema_version": "1.4.0",
  "id": "GHSA-qxgx-hvg3-v92w",
  "modified": "2024-10-24T21:45:39Z",
  "published": "2024-10-24T17:48:40Z",
  "aliases": [
    "CVE-2024-47173"
  ],
  "summary": "ai-admin-graphql has a Denial of service vulnerability in SaaS and marketplace setups",
  "details": "All SaaS and marketplace setups using Aimeos version from 2024.04 up to 2024.07.1 are affected by a potential denial of service attack",
  "severity": [
    {
      "type": "CVSS_V3",
      "score": "CVSS:3.1/AV:N/AC:L/PR:H/UI:N/S:U/C:N/I:L/A:H"
    }
  ],
  "affected": [
    {
      "package": {
        "ecosystem": "Packagist",
        "name": "aimeos/ai-admin-graphql"
      },
      "ranges": [
        {
          "type": "ECOSYSTEM",
          "events": [
            {
              "introduced": "2024.04.1"
            },
            {
              "fixed": "2024.07.2"
            }
          ]
        }
      ]
    }
  ],
  "references": [
    {
      "type": "WEB",
      "url": "https://github.com/aimeos/ai-admin-graphql/security/advisories/GHSA-qxgx-hvg3-v92w"
    },
    {
      "type": "ADVISORY",
      "url": "https://nvd.nist.gov/vuln/detail/CVE-2024-47173"
    },
    {
      "type": "PACKAGE",
      "url": "https://github.com/aimeos/ai-admin-graphql"
    }
  ],
  "database_specific": {
    "cwe_ids": [
      "CWE-270"
    ],
    "severity": "MODERATE",
    "github_reviewed": true,
    "github_reviewed_at": "2024-10-24T17:48:40Z",
    "nvd_published_at": "2024-10-24T19:15:14Z"
  }
}