{
  "schema_version": "1.4.0",
  "id": "GHSA-r85g-7jpv-8xrx",
  "modified": "2024-05-27T20:05:27Z",
  "published": "2024-05-27T19:44:40Z",
  "aliases": [],
  "summary": "silverstripe/framework has Cross-site Scripting vulnerability in CMSSecurity BackURL",
  "details": "In follow up to [SS-2016-001](https://www.silverstripe.org/download/security-releases/ss-2016-001/) there is yet a minor unresolved fix to incorrectly encoded URL.",
  "severity": [
    {
      "type": "CVSS_V3",
      "score": "CVSS:3.1/AV:N/AC:L/PR:N/UI:R/S:C/C:L/I:L/A:N"
    }
  ],
  "affected": [
    {
      "package": {
        "ecosystem": "Packagist",
        "name": "silverstripe/framework"
      },
      "ranges": [
        {
          "type": "ECOSYSTEM",
          "events": [
            {
              "introduced": "3.1.0-rc1"
            },
            {
              "fixed": "3.1.21"
            }
          ]
        }
      ]
    },
    {
      "package": {
        "ecosystem": "Packagist",
        "name": "silverstripe/framework"
      },
      "ranges": [
        {
          "type": "ECOSYSTEM",
          "events": [
            {
              "introduced": "3.2.0-rc1"
            },
            {
              "fixed": "3.2.6"
            }
          ]
        }
      ]
    },
    {
      "package": {
        "ecosystem": "Packagist",
        "name": "silverstripe/framework"
      },
      "ranges": [
        {
          "type": "ECOSYSTEM",
          "events": [
            {
              "introduced": "3.3.0-rc1"
            },
            {
              "fixed": "3.3.4"
            }
          ]
        }
      ]
    },
    {
      "package": {
        "ecosystem": "Packagist",
        "name": "silverstripe/framework"
      },
      "ranges": [
        {
          "type": "ECOSYSTEM",
          "events": [
            {
              "introduced": "3.4.0-rc1"
            },
            {
              "fixed": "3.4.2"
            }
          ]
        }
      ]
    }
  ],
  "references": [
    {
      "type": "WEB",
      "url": "https://github.com/silverstripe/silverstripe-framework/commit/6b123fe1c93d3ac976f484192abc31cad4f81d47"
    },
    {
      "type": "WEB",
      "url": "https://github.com/FriendsOfPHP/security-advisories/blob/master/silverstripe/framework/SS-2016-016-1.yaml"
    },
    {
      "type": "PACKAGE",
      "url": "https://github.com/silverstripe/silverstripe-framework"
    },
    {
      "type": "WEB",
      "url": "https://www.silverstripe.org/download/security-releases/ss-2016-016"
    }
  ],
  "database_specific": {
    "cwe_ids": [
      "CWE-79"
    ],
    "severity": "MODERATE",
    "github_reviewed": true,
    "github_reviewed_at": "2024-05-27T19:44:40Z",
    "nvd_published_at": null
  }
}