{
  "schema_version": "1.4.0",
  "id": "GHSA-w9v7-7mq5-p27c",
  "modified": "2022-05-26T18:47:05Z",
  "published": "2022-05-13T01:30:26Z",
  "aliases": [
    "CVE-2018-1999033"
  ],
  "summary": "Exposure of sensitive information in Anchore Container Image Scanner Jenkins Plugin",
  "details": "An exposure of sensitive information vulnerability exists in Jenkins Anchore Container Image Scanner Plugin 10.16 and earlier in AnchoreBuilder.java that allows attackers with Item/ExtendedRead permission or file system access to the Jenkins master to obtain the password stored in this plugin's configuration.",
  "severity": [
    {
      "type": "CVSS_V3",
      "score": "CVSS:3.1/AV:N/AC:L/PR:L/UI:N/S:U/C:H/I:N/A:N"
    }
  ],
  "affected": [
    {
      "package": {
        "ecosystem": "Maven",
        "name": "org.jenkins-ci.plugins:anchore-container-scanner"
      },
      "ranges": [
        {
          "type": "ECOSYSTEM",
          "events": [
            {
              "introduced": "0"
            },
            {
              "fixed": "1.0.17"
            }
          ]
        }
      ]
    }
  ],
  "references": [
    {
      "type": "ADVISORY",
      "url": "https://nvd.nist.gov/vuln/detail/CVE-2018-1999033"
    },
    {
      "type": "PACKAGE",
      "url": "https://github.com/jenkinsci/anchore-container-scanner-plugin"
    },
    {
      "type": "WEB",
      "url": "https://jenkins.io/security/advisory/2018-07-30/#SECURITY-1039"
    }
  ],
  "database_specific": {
    "cwe_ids": [
      "CWE-200"
    ],
    "severity": "MODERATE",
    "github_reviewed": true,
    "github_reviewed_at": "2022-05-26T18:47:05Z",
    "nvd_published_at": "2018-08-01T13:29:00Z"
  }
}