{
  "schema_version": "1.4.0",
  "id": "GHSA-j77f-79w9-rghc",
  "modified": "2025-02-07T20:56:19Z",
  "published": "2025-01-02T06:30:47Z",
  "aliases": [
    "CVE-2024-11184"
  ],
  "summary": "The wp-enable-svg WordPress plugin does not sanitize SVG files when uploaded",
  "details": "The wp-enable-svg WordPress plugin through 0.2 does not sanitize SVG files when uploaded, allowing for authors and above to upload SVGs containing malicious scripts",
  "severity": [
    {
      "type": "CVSS_V3",
      "score": "CVSS:3.1/AV:N/AC:L/PR:H/UI:R/S:C/C:L/I:L/A:N"
    }
  ],
  "affected": [
    {
      "package": {
        "ecosystem": "Packagist",
        "name": "mwdelaney/wp-enable-svg"
      },
      "ranges": [
        {
          "type": "ECOSYSTEM",
          "events": [
            {
              "introduced": "0"
            },
            {
              "last_affected": "0.2"
            }
          ]
        }
      ]
    }
  ],
  "references": [
    {
      "type": "ADVISORY",
      "url": "https://nvd.nist.gov/vuln/detail/CVE-2024-11184"
    },
    {
      "type": "PACKAGE",
      "url": "https://github.com/MWDelaney/wp-enable-svg"
    },
    {
      "type": "WEB",
      "url": "https://wpscan.com/vulnerability/fc982bcb-9974-481f-aef4-580ae9edc3c8"
    }
  ],
  "database_specific": {
    "cwe_ids": [
      "CWE-79"
    ],
    "severity": "MODERATE",
    "github_reviewed": true,
    "github_reviewed_at": "2025-02-07T20:56:19Z",
    "nvd_published_at": "2025-01-02T06:15:06Z"
  }
}