{
  "schema_version": "1.4.0",
  "id": "GHSA-mv4h-qm24-x4gh",
  "modified": "2023-10-06T17:38:05Z",
  "published": "2022-05-14T03:12:35Z",
  "aliases": [
    "CVE-2018-6591"
  ],
  "summary": "Converse.js Exposure of Sensitive Information",
  "details": "Converse.js and Inverse.js through 3.3 allow remote attackers to obtain sensitive information because it is too difficult to determine whether safe publication of private data was configured or even intended. For example, users might have an expectation that chatroom bookmarks are private, but the various interacting software components do not necessarily make that happen.",
  "severity": [
    {
      "type": "CVSS_V3",
      "score": "CVSS:3.0/AV:N/AC:L/PR:N/UI:N/S:U/C:L/I:N/A:N"
    }
  ],
  "affected": [
    {
      "package": {
        "ecosystem": "Packagist",
        "name": "jcbrand/converse.js"
      },
      "ranges": [
        {
          "type": "ECOSYSTEM",
          "events": [
            {
              "introduced": "0"
            },
            {
              "fixed": "3.3.3"
            }
          ]
        }
      ]
    },
    {
      "package": {
        "ecosystem": "npm",
        "name": "converse.js"
      },
      "ranges": [
        {
          "type": "ECOSYSTEM",
          "events": [
            {
              "introduced": "0"
            },
            {
              "fixed": "3.3.3"
            }
          ]
        }
      ]
    }
  ],
  "references": [
    {
      "type": "ADVISORY",
      "url": "https://nvd.nist.gov/vuln/detail/CVE-2018-6591"
    },
    {
      "type": "WEB",
      "url": "https://github.com/conversejs/converse.js/commit/ba09996998df38a5eb76903457fbb1077caabe25"
    },
    {
      "type": "PACKAGE",
      "url": "https://github.com/conversejs/converse.js"
    },
    {
      "type": "WEB",
      "url": "https://gultsch.de/converse_bookmarks.html"
    }
  ],
  "database_specific": {
    "cwe_ids": [
      "CWE-200"
    ],
    "severity": "MODERATE",
    "github_reviewed": true,
    "github_reviewed_at": "2023-07-25T20:47:32Z",
    "nvd_published_at": "2018-02-19T14:29:00Z"
  }
}