{
  "schema_version": "1.4.0",
  "id": "GHSA-9mpf-g3fc-9rgv",
  "modified": "2024-04-23T22:47:11Z",
  "published": "2022-05-17T05:00:37Z",
  "aliases": [
    "CVE-2013-5750"
  ],
  "summary": "FriendsOfSymfony FOSUserBundle denial of service via login form",
  "details": "The login form in the FriendsOfSymfony FOSUserBundle bundle before 1.3.3 for Symfony allows remote attackers to cause a denial of service (CPU consumption) via a long password that triggers an expensive hash computation, as demonstrated by a PBKDF2 computation.",
  "severity": [],
  "affected": [
    {
      "package": {
        "ecosystem": "Packagist",
        "name": "friendsofsymfony/user-bundle"
      },
      "ranges": [
        {
          "type": "ECOSYSTEM",
          "events": [
            {
              "introduced": "1.2.0"
            },
            {
              "fixed": "1.2.5"
            }
          ]
        }
      ]
    },
    {
      "package": {
        "ecosystem": "Packagist",
        "name": "friendsofsymfony/user-bundle"
      },
      "ranges": [
        {
          "type": "ECOSYSTEM",
          "events": [
            {
              "introduced": "1.3.0"
            },
            {
              "fixed": "1.3.3"
            }
          ]
        }
      ]
    }
  ],
  "references": [
    {
      "type": "ADVISORY",
      "url": "https://nvd.nist.gov/vuln/detail/CVE-2013-5750"
    },
    {
      "type": "WEB",
      "url": "https://github.com/FriendsOfPHP/security-advisories/blob/master/friendsofsymfony/user-bundle/CVE-2013-5750.yaml"
    },
    {
      "type": "WEB",
      "url": "https://symfony.com/cve-2013-5750"
    },
    {
      "type": "WEB",
      "url": "http://symfony.com/blog/cve-2013-5750-security-issue-in-fosuserbundle-login-form"
    }
  ],
  "database_specific": {
    "cwe_ids": [
      "CWE-400"
    ],
    "severity": "MODERATE",
    "github_reviewed": true,
    "github_reviewed_at": "2024-04-23T22:47:11Z",
    "nvd_published_at": "2013-09-25T10:31:00Z"
  }
}