{
  "schema_version": "1.4.0",
  "id": "GHSA-8w65-xjc5-9w79",
  "modified": "2023-09-11T18:10:34Z",
  "published": "2020-01-30T21:00:21Z",
  "aliases": [
    "CVE-2019-15607"
  ],
  "summary": "Cross-Site Scripting in node-red",
  "details": "Versions of `node-red` prior to 0.20.8are vulnerable to Cross-Site Scripting (XSS). The package fails to sanitize the `name` field in new Flows, allowing attackers to execute arbitrary JavaScript in the victim's browser.\n\n\n## Recommendation\n\nUpgrade to version 0.18.6 or later.",
  "severity": [
    {
      "type": "CVSS_V3",
      "score": "CVSS:3.1/AV:N/AC:L/PR:L/UI:R/S:C/C:L/I:L/A:N"
    }
  ],
  "affected": [
    {
      "package": {
        "ecosystem": "npm",
        "name": "node-red"
      },
      "ranges": [
        {
          "type": "ECOSYSTEM",
          "events": [
            {
              "introduced": "0"
            },
            {
              "fixed": "0.20.8"
            }
          ]
        }
      ],
      "database_specific": {
        "last_known_affected_version_range": "<= 0.20.7"
      }
    }
  ],
  "references": [
    {
      "type": "ADVISORY",
      "url": "https://nvd.nist.gov/vuln/detail/CVE-2019-15607"
    },
    {
      "type": "WEB",
      "url": "https://hackerone.com/reports/681986"
    },
    {
      "type": "WEB",
      "url": "https://www.npmjs.com/advisories/1456"
    }
  ],
  "database_specific": {
    "cwe_ids": [
      "CWE-79"
    ],
    "severity": "MODERATE",
    "github_reviewed": true,
    "github_reviewed_at": "2020-01-29T22:55:48Z",
    "nvd_published_at": null
  }
}