{
  "schema_version": "1.4.0",
  "id": "GHSA-8xv9-qcr9-ww9j",
  "modified": "2021-10-04T21:28:06Z",
  "published": "2020-10-19T21:32:18Z",
  "aliases": [],
  "summary": "Authenticated XML External Entity Processing",
  "details": "### Impact\nAuthenticated XML External Entity Processing\n\n### Patches\nWe recommend to update to the current version 6.3.2.1. You can get the update to 6.3.2.1 regularly via the Auto-Updater or directly via the download overview.\n\nhttps://www.shopware.com/en/download/#shopware-6\n\n### Workarounds\nFor older versions of 6.1 and 6.2 the corresponding changes are also available via plugin:\nhttps://store.shopware.com/en/detail/index/sArticle/518463/number/Swag136939272659\n\n### For more information\nhttps://docs.shopware.com/en/shopware-6-en/security-updates/security-update-10-2020",
  "severity": [
    {
      "type": "CVSS_V3",
      "score": "CVSS:3.1/AV:N/AC:H/PR:N/UI:N/S:U/C:L/I:L/A:L"
    }
  ],
  "affected": [
    {
      "package": {
        "ecosystem": "Packagist",
        "name": "shopware/platform"
      },
      "ranges": [
        {
          "type": "ECOSYSTEM",
          "events": [
            {
              "introduced": "0"
            },
            {
              "fixed": "6.3.2.1"
            }
          ]
        }
      ],
      "database_specific": {
        "last_known_affected_version_range": "<= 6.3.2.0"
      }
    },
    {
      "package": {
        "ecosystem": "Packagist",
        "name": "shopware/core"
      },
      "ranges": [
        {
          "type": "ECOSYSTEM",
          "events": [
            {
              "introduced": "0"
            },
            {
              "fixed": "6.3.2.1"
            }
          ]
        }
      ],
      "database_specific": {
        "last_known_affected_version_range": "<= 6.3.2.0"
      }
    }
  ],
  "references": [
    {
      "type": "WEB",
      "url": "https://github.com/shopware/platform/security/advisories/GHSA-8xv9-qcr9-ww9j"
    },
    {
      "type": "PACKAGE",
      "url": "https://github.com/shopware/platform"
    },
    {
      "type": "WEB",
      "url": "https://snyk.io/vuln/SNYK-PHP-SHOPWAREPLATFORM-1019470"
    }
  ],
  "database_specific": {
    "cwe_ids": [
      "CWE-611"
    ],
    "severity": "MODERATE",
    "github_reviewed": true,
    "github_reviewed_at": "2020-10-19T21:32:05Z",
    "nvd_published_at": null
  }
}