{
  "schema_version": "1.4.0",
  "id": "GHSA-5xp2-7qfc-fwgc",
  "modified": "2023-10-27T20:14:34Z",
  "published": "2022-07-28T00:00:42Z",
  "aliases": [
    "CVE-2022-36900"
  ],
  "summary": "Jenkins Compuware zAdviser API Plugin vulnerable to protection mechanism failure",
  "details": "Jenkins Compuware zAdviser API Plugin defines a controller/agent message that retrieves Java system properties.\n\nCompuware zAdviser API Plugin 1.0.3 and earlier does not restrict execution of the controller/agent message to agents. This allows attackers able to control agent processes to retrieve Java system properties.\n\nCompuware zAdviser API Plugin 1.0.4 does not allow the affected controller/agent message to be submitted by agents for execution on the controller.",
  "severity": [
    {
      "type": "CVSS_V3",
      "score": "CVSS:3.1/AV:N/AC:L/PR:L/UI:N/S:U/C:L/I:N/A:N"
    }
  ],
  "affected": [
    {
      "package": {
        "ecosystem": "Maven",
        "name": "com.compuware.jenkins:compuware-zadviser-api"
      },
      "ranges": [
        {
          "type": "ECOSYSTEM",
          "events": [
            {
              "introduced": "0"
            },
            {
              "fixed": "1.0.4"
            }
          ]
        }
      ],
      "database_specific": {
        "last_known_affected_version_range": "<= 1.0.3"
      }
    }
  ],
  "references": [
    {
      "type": "ADVISORY",
      "url": "https://nvd.nist.gov/vuln/detail/CVE-2022-36900"
    },
    {
      "type": "WEB",
      "url": "https://github.com/jenkinsci/compuware-zadviser-api-plugin/commit/0aff2c33476b55b30e1fa9bb0eacf2f9f70ed0a8"
    },
    {
      "type": "WEB",
      "url": "https://www.jenkins.io/security/advisory/2022-07-27/#SECURITY-2630"
    },
    {
      "type": "WEB",
      "url": "http://www.openwall.com/lists/oss-security/2022/07/27/1"
    }
  ],
  "database_specific": {
    "cwe_ids": [
      "CWE-693"
    ],
    "severity": "MODERATE",
    "github_reviewed": true,
    "github_reviewed_at": "2022-08-10T18:20:38Z",
    "nvd_published_at": "2022-07-27T15:15:00Z"
  }
}