{
  "schema_version": "1.4.0",
  "id": "GHSA-mf27-wg66-m8f5",
  "modified": "2022-01-04T18:57:49Z",
  "published": "2021-12-17T20:41:09Z",
  "aliases": [
    "CVE-2020-35210"
  ],
  "summary": "A vulnerability in Atomix v3.1.5 allows attackers to cause a denial of service (DoS) via a Raft session flooding attack using Raft OpenSessionRequest messages.",
  "details": "A vulnerability in Atomix v3.1.5 allows attackers to cause a denial of service (DoS) via a Raft session flooding attack using Raft OpenSessionRequest messages.",
  "severity": [
    {
      "type": "CVSS_V3",
      "score": "CVSS:3.1/AV:N/AC:L/PR:L/UI:N/S:U/C:N/I:N/A:H"
    }
  ],
  "affected": [
    {
      "package": {
        "ecosystem": "Maven",
        "name": "io.atomix:atomix"
      },
      "ranges": [
        {
          "type": "ECOSYSTEM",
          "events": [
            {
              "introduced": "0"
            },
            {
              "last_affected": "3.1.5"
            }
          ]
        }
      ]
    }
  ],
  "references": [
    {
      "type": "ADVISORY",
      "url": "https://nvd.nist.gov/vuln/detail/CVE-2020-35210"
    },
    {
      "type": "WEB",
      "url": "https://docs.google.com/presentation/d/1eZznIciFI06_5UJrXvlLugH2-nmjfYpQO5NyNMc9RxU/edit?usp=sharing"
    },
    {
      "type": "PACKAGE",
      "url": "https://github.com/atomix/atomix"
    }
  ],
  "database_specific": {
    "cwe_ids": [
      "CWE-400"
    ],
    "severity": "MODERATE",
    "github_reviewed": true,
    "github_reviewed_at": "2021-12-17T17:20:09Z",
    "nvd_published_at": "2021-12-16T20:15:00Z"
  }
}