{
  "schema_version": "1.4.0",
  "id": "GHSA-qfw2-wvrw-mvw4",
  "modified": "2023-09-18T22:43:32Z",
  "published": "2022-04-29T01:25:43Z",
  "aliases": [
    "CVE-2003-0042"
  ],
  "summary": "Jakarta Tomcat Directory Listing vulnerability",
  "details": "Jakarta Tomcat before 3.3.1a, when used with JDK 1.3.1 or earlier, allows remote attackers to list directories even with an index.html or other file present, or obtain unprocessed source code for a JSP file, via a URL containing a null character.",
  "severity": [],
  "affected": [
    {
      "package": {
        "ecosystem": "Maven",
        "name": "org.apache.tomcat:tomcat"
      },
      "ranges": [
        {
          "type": "ECOSYSTEM",
          "events": [
            {
              "introduced": "0"
            },
            {
              "fixed": "3.3.1a"
            }
          ]
        }
      ]
    }
  ],
  "references": [
    {
      "type": "ADVISORY",
      "url": "https://nvd.nist.gov/vuln/detail/CVE-2003-0042"
    },
    {
      "type": "WEB",
      "url": "https://exchange.xforce.ibmcloud.com/vulnerabilities/11194"
    },
    {
      "type": "PACKAGE",
      "url": "https://github.com/apache/tomcat"
    },
    {
      "type": "WEB",
      "url": "http://jakarta.apache.org/builds/jakarta-tomcat/release/v3.3.1a"
    },
    {
      "type": "WEB",
      "url": "http://jakarta.apache.org/builds/jakarta-tomcat/release/v3.3.1a/RELEASE-NOTES-3.3.1a.txt"
    },
    {
      "type": "WEB",
      "url": "http://marc.info/?l=bugtraq&m=104394568616290&w=2"
    },
    {
      "type": "WEB",
      "url": "http://secunia.com/advisories/7972"
    },
    {
      "type": "WEB",
      "url": "http://secunia.com/advisories/7977"
    },
    {
      "type": "WEB",
      "url": "http://www.ciac.org/ciac/bulletins/n-060.shtml"
    },
    {
      "type": "WEB",
      "url": "http://www.debian.org/security/2003/dsa-246"
    },
    {
      "type": "WEB",
      "url": "http://www.securityfocus.com/advisories/5111"
    },
    {
      "type": "WEB",
      "url": "http://www.securityfocus.com/bid/6721"
    }
  ],
  "database_specific": {
    "cwe_ids": [
      "CWE-22"
    ],
    "severity": "MODERATE",
    "github_reviewed": true,
    "github_reviewed_at": "2023-09-18T22:43:32Z",
    "nvd_published_at": "2003-02-07T05:00:00Z"
  }
}