{
  "schema_version": "1.4.0",
  "id": "GHSA-5p9f-55j8-922m",
  "modified": "2020-06-17T15:14:35Z",
  "published": "2018-08-13T20:49:10Z",
  "withdrawn": "2020-06-17T15:14:35Z",
  "aliases": [],
  "summary": "Moderate severity vulnerability that affects doorkeeper",
  "details": "Withdrawn, accidental duplicate publish.\n\nThe Doorkeeper gem before 4.2.0 for Ruby might allow remote attackers to conduct replay attacks or revoke arbitrary tokens by leveraging failure to implement the OAuth 2.0 Token Revocation specification.",
  "severity": [],
  "affected": [
    {
      "package": {
        "ecosystem": "RubyGems",
        "name": "doorkeeper"
      },
      "ranges": [
        {
          "type": "ECOSYSTEM",
          "events": [
            {
              "introduced": "1.2.0"
            },
            {
              "fixed": "4.2.0"
            }
          ]
        }
      ]
    }
  ],
  "references": [
    {
      "type": "ADVISORY",
      "url": "https://nvd.nist.gov/vuln/detail/CVE-2016-6582"
    },
    {
      "type": "ADVISORY",
      "url": "https://github.com/advisories/GHSA-5p9f-55j8-922m"
    }
  ],
  "database_specific": {
    "cwe_ids": [],
    "severity": "MODERATE",
    "github_reviewed": true,
    "github_reviewed_at": "2020-06-17T15:14:35Z",
    "nvd_published_at": null
  }
}