{
  "schema_version": "1.4.0",
  "id": "GHSA-8w3x-r6x7-c5r5",
  "modified": "2021-12-14T14:44:34Z",
  "published": "2021-12-16T14:28:27Z",
  "aliases": [
    "CVE-2021-4084"
  ],
  "summary": "Cross-site Scripting in pimcore",
  "details": "pimcore is vulnerable to Improper Neutralization of Input During Web Page Generation ('Cross-site Scripting')",
  "severity": [
    {
      "type": "CVSS_V3",
      "score": "CVSS:3.1/AV:N/AC:L/PR:N/UI:R/S:C/C:L/I:L/A:N"
    }
  ],
  "affected": [
    {
      "package": {
        "ecosystem": "Packagist",
        "name": "pimcore/pimcore"
      },
      "ranges": [
        {
          "type": "ECOSYSTEM",
          "events": [
            {
              "introduced": "0"
            },
            {
              "fixed": "10.2.6"
            }
          ]
        }
      ]
    }
  ],
  "references": [
    {
      "type": "ADVISORY",
      "url": "https://nvd.nist.gov/vuln/detail/CVE-2021-4084"
    },
    {
      "type": "WEB",
      "url": "https://github.com/pimcore/pimcore/commit/3c2a14e676a57e5d77a16255965988eef48f9065"
    },
    {
      "type": "PACKAGE",
      "url": "https://github.com/pimcore/pimcore"
    },
    {
      "type": "WEB",
      "url": "https://huntr.dev/bounties/dcb37f19-ba53-4498-b953-d21999279266"
    }
  ],
  "database_specific": {
    "cwe_ids": [
      "CWE-79"
    ],
    "severity": "MODERATE",
    "github_reviewed": true,
    "github_reviewed_at": "2021-12-14T14:44:34Z",
    "nvd_published_at": "2021-12-10T12:15:00Z"
  }
}