{
  "schema_version": "1.4.0",
  "id": "GHSA-xwg3-qrcg-w9x6",
  "modified": "2021-04-23T17:17:16Z",
  "published": "2021-04-19T14:51:25Z",
  "aliases": [
    "CVE-2021-31404"
  ],
  "summary": "Timing side channel vulnerability in UIDL request handler in Vaadin 10, 11-14, and 15-18",
  "details": "Non-constant-time comparison of CSRF tokens in UIDL request handler in `com.vaadin:flow-server` versions 1.0.0 through 1.0.13 (Vaadin 10.0.0 through 10.0.16), 1.1.0 prior to 2.0.0 (Vaadin 11 through 13), 2.0.0 through 2.4.6 (Vaadin 14.0.0 through 14.4.6), 3.0.0 prior to 5.0.0 (Vaadin 15 prior to 18), and 5.0.0 through 5.0.2 (Vaadin 18.0.0 through 18.0.5) allows attacker to guess a security token via timing attack.\n\n- https://vaadin.com/security/cve-2021-31404",
  "severity": [
    {
      "type": "CVSS_V3",
      "score": "CVSS:3.1/AV:L/AC:H/PR:N/UI:N/S:U/C:L/I:L/A:N"
    }
  ],
  "affected": [
    {
      "package": {
        "ecosystem": "Maven",
        "name": "com.vaadin:flow-server"
      },
      "ranges": [
        {
          "type": "ECOSYSTEM",
          "events": [
            {
              "introduced": "1.0.0"
            },
            {
              "fixed": "1.0.14"
            }
          ]
        }
      ]
    },
    {
      "package": {
        "ecosystem": "Maven",
        "name": "com.vaadin:flow-server"
      },
      "ranges": [
        {
          "type": "ECOSYSTEM",
          "events": [
            {
              "introduced": "1.1.0"
            },
            {
              "fixed": "2.4.7"
            }
          ]
        }
      ]
    },
    {
      "package": {
        "ecosystem": "Maven",
        "name": "com.vaadin:flow-server"
      },
      "ranges": [
        {
          "type": "ECOSYSTEM",
          "events": [
            {
              "introduced": "3.0.0"
            },
            {
              "fixed": "5.0.3"
            }
          ]
        }
      ]
    }
  ],
  "references": [
    {
      "type": "WEB",
      "url": "https://github.com/vaadin/flow/security/advisories/GHSA-xwg3-qrcg-w9x6"
    },
    {
      "type": "ADVISORY",
      "url": "https://nvd.nist.gov/vuln/detail/CVE-2021-31404"
    },
    {
      "type": "WEB",
      "url": "https://github.com/vaadin/flow/pull/9875"
    },
    {
      "type": "WEB",
      "url": "https://vaadin.com/security/cve-2021-31404"
    }
  ],
  "database_specific": {
    "cwe_ids": [
      "CWE-203",
      "CWE-208"
    ],
    "severity": "MODERATE",
    "github_reviewed": true,
    "github_reviewed_at": "2021-04-16T23:16:19Z",
    "nvd_published_at": "2021-04-23T16:15:00Z"
  }
}