{
  "schema_version": "1.4.0",
  "id": "GHSA-hhx8-cr55-qcxx",
  "modified": "2024-09-26T16:12:16Z",
  "published": "2022-05-14T01:10:43Z",
  "aliases": [
    "CVE-2019-9644"
  ],
  "summary": "Improper Neutralization of Input During Web Page Generation in Jupyter Notebook",
  "details": "An XSSI (cross-site inclusion) vulnerability in Jupyter Notebook before 5.7.6 allows inclusion of resources on malicious pages when visited by users who are authenticated with a Jupyter server. Access to the content of resources has been demonstrated with Internet Explorer through capturing of error messages, though not reproduced with other browsers. This occurs because Internet Explorer's error messages can include the content of any invalid JavaScript that was encountered.",
  "severity": [
    {
      "type": "CVSS_V3",
      "score": "CVSS:3.0/AV:N/AC:L/PR:N/UI:R/S:U/C:L/I:L/A:N"
    },
    {
      "type": "CVSS_V4",
      "score": "CVSS:4.0/AV:N/AC:L/AT:N/PR:N/UI:A/VC:N/VI:N/VA:N/SC:L/SI:L/SA:N"
    }
  ],
  "affected": [
    {
      "package": {
        "ecosystem": "PyPI",
        "name": "jupyter-notebook"
      },
      "ranges": [
        {
          "type": "ECOSYSTEM",
          "events": [
            {
              "introduced": "0"
            },
            {
              "fixed": "5.7.6"
            }
          ]
        }
      ],
      "database_specific": {
        "last_known_affected_version_range": "<= 5.7.5"
      }
    },
    {
      "package": {
        "ecosystem": "PyPI",
        "name": "notebook"
      },
      "ranges": [
        {
          "type": "ECOSYSTEM",
          "events": [
            {
              "introduced": "0"
            },
            {
              "fixed": "5.7.6"
            }
          ]
        }
      ]
    }
  ],
  "references": [
    {
      "type": "ADVISORY",
      "url": "https://nvd.nist.gov/vuln/detail/CVE-2019-9644"
    },
    {
      "type": "PACKAGE",
      "url": "https://github.com/jupyter/notebook"
    },
    {
      "type": "WEB",
      "url": "https://github.com/jupyter/notebook/compare/f3f00df...05aa4b2"
    },
    {
      "type": "WEB",
      "url": "https://github.com/pypa/advisory-database/tree/main/vulns/notebook/PYSEC-2019-159.yaml"
    },
    {
      "type": "WEB",
      "url": "https://lists.fedoraproject.org/archives/list/package-announce@lists.fedoraproject.org/message/UP5RLEES2JBBNSNLBR65XM6PCD4EMF7D"
    },
    {
      "type": "WEB",
      "url": "https://lists.fedoraproject.org/archives/list/package-announce@lists.fedoraproject.org/message/VMDPJBVXOVO6LYGAT46VZNHH6JKSCURO"
    }
  ],
  "database_specific": {
    "cwe_ids": [
      "CWE-79"
    ],
    "severity": "MODERATE",
    "github_reviewed": true,
    "github_reviewed_at": "2022-06-24T14:47:43Z",
    "nvd_published_at": "2019-03-12T09:29:00Z"
  }
}