{
  "schema_version": "1.4.0",
  "id": "GHSA-34fr-fhqr-7235",
  "modified": "2021-08-31T21:23:03Z",
  "published": "2021-07-26T21:16:28Z",
  "aliases": [
    "CVE-2021-32767"
  ],
  "summary": "Information Disclosure in User Authentication",
  "details": "> ### Meta\n> * CVSS: `AV:N/AC:H/PR:L/UI:N/S:U/C:H/I:N/A:N/E:F/RL:O/RC:C` (4.9)\n\n### Problem\nIt has been discovered that user credentials have been logged as plaintext when explicitly using log level debug, which is not the _default_ configuration.\n\n### Solution\nUpdate to TYPO3 versions 7.6.52 ELTS, 8.7.41 ELTS, 9.5.28, 10.4.18, 11.3.1 that fix the problem described.\n\n### Credits\nThanks to Ingo Schmitt who reported this issue, and to TYPO3 core & security team member Benni Mack who fixed the issue.\n\n### References\n* [TYPO3-CORE-SA-2021-012](https://typo3.org/security/advisory/typo3-core-sa-2021-012)",
  "severity": [
    {
      "type": "CVSS_V3",
      "score": "CVSS:3.1/AV:N/AC:H/PR:L/UI:N/S:U/C:H/I:N/A:N"
    }
  ],
  "affected": [
    {
      "package": {
        "ecosystem": "Packagist",
        "name": "typo3/cms-core"
      },
      "ranges": [
        {
          "type": "ECOSYSTEM",
          "events": [
            {
              "introduced": "7.0.0"
            },
            {
              "fixed": "7.6.52"
            }
          ]
        }
      ]
    },
    {
      "package": {
        "ecosystem": "Packagist",
        "name": "typo3/cms-core"
      },
      "ranges": [
        {
          "type": "ECOSYSTEM",
          "events": [
            {
              "introduced": "8.0.0"
            },
            {
              "fixed": "8.7.41"
            }
          ]
        }
      ]
    },
    {
      "package": {
        "ecosystem": "Packagist",
        "name": "typo3/cms-core"
      },
      "ranges": [
        {
          "type": "ECOSYSTEM",
          "events": [
            {
              "introduced": "9.0.0"
            },
            {
              "fixed": "9.5.28"
            }
          ]
        }
      ]
    },
    {
      "package": {
        "ecosystem": "Packagist",
        "name": "typo3/cms-core"
      },
      "ranges": [
        {
          "type": "ECOSYSTEM",
          "events": [
            {
              "introduced": "10.0.0"
            },
            {
              "fixed": "10.4.18"
            }
          ]
        }
      ]
    },
    {
      "package": {
        "ecosystem": "Packagist",
        "name": "typo3/cms-core"
      },
      "ranges": [
        {
          "type": "ECOSYSTEM",
          "events": [
            {
              "introduced": "11.0.0"
            },
            {
              "fixed": "11.3.1"
            }
          ]
        }
      ]
    },
    {
      "package": {
        "ecosystem": "Packagist",
        "name": "typo3/cms"
      },
      "ranges": [
        {
          "type": "ECOSYSTEM",
          "events": [
            {
              "introduced": "10.0.0"
            },
            {
              "fixed": "10.4.18"
            }
          ]
        }
      ]
    },
    {
      "package": {
        "ecosystem": "Packagist",
        "name": "typo3/cms"
      },
      "ranges": [
        {
          "type": "ECOSYSTEM",
          "events": [
            {
              "introduced": "11.0.0"
            },
            {
              "fixed": "11.3.1"
            }
          ]
        }
      ]
    },
    {
      "package": {
        "ecosystem": "Packagist",
        "name": "typo3/cms"
      },
      "ranges": [
        {
          "type": "ECOSYSTEM",
          "events": [
            {
              "introduced": "9.0.0"
            },
            {
              "fixed": "9.5.28"
            }
          ]
        }
      ]
    }
  ],
  "references": [
    {
      "type": "WEB",
      "url": "https://github.com/TYPO3/TYPO3.CMS/security/advisories/GHSA-34fr-fhqr-7235"
    },
    {
      "type": "WEB",
      "url": "https://github.com/TYPO3/typo3/security/advisories/GHSA-34fr-fhqr-7235"
    },
    {
      "type": "ADVISORY",
      "url": "https://nvd.nist.gov/vuln/detail/CVE-2021-32767"
    },
    {
      "type": "WEB",
      "url": "https://github.com/TYPO3/typo3/commit/0b4950163b8919451964133febc65bcdfcec721c"
    },
    {
      "type": "WEB",
      "url": "https://github.com/FriendsOfPHP/security-advisories/blob/master/typo3/cms-core/CVE-2021-32767.yaml"
    },
    {
      "type": "WEB",
      "url": "https://github.com/FriendsOfPHP/security-advisories/blob/master/typo3/cms/CVE-2021-32767.yaml"
    },
    {
      "type": "PACKAGE",
      "url": "https://github.com/TYPO3/typo3"
    },
    {
      "type": "WEB",
      "url": "https://typo3.org/security/advisory/typo3-core-sa-2021-012"
    },
    {
      "type": "WEB",
      "url": "https://typo3.org/security/advisory/typo3-core-sa-2021-013"
    }
  ],
  "database_specific": {
    "cwe_ids": [
      "CWE-532"
    ],
    "severity": "MODERATE",
    "github_reviewed": true,
    "github_reviewed_at": "2021-07-22T20:24:00Z",
    "nvd_published_at": "2021-07-20T16:15:00Z"
  }
}