{
  "schema_version": "1.4.0",
  "id": "GHSA-phf8-3qgv-rg5q",
  "modified": "2025-01-17T17:10:19Z",
  "published": "2022-05-13T01:18:20Z",
  "aliases": [
    "CVE-2017-1000105"
  ],
  "summary": "Missing Authorization in Jenkins Blue Ocean Plugin",
  "details": "The optional Run/Artifacts permission can be enabled by setting a Java system property.\n\nBlue Ocean did not check this permission before providing access to archived artifacts, Item/Read permission was sufficient.\n\nBlue Ocean now correctly checks the Run/Artifacts permission if it\u2019s enabled before providing access to artifacts.",
  "severity": [
    {
      "type": "CVSS_V3",
      "score": "CVSS:3.0/AV:N/AC:L/PR:L/UI:N/S:U/C:L/I:N/A:N"
    }
  ],
  "affected": [
    {
      "package": {
        "ecosystem": "Maven",
        "name": "io.jenkins.blueocean:blueocean"
      },
      "ranges": [
        {
          "type": "ECOSYSTEM",
          "events": [
            {
              "introduced": "0"
            },
            {
              "last_affected": "1.2.4"
            }
          ]
        }
      ]
    }
  ],
  "references": [
    {
      "type": "ADVISORY",
      "url": "https://nvd.nist.gov/vuln/detail/CVE-2017-1000105"
    },
    {
      "type": "WEB",
      "url": "https://jenkins.io/security/advisory/2017-08-07"
    }
  ],
  "database_specific": {
    "cwe_ids": [
      "CWE-862"
    ],
    "severity": "MODERATE",
    "github_reviewed": true,
    "github_reviewed_at": "2022-11-01T23:02:55Z",
    "nvd_published_at": "2017-10-05T01:29:00Z"
  }
}