{
  "schema_version": "1.4.0",
  "id": "GHSA-c78g-qwpw-2jgv",
  "modified": "2024-03-05T19:11:30Z",
  "published": "2022-05-14T02:42:46Z",
  "aliases": [
    "CVE-2010-4172"
  ],
  "summary": "Improper Neutralization of Input During Web Page Generation  in Apache Tomcat",
  "details": "Multiple cross-site scripting (XSS) vulnerabilities in the Manager application in Apache Tomcat 6.0.12 through 6.0.29 and 7.0.0 through 7.0.4 allow remote attackers to inject arbitrary web script or HTML via the (1) orderBy or (2) sort parameter to sessionsList.jsp, or unspecified input to (3) sessionDetail.jsp or (4) java/org/apache/catalina/manager/JspHelper.java, related to use of untrusted web applications.",
  "severity": [],
  "affected": [
    {
      "package": {
        "ecosystem": "Maven",
        "name": "org.apache.tomcat:tomcat"
      },
      "ranges": [
        {
          "type": "ECOSYSTEM",
          "events": [
            {
              "introduced": "7.0.0"
            },
            {
              "fixed": "7.0.5"
            }
          ]
        }
      ]
    },
    {
      "package": {
        "ecosystem": "Maven",
        "name": "org.apache.tomcat:tomcat"
      },
      "ranges": [
        {
          "type": "ECOSYSTEM",
          "events": [
            {
              "introduced": "6.0.12"
            },
            {
              "last_affected": "6.0.29"
            }
          ]
        }
      ]
    }
  ],
  "references": [
    {
      "type": "ADVISORY",
      "url": "https://nvd.nist.gov/vuln/detail/CVE-2010-4172"
    },
    {
      "type": "WEB",
      "url": "https://github.com/apache/tomcat/commit/5971f9392edc6d70808b2599b062b050fcd11d23"
    },
    {
      "type": "WEB",
      "url": "https://bugzilla.redhat.com/show_bug.cgi?id=656246"
    },
    {
      "type": "PACKAGE",
      "url": "https://github.com/apache/tomcat"
    },
    {
      "type": "WEB",
      "url": "https://lists.apple.com/archives/Security-announce/2011//Oct/msg00003.html"
    },
    {
      "type": "WEB",
      "url": "https://marc.info/?l=bugtraq&m=139344343412337&w=2"
    },
    {
      "type": "WEB",
      "url": "https://tomcat.apache.org/security-7.html#Fixed_in_Apache_Tomcat_7.0.5"
    },
    {
      "type": "WEB",
      "url": "https://www.redhat.com/support/errata/RHSA-2011-0896.html"
    },
    {
      "type": "WEB",
      "url": "https://www.redhat.com/support/errata/RHSA-2011-0897.html"
    },
    {
      "type": "WEB",
      "url": "https://www.securityfocus.com/archive/1/514866/100/0/threaded"
    },
    {
      "type": "WEB",
      "url": "https://www.ubuntu.com/usn/USN-1048-1"
    },
    {
      "type": "WEB",
      "url": "https://www.vupen.com/english/advisories/2010/3047"
    },
    {
      "type": "WEB",
      "url": "https://www.vupen.com/english/advisories/2011/0203"
    }
  ],
  "database_specific": {
    "cwe_ids": [
      "CWE-79"
    ],
    "severity": "MODERATE",
    "github_reviewed": true,
    "github_reviewed_at": "2022-07-08T18:47:13Z",
    "nvd_published_at": "2010-11-26T20:00:00Z"
  }
}