{
  "schema_version": "1.4.0",
  "id": "GHSA-mqhw-wq8p-vf5r",
  "modified": "2024-05-15T22:52:26Z",
  "published": "2022-05-24T17:18:58Z",
  "aliases": [
    "CVE-2020-10959"
  ],
  "summary": "MediaWiki Open Redirect vulnerability",
  "details": "resources/src/mediawiki.page.ready/ready.js in MediaWiki before 1.34.0-rc.0 allows remote attackers to force a logout and external redirection via HTML content in a MediaWiki page.",
  "severity": [
    {
      "type": "CVSS_V3",
      "score": "CVSS:3.1/AV:N/AC:L/PR:N/UI:R/S:C/C:L/I:L/A:N"
    }
  ],
  "affected": [
    {
      "package": {
        "ecosystem": "Packagist",
        "name": "mediawiki/core"
      },
      "ranges": [
        {
          "type": "ECOSYSTEM",
          "events": [
            {
              "introduced": "0"
            },
            {
              "fixed": "1.34.0-rc.0"
            }
          ]
        }
      ]
    }
  ],
  "references": [
    {
      "type": "ADVISORY",
      "url": "https://nvd.nist.gov/vuln/detail/CVE-2020-10959"
    },
    {
      "type": "WEB",
      "url": "https://github.com/wikimedia/mediawiki/commit/d4a552e65bdfd7309a9b8537e9dbe69c5e2991eb"
    },
    {
      "type": "WEB",
      "url": "https://gerrit.wikimedia.org/r/c/mediawiki/core/+/536725"
    },
    {
      "type": "WEB",
      "url": "https://github.com/FriendsOfPHP/security-advisories/blob/master/mediawiki/core/CVE-2020-10959.yaml"
    },
    {
      "type": "PACKAGE",
      "url": "https://github.com/wikimedia/mediawiki"
    },
    {
      "type": "WEB",
      "url": "https://phabricator.wikimedia.org/T232932"
    },
    {
      "type": "WEB",
      "url": "https://phabricator.wikimedia.org/T240393"
    }
  ],
  "database_specific": {
    "cwe_ids": [
      "CWE-601"
    ],
    "severity": "MODERATE",
    "github_reviewed": true,
    "github_reviewed_at": "2024-05-15T22:52:26Z",
    "nvd_published_at": "2020-06-02T14:15:00Z"
  }
}