{
  "schema_version": "1.4.0",
  "id": "GHSA-vxvm-qww3-2fh7",
  "modified": "2025-02-13T19:11:37Z",
  "published": "2023-08-29T18:31:53Z",
  "aliases": [
    "CVE-2021-32050"
  ],
  "summary": "MongoDB Driver may publish events containing authentication-related data",
  "details": "Some MongoDB Drivers may erroneously publish events containing authentication-related data to a command listener configured by an application. The published events may contain security-sensitive data when specific authentication-related commands are executed.\n\nWithout due care, an application may inadvertently expose this sensitive information, e.g., by writing it to a log file. This issue only arises if an application enables the command listener feature (this is not enabled by default).\n\nThis issue affects the MongoDB C Driver 1.0.0 prior to 1.17.7, MongoDB PHP Driver 1.0.0 prior to 1.9.2, MongoDB Swift Driver 1.0.0 prior to 1.1.1, MongoDB Node.js Driver 3.6 prior to 3.6.10, MongoDB Node.js Driver 4.0 prior to 4.17.0 and MongoDB Node.js Driver 5.0 prior to 5.8.0. This issue also affects users of the MongoDB C++ Driver dependent on the C driver 1.0.0 prior to 1.17.7 (C++ driver prior to 3.7.0).",
  "severity": [
    {
      "type": "CVSS_V3",
      "score": "CVSS:3.1/AV:L/AC:L/PR:H/UI:R/S:U/C:H/I:N/A:N"
    }
  ],
  "affected": [
    {
      "package": {
        "ecosystem": "Packagist",
        "name": "mongodb/mongodb"
      },
      "ranges": [
        {
          "type": "ECOSYSTEM",
          "events": [
            {
              "introduced": "1.0.0"
            },
            {
              "fixed": "1.9.2"
            }
          ]
        }
      ]
    },
    {
      "package": {
        "ecosystem": "npm",
        "name": "mongodb"
      },
      "ranges": [
        {
          "type": "ECOSYSTEM",
          "events": [
            {
              "introduced": "3.6.0"
            },
            {
              "fixed": "3.6.10"
            }
          ]
        }
      ]
    },
    {
      "package": {
        "ecosystem": "npm",
        "name": "mongodb"
      },
      "ranges": [
        {
          "type": "ECOSYSTEM",
          "events": [
            {
              "introduced": "4.0.0"
            },
            {
              "fixed": "4.17.0"
            }
          ]
        }
      ]
    },
    {
      "package": {
        "ecosystem": "npm",
        "name": "mongodb"
      },
      "ranges": [
        {
          "type": "ECOSYSTEM",
          "events": [
            {
              "introduced": "5.0.0"
            },
            {
              "fixed": "5.8.0"
            }
          ]
        }
      ]
    },
    {
      "package": {
        "ecosystem": "SwiftURL",
        "name": "github.com/mongodb/mongo-swift-driver"
      },
      "ranges": [
        {
          "type": "ECOSYSTEM",
          "events": [
            {
              "introduced": "1.0.0"
            },
            {
              "fixed": "1.1.1"
            }
          ]
        }
      ]
    }
  ],
  "references": [
    {
      "type": "ADVISORY",
      "url": "https://nvd.nist.gov/vuln/detail/CVE-2021-32050"
    },
    {
      "type": "WEB",
      "url": "https://github.com/mongodb/mongo-php-driver/pull/1235"
    },
    {
      "type": "WEB",
      "url": "https://github.com/mongodb/mongo-swift-driver/pull/643"
    },
    {
      "type": "WEB",
      "url": "https://github.com/mongodb/mongo-php-driver/commit/4495de8313c0d313e4dde906fc7aedf998ee3748"
    },
    {
      "type": "WEB",
      "url": "https://github.com/mongodb/node-mongodb-native/commit/8c8b4c3b8c55f10fb96f63d3bbfa5d408b4ed7d0"
    },
    {
      "type": "WEB",
      "url": "https://jira.mongodb.org/browse/CDRIVER-3797"
    },
    {
      "type": "WEB",
      "url": "https://jira.mongodb.org/browse/CXX-2028"
    },
    {
      "type": "WEB",
      "url": "https://jira.mongodb.org/browse/NODE-3356"
    },
    {
      "type": "WEB",
      "url": "https://jira.mongodb.org/browse/PHPC-1869"
    },
    {
      "type": "WEB",
      "url": "https://jira.mongodb.org/browse/SWIFT-1229"
    },
    {
      "type": "WEB",
      "url": "https://security.netapp.com/advisory/ntap-20231006-0001"
    }
  ],
  "database_specific": {
    "cwe_ids": [
      "CWE-200",
      "CWE-532"
    ],
    "severity": "MODERATE",
    "github_reviewed": true,
    "github_reviewed_at": "2023-08-30T21:20:44Z",
    "nvd_published_at": "2023-08-29T16:15:08Z"
  }
}