{
  "schema_version": "1.4.0",
  "id": "GHSA-r657-3wqh-g2x9",
  "modified": "2023-10-02T20:18:08Z",
  "published": "2023-09-30T03:31:49Z",
  "aliases": [
    "CVE-2023-5318"
  ],
  "summary": "Microweber uses hard coded credentials",
  "details": "Use of Hard-coded Credentials in GitHub repository microweber/microweber 1.3.4 and prior. A patch is available and anticipated to be part of version 2.0.",
  "severity": [
    {
      "type": "CVSS_V3",
      "score": "CVSS:3.0/AV:N/AC:L/PR:N/UI:N/S:C/C:L/I:N/A:N"
    }
  ],
  "affected": [
    {
      "package": {
        "ecosystem": "Packagist",
        "name": "microweber/microweber"
      },
      "ranges": [
        {
          "type": "ECOSYSTEM",
          "events": [
            {
              "introduced": "0"
            },
            {
              "last_affected": "1.3.4"
            }
          ]
        }
      ]
    }
  ],
  "references": [
    {
      "type": "ADVISORY",
      "url": "https://nvd.nist.gov/vuln/detail/CVE-2023-5318"
    },
    {
      "type": "WEB",
      "url": "https://github.com/microweber/microweber/commit/c48b34dfd6cae7a55b452280d692dc62512574b0"
    },
    {
      "type": "PACKAGE",
      "url": "https://github.com/microweber/microweber"
    },
    {
      "type": "WEB",
      "url": "https://huntr.dev/bounties/17826bdd-8136-48ae-afb9-af627cb6fd5d"
    }
  ],
  "database_specific": {
    "cwe_ids": [
      "CWE-798"
    ],
    "severity": "MODERATE",
    "github_reviewed": true,
    "github_reviewed_at": "2023-10-02T20:18:08Z",
    "nvd_published_at": "2023-09-30T01:15:39Z"
  }
}