{
  "schema_version": "1.4.0",
  "id": "GHSA-8xm3-gm7c-5fjx",
  "modified": "2023-01-27T00:52:11Z",
  "published": "2022-05-14T03:07:30Z",
  "aliases": [
    "CVE-2014-0013"
  ],
  "summary": "Ember.js Cross-site Scripting vulnerability",
  "details": "Ember.js 1.0.x before 1.0.1, 1.1.x before 1.1.3, 1.2.x before 1.2.1, 1.3.x before 1.3.1, and 1.4.x before 1.4.0-beta.2 allows remote attackers to conduct cross-site scripting (XSS) attacks by leveraging an application that contains templates whose context is set to a user-supplied primitive value and also contain the `{{this}}` special Handlebars variable.",
  "severity": [
    {
      "type": "CVSS_V3",
      "score": "CVSS:3.0/AV:N/AC:L/PR:L/UI:R/S:C/C:L/I:L/A:N"
    }
  ],
  "affected": [
    {
      "package": {
        "ecosystem": "RubyGems",
        "name": "ember-source"
      },
      "ranges": [
        {
          "type": "ECOSYSTEM",
          "events": [
            {
              "introduced": "1.0.0.pre4.0"
            },
            {
              "fixed": "1.0.1"
            }
          ]
        }
      ]
    },
    {
      "package": {
        "ecosystem": "RubyGems",
        "name": "ember-source"
      },
      "ranges": [
        {
          "type": "ECOSYSTEM",
          "events": [
            {
              "introduced": "1.1.0"
            },
            {
              "fixed": "1.1.3"
            }
          ]
        }
      ]
    },
    {
      "package": {
        "ecosystem": "RubyGems",
        "name": "ember-source"
      },
      "ranges": [
        {
          "type": "ECOSYSTEM",
          "events": [
            {
              "introduced": "1.2.0.beta.1"
            },
            {
              "fixed": "1.2.1"
            }
          ]
        }
      ]
    },
    {
      "package": {
        "ecosystem": "RubyGems",
        "name": "ember-source"
      },
      "ranges": [
        {
          "type": "ECOSYSTEM",
          "events": [
            {
              "introduced": "1.3.0.beta.1"
            },
            {
              "fixed": "1.3.1"
            }
          ]
        }
      ]
    },
    {
      "package": {
        "ecosystem": "RubyGems",
        "name": "ember-source"
      },
      "ranges": [
        {
          "type": "ECOSYSTEM",
          "events": [
            {
              "introduced": "1.4.0-beta.1"
            },
            {
              "fixed": "1.4.0-beta.2"
            }
          ]
        }
      ],
      "versions": [
        "1.4.0-beta.1"
      ]
    }
  ],
  "references": [
    {
      "type": "ADVISORY",
      "url": "https://nvd.nist.gov/vuln/detail/CVE-2014-0013"
    },
    {
      "type": "PACKAGE",
      "url": "https://github.com/emberjs/ember.js"
    },
    {
      "type": "WEB",
      "url": "https://groups.google.com/forum/#!topic/ember-security/2kpXXCxISS4"
    },
    {
      "type": "WEB",
      "url": "http://emberjs.com/blog/2014/01/14/ember-security-releases.html"
    }
  ],
  "database_specific": {
    "cwe_ids": [
      "CWE-79"
    ],
    "severity": "MODERATE",
    "github_reviewed": true,
    "github_reviewed_at": "2023-01-27T00:52:11Z",
    "nvd_published_at": "2018-02-15T21:29:00Z"
  }
}