{
  "schema_version": "1.4.0",
  "id": "GHSA-gpq5-vqvx-ch9j",
  "modified": "2024-04-24T18:02:35Z",
  "published": "2022-05-14T03:49:04Z",
  "aliases": [
    "CVE-2018-5363"
  ],
  "summary": "WPGlobus plugin Stored XSS & CSRF security vulnerability",
  "details": "The WPGlobus plugin 1.9.6 for WordPress has XSS via the `wpglobus_option[enabled_languages][en]` or `wpglobus_option[enabled_languages][fr]` (or any other language) parameter to `wp-admin/options.php`.",
  "severity": [
    {
      "type": "CVSS_V3",
      "score": "CVSS:3.0/AV:N/AC:L/PR:H/UI:R/S:C/C:L/I:L/A:N"
    }
  ],
  "affected": [
    {
      "package": {
        "ecosystem": "Packagist",
        "name": "wpglobus/wpglobus"
      },
      "ranges": [
        {
          "type": "ECOSYSTEM",
          "events": [
            {
              "introduced": "0"
            },
            {
              "fixed": "1.9.7"
            }
          ]
        }
      ],
      "database_specific": {
        "last_known_affected_version_range": "<= 1.9.6"
      }
    }
  ],
  "references": [
    {
      "type": "ADVISORY",
      "url": "https://nvd.nist.gov/vuln/detail/CVE-2018-5363"
    },
    {
      "type": "PACKAGE",
      "url": "https://github.com/WPGlobus/WPGlobus"
    },
    {
      "type": "WEB",
      "url": "https://github.com/d4wner/Vulnerabilities-Report/blob/master/wpglobus.md"
    },
    {
      "type": "WEB",
      "url": "https://wpvulndb.com/vulnerabilities/9003"
    }
  ],
  "database_specific": {
    "cwe_ids": [
      "CWE-79"
    ],
    "severity": "MODERATE",
    "github_reviewed": true,
    "github_reviewed_at": "2024-04-24T18:02:35Z",
    "nvd_published_at": "2018-01-12T09:29:00Z"
  }
}