{
  "schema_version": "1.4.0",
  "id": "GHSA-89p3-9j8c-fqh4",
  "modified": "2025-03-05T19:26:28Z",
  "published": "2023-03-12T06:30:21Z",
  "aliases": [
    "CVE-2021-46876"
  ],
  "summary": "User account enumeration in eZ Publish Ibexa Kernel",
  "details": "This Security Advisory is about a vulnerability in eZ Platform v1.13, v2.5, and v3.2, and in Ibexa DXP and Ibexa Open Source v3.3. The /user/sessions endpoint can let an attacker detect if a given username or email refers to a valid account. This can be detected through differences in the response data or response time of certain requests. The fix ensures neither attack is possible. The fix is distributed via Composer.",
  "severity": [
    {
      "type": "CVSS_V3",
      "score": "CVSS:3.1/AV:N/AC:L/PR:N/UI:N/S:U/C:L/I:N/A:N"
    }
  ],
  "affected": [
    {
      "package": {
        "ecosystem": "Packagist",
        "name": "ezsystems/ezpublish-kernel"
      },
      "ranges": [
        {
          "type": "ECOSYSTEM",
          "events": [
            {
              "introduced": "6.13.0"
            },
            {
              "fixed": "6.13.8.1"
            }
          ]
        }
      ]
    },
    {
      "package": {
        "ecosystem": "Packagist",
        "name": "ezsystems/ezpublish-kernel"
      },
      "ranges": [
        {
          "type": "ECOSYSTEM",
          "events": [
            {
              "introduced": "7.5.0"
            },
            {
              "fixed": "7.5.15.1"
            }
          ]
        }
      ]
    }
  ],
  "references": [
    {
      "type": "WEB",
      "url": "https://github.com/ezsystems/ezpublish-kernel/security/advisories/GHSA-gmrf-99gw-vvwj"
    },
    {
      "type": "ADVISORY",
      "url": "https://nvd.nist.gov/vuln/detail/CVE-2021-46876"
    },
    {
      "type": "WEB",
      "url": "https://github.com/ezsystems/ezpublish-kernel/commit/b496f073c3f03707d3531a6941dc098b84e3cbed"
    },
    {
      "type": "PACKAGE",
      "url": "https://github.com/ezsystems/ezpublish-kernel"
    }
  ],
  "database_specific": {
    "cwe_ids": [
      "CWE-203"
    ],
    "severity": "MODERATE",
    "github_reviewed": true,
    "github_reviewed_at": "2023-03-13T20:58:01Z",
    "nvd_published_at": "2023-03-12T05:15:00Z"
  }
}