{
  "schema_version": "1.4.0",
  "id": "GHSA-64cm-3cj3-67hf",
  "modified": "2024-07-05T20:53:47Z",
  "published": "2024-05-07T18:30:33Z",
  "aliases": [
    "CVE-2024-33748"
  ],
  "summary": "MS Basic Cross-site Scripting vulnerability",
  "details": "Cross-site scripting (XSS) vulnerability in the search function in Maven net.mingsoft MS Basic 2.1.13.4 and earlier.",
  "severity": [
    {
      "type": "CVSS_V3",
      "score": "CVSS:3.1/AV:N/AC:L/PR:L/UI:R/S:C/C:N/I:L/A:N"
    }
  ],
  "affected": [
    {
      "package": {
        "ecosystem": "Maven",
        "name": "net.mingsoft:ms-basic"
      },
      "ranges": [
        {
          "type": "ECOSYSTEM",
          "events": [
            {
              "introduced": "0"
            },
            {
              "last_affected": "2.1.13.4"
            }
          ]
        }
      ]
    }
  ],
  "references": [
    {
      "type": "ADVISORY",
      "url": "https://nvd.nist.gov/vuln/detail/CVE-2024-33748"
    },
    {
      "type": "WEB",
      "url": "https://github.com/Fr1ezy/Fr1ezy-ms-basic_XSS"
    },
    {
      "type": "WEB",
      "url": "https://mvnrepository.com/artifact/net.mingsoft/ms-basic"
    }
  ],
  "database_specific": {
    "cwe_ids": [
      "CWE-79"
    ],
    "severity": "MODERATE",
    "github_reviewed": true,
    "github_reviewed_at": "2024-05-07T19:59:12Z",
    "nvd_published_at": "2024-05-07T16:15:07Z"
  }
}