{
  "schema_version": "1.4.0",
  "id": "GHSA-j2cr-jc39-wpx5",
  "modified": "2023-07-07T18:34:27Z",
  "published": "2023-07-07T18:34:27Z",
  "aliases": [],
  "summary": "Barberry Security Advisory - regarding x/auth periodic vesting accounts",
  "details": "### Impact\n\nIn `PeriodicVestingAccount`, defined in `x/auth`, an attacker can initialize a victim's account as a malicious vesting account, which allows deposits but does not allow withdrawals. When the user then deposits funds into their account, those funds are locked forever, and the user is not able to withdraw them.\n\n### Patches\n\n\\>= v0.46.13 for Cosmos SDK v0.46.x\n\\>= v0.47.3 for Cosmos SDK v0.47.x\n\nIf a network backported periodic vesting accounts to earlier versions of the SDK, those networks are affected too.\n\n### Workarounds\n\nThere is no workaround for this issue. Upgrade immediately.\n\n### References\n\n* Patched versions release notes: [v0.47.3](https://github.com/cosmos/cosmos-sdk/blob/cfc757dc5043fb2758c47c146d2912fd010c1a45/RELEASE_NOTES.md#cosmos-sdk-v0473-release-notes), [v0.46.13](https://github.com/cosmos/cosmos-sdk/blob/d4b7164de5d8391e6aa644d8ea84e07396dd9653/RELEASE_NOTES.md#cosmos-sdk-v04613-release-notes).\n* [Forum Post](https://forum.cosmos.network/t/cosmos-sdk-security-advisory-barberry/10825)",
  "severity": [],
  "affected": [
    {
      "package": {
        "ecosystem": "Go",
        "name": "github.com/cosmos/cosmos-sdk"
      },
      "ranges": [
        {
          "type": "ECOSYSTEM",
          "events": [
            {
              "introduced": "0.46.0"
            },
            {
              "fixed": "0.46.13"
            }
          ]
        }
      ],
      "database_specific": {
        "last_known_affected_version_range": "<= 0.46.12"
      }
    },
    {
      "package": {
        "ecosystem": "Go",
        "name": "github.com/cosmos/cosmos-sdk"
      },
      "ranges": [
        {
          "type": "ECOSYSTEM",
          "events": [
            {
              "introduced": "0.47.0"
            },
            {
              "fixed": "0.47.3"
            }
          ]
        }
      ],
      "database_specific": {
        "last_known_affected_version_range": "<= 0.47.2"
      }
    }
  ],
  "references": [
    {
      "type": "WEB",
      "url": "https://github.com/cosmos/cosmos-sdk/security/advisories/GHSA-j2cr-jc39-wpx5"
    },
    {
      "type": "WEB",
      "url": "https://github.com/cosmos/cosmos-sdk/pull/16466"
    },
    {
      "type": "WEB",
      "url": "https://forum.cosmos.network/t/cosmos-sdk-security-advisory-barberry/10825"
    },
    {
      "type": "PACKAGE",
      "url": "https://github.com/cosmos/cosmos-sdk"
    },
    {
      "type": "WEB",
      "url": "https://github.com/cosmos/cosmos-sdk/blob/cfc757dc5043fb2758c47c146d2912fd010c1a45/RELEASE_NOTES.md#cosmos-sdk-v0473-release-notes"
    },
    {
      "type": "WEB",
      "url": "https://github.com/cosmos/cosmos-sdk/blob/d4b7164de5d8391e6aa644d8ea84e07396dd9653/RELEASE_NOTES.md#cosmos-sdk-v04613-release-notes"
    }
  ],
  "database_specific": {
    "cwe_ids": [],
    "severity": "MODERATE",
    "github_reviewed": true,
    "github_reviewed_at": "2023-07-07T18:34:27Z",
    "nvd_published_at": null
  }
}