{
  "schema_version": "1.4.0",
  "id": "GHSA-vhm6-gw82-6f8j",
  "modified": "2022-03-08T18:06:06Z",
  "published": "2022-02-28T00:00:34Z",
  "aliases": [
    "CVE-2022-0772"
  ],
  "summary": "Cross site scripting in LibreNMS",
  "details": "LibreNMS prior to version 22.2.2 is vulnerable to cross-site scripting.",
  "severity": [
    {
      "type": "CVSS_V3",
      "score": "CVSS:3.1/AV:N/AC:L/PR:H/UI:R/S:C/C:L/I:L/A:N"
    }
  ],
  "affected": [
    {
      "package": {
        "ecosystem": "Packagist",
        "name": "librenms/librenms"
      },
      "ranges": [
        {
          "type": "ECOSYSTEM",
          "events": [
            {
              "introduced": "0"
            },
            {
              "fixed": "22.2.2"
            }
          ]
        }
      ]
    }
  ],
  "references": [
    {
      "type": "ADVISORY",
      "url": "https://nvd.nist.gov/vuln/detail/CVE-2022-0772"
    },
    {
      "type": "WEB",
      "url": "https://github.com/librenms/librenms/commit/703745d0ed3948623153117d761ce48514e2f281"
    },
    {
      "type": "PACKAGE",
      "url": "https://github.com/librenms/librenms"
    },
    {
      "type": "WEB",
      "url": "https://huntr.dev/bounties/faae29bd-c43a-468d-8af6-2b6aa4d40f09"
    }
  ],
  "database_specific": {
    "cwe_ids": [
      "CWE-79"
    ],
    "severity": "MODERATE",
    "github_reviewed": true,
    "github_reviewed_at": "2022-03-01T22:02:41Z",
    "nvd_published_at": "2022-02-27T22:15:00Z"
  }
}