{
  "schema_version": "1.4.0",
  "id": "GHSA-f7fq-wp2x-jc25",
  "modified": "2022-12-09T19:51:09Z",
  "published": "2022-09-22T00:00:28Z",
  "aliases": [
    "CVE-2022-41235"
  ],
  "summary": "Jenkins WildFly Deployer Plugin vulnerable to path traversal",
  "details": "Jenkins WildFly Deployer Plugin 1.0.2 and earlier implements functionality that allows agent processes to read arbitrary files on the Jenkins controller file system.\n\nThis vulnerability is only exploitable in Jenkins 2.318 and earlier, LTS 2.303.2 and earlier. See the [LTS upgrade guide](https://www.jenkins.io/doc/upgrade-guide/2.303/#upgrading-to-jenkins-lts-2-303-3).",
  "severity": [
    {
      "type": "CVSS_V3",
      "score": "CVSS:3.1/AV:N/AC:L/PR:L/UI:N/S:U/C:H/I:N/A:N"
    }
  ],
  "affected": [
    {
      "package": {
        "ecosystem": "Maven",
        "name": "org.jenkins-ci.plugins:wildfly-deployer"
      },
      "ranges": [
        {
          "type": "ECOSYSTEM",
          "events": [
            {
              "introduced": "0"
            },
            {
              "last_affected": "1.0.2"
            }
          ]
        }
      ]
    }
  ],
  "references": [
    {
      "type": "ADVISORY",
      "url": "https://nvd.nist.gov/vuln/detail/CVE-2022-41235"
    },
    {
      "type": "PACKAGE",
      "url": "https://github.com/jenkinsci/wildfly-deployer-plugin"
    },
    {
      "type": "WEB",
      "url": "https://www.jenkins.io/security/advisory/2022-09-21/#SECURITY-2645"
    }
  ],
  "database_specific": {
    "cwe_ids": [
      "CWE-22",
      "CWE-693"
    ],
    "severity": "MODERATE",
    "github_reviewed": true,
    "github_reviewed_at": "2022-09-23T20:28:20Z",
    "nvd_published_at": "2022-09-21T16:15:00Z"
  }
}