{
  "schema_version": "1.4.0",
  "id": "GHSA-79mp-cxp4-9p6r",
  "modified": "2023-01-10T15:57:21Z",
  "published": "2022-12-28T12:30:50Z",
  "aliases": [
    "CVE-2018-25053"
  ],
  "summary": "Json2html vulnerable to cross-site scripting",
  "details": "Json2html is a client side javascript HTML templating library with wrappers for both jQuery and Node.js. A vulnerability was found in moappi Json2html up to 1.1.x and classified as problematic. This issue affects some unknown processing of the file json2html.js. The manipulation leads to cross site scripting. The attack may be initiated remotely. Upgrading to version 1.2.0 can address this issue. The name of the patch is 2d3d24d971b19a8ed1fb823596300b9835d55801. The associated identifier of this vulnerability is VDB-216959.",
  "severity": [
    {
      "type": "CVSS_V3",
      "score": "CVSS:3.1/AV:N/AC:L/PR:N/UI:R/S:C/C:L/I:L/A:N"
    }
  ],
  "affected": [
    {
      "package": {
        "ecosystem": "npm",
        "name": "node-json2html"
      },
      "ranges": [
        {
          "type": "ECOSYSTEM",
          "events": [
            {
              "introduced": "0"
            },
            {
              "fixed": "1.2.0"
            }
          ]
        }
      ]
    }
  ],
  "references": [
    {
      "type": "ADVISORY",
      "url": "https://nvd.nist.gov/vuln/detail/CVE-2018-25053"
    },
    {
      "type": "WEB",
      "url": "https://github.com/moappi/json2html/commit/2d3d24d971b19a8ed1fb823596300b9835d55801"
    },
    {
      "type": "PACKAGE",
      "url": "https://github.com/moappi/json2html"
    },
    {
      "type": "WEB",
      "url": "https://github.com/moappi/json2html/releases/tag/1.2.0"
    },
    {
      "type": "WEB",
      "url": "https://vuldb.com/?ctiid.216959"
    },
    {
      "type": "WEB",
      "url": "https://vuldb.com/?id.216959"
    }
  ],
  "database_specific": {
    "cwe_ids": [
      "CWE-79"
    ],
    "severity": "MODERATE",
    "github_reviewed": true,
    "github_reviewed_at": "2022-12-28T20:35:02Z",
    "nvd_published_at": "2022-12-28T12:15:00Z"
  }
}