{
  "schema_version": "1.4.0",
  "id": "GHSA-fc27-7pf5-96v3",
  "modified": "2024-10-02T21:55:47Z",
  "published": "2024-10-02T12:30:33Z",
  "withdrawn": "2024-10-02T21:55:47Z",
  "aliases": [],
  "summary": "Duplicate Advisory: Vulnerable juju hook tool abstract UNIX domain socket",
  "details": "## Duplicate Advisory\nThis advisory has been withdrawn because it is a duplicate of GHSA-8v4w-f4r9-7h6x. This link is maintained to preserve external references.\n\n## Original Description\nVulnerable juju hook tool abstract UNIX domain socket. When combined with an attack of JUJU_CONTEXT_ID, any user on the local system with access to the default network namespace may connect to the @/var/lib/juju/agents/unit-xxxx-yyyy/agent.socket and perform actions that are normally reserved to a juju charm.",
  "severity": [
    {
      "type": "CVSS_V3",
      "score": "CVSS:3.1/AV:L/AC:H/PR:L/UI:N/S:U/C:L/I:H/A:H"
    }
  ],
  "affected": [
    {
      "package": {
        "ecosystem": "Go",
        "name": "github.com/juju/juju"
      },
      "ranges": [
        {
          "type": "ECOSYSTEM",
          "events": [
            {
              "introduced": "0"
            },
            {
              "fixed": "0.0.0-20241001032836-2af7bd8e310b"
            }
          ]
        }
      ]
    }
  ],
  "references": [
    {
      "type": "WEB",
      "url": "https://github.com/juju/juju/security/advisories/GHSA-8v4w-f4r9-7h6x"
    },
    {
      "type": "ADVISORY",
      "url": "https://nvd.nist.gov/vuln/detail/CVE-2024-8037"
    },
    {
      "type": "WEB",
      "url": "https://www.cve.org/CVERecord?id=CVE-2024-8037"
    }
  ],
  "database_specific": {
    "cwe_ids": [],
    "severity": "MODERATE",
    "github_reviewed": true,
    "github_reviewed_at": "2024-10-02T21:55:47Z",
    "nvd_published_at": "2024-10-02T11:15:11Z"
  }
}