{
  "schema_version": "1.4.0",
  "id": "GHSA-xxx9-3xcr-gjj3",
  "modified": "2022-04-11T21:30:00Z",
  "published": "2022-04-11T21:30:00Z",
  "aliases": [],
  "summary": "XML Injection in Xerces Java affects Nokogiri",
  "details": "## Summary\n\nNokogiri v1.13.4 updates the vendored `xerces:xercesImpl` from 2.12.0 to 2.12.2, which addresses [CVE-2022-23437](https://nvd.nist.gov/vuln/detail/CVE-2022-23437). That CVE is scored as CVSS 6.5 \"Medium\" on the NVD record.\n\nPlease note that this advisory only applies to the **JRuby** implementation of Nokogiri `< 1.13.4`.\n\n## Mitigation\n\nUpgrade to Nokogiri `>= v1.13.4`.\n\n## Impact\n\n### [CVE-2022-23437](https://nvd.nist.gov/vuln/detail/CVE-2022-23437) in xerces-J\n\n- **Severity**: Medium\n- **Type**: [CWE-91](https://cwe.mitre.org/data/definitions/91.html) XML Injection (aka Blind XPath Injection)\n- **Description**: There's a vulnerability within the Apache Xerces Java (XercesJ) XML parser when handling specially crafted XML document payloads. This causes, the XercesJ XML parser to wait in an infinite loop, which may sometimes consume system resources for prolonged duration. This vulnerability is present within XercesJ version 2.12.1 and the previous versions.\n- **See also**: https://github.com/advisories/GHSA-h65f-jvqw-m9fj\n\n",
  "severity": [
    {
      "type": "CVSS_V3",
      "score": "CVSS:3.1/AV:N/AC:L/PR:N/UI:R/S:U/C:N/I:N/A:H"
    }
  ],
  "affected": [
    {
      "package": {
        "ecosystem": "RubyGems",
        "name": "nokogiri"
      },
      "ranges": [
        {
          "type": "ECOSYSTEM",
          "events": [
            {
              "introduced": "0"
            },
            {
              "fixed": "1.13.4"
            }
          ]
        }
      ]
    }
  ],
  "references": [
    {
      "type": "WEB",
      "url": "https://github.com/sparklemotion/nokogiri/security/advisories/GHSA-xxx9-3xcr-gjj3"
    },
    {
      "type": "ADVISORY",
      "url": "https://nvd.nist.gov/vuln/detail/CVE-2022-23437"
    },
    {
      "type": "ADVISORY",
      "url": "https://github.com/advisories/GHSA-h65f-jvqw-m9fj"
    },
    {
      "type": "PACKAGE",
      "url": "https://github.com/sparklemotion/nokogiri"
    },
    {
      "type": "WEB",
      "url": "https://github.com/sparklemotion/nokogiri/releases/tag/v1.13.4"
    },
    {
      "type": "WEB",
      "url": "https://groups.google.com/g/ruby-security-ann/c/vX7qSjsvWis/m/TJWN4oOKBwAJ?utm_medium=email&utm_source=footer"
    }
  ],
  "database_specific": {
    "cwe_ids": [
      "CWE-91"
    ],
    "severity": "MODERATE",
    "github_reviewed": true,
    "github_reviewed_at": "2022-04-11T21:30:00Z",
    "nvd_published_at": null
  }
}