{
  "schema_version": "1.4.0",
  "id": "GHSA-4pmp-38hf-rmwj",
  "modified": "2023-04-14T18:33:38Z",
  "published": "2022-05-17T03:06:07Z",
  "withdrawn": "2023-04-14T18:33:38Z",
  "aliases": [
    "CVE-2014-3555"
  ],
  "summary": "OpenStack Neutron allows remote authenticated users to cause a denial of service",
  "details": "OpenStack Neutron before 2013.2.4, 2014.x before 2014.1.2, and Juno before Juno-2 allows remote authenticated users to cause a denial of service (crash or long firewall rule updates) by creating a large number of allowed address pairs.",
  "severity": [],
  "affected": [
    {
      "package": {
        "ecosystem": "PyPI",
        "name": "neutron"
      },
      "ranges": [
        {
          "type": "ECOSYSTEM",
          "events": [
            {
              "introduced": "0"
            },
            {
              "fixed": "2013.2.4"
            }
          ]
        }
      ]
    },
    {
      "package": {
        "ecosystem": "PyPI",
        "name": "neutron"
      },
      "ranges": [
        {
          "type": "ECOSYSTEM",
          "events": [
            {
              "introduced": "2014.1.0"
            },
            {
              "fixed": "2014.1.2"
            }
          ]
        }
      ]
    }
  ],
  "references": [
    {
      "type": "ADVISORY",
      "url": "https://nvd.nist.gov/vuln/detail/CVE-2014-3555"
    },
    {
      "type": "WEB",
      "url": "https://access.redhat.com/errata/RHSA-2014:1078"
    },
    {
      "type": "WEB",
      "url": "https://access.redhat.com/errata/RHSA-2014:1119"
    },
    {
      "type": "WEB",
      "url": "https://access.redhat.com/errata/RHSA-2014:1120"
    },
    {
      "type": "WEB",
      "url": "https://access.redhat.com/security/cve/CVE-2014-3555"
    },
    {
      "type": "WEB",
      "url": "https://bugs.launchpad.net/neutron/+bug/1336207"
    },
    {
      "type": "WEB",
      "url": "https://bugzilla.redhat.com/show_bug.cgi?id=1118833"
    },
    {
      "type": "PACKAGE",
      "url": "https://opendev.org/openstack/neutron"
    },
    {
      "type": "WEB",
      "url": "https://web.archive.org/web/20200228142429/http://www.securityfocus.com/bid/68765"
    },
    {
      "type": "WEB",
      "url": "http://lists.openstack.org/pipermail/openstack-announce/2014-July/000255.html"
    },
    {
      "type": "WEB",
      "url": "http://rhn.redhat.com/errata/RHSA-2014-1119.html"
    },
    {
      "type": "WEB",
      "url": "http://rhn.redhat.com/errata/RHSA-2014-1120.html"
    },
    {
      "type": "WEB",
      "url": "http://seclists.org/oss-sec/2014/q3/200"
    }
  ],
  "database_specific": {
    "cwe_ids": [],
    "severity": "MODERATE",
    "github_reviewed": true,
    "github_reviewed_at": "2023-02-08T19:55:29Z",
    "nvd_published_at": "2014-07-23T14:55:00Z"
  }
}