{
  "schema_version": "1.4.0",
  "id": "GHSA-5j86-5xvg-7q93",
  "modified": "2024-06-03T19:42:12Z",
  "published": "2024-06-03T19:42:12Z",
  "aliases": [],
  "summary": "TYPO3 Cross-Site Scripting (XSS) in form component",
  "details": "Failing to sanitize content from unauthenticated  website visitors, the form component is susceptible to Cross-Site Scripting.",
  "severity": [],
  "affected": [
    {
      "package": {
        "ecosystem": "Packagist",
        "name": "typo3/cms"
      },
      "ranges": [
        {
          "type": "ECOSYSTEM",
          "events": [
            {
              "introduced": "6.2.0"
            },
            {
              "fixed": "6.2.18"
            }
          ]
        }
      ]
    }
  ],
  "references": [
    {
      "type": "WEB",
      "url": "https://github.com/FriendsOfPHP/security-advisories/blob/master/typo3/cms/2016-02-16-4.yaml"
    },
    {
      "type": "WEB",
      "url": "https://typo3.org/security/advisory/typo3-core-sa-2016-004"
    },
    {
      "type": "WEB",
      "url": "https://typo3.org/teams/security/security-bulletins/typo3-core/typo3-core-sa-2016-004"
    }
  ],
  "database_specific": {
    "cwe_ids": [],
    "severity": "MODERATE",
    "github_reviewed": true,
    "github_reviewed_at": "2024-06-03T19:42:12Z",
    "nvd_published_at": null
  }
}