{
  "schema_version": "1.4.0",
  "id": "GHSA-vg3r-rm7w-2xgh",
  "modified": "2025-03-07T13:49:45Z",
  "published": "2024-05-16T17:44:04Z",
  "aliases": [
    "CVE-2024-35176"
  ],
  "summary": "REXML contains a denial of service vulnerability",
  "details": "### Impact\n\nThe REXML gem before 3.2.6 has a DoS vulnerability when it parses an XML that has many `<`s in an attribute value.\n\nIf you need to parse untrusted XMLs, you may be impacted to this vulnerability.\n\n### Patches\n\nThe REXML gem 3.2.7 or later include the patch to fix this vulnerability.\n\n### Workarounds\n\nDon't parse untrusted XMLs.\n\n### References\n\n* https://www.ruby-lang.org/en/news/2024/05/16/dos-rexml-cve-2024-35176/",
  "severity": [
    {
      "type": "CVSS_V3",
      "score": "CVSS:3.1/AV:N/AC:L/PR:N/UI:N/S:U/C:N/I:N/A:L"
    }
  ],
  "affected": [
    {
      "package": {
        "ecosystem": "RubyGems",
        "name": "rexml"
      },
      "ranges": [
        {
          "type": "ECOSYSTEM",
          "events": [
            {
              "introduced": "0"
            },
            {
              "fixed": "3.2.7"
            }
          ]
        }
      ]
    }
  ],
  "references": [
    {
      "type": "WEB",
      "url": "https://github.com/ruby/rexml/security/advisories/GHSA-vg3r-rm7w-2xgh"
    },
    {
      "type": "ADVISORY",
      "url": "https://nvd.nist.gov/vuln/detail/CVE-2024-35176"
    },
    {
      "type": "WEB",
      "url": "https://github.com/ruby/rexml/commit/4325835f92f3f142ebd91a3fdba4e1f1ab7f1cfb"
    },
    {
      "type": "PACKAGE",
      "url": "https://github.com/ruby/rexml"
    },
    {
      "type": "WEB",
      "url": "https://security.netapp.com/advisory/ntap-20250306-0001"
    },
    {
      "type": "WEB",
      "url": "https://www.ruby-lang.org/en/news/2024/05/16/dos-rexml-cve-2024-35176"
    }
  ],
  "database_specific": {
    "cwe_ids": [
      "CWE-400"
    ],
    "severity": "MODERATE",
    "github_reviewed": true,
    "github_reviewed_at": "2024-05-16T17:44:04Z",
    "nvd_published_at": "2024-05-16T16:15:09Z"
  }
}