{
  "schema_version": "1.4.0",
  "id": "GHSA-g3xf-85wc-45gq",
  "modified": "2024-04-24T19:55:07Z",
  "published": "2022-05-24T17:21:28Z",
  "aliases": [
    "CVE-2020-13157"
  ],
  "summary": "NukeViet Cross-Site Request Forgery (CSRF)",
  "details": "`modules\\users\\admin\\edit.php` in NukeViet 4.4 allows CSRF to change a user's password via an `admin/index.php?nv=users&op=edit&userid=` URI. The old password is not needed.",
  "severity": [
    {
      "type": "CVSS_V3",
      "score": "CVSS:3.1/AV:N/AC:L/PR:N/UI:R/S:U/C:N/I:H/A:N"
    }
  ],
  "affected": [
    {
      "package": {
        "ecosystem": "Packagist",
        "name": "nukeviet/nukeviet"
      },
      "versions": [
        "4.4"
      ]
    }
  ],
  "references": [
    {
      "type": "ADVISORY",
      "url": "https://nvd.nist.gov/vuln/detail/CVE-2020-13157"
    },
    {
      "type": "PACKAGE",
      "url": "https://github.com/nukeviet/nukeviet"
    },
    {
      "type": "WEB",
      "url": "https://nukeviet.vn/en"
    },
    {
      "type": "WEB",
      "url": "https://www.exploit-db.com/exploits/48489"
    }
  ],
  "database_specific": {
    "cwe_ids": [
      "CWE-352"
    ],
    "severity": "MODERATE",
    "github_reviewed": true,
    "github_reviewed_at": "2024-04-24T19:55:07Z",
    "nvd_published_at": "2020-06-23T20:15:00Z"
  }
}