{
  "schema_version": "1.4.0",
  "id": "GHSA-hm9r-7f84-25c9",
  "modified": "2025-02-13T19:21:05Z",
  "published": "2023-11-12T15:30:20Z",
  "aliases": [
    "CVE-2023-47037"
  ],
  "summary": "Apache Airflow allows authenticated and DAG-view authorized users to modify some DAG run detail values when submitting notes",
  "details": "Apache Airflow, versions before 2.7.3, is affected by a vulnerability that allows authenticated and DAG-view authorized Users to modify some DAG run detail values when submitting notes. This could have them alter details such as configuration parameters, start date, etc.\u00a0 Users should upgrade to version 2.7.3 or later which has removed the vulnerability.",
  "severity": [
    {
      "type": "CVSS_V3",
      "score": "CVSS:3.1/AV:N/AC:L/PR:L/UI:N/S:U/C:N/I:L/A:N"
    },
    {
      "type": "CVSS_V4",
      "score": "CVSS:4.0/AV:N/AC:L/AT:N/PR:L/UI:N/VC:N/VI:L/VA:N/SC:N/SI:N/SA:N"
    }
  ],
  "affected": [
    {
      "package": {
        "ecosystem": "PyPI",
        "name": "apache-airflow"
      },
      "ranges": [
        {
          "type": "ECOSYSTEM",
          "events": [
            {
              "introduced": "0"
            },
            {
              "fixed": "2.7.3"
            }
          ]
        }
      ]
    }
  ],
  "references": [
    {
      "type": "ADVISORY",
      "url": "https://nvd.nist.gov/vuln/detail/CVE-2023-47037"
    },
    {
      "type": "WEB",
      "url": "https://github.com/apache/airflow/pull/33413"
    },
    {
      "type": "WEB",
      "url": "https://github.com/apache/airflow/commit/2a0106e4edf67c5905ebfcb82a6008662ae0f7ad"
    },
    {
      "type": "WEB",
      "url": "https://github.com/apache/airflow/commit/b7a46c970d638028a4a7643ad000dcee951fb9ef"
    },
    {
      "type": "PACKAGE",
      "url": "https://github.com/apache/airflow"
    },
    {
      "type": "WEB",
      "url": "https://github.com/pypa/advisory-database/tree/main/vulns/apache-airflow/PYSEC-2023-232.yaml"
    },
    {
      "type": "WEB",
      "url": "https://lists.apache.org/thread/04y4vrw1t2xl030gswtctc4nt1w90cb0"
    },
    {
      "type": "WEB",
      "url": "http://www.openwall.com/lists/oss-security/2023/11/12/1"
    }
  ],
  "database_specific": {
    "cwe_ids": [
      "CWE-285",
      "CWE-863"
    ],
    "severity": "MODERATE",
    "github_reviewed": true,
    "github_reviewed_at": "2023-11-13T20:43:20Z",
    "nvd_published_at": "2023-11-12T14:15:25Z"
  }
}