{
  "schema_version": "1.4.0",
  "id": "GHSA-v672-5x3h-57qp",
  "modified": "2023-12-18T21:40:06Z",
  "published": "2023-12-13T18:31:04Z",
  "aliases": [
    "CVE-2023-50775"
  ],
  "summary": " Cross-site request forgery vulnerability in Jenkins Deployment Dashboard Plugin",
  "details": "A cross-site request forgery (CSRF) vulnerability in Jenkins Deployment Dashboard Plugin 1.0.10 and earlier allows attackers to copy jobs.",
  "severity": [
    {
      "type": "CVSS_V3",
      "score": "CVSS:3.1/AV:N/AC:L/PR:N/UI:R/S:U/C:N/I:L/A:N"
    }
  ],
  "affected": [
    {
      "package": {
        "ecosystem": "Maven",
        "name": "org.jenkins-ci.plugins:ec2-deployment-dashboard"
      },
      "ranges": [
        {
          "type": "ECOSYSTEM",
          "events": [
            {
              "introduced": "0"
            },
            {
              "last_affected": "1.0.10"
            }
          ]
        }
      ]
    }
  ],
  "references": [
    {
      "type": "ADVISORY",
      "url": "https://nvd.nist.gov/vuln/detail/CVE-2023-50775"
    },
    {
      "type": "PACKAGE",
      "url": "https://github.com/jenkinsci/ec2-deployment-dashboard"
    },
    {
      "type": "WEB",
      "url": "https://www.jenkins.io/security/advisory/2023-12-13/#SECURITY-3092"
    },
    {
      "type": "WEB",
      "url": "http://www.openwall.com/lists/oss-security/2023/12/13/4"
    }
  ],
  "database_specific": {
    "cwe_ids": [
      "CWE-352"
    ],
    "severity": "MODERATE",
    "github_reviewed": true,
    "github_reviewed_at": "2023-12-13T19:41:45Z",
    "nvd_published_at": "2023-12-13T18:15:44Z"
  }
}