{
  "schema_version": "1.4.0",
  "id": "GHSA-gjq4-69wj-p6pr",
  "modified": "2022-03-02T21:16:04Z",
  "published": "2022-02-23T00:00:59Z",
  "aliases": [
    "CVE-2022-0665"
  ],
  "summary": "Path traversal in pimcore",
  "details": "The application doesn't perform a check/filter against the value of \"importFile\" parameter at endpoint \"/admin/translation/import\". After the API is executed, PHP unlink function will proceed to delete the file.",
  "severity": [
    {
      "type": "CVSS_V3",
      "score": "CVSS:3.1/AV:N/AC:L/PR:H/UI:N/S:U/C:N/I:H/A:H"
    }
  ],
  "affected": [
    {
      "package": {
        "ecosystem": "Packagist",
        "name": "pimcore/pimcore"
      },
      "ranges": [
        {
          "type": "ECOSYSTEM",
          "events": [
            {
              "introduced": "0"
            },
            {
              "fixed": "10.3.2"
            }
          ]
        }
      ]
    }
  ],
  "references": [
    {
      "type": "ADVISORY",
      "url": "https://nvd.nist.gov/vuln/detail/CVE-2022-0665"
    },
    {
      "type": "WEB",
      "url": "https://github.com/pimcore/pimcore/commit/28945649a6234ccaa8c94c6cd83d1954603baf3e"
    },
    {
      "type": "PACKAGE",
      "url": "https://github.com/pimcore/pimcore"
    },
    {
      "type": "WEB",
      "url": "https://huntr.dev/bounties/423df64d-c591-4ad9-bf1c-411bcbc06ba3"
    }
  ],
  "database_specific": {
    "cwe_ids": [
      "CWE-22"
    ],
    "severity": "MODERATE",
    "github_reviewed": true,
    "github_reviewed_at": "2022-03-02T21:16:04Z",
    "nvd_published_at": "2022-02-22T15:15:00Z"
  }
}