{
  "schema_version": "1.4.0",
  "id": "GHSA-wp3g-pr4h-q6vv",
  "modified": "2024-01-23T17:51:12Z",
  "published": "2022-05-13T01:12:59Z",
  "aliases": [
    "CVE-2013-2082"
  ],
  "summary": "Moodle does not enforce capability requirements for reading blog comments",
  "details": "Moodle through 2.1.10, 2.2.x before 2.2.10, 2.3.x before 2.3.7, and 2.4.x before 2.4.4 does not enforce capability requirements for reading blog comments, which allows remote attackers to obtain sensitive information via a crafted request.",
  "severity": [],
  "affected": [
    {
      "package": {
        "ecosystem": "Packagist",
        "name": "moodle/moodle"
      },
      "ranges": [
        {
          "type": "ECOSYSTEM",
          "events": [
            {
              "introduced": "0"
            },
            {
              "fixed": "2.2.10"
            }
          ]
        }
      ]
    },
    {
      "package": {
        "ecosystem": "Packagist",
        "name": "moodle/moodle"
      },
      "ranges": [
        {
          "type": "ECOSYSTEM",
          "events": [
            {
              "introduced": "2.3.0"
            },
            {
              "fixed": "2.3.7"
            }
          ]
        }
      ]
    },
    {
      "package": {
        "ecosystem": "Packagist",
        "name": "moodle/moodle"
      },
      "ranges": [
        {
          "type": "ECOSYSTEM",
          "events": [
            {
              "introduced": "2.4.0"
            },
            {
              "fixed": "2.4.4"
            }
          ]
        }
      ]
    }
  ],
  "references": [
    {
      "type": "ADVISORY",
      "url": "https://nvd.nist.gov/vuln/detail/CVE-2013-2082"
    },
    {
      "type": "WEB",
      "url": "https://github.com/moodle/moodle/commit/28772fb9e7e6be01b765fb721af16901bb47e417"
    },
    {
      "type": "WEB",
      "url": "https://github.com/moodle/moodle/commit/5fde58a59335bc3109a9eaac4a15d1e9217541c3"
    },
    {
      "type": "WEB",
      "url": "https://github.com/moodle/moodle/commit/8aa12adcf26ff2f0b61cd6f0288f2886c8c55bf7"
    },
    {
      "type": "WEB",
      "url": "https://github.com/moodle/moodle/commit/9a909b1a359f72b8d384e18da8e05474604279e1"
    },
    {
      "type": "WEB",
      "url": "https://github.com/moodle/moodle/commit/cb538f0e539e833edb7cf6fa3d705e8abc5003fd"
    },
    {
      "type": "WEB",
      "url": "https://github.com/moodle/moodle/commit/f9e27e8323f31186820d25252ec0d4c6cd65dafc"
    },
    {
      "type": "PACKAGE",
      "url": "https://github.com/moodle/moodle"
    },
    {
      "type": "WEB",
      "url": "https://moodle.org/mod/forum/discuss.php?d=228934"
    },
    {
      "type": "WEB",
      "url": "http://git.moodle.org/gw?p=moodle.git&a=search&h=HEAD&st=commit&s=MDL-37245"
    },
    {
      "type": "WEB",
      "url": "http://lists.fedoraproject.org/pipermail/package-announce/2013-May/106965.html"
    },
    {
      "type": "WEB",
      "url": "http://lists.fedoraproject.org/pipermail/package-announce/2013-May/106988.html"
    },
    {
      "type": "WEB",
      "url": "http://lists.fedoraproject.org/pipermail/package-announce/2013-May/107026.html"
    },
    {
      "type": "WEB",
      "url": "http://openwall.com/lists/oss-security/2013/05/21/1"
    }
  ],
  "database_specific": {
    "cwe_ids": [],
    "severity": "MODERATE",
    "github_reviewed": true,
    "github_reviewed_at": "2024-01-23T17:51:12Z",
    "nvd_published_at": "2013-05-25T03:18:00Z"
  }
}