{
  "schema_version": "1.4.0",
  "id": "GHSA-24hp-84jp-8wgm",
  "modified": "2022-12-15T21:15:05Z",
  "published": "2022-11-16T12:00:23Z",
  "aliases": [
    "CVE-2022-45398"
  ],
  "summary": "Cross-Site Request Forgery in Jenkins Cluster Statistics Plugin",
  "details": "A cross-site request forgery (CSRF) vulnerability in Jenkins Cluster Statistics Plugin 0.4.6 and earlier allows attackers to delete recorded Jenkins Cluster Statistics.",
  "severity": [
    {
      "type": "CVSS_V3",
      "score": "CVSS:3.1/AV:N/AC:L/PR:L/UI:N/S:U/C:N/I:L/A:N"
    }
  ],
  "affected": [
    {
      "package": {
        "ecosystem": "Maven",
        "name": "org.zeroturnaround:cluster-stats"
      },
      "ranges": [
        {
          "type": "ECOSYSTEM",
          "events": [
            {
              "introduced": "0"
            },
            {
              "last_affected": "0.4.6"
            }
          ]
        }
      ]
    }
  ],
  "references": [
    {
      "type": "ADVISORY",
      "url": "https://nvd.nist.gov/vuln/detail/CVE-2022-45398"
    },
    {
      "type": "PACKAGE",
      "url": "https://github.com/jenkinsci/cluster-stats-plugin"
    },
    {
      "type": "WEB",
      "url": "https://www.jenkins.io/security/advisory/2022-11-15/#SECURITY-2938"
    }
  ],
  "database_specific": {
    "cwe_ids": [
      "CWE-352"
    ],
    "severity": "MODERATE",
    "github_reviewed": true,
    "github_reviewed_at": "2022-11-21T22:25:59Z",
    "nvd_published_at": "2022-11-15T20:15:00Z"
  }
}