{
  "schema_version": "1.4.0",
  "id": "GHSA-hgr6-6hhw-883f",
  "modified": "2025-01-28T15:04:36Z",
  "published": "2024-02-21T06:30:32Z",
  "aliases": [
    "CVE-2024-25151"
  ],
  "summary": "Liferay Portal Calendar module and Liferay DXP vulnerable to Cross-site Scripting, content spoofing",
  "details": "The Calendar module in Liferay Portal 7.2.0 through 7.4.2, and older unsupported versions, and Liferay DXP 7.3 before service pack 3, 7.2 before fix pack 15, and older unsupported versions does not escape user supplied data in the default notification email template, which allows remote authenticated users to inject arbitrary web script or HTML via the title of a calendar event or the user's name. This may lead to a content spoofing or cross-site scripting (XSS) attacks depending on the capability of the receiver's mail client.",
  "severity": [
    {
      "type": "CVSS_V3",
      "score": "CVSS:3.1/AV:N/AC:L/PR:L/UI:R/S:C/C:L/I:L/A:N"
    }
  ],
  "affected": [
    {
      "package": {
        "ecosystem": "Maven",
        "name": "com.liferay.portal:release.portal.bom"
      },
      "ranges": [
        {
          "type": "ECOSYSTEM",
          "events": [
            {
              "introduced": "0"
            },
            {
              "fixed": "7.4.3.4"
            }
          ]
        }
      ],
      "database_specific": {
        "last_known_affected_version_range": "<= 7.4.2"
      }
    },
    {
      "package": {
        "ecosystem": "Maven",
        "name": "com.liferay.portal:release.dxp.bom"
      },
      "ranges": [
        {
          "type": "ECOSYSTEM",
          "events": [
            {
              "introduced": "7.3.0"
            },
            {
              "fixed": "7.3.10.u4"
            }
          ]
        }
      ]
    },
    {
      "package": {
        "ecosystem": "Maven",
        "name": "com.liferay.portal:release.dxp.bom"
      },
      "ranges": [
        {
          "type": "ECOSYSTEM",
          "events": [
            {
              "introduced": "7.2.0"
            },
            {
              "fixed": "7.2.10.fp15"
            }
          ]
        }
      ]
    }
  ],
  "references": [
    {
      "type": "ADVISORY",
      "url": "https://nvd.nist.gov/vuln/detail/CVE-2024-25151"
    },
    {
      "type": "PACKAGE",
      "url": "https://github.com/liferay/liferay-portal"
    },
    {
      "type": "WEB",
      "url": "https://liferay.dev/portal/security/known-vulnerabilities/-/asset_publisher/jekt/content/cve-2024-25151"
    }
  ],
  "database_specific": {
    "cwe_ids": [
      "CWE-79"
    ],
    "severity": "MODERATE",
    "github_reviewed": true,
    "github_reviewed_at": "2024-02-21T23:32:22Z",
    "nvd_published_at": "2024-02-21T04:15:08Z"
  }
}