{
  "schema_version": "1.4.0",
  "id": "GHSA-qjpw-rg56-jh8v",
  "modified": "2023-09-20T22:19:24Z",
  "published": "2023-09-15T03:30:19Z",
  "aliases": [
    "CVE-2023-4978"
  ],
  "summary": "LibreNMS Cross-site Scripting vulnerability",
  "details": "Cross-site Scripting (XSS) - DOM in GitHub repository librenms/librenms prior to 23.9.0.",
  "severity": [
    {
      "type": "CVSS_V3",
      "score": "CVSS:3.1/AV:N/AC:L/PR:N/UI:R/S:C/C:L/I:L/A:N"
    }
  ],
  "affected": [
    {
      "package": {
        "ecosystem": "Packagist",
        "name": "librenms/librenms"
      },
      "ranges": [
        {
          "type": "ECOSYSTEM",
          "events": [
            {
              "introduced": "0"
            },
            {
              "fixed": "23.9.0"
            }
          ]
        }
      ]
    }
  ],
  "references": [
    {
      "type": "ADVISORY",
      "url": "https://nvd.nist.gov/vuln/detail/CVE-2023-4978"
    },
    {
      "type": "WEB",
      "url": "https://github.com/librenms/librenms/commit/e4c46a45364cb944b94abf9b83f0558b2c4c2fb7"
    },
    {
      "type": "PACKAGE",
      "url": "https://github.com/librenms/librenms"
    },
    {
      "type": "WEB",
      "url": "https://huntr.dev/bounties/cefd9295-2053-4e6e-a130-7e1f845728f4"
    }
  ],
  "database_specific": {
    "cwe_ids": [
      "CWE-79"
    ],
    "severity": "MODERATE",
    "github_reviewed": true,
    "github_reviewed_at": "2023-09-15T19:29:33Z",
    "nvd_published_at": "2023-09-15T01:15:08Z"
  }
}