{
  "schema_version": "1.4.0",
  "id": "GHSA-rm97-x556-q36h",
  "modified": "2024-08-28T21:58:16Z",
  "published": "2024-02-24T06:30:17Z",
  "aliases": [
    "CVE-2024-21501"
  ],
  "summary": "sanitize-html Information Exposure vulnerability",
  "details": "Versions of the package sanitize-html before 2.12.1 are vulnerable to Information Exposure when used on the backend and with the style attribute allowed, allowing enumeration of files in the system (including project dependencies). An attacker could exploit this vulnerability to gather details about the file system structure and dependencies of the targeted server.",
  "severity": [
    {
      "type": "CVSS_V3",
      "score": "CVSS:3.1/AV:N/AC:L/PR:N/UI:N/S:U/C:L/I:N/A:N"
    }
  ],
  "affected": [
    {
      "package": {
        "ecosystem": "npm",
        "name": "sanitize-html"
      },
      "ranges": [
        {
          "type": "ECOSYSTEM",
          "events": [
            {
              "introduced": "0"
            },
            {
              "fixed": "2.12.1"
            }
          ]
        }
      ]
    }
  ],
  "references": [
    {
      "type": "ADVISORY",
      "url": "https://nvd.nist.gov/vuln/detail/CVE-2024-21501"
    },
    {
      "type": "WEB",
      "url": "https://github.com/apostrophecms/sanitize-html/pull/650"
    },
    {
      "type": "WEB",
      "url": "https://github.com/apostrophecms/sanitize-html/commit/c5dbdf77fe8b836d3bf4554ea39edb45281ec0b4"
    },
    {
      "type": "WEB",
      "url": "https://gist.github.com/Slonser/8b4d061abe6ee1b2e10c7242987674cf"
    },
    {
      "type": "WEB",
      "url": "https://github.com/apostrophecms/apostrophe/discussions/4436"
    },
    {
      "type": "PACKAGE",
      "url": "https://github.com/apostrophecms/sanitize-html"
    },
    {
      "type": "WEB",
      "url": "https://lists.fedoraproject.org/archives/list/package-announce@lists.fedoraproject.org/message/4EB5JPYRCTS64EA5AMV3INHDPI6I4AW7"
    },
    {
      "type": "WEB",
      "url": "https://lists.fedoraproject.org/archives/list/package-announce@lists.fedoraproject.org/message/P4I5X6V3LYUNBMZ5YOW4BV427TH3IK4S"
    },
    {
      "type": "WEB",
      "url": "https://security.snyk.io/vuln/SNYK-JAVA-ORGWEBJARSNPM-6276557"
    },
    {
      "type": "WEB",
      "url": "https://security.snyk.io/vuln/SNYK-JS-SANITIZEHTML-6256334"
    }
  ],
  "database_specific": {
    "cwe_ids": [
      "CWE-200",
      "CWE-538"
    ],
    "severity": "MODERATE",
    "github_reviewed": true,
    "github_reviewed_at": "2024-03-01T16:55:53Z",
    "nvd_published_at": "2024-02-24T05:15:44Z"
  }
}