{
  "schema_version": "1.4.0",
  "id": "GHSA-9m5v-vq4f-mrvf",
  "modified": "2024-01-12T19:41:52Z",
  "published": "2022-05-17T05:10:46Z",
  "aliases": [
    "CVE-2012-5657"
  ],
  "summary": "Zend Framework XXE Vulnerability",
  "details": "The (1) Zend_Feed_Rss and (2) Zend_Feed_Atom classes in Zend_Feed in Zend Framework 1.11.x before 1.11.15 and 1.12.x before 1.12.1 allow remote attackers to read arbitrary files, send HTTP requests to intranet servers, and possibly cause a denial of service (CPU and memory consumption) via an XML External Entity (XXE) attack.",
  "severity": [],
  "affected": [
    {
      "package": {
        "ecosystem": "Packagist",
        "name": "zendframework/zendframework1"
      },
      "ranges": [
        {
          "type": "ECOSYSTEM",
          "events": [
            {
              "introduced": "0"
            },
            {
              "fixed": "1.11.15"
            }
          ]
        }
      ]
    },
    {
      "package": {
        "ecosystem": "Packagist",
        "name": "zendframework/zendframework1"
      },
      "ranges": [
        {
          "type": "ECOSYSTEM",
          "events": [
            {
              "introduced": "1.12.0-rc1"
            },
            {
              "fixed": "1.12.1"
            }
          ]
        }
      ]
    }
  ],
  "references": [
    {
      "type": "ADVISORY",
      "url": "https://nvd.nist.gov/vuln/detail/CVE-2012-5657"
    },
    {
      "type": "WEB",
      "url": "https://github.com/zendframework/zf1/commit/15c84914f063efea49ea1c4425459a792cc185ea"
    },
    {
      "type": "PACKAGE",
      "url": "https://github.com/zendframework/zf1"
    },
    {
      "type": "WEB",
      "url": "https://web.archive.org/web/20131101014013/http://www.mandriva.com/en/support/security/advisories/advisory/MDVSA-2013:115/?name=MDVSA-2013:115"
    },
    {
      "type": "WEB",
      "url": "http://framework.zend.com/security/advisory/ZF2012-05"
    },
    {
      "type": "WEB",
      "url": "http://openwall.com/lists/oss-security/2012/12/20/2"
    },
    {
      "type": "WEB",
      "url": "http://openwall.com/lists/oss-security/2012/12/20/4"
    },
    {
      "type": "WEB",
      "url": "http://www.debian.org/security/2012/dsa-2602"
    }
  ],
  "database_specific": {
    "cwe_ids": [
      "CWE-200",
      "CWE-611"
    ],
    "severity": "MODERATE",
    "github_reviewed": true,
    "github_reviewed_at": "2024-01-12T19:41:52Z",
    "nvd_published_at": "2013-05-02T14:55:00Z"
  }
}