{
  "schema_version": "1.4.0",
  "id": "GHSA-cpq8-x35g-m439",
  "modified": "2021-09-16T18:19:29Z",
  "published": "2021-09-20T20:43:15Z",
  "aliases": [
    "CVE-2021-3783"
  ],
  "summary": "Cross-site Scripting in yourls",
  "details": "yourls is vulnerable to Improper Neutralization of Input During Web Page Generation ('Cross-site Scripting') in arbitrary path handling.",
  "severity": [
    {
      "type": "CVSS_V3",
      "score": "CVSS:3.0/AV:N/AC:H/PR:H/UI:N/S:U/C:H/I:H/A:H"
    }
  ],
  "affected": [
    {
      "package": {
        "ecosystem": "Packagist",
        "name": "yourls/yourls"
      },
      "ranges": [
        {
          "type": "ECOSYSTEM",
          "events": [
            {
              "introduced": "0"
            },
            {
              "last_affected": "1.8.2"
            }
          ]
        }
      ]
    }
  ],
  "references": [
    {
      "type": "ADVISORY",
      "url": "https://nvd.nist.gov/vuln/detail/CVE-2021-3783"
    },
    {
      "type": "WEB",
      "url": "https://github.com/yourls/yourls/commit/94f6bab91182142c96ff11f481585b445449efd4"
    },
    {
      "type": "PACKAGE",
      "url": "https://github.com/yourls/yourls"
    },
    {
      "type": "WEB",
      "url": "https://huntr.dev/bounties/b688e553-d0d9-4ddf-95a3-ff4b78004984"
    }
  ],
  "database_specific": {
    "cwe_ids": [
      "CWE-79"
    ],
    "severity": "MODERATE",
    "github_reviewed": true,
    "github_reviewed_at": "2021-09-16T18:19:29Z",
    "nvd_published_at": "2021-09-15T12:15:00Z"
  }
}