{
  "schema_version": "1.4.0",
  "id": "GHSA-r82w-3phg-qvr4",
  "modified": "2024-06-27T03:30:55Z",
  "published": "2024-06-18T21:30:36Z",
  "aliases": [
    "CVE-2024-38277"
  ],
  "summary": "Moodle uses the same key for QR login and auto-login",
  "details": "A unique key should be generated for a user's QR login key and their auto-login key, so the same key cannot be used interchangeably between the two.",
  "severity": [
    {
      "type": "CVSS_V3",
      "score": "CVSS:3.1/AV:N/AC:L/PR:N/UI:N/S:U/C:L/I:L/A:N"
    },
    {
      "type": "CVSS_V4",
      "score": "CVSS:4.0/AV:N/AC:L/AT:N/PR:N/UI:N/VC:L/VI:L/VA:N/SC:N/SI:N/SA:N"
    }
  ],
  "affected": [
    {
      "package": {
        "ecosystem": "Packagist",
        "name": "moodle/moodle"
      },
      "ranges": [
        {
          "type": "ECOSYSTEM",
          "events": [
            {
              "introduced": "4.4.0-beta"
            },
            {
              "fixed": "4.4.1"
            }
          ]
        }
      ]
    },
    {
      "package": {
        "ecosystem": "Packagist",
        "name": "moodle/moodle"
      },
      "ranges": [
        {
          "type": "ECOSYSTEM",
          "events": [
            {
              "introduced": "4.3.0-beta"
            },
            {
              "fixed": "4.3.5"
            }
          ]
        }
      ]
    },
    {
      "package": {
        "ecosystem": "Packagist",
        "name": "moodle/moodle"
      },
      "ranges": [
        {
          "type": "ECOSYSTEM",
          "events": [
            {
              "introduced": "4.2.0-beta"
            },
            {
              "fixed": "4.2.8"
            }
          ]
        }
      ]
    },
    {
      "package": {
        "ecosystem": "Packagist",
        "name": "moodle/moodle"
      },
      "ranges": [
        {
          "type": "ECOSYSTEM",
          "events": [
            {
              "introduced": "0"
            },
            {
              "fixed": "4.1.11"
            }
          ]
        }
      ]
    }
  ],
  "references": [
    {
      "type": "ADVISORY",
      "url": "https://nvd.nist.gov/vuln/detail/CVE-2024-38277"
    },
    {
      "type": "WEB",
      "url": "https://github.com/moodle/moodle/commit/0caedaab7cd5a46331d56654ce9301b0a5a04c56"
    },
    {
      "type": "WEB",
      "url": "https://github.com/moodle/moodle/commit/1aea4a15281d81f2414a95aa485b8a6551708f57"
    },
    {
      "type": "WEB",
      "url": "https://github.com/moodle/moodle/commit/ad46a97f5355f0451d52e9f1a0f528d9a6f12e06"
    },
    {
      "type": "WEB",
      "url": "https://github.com/moodle/moodle/commit/d05795db8eece2943241a29a5443fb4685ba6070"
    },
    {
      "type": "PACKAGE",
      "url": "https://github.com/moodle/moodle"
    },
    {
      "type": "WEB",
      "url": "https://lists.fedoraproject.org/archives/list/package-announce@lists.fedoraproject.org/message/F7AZYR7EXV6E5SQE2GYTNQE3NOENJCQ6"
    },
    {
      "type": "WEB",
      "url": "https://lists.fedoraproject.org/archives/list/package-announce@lists.fedoraproject.org/message/GHTIX55J4Q4LEOMLNEA4OZSWVEENQX7E"
    },
    {
      "type": "WEB",
      "url": "https://moodle.org/mod/forum/discuss.php?d=459502"
    }
  ],
  "database_specific": {
    "cwe_ids": [
      "CWE-324",
      "CWE-326"
    ],
    "severity": "MODERATE",
    "github_reviewed": true,
    "github_reviewed_at": "2024-06-18T22:45:45Z",
    "nvd_published_at": "2024-06-18T20:15:14Z"
  }
}