{
  "schema_version": "1.4.0",
  "id": "GHSA-pggw-rqfm-72rh",
  "modified": "2024-04-25T20:41:07Z",
  "published": "2022-09-28T00:00:17Z",
  "aliases": [
    "CVE-2022-38975"
  ],
  "summary": "EC-CUBE DOM-based cross-site scripting vulnerability",
  "details": "DOM-based cross-site scripting vulnerability in EC-CUBE 4 series (EC-CUBE 4.0.0 to 4.1.2) allows a remote attacker to inject an arbitrary script by having an administrative user of the product to visit a specially crafted page.",
  "severity": [
    {
      "type": "CVSS_V3",
      "score": "CVSS:3.1/AV:N/AC:L/PR:L/UI:R/S:C/C:L/I:L/A:N"
    }
  ],
  "affected": [
    {
      "package": {
        "ecosystem": "Packagist",
        "name": "ec-cube/ec-cube"
      },
      "ranges": [
        {
          "type": "ECOSYSTEM",
          "events": [
            {
              "introduced": "4.0.0"
            },
            {
              "last_affected": "4.1.2"
            }
          ]
        }
      ]
    }
  ],
  "references": [
    {
      "type": "ADVISORY",
      "url": "https://nvd.nist.gov/vuln/detail/CVE-2022-38975"
    },
    {
      "type": "PACKAGE",
      "url": "https://github.com/EC-CUBE/ec-cube"
    },
    {
      "type": "WEB",
      "url": "https://jvn.jp/en/jp/JVN21213852/index.html"
    },
    {
      "type": "WEB",
      "url": "https://www.ec-cube.net/info/weakness/20220909"
    }
  ],
  "database_specific": {
    "cwe_ids": [
      "CWE-79"
    ],
    "severity": "MODERATE",
    "github_reviewed": true,
    "github_reviewed_at": "2024-04-25T20:41:07Z",
    "nvd_published_at": "2022-09-27T23:15:00Z"
  }
}