{
  "schema_version": "1.4.0",
  "id": "GHSA-xc4p-j89c-p7x5",
  "modified": "2024-01-11T16:51:43Z",
  "published": "2022-05-24T17:24:11Z",
  "aliases": [
    "CVE-2020-9665"
  ],
  "summary": "Magento stored cross-site scripting vulnerability",
  "details": "Magento versions 1.14.4.5 and earlier, and 1.9.4.5 and earlier have a stored cross-site scripting vulnerability. Successful exploitation could lead to sensitive information disclosure.\nA patch SUPEE-11346 is available at [Magento Open Source Download Page](https://github.com/m-a-org/magento-patches) > Release Archive Tab > Magento Open Source Patches - 1.x Section",
  "severity": [
    {
      "type": "CVSS_V3",
      "score": "CVSS:3.1/AV:N/AC:L/PR:N/UI:R/S:C/C:L/I:L/A:N"
    }
  ],
  "affected": [
    {
      "package": {
        "ecosystem": "Packagist",
        "name": "magento/core"
      },
      "ranges": [
        {
          "type": "ECOSYSTEM",
          "events": [
            {
              "introduced": "0"
            },
            {
              "last_affected": "1.9.4.5"
            }
          ]
        }
      ]
    }
  ],
  "references": [
    {
      "type": "ADVISORY",
      "url": "https://nvd.nist.gov/vuln/detail/CVE-2020-9665"
    },
    {
      "type": "WEB",
      "url": "https://helpx.adobe.com/security/products/magento/apsb20-41.html"
    }
  ],
  "database_specific": {
    "cwe_ids": [
      "CWE-79"
    ],
    "severity": "MODERATE",
    "github_reviewed": true,
    "github_reviewed_at": "2024-01-11T16:51:43Z",
    "nvd_published_at": "2020-07-22T20:15:00Z"
  }
}