{
  "schema_version": "1.4.0",
  "id": "GHSA-q27c-j6j9-53w3",
  "modified": "2024-06-27T17:47:29Z",
  "published": "2024-06-27T09:30:39Z",
  "aliases": [
    "CVE-2024-22231"
  ],
  "summary": "Directory creation by malicious user in saltstack",
  "details": "Syndic cache directory creation is vulnerable to a directory traversal attack in salt project which can lead\u00a0a malicious attacker to create an arbitrary directory on a Salt master.",
  "severity": [
    {
      "type": "CVSS_V3",
      "score": "CVSS:3.1/AV:N/AC:L/PR:L/UI:N/S:C/C:N/I:L/A:N"
    }
  ],
  "affected": [
    {
      "package": {
        "ecosystem": "PyPI",
        "name": "salt"
      },
      "ranges": [
        {
          "type": "ECOSYSTEM",
          "events": [
            {
              "introduced": "0"
            },
            {
              "fixed": "3005.5"
            }
          ]
        }
      ]
    },
    {
      "package": {
        "ecosystem": "PyPI",
        "name": "salt"
      },
      "ranges": [
        {
          "type": "ECOSYSTEM",
          "events": [
            {
              "introduced": "3006.0"
            },
            {
              "fixed": "3006.6"
            }
          ]
        }
      ]
    }
  ],
  "references": [
    {
      "type": "ADVISORY",
      "url": "https://nvd.nist.gov/vuln/detail/CVE-2024-22231"
    },
    {
      "type": "WEB",
      "url": "https://github.com/saltstack/salt/commit/e0cdb80b55123f4a024759ffcf2b3f0e0788e7ab"
    },
    {
      "type": "PACKAGE",
      "url": "https://github.com/saltstack/salt"
    },
    {
      "type": "WEB",
      "url": "https://saltproject.io/security-announcements/2024-01-31-advisory"
    }
  ],
  "database_specific": {
    "cwe_ids": [
      "CWE-22"
    ],
    "severity": "MODERATE",
    "github_reviewed": true,
    "github_reviewed_at": "2024-06-27T17:47:29Z",
    "nvd_published_at": "2024-06-27T07:15:52Z"
  }
}