{
  "schema_version": "1.4.0",
  "id": "GHSA-7xj5-fwqr-5378",
  "modified": "2022-04-18T22:20:39Z",
  "published": "2022-04-04T00:00:54Z",
  "aliases": [
    "CVE-2022-28378"
  ],
  "summary": "Cross-site Scripting in craftcms/cms",
  "details": "Craft CMS before 3.7.29 allows cross-site scripting.",
  "severity": [
    {
      "type": "CVSS_V3",
      "score": "CVSS:3.1/AV:N/AC:L/PR:N/UI:R/S:C/C:L/I:L/A:N"
    }
  ],
  "affected": [
    {
      "package": {
        "ecosystem": "Packagist",
        "name": "craftcms/cms"
      },
      "ranges": [
        {
          "type": "ECOSYSTEM",
          "events": [
            {
              "introduced": "0"
            },
            {
              "fixed": "3.7.29"
            }
          ]
        }
      ]
    }
  ],
  "references": [
    {
      "type": "ADVISORY",
      "url": "https://nvd.nist.gov/vuln/detail/CVE-2022-28378"
    },
    {
      "type": "WEB",
      "url": "https://github.com/craftcms/cms/commit/7ca2b2d2ccecfb524525afc8ceac6f6e44f84b88"
    },
    {
      "type": "PACKAGE",
      "url": "https://github.com/craftcms/cms"
    },
    {
      "type": "WEB",
      "url": "https://github.com/craftcms/cms/blob/develop/CHANGELOG.md#3729---2022-01-18"
    }
  ],
  "database_specific": {
    "cwe_ids": [
      "CWE-79"
    ],
    "severity": "MODERATE",
    "github_reviewed": true,
    "github_reviewed_at": "2022-04-05T18:29:03Z",
    "nvd_published_at": "2022-04-03T18:15:00Z"
  }
}