{
  "schema_version": "1.4.0",
  "id": "GHSA-837v-6vgx-jqcc",
  "modified": "2022-12-15T23:36:08Z",
  "published": "2022-12-12T15:30:31Z",
  "aliases": [
    "CVE-2021-4244"
  ],
  "summary": "yikes-inc-easy-mailchimp-extender Cross-site Scripting vulnerability",
  "details": "A vulnerability classified as problematic has been found in yikes-inc-easy-mailchimp-extender Plugin up to 6.8.5. This affects an unknown part of the file admin/partials/ajax/add_field_to_form.php. The manipulation of the argument field_name/merge_tag/field_type/list_id leads to cross site scripting. It is possible to initiate the attack remotely. Upgrading to version 6.8.6 can address this issue. The name of the patch is 3662c6593aa1bb4286781214891d26de2e947695. It is recommended to upgrade the affected component. The associated identifier of this vulnerability is VDB-215307.",
  "severity": [
    {
      "type": "CVSS_V3",
      "score": "CVSS:3.1/AV:N/AC:L/PR:N/UI:R/S:C/C:L/I:L/A:N"
    }
  ],
  "affected": [
    {
      "package": {
        "ecosystem": "Packagist",
        "name": "yikesinc/yikes-inc-easy-mailchimp-extender"
      },
      "ranges": [
        {
          "type": "ECOSYSTEM",
          "events": [
            {
              "introduced": "0"
            },
            {
              "fixed": "6.8.6"
            }
          ]
        }
      ]
    }
  ],
  "references": [
    {
      "type": "ADVISORY",
      "url": "https://nvd.nist.gov/vuln/detail/CVE-2021-4244"
    },
    {
      "type": "WEB",
      "url": "https://github.com/EvanHerman/yikes-inc-easy-mailchimp-extender/pull/889"
    },
    {
      "type": "WEB",
      "url": "https://github.com/EvanHerman/yikes-inc-easy-mailchimp-extender/commit/3662c6593aa1bb4286781214891d26de2e947695"
    },
    {
      "type": "WEB",
      "url": "https://github.com/EvanHerman/yikes-inc-easy-mailchimp-extender/releases/tag/6.8.6"
    },
    {
      "type": "PACKAGE",
      "url": "https://github.com/yikesinc/yikes-inc-easy-mailchimp-extender"
    },
    {
      "type": "WEB",
      "url": "https://vuldb.com/?id.215307"
    }
  ],
  "database_specific": {
    "cwe_ids": [
      "CWE-79"
    ],
    "severity": "MODERATE",
    "github_reviewed": true,
    "github_reviewed_at": "2022-12-15T23:36:08Z",
    "nvd_published_at": "2022-12-12T14:15:00Z"
  }
}