{
  "schema_version": "1.4.0",
  "id": "GHSA-8686-4cr3-76wj",
  "modified": "2023-01-12T16:49:30Z",
  "published": "2023-01-07T06:30:20Z",
  "aliases": [
    "CVE-2023-0106"
  ],
  "summary": "usememos/memos vulnerable to stored Cross-site Scripting",
  "details": "Cross-site Scripting (XSS) - Stored in GitHub repository usememos/memos prior to 0.10.0.",
  "severity": [
    {
      "type": "CVSS_V3",
      "score": "CVSS:3.1/AV:N/AC:L/PR:L/UI:R/S:C/C:L/I:L/A:N"
    }
  ],
  "affected": [
    {
      "package": {
        "ecosystem": "Go",
        "name": "github.com/usememos/memos"
      },
      "ranges": [
        {
          "type": "ECOSYSTEM",
          "events": [
            {
              "introduced": "0"
            },
            {
              "fixed": "0.10.0"
            }
          ]
        }
      ]
    }
  ],
  "references": [
    {
      "type": "ADVISORY",
      "url": "https://nvd.nist.gov/vuln/detail/CVE-2023-0106"
    },
    {
      "type": "WEB",
      "url": "https://github.com/usememos/memos/commit/0f8ce3dd1696722f951d7195ad1f88b39a5d15d7"
    },
    {
      "type": "PACKAGE",
      "url": "https://github.com/usememos/memos"
    },
    {
      "type": "WEB",
      "url": "https://huntr.dev/bounties/5c0809cb-f4ff-4447-bed6-b5625fb374bb"
    }
  ],
  "database_specific": {
    "cwe_ids": [
      "CWE-79"
    ],
    "severity": "MODERATE",
    "github_reviewed": true,
    "github_reviewed_at": "2023-01-09T21:53:55Z",
    "nvd_published_at": "2023-01-07T04:15:00Z"
  }
}