{
  "schema_version": "1.4.0",
  "id": "GHSA-vf7h-6246-hm43",
  "modified": "2021-11-18T21:49:46Z",
  "published": "2021-11-19T20:18:54Z",
  "aliases": [
    "CVE-2021-39198"
  ],
  "summary": "The disqualify lead action may be executed without CSRF token check",
  "details": "### Summary\nThe attacker is able to disqualify any Lead with a Cross-Site Request Forgery (CSRF) attack.\n\n### Workarounds\nThere are no workarounds that address this vulnerability.\n\n",
  "severity": [
    {
      "type": "CVSS_V3",
      "score": "CVSS:3.1/AV:N/AC:H/PR:N/UI:R/S:U/C:N/I:L/A:L"
    }
  ],
  "affected": [
    {
      "package": {
        "ecosystem": "Packagist",
        "name": "oro/crm"
      },
      "ranges": [
        {
          "type": "ECOSYSTEM",
          "events": [
            {
              "introduced": "3.1.0"
            },
            {
              "fixed": "4.1.17"
            }
          ]
        }
      ]
    },
    {
      "package": {
        "ecosystem": "Packagist",
        "name": "oro/crm"
      },
      "ranges": [
        {
          "type": "ECOSYSTEM",
          "events": [
            {
              "introduced": "4.2.0"
            },
            {
              "fixed": "4.2.7"
            }
          ]
        }
      ]
    }
  ],
  "references": [
    {
      "type": "WEB",
      "url": "https://github.com/oroinc/crm/security/advisories/GHSA-vf7h-6246-hm43"
    },
    {
      "type": "ADVISORY",
      "url": "https://nvd.nist.gov/vuln/detail/CVE-2021-39198"
    },
    {
      "type": "PACKAGE",
      "url": "https://github.com/oroinc/crm"
    }
  ],
  "database_specific": {
    "cwe_ids": [
      "CWE-352"
    ],
    "severity": "MODERATE",
    "github_reviewed": true,
    "github_reviewed_at": "2021-11-18T21:49:46Z",
    "nvd_published_at": "2021-11-19T22:15:00Z"
  }
}