{
  "schema_version": "1.4.0",
  "id": "GHSA-xj33-8r43-r227",
  "modified": "2022-12-07T15:40:35Z",
  "published": "2022-12-06T00:30:16Z",
  "aliases": [
    "CVE-2022-43556"
  ],
  "summary": "Concrete CMS vulnerable to cross-site scripting in the text input field",
  "details": "Concrete CMS (formerly concrete5) below 8.5.10 and between 9.0.0 and 9.1.2 is vulnerable to XSS in the text input field since the result dashboard page output is not sanitized. The Concrete CMS security team has ranked this 4.2 with CVSS v3.1 vector AV:N/AC:H/PR:N/UI:R/S:U/C:L/I:L/A:N Remediate by updating to Concrete CMS 8.5.10 and Concrete CMS 9.1.3.",
  "severity": [
    {
      "type": "CVSS_V3",
      "score": "CVSS:3.1/AV:N/AC:H/PR:N/UI:R/S:U/C:L/I:L/A:N"
    }
  ],
  "affected": [
    {
      "package": {
        "ecosystem": "Packagist",
        "name": "concrete5/concrete5"
      },
      "ranges": [
        {
          "type": "ECOSYSTEM",
          "events": [
            {
              "introduced": "0"
            },
            {
              "fixed": "8.5.10"
            }
          ]
        }
      ]
    },
    {
      "package": {
        "ecosystem": "Packagist",
        "name": "concrete5/concrete5"
      },
      "ranges": [
        {
          "type": "ECOSYSTEM",
          "events": [
            {
              "introduced": "9.0.0"
            },
            {
              "fixed": "9.1.3"
            }
          ]
        }
      ]
    }
  ],
  "references": [
    {
      "type": "ADVISORY",
      "url": "https://nvd.nist.gov/vuln/detail/CVE-2022-43556"
    },
    {
      "type": "WEB",
      "url": "https://documentation.concretecms.org/developers/introduction/version-history/8510-release-notes"
    },
    {
      "type": "WEB",
      "url": "https://documentation.concretecms.org/developers/introduction/version-history/913-release-notes"
    },
    {
      "type": "PACKAGE",
      "url": "https://github.com/concretecms/concretecms"
    },
    {
      "type": "WEB",
      "url": "https://www.concretecms.org/about/project-news/security/concrete-cms-security-advisory-2022-10-31"
    }
  ],
  "database_specific": {
    "cwe_ids": [
      "CWE-79"
    ],
    "severity": "MODERATE",
    "github_reviewed": true,
    "github_reviewed_at": "2022-12-06T15:35:42Z",
    "nvd_published_at": "2022-12-05T22:15:00Z"
  }
}