{
  "schema_version": "1.4.0",
  "id": "GHSA-wwq7-pxwc-p4rc",
  "modified": "2022-07-12T22:27:16Z",
  "published": "2022-05-17T01:38:56Z",
  "aliases": [
    "CVE-2012-5785"
  ],
  "summary": "Improper Input Validation in Apache Axis2",
  "details": "Apache Axis2/Java 1.6.2 and earlier does not verify that the server hostname matches a domain name in the subject's Common Name (CN) or subjectAltName field of the X.509 certificate, which allows man-in-the-middle attackers to spoof SSL servers via an arbitrary valid certificate.",
  "severity": [],
  "affected": [
    {
      "package": {
        "ecosystem": "Maven",
        "name": "org.apache.axis2:axis2"
      },
      "ranges": [
        {
          "type": "ECOSYSTEM",
          "events": [
            {
              "introduced": "0"
            },
            {
              "fixed": "1.8.0"
            }
          ]
        }
      ],
      "database_specific": {
        "last_known_affected_version_range": "<= 1.6.2"
      }
    }
  ],
  "references": [
    {
      "type": "ADVISORY",
      "url": "https://nvd.nist.gov/vuln/detail/CVE-2012-5785"
    },
    {
      "type": "WEB",
      "url": "https://exchange.xforce.ibmcloud.com/vulnerabilities/79830"
    },
    {
      "type": "PACKAGE",
      "url": "https://github.com/apache/axis-axis2-java-core"
    },
    {
      "type": "WEB",
      "url": "https://issues.apache.org/jira/browse/AXIS2-6018"
    },
    {
      "type": "WEB",
      "url": "http://www.cs.utexas.edu/~shmat/shmat_ccs12.pdf"
    }
  ],
  "database_specific": {
    "cwe_ids": [
      "CWE-20"
    ],
    "severity": "MODERATE",
    "github_reviewed": true,
    "github_reviewed_at": "2022-07-12T22:27:16Z",
    "nvd_published_at": "2012-11-04T22:55:00Z"
  }
}