{
  "schema_version": "1.4.0",
  "id": "GHSA-32q4-86g8-6637",
  "modified": "2024-01-23T20:10:32Z",
  "published": "2024-01-16T21:31:22Z",
  "aliases": [
    "CVE-2024-22491"
  ],
  "summary": "Stored Cross Site Scripting in beetl-bbs",
  "details": "A Stored Cross Site Scripting (XSS) vulnerability in beetl-bbs 2.0 allows attackers to run arbitrary code via the post/save content parameter.",
  "severity": [
    {
      "type": "CVSS_V3",
      "score": "CVSS:3.1/AV:N/AC:L/PR:L/UI:R/S:C/C:L/I:L/A:N"
    }
  ],
  "affected": [
    {
      "package": {
        "ecosystem": "Maven",
        "name": "com.ibeetl:beetl"
      },
      "ranges": [
        {
          "type": "ECOSYSTEM",
          "events": [
            {
              "introduced": "0"
            },
            {
              "last_affected": "2.0.0"
            }
          ]
        }
      ]
    }
  ],
  "references": [
    {
      "type": "ADVISORY",
      "url": "https://nvd.nist.gov/vuln/detail/CVE-2024-22491"
    },
    {
      "type": "WEB",
      "url": "https://github.com/cui2shark/security/blob/main/A%20stored%20cross-site%20scripting%20%28XSS%29%20vulnerability%20was%20discovered%20in%20beetl-bbs%20post%20save.md"
    }
  ],
  "database_specific": {
    "cwe_ids": [
      "CWE-79"
    ],
    "severity": "MODERATE",
    "github_reviewed": true,
    "github_reviewed_at": "2024-01-23T20:10:32Z",
    "nvd_published_at": "2024-01-16T19:15:09Z"
  }
}