{
  "schema_version": "1.4.0",
  "id": "GHSA-f82v-pg74-6686",
  "modified": "2022-12-20T17:39:43Z",
  "published": "2022-05-24T17:13:39Z",
  "aliases": [
    "CVE-2020-2174"
  ],
  "summary": "Reflected XSS vulnerability in Jenkins AWSEB Deployment Plugin",
  "details": "AWSEB Deployment Plugin 0.3.19 and earlier does not escape various values printed as part of form validation output.\n\nThis results in a reflected cross-site scripting (XSS) vulnerability.\n\nAWSEB Deployment Plugin 0.3.20 escapes the values printed as part of the affected form validation endpoints.",
  "severity": [
    {
      "type": "CVSS_V3",
      "score": "CVSS:3.0/AV:N/AC:L/PR:N/UI:R/S:C/C:L/I:L/A:N"
    }
  ],
  "affected": [
    {
      "package": {
        "ecosystem": "Maven",
        "name": "br.com.ingenieux.jenkins.plugins:awseb-deployment-plugin"
      },
      "ranges": [
        {
          "type": "ECOSYSTEM",
          "events": [
            {
              "introduced": "0"
            },
            {
              "fixed": "0.3.20"
            }
          ]
        }
      ],
      "database_specific": {
        "last_known_affected_version_range": "<= 0.3.19"
      }
    }
  ],
  "references": [
    {
      "type": "ADVISORY",
      "url": "https://nvd.nist.gov/vuln/detail/CVE-2020-2174"
    },
    {
      "type": "PACKAGE",
      "url": "https://github.com/jenkinsci/awseb-deployment-plugin"
    },
    {
      "type": "WEB",
      "url": "https://jenkins.io/security/advisory/2020-04-07/#SECURITY-1769"
    },
    {
      "type": "WEB",
      "url": "http://www.openwall.com/lists/oss-security/2020/04/07/3"
    }
  ],
  "database_specific": {
    "cwe_ids": [
      "CWE-79"
    ],
    "severity": "MODERATE",
    "github_reviewed": true,
    "github_reviewed_at": "2022-12-20T17:39:43Z",
    "nvd_published_at": "2020-04-07T13:15:00Z"
  }
}