{
  "schema_version": "1.4.0",
  "id": "GHSA-gqrp-qhv8-phrv",
  "modified": "2024-04-24T17:29:57Z",
  "published": "2022-05-13T01:34:31Z",
  "aliases": [
    "CVE-2018-14631"
  ],
  "summary": "Moodle Cross-site Scripting",
  "details": "moodle before versions 3.5.2, 3.4.5, 3.3.8 is vulnerable to a boost theme - blog search GET parameter insufficiently filtered. The breadcrumb navigation provided by Boost theme when displaying search results of a blog were insufficiently filtered, which could result in reflected XSS if a user followed a malicious link containing JavaScript in the search parameter.",
  "severity": [
    {
      "type": "CVSS_V3",
      "score": "CVSS:3.0/AV:N/AC:L/PR:N/UI:R/S:C/C:L/I:L/A:N"
    }
  ],
  "affected": [
    {
      "package": {
        "ecosystem": "Packagist",
        "name": "moodle/moodle"
      },
      "ranges": [
        {
          "type": "ECOSYSTEM",
          "events": [
            {
              "introduced": "3.3"
            },
            {
              "fixed": "3.3.8"
            }
          ]
        }
      ]
    },
    {
      "package": {
        "ecosystem": "Packagist",
        "name": "moodle/moodle"
      },
      "ranges": [
        {
          "type": "ECOSYSTEM",
          "events": [
            {
              "introduced": "3.4"
            },
            {
              "fixed": "3.4.5"
            }
          ]
        }
      ]
    },
    {
      "package": {
        "ecosystem": "Packagist",
        "name": "moodle/moodle"
      },
      "ranges": [
        {
          "type": "ECOSYSTEM",
          "events": [
            {
              "introduced": "3.5"
            },
            {
              "fixed": "3.5.2"
            }
          ]
        }
      ]
    }
  ],
  "references": [
    {
      "type": "ADVISORY",
      "url": "https://nvd.nist.gov/vuln/detail/CVE-2018-14631"
    },
    {
      "type": "WEB",
      "url": "https://bugzilla.redhat.com/show_bug.cgi?id=CVE-2018-14631"
    },
    {
      "type": "PACKAGE",
      "url": "https://github.com/moodle/moodle"
    },
    {
      "type": "WEB",
      "url": "https://moodle.org/mod/forum/discuss.php?d=376025"
    },
    {
      "type": "WEB",
      "url": "http://git.moodle.org/gw?p=moodle.git&a=search&h=HEAD&st=commit&s=MDL-62857"
    },
    {
      "type": "WEB",
      "url": "http://www.securityfocus.com/bid/105371"
    }
  ],
  "database_specific": {
    "cwe_ids": [
      "CWE-79"
    ],
    "severity": "MODERATE",
    "github_reviewed": true,
    "github_reviewed_at": "2024-04-24T17:29:57Z",
    "nvd_published_at": "2018-09-17T20:29:00Z"
  }
}