{
  "schema_version": "1.4.0",
  "id": "GHSA-jg8w-wgx2-g7q4",
  "modified": "2023-04-24T22:41:31Z",
  "published": "2023-04-15T15:30:15Z",
  "aliases": [
    "CVE-2022-2525"
  ],
  "summary": "Improper Restriction of Excessive Authentication Attempts in calibreweb",
  "details": "Improper Restriction of Excessive Authentication Attempts in GitHub repository janeczku/calibre-web prior to 0.6.20.",
  "severity": [],
  "affected": [
    {
      "package": {
        "ecosystem": "PyPI",
        "name": "calibreweb"
      },
      "ranges": [
        {
          "type": "ECOSYSTEM",
          "events": [
            {
              "introduced": "0"
            },
            {
              "fixed": "0.6.20"
            }
          ]
        }
      ]
    }
  ],
  "references": [
    {
      "type": "ADVISORY",
      "url": "https://nvd.nist.gov/vuln/detail/CVE-2022-2525"
    },
    {
      "type": "WEB",
      "url": "https://github.com/janeczku/calibre-web/commit/49e4f540c9b204c7e39b3c27ceadecd83ed60e7e"
    },
    {
      "type": "WEB",
      "url": "https://huntr.dev/bounties/9ff87820-c14c-4454-9764-406496254ef0"
    }
  ],
  "database_specific": {
    "cwe_ids": [
      "CWE-307"
    ],
    "severity": "MODERATE",
    "github_reviewed": true,
    "github_reviewed_at": "2023-04-24T22:41:31Z",
    "nvd_published_at": "2023-04-15T13:15:00Z"
  }
}