{
  "schema_version": "1.4.0",
  "id": "GHSA-557f-2hv4-7jjm",
  "modified": "2024-01-24T21:29:45Z",
  "published": "2022-05-13T01:12:41Z",
  "aliases": [
    "CVE-2014-7834"
  ],
  "summary": "Moodle does not verify group permissions",
  "details": "mod/forum/externallib.php in Moodle 2.6.x before 2.6.6 and 2.7.x before 2.7.3 does not verify group permissions, which allows remote authenticated users to access a forum via the forum_get_discussions web service.",
  "severity": [],
  "affected": [
    {
      "package": {
        "ecosystem": "Packagist",
        "name": "moodle/moodle"
      },
      "ranges": [
        {
          "type": "ECOSYSTEM",
          "events": [
            {
              "introduced": "2.6.0"
            },
            {
              "fixed": "2.6.6"
            }
          ]
        }
      ]
    },
    {
      "package": {
        "ecosystem": "Packagist",
        "name": "moodle/moodle"
      },
      "ranges": [
        {
          "type": "ECOSYSTEM",
          "events": [
            {
              "introduced": "2.7.0"
            },
            {
              "fixed": "2.7.3"
            }
          ]
        }
      ]
    }
  ],
  "references": [
    {
      "type": "ADVISORY",
      "url": "https://nvd.nist.gov/vuln/detail/CVE-2014-7834"
    },
    {
      "type": "WEB",
      "url": "https://github.com/moodle/moodle/commit/3aa9d93c7a78d14fa30e2afbfd8fa7e09bc9cb41"
    },
    {
      "type": "WEB",
      "url": "https://github.com/moodle/moodle/commit/40afeb4044c9718bf175c347f0f9099a037ce9f0"
    },
    {
      "type": "WEB",
      "url": "https://github.com/moodle/moodle/commit/79eda0e9a0d15ba1d87187ec712f96abd62748c1"
    },
    {
      "type": "PACKAGE",
      "url": "https://github.com/moodle/moodle"
    },
    {
      "type": "WEB",
      "url": "https://moodle.org/mod/forum/discuss.php?d=275159"
    },
    {
      "type": "WEB",
      "url": "https://web.archive.org/web/20150914064838/http://www.securitytracker.com/id/1031215"
    },
    {
      "type": "WEB",
      "url": "http://git.moodle.org/gw?p=moodle.git&a=search&h=HEAD&st=commit&s=MDL-45303"
    },
    {
      "type": "WEB",
      "url": "http://openwall.com/lists/oss-security/2014/11/17/11"
    }
  ],
  "database_specific": {
    "cwe_ids": [],
    "severity": "MODERATE",
    "github_reviewed": true,
    "github_reviewed_at": "2024-01-24T21:29:45Z",
    "nvd_published_at": "2014-11-24T11:59:00Z"
  }
}