{
  "schema_version": "1.4.0",
  "id": "GHSA-rhf5-2378-3w3w",
  "modified": "2022-08-10T23:54:16Z",
  "published": "2022-07-19T14:16:06Z",
  "aliases": [
    "CVE-2020-28459"
  ],
  "summary": "markdown-it-decorate vulnerable to cross-site scripting (XSS)",
  "details": "markdown-it-decorate adds attributes, IDs and classes to Markdown, and the most recent version 1.2.2 was published in 2017. All versions are currently vulnerable to cross-site scripting (XSS) and there is no fixed version at this time",
  "severity": [
    {
      "type": "CVSS_V3",
      "score": "CVSS:3.1/AV:N/AC:L/PR:N/UI:R/S:C/C:L/I:L/A:N"
    }
  ],
  "affected": [
    {
      "package": {
        "ecosystem": "npm",
        "name": "markdown-it-decorate"
      },
      "ranges": [
        {
          "type": "ECOSYSTEM",
          "events": [
            {
              "introduced": "0"
            },
            {
              "last_affected": "1.2.2"
            }
          ]
        }
      ]
    }
  ],
  "references": [
    {
      "type": "ADVISORY",
      "url": "https://nvd.nist.gov/vuln/detail/CVE-2020-28459"
    },
    {
      "type": "WEB",
      "url": "https://github.com/rstacruz/markdown-it-decorate/commit/a6b33ce79e9b8cddf6184c754713e6af65253909"
    },
    {
      "type": "PACKAGE",
      "url": "https://github.com/rstacruz/markdown-it-decorate"
    },
    {
      "type": "WEB",
      "url": "https://security.snyk.io/vuln/SNYK-JS-MARKDOWNITDECORATE-1044068"
    }
  ],
  "database_specific": {
    "cwe_ids": [
      "CWE-79"
    ],
    "severity": "MODERATE",
    "github_reviewed": true,
    "github_reviewed_at": "2022-07-19T14:16:06Z",
    "nvd_published_at": "2022-07-25T14:15:00Z"
  }
}