{
  "schema_version": "1.4.0",
  "id": "GHSA-8c76-mxv5-w4g8",
  "modified": "2022-03-28T17:25:37Z",
  "published": "2022-03-16T00:00:48Z",
  "aliases": [
    "CVE-2022-0954"
  ],
  "summary": "Stored Cross-site Scripting in Microweber",
  "details": "Microweber 1.2.11 and prior contains multiple stored cross-site scripting vulnerabilities in Shop's Other Settings, Shop's Autorespond E-mail Settings and Shops' Payments Methods.",
  "severity": [
    {
      "type": "CVSS_V3",
      "score": "CVSS:3.0/AV:N/AC:L/PR:H/UI:R/S:U/C:H/I:H/A:H"
    }
  ],
  "affected": [
    {
      "package": {
        "ecosystem": "Packagist",
        "name": "microweber/microweber"
      },
      "ranges": [
        {
          "type": "ECOSYSTEM",
          "events": [
            {
              "introduced": "0"
            },
            {
              "fixed": "1.2.12"
            }
          ]
        }
      ],
      "database_specific": {
        "last_known_affected_version_range": "<= 1.2.11"
      }
    }
  ],
  "references": [
    {
      "type": "ADVISORY",
      "url": "https://nvd.nist.gov/vuln/detail/CVE-2022-0954"
    },
    {
      "type": "WEB",
      "url": "https://github.com/microweber/microweber/commit/955471c27e671c49e4b012e3b120b004082ac3f7"
    },
    {
      "type": "PACKAGE",
      "url": "https://github.com/microweber/microweber"
    },
    {
      "type": "WEB",
      "url": "https://huntr.dev/bounties/b99517c0-37fc-4efa-ab1a-3591da7f4d26"
    }
  ],
  "database_specific": {
    "cwe_ids": [
      "CWE-79"
    ],
    "severity": "MODERATE",
    "github_reviewed": true,
    "github_reviewed_at": "2022-03-18T23:38:20Z",
    "nvd_published_at": "2022-03-15T12:15:00Z"
  }
}