{
  "schema_version": "1.4.0",
  "id": "GHSA-6vwx-mwp8-fh44",
  "modified": "2021-04-20T22:02:07Z",
  "published": "2021-05-10T18:47:10Z",
  "aliases": [
    "CVE-2020-8127"
  ],
  "summary": "Cross-site Scripting in reveal.js",
  "details": "Insufficient validation in cross-origin communication (postMessage) in reveal.js version 3.9.1 and earlier allow attackers to perform cross-site scripting attacks.",
  "severity": [
    {
      "type": "CVSS_V3",
      "score": "CVSS:3.1/AV:N/AC:L/PR:N/UI:R/S:C/C:L/I:L/A:N"
    }
  ],
  "affected": [
    {
      "package": {
        "ecosystem": "npm",
        "name": "reveal.js"
      },
      "ranges": [
        {
          "type": "ECOSYSTEM",
          "events": [
            {
              "introduced": "0"
            },
            {
              "fixed": "3.9.2"
            }
          ]
        }
      ],
      "database_specific": {
        "last_known_affected_version_range": "<= 3.9.1"
      }
    }
  ],
  "references": [
    {
      "type": "ADVISORY",
      "url": "https://nvd.nist.gov/vuln/detail/CVE-2020-8127"
    },
    {
      "type": "WEB",
      "url": "https://hackerone.com/reports/691977"
    }
  ],
  "database_specific": {
    "cwe_ids": [
      "CWE-79"
    ],
    "severity": "MODERATE",
    "github_reviewed": true,
    "github_reviewed_at": "2021-04-20T22:02:07Z",
    "nvd_published_at": "2020-02-28T20:15:00Z"
  }
}