{
  "schema_version": "1.4.0",
  "id": "GHSA-cmpm-jg8r-fv37",
  "modified": "2023-08-29T20:07:59Z",
  "published": "2022-05-17T01:49:11Z",
  "aliases": [
    "CVE-2012-1006"
  ],
  "summary": "Apache Struts Multiple Cross-site Scripting Vulnerabilities",
  "details": "Multiple cross-site scripting (XSS) vulnerabilities in Apache Struts 2.0.14 and 2.2.3 allow remote attackers to inject arbitrary web script or HTML via the (1) name or (2) lastName parameter to `struts2-showcase/person/editPerson.action`, or the (3) clientName parameter to `struts2-rest-showcase/orders`.",
  "severity": [],
  "affected": [
    {
      "package": {
        "ecosystem": "Maven",
        "name": "org.apache.struts:struts2-parent"
      },
      "ranges": [
        {
          "type": "ECOSYSTEM",
          "events": [
            {
              "introduced": "0"
            },
            {
              "fixed": "2.1.2"
            }
          ]
        }
      ],
      "database_specific": {
        "last_known_affected_version_range": "<= 2.0.14"
      }
    },
    {
      "package": {
        "ecosystem": "Maven",
        "name": "org.apache.struts:struts2-parent"
      },
      "ranges": [
        {
          "type": "ECOSYSTEM",
          "events": [
            {
              "introduced": "2.2"
            },
            {
              "fixed": "2.2.3.1"
            }
          ]
        }
      ],
      "database_specific": {
        "last_known_affected_version_range": "<= 2.2.3"
      }
    }
  ],
  "references": [
    {
      "type": "ADVISORY",
      "url": "https://nvd.nist.gov/vuln/detail/CVE-2012-1006"
    },
    {
      "type": "WEB",
      "url": "https://exchange.xforce.ibmcloud.com/vulnerabilities/72888"
    },
    {
      "type": "WEB",
      "url": "https://web.archive.org/web/20120219225953/http://secpod.org/advisories/SecPod_Apache_Struts_Multiple_Parsistant_XSS_Vulns.txt"
    },
    {
      "type": "WEB",
      "url": "https://web.archive.org/web/20131013214245/http://secpod.org/blog/?p=450"
    },
    {
      "type": "WEB",
      "url": "https://web.archive.org/web/20200229131840/http://www.securityfocus.com/bid/51902"
    }
  ],
  "database_specific": {
    "cwe_ids": [
      "CWE-79"
    ],
    "severity": "MODERATE",
    "github_reviewed": true,
    "github_reviewed_at": "2023-08-29T20:07:59Z",
    "nvd_published_at": "2012-02-07T04:09:00Z"
  }
}