{
  "schema_version": "1.4.0",
  "id": "GHSA-6784-9c82-vr85",
  "modified": "2024-10-17T16:27:22Z",
  "published": "2024-10-03T18:26:26Z",
  "aliases": [
    "CVE-2024-47617"
  ],
  "summary": "Injection of arbitrary HTML/JavaScript code through the media download URL",
  "details": "### Impact\n\nThis vulnerability allows an attacker to inject arbitrary HTML/JavaScript code through the media download URL in Sulu CMS. It affects the SuluMediaBundle component. The vulnerability is a Reflected Cross-Site Scripting (XSS) issue, which could potentially allow attackers to steal sensitive information, manipulate the website's content, or perform actions on behalf of the victim.\n\n### Patches\n\nThe problem has not been patched yet. Users should upgrade to patched versions once they become available. Currently affected versions are:\n\n* 2.6.4\n* 2.5.20\n\n### Workarounds\n\nUntil an official patch is released, users can implement additional input validation and output encoding for the 'slug' parameter in the MediaStreamController's downloadAction method. Alternatively, configuring a Web Application Firewall (WAF) to filter potentially malicious input could serve as a temporary mitigation.\n\n### References\n\n* GitHub repository: https://github.com/sulu/sulu\n* Vulnerable code: https://github.com/sulu/sulu/blob/2.6/src/Sulu/Bundle/MediaBundle/Controller/MediaStreamController.php#L106\n",
  "severity": [
    {
      "type": "CVSS_V3",
      "score": "CVSS:3.1/AV:N/AC:L/PR:N/UI:R/S:C/C:L/I:L/A:N"
    },
    {
      "type": "CVSS_V4",
      "score": "CVSS:4.0/AV:N/AC:L/AT:N/PR:N/UI:P/VC:N/VI:N/VA:N/SC:L/SI:L/SA:N"
    }
  ],
  "affected": [
    {
      "package": {
        "ecosystem": "Packagist",
        "name": "sulu/sulu"
      },
      "ranges": [
        {
          "type": "ECOSYSTEM",
          "events": [
            {
              "introduced": "2.6.0"
            },
            {
              "fixed": "2.6.5"
            }
          ]
        }
      ],
      "database_specific": {
        "last_known_affected_version_range": "<= 2.6.4"
      }
    },
    {
      "package": {
        "ecosystem": "Packagist",
        "name": "sulu/sulu"
      },
      "ranges": [
        {
          "type": "ECOSYSTEM",
          "events": [
            {
              "introduced": "2.0.0"
            },
            {
              "fixed": "2.5.21"
            }
          ]
        }
      ],
      "database_specific": {
        "last_known_affected_version_range": "<= 2.5.20"
      }
    }
  ],
  "references": [
    {
      "type": "WEB",
      "url": "https://github.com/sulu/sulu/security/advisories/GHSA-6784-9c82-vr85"
    },
    {
      "type": "ADVISORY",
      "url": "https://nvd.nist.gov/vuln/detail/CVE-2024-47617"
    },
    {
      "type": "WEB",
      "url": "https://github.com/sulu/sulu/commit/a5a5ae555d282e88ff8559d38cfb46dea7939bda"
    },
    {
      "type": "WEB",
      "url": "https://github.com/sulu/sulu/commit/eeacd14b6cf55f710084788140d40ebb00314b29"
    },
    {
      "type": "PACKAGE",
      "url": "https://github.com/sulu/sulu"
    },
    {
      "type": "WEB",
      "url": "https://github.com/sulu/sulu/blob/2.6/src/Sulu/Bundle/MediaBundle/Controller/MediaStreamController.php#L106"
    }
  ],
  "database_specific": {
    "cwe_ids": [
      "CWE-79"
    ],
    "severity": "MODERATE",
    "github_reviewed": true,
    "github_reviewed_at": "2024-10-03T18:26:26Z",
    "nvd_published_at": "2024-10-03T15:15:14Z"
  }
}