{
  "schema_version": "1.4.0",
  "id": "GHSA-j29g-g982-pwpv",
  "modified": "2021-03-12T20:09:58Z",
  "published": "2021-03-12T21:34:11Z",
  "aliases": [
    "CVE-2020-17551"
  ],
  "summary": "Cross-site scripting (XSS)",
  "details": "ImpressCMS 1.4.0 is affected by XSS in modules/system/admin.php which may result in arbitrary remote code execution.",
  "severity": [
    {
      "type": "CVSS_V3",
      "score": "CVSS:3.1/AV:N/AC:L/PR:H/UI:R/S:C/C:L/I:L/A:N"
    }
  ],
  "affected": [
    {
      "package": {
        "ecosystem": "Packagist",
        "name": "impresscms/impresscms"
      },
      "ranges": [
        {
          "type": "ECOSYSTEM",
          "events": [
            {
              "introduced": "0"
            },
            {
              "fixed": "1.4.1"
            }
          ]
        }
      ],
      "database_specific": {
        "last_known_affected_version_range": "<= 1.4.0"
      }
    }
  ],
  "references": [
    {
      "type": "ADVISORY",
      "url": "https://nvd.nist.gov/vuln/detail/CVE-2020-17551"
    },
    {
      "type": "WEB",
      "url": "https://github.com/ImpressCMS/impresscms/issues/659"
    },
    {
      "type": "WEB",
      "url": "https://www.impresscms.org"
    }
  ],
  "database_specific": {
    "cwe_ids": [
      "CWE-79"
    ],
    "severity": "MODERATE",
    "github_reviewed": true,
    "github_reviewed_at": "2021-03-12T20:09:58Z",
    "nvd_published_at": "2020-10-07T17:15:00Z"
  }
}