{
  "schema_version": "1.4.0",
  "id": "GHSA-22q7-cg4r-p9mx",
  "modified": "2024-05-30T15:46:01Z",
  "published": "2024-05-30T15:46:01Z",
  "aliases": [],
  "summary": "TYPO3 Cross-Site Scripting in Fluid ViewHelpers",
  "details": "Failing to properly encode user input, templates using built-in Fluid ViewHelpers are vulnerable to cross-site scripting.\n\n",
  "severity": [
    {
      "type": "CVSS_V3",
      "score": "CVSS:3.1/AV:N/AC:L/PR:N/UI:R/S:C/C:L/I:L/A:N"
    }
  ],
  "affected": [
    {
      "package": {
        "ecosystem": "Packagist",
        "name": "typo3/cms-core"
      },
      "ranges": [
        {
          "type": "ECOSYSTEM",
          "events": [
            {
              "introduced": "8.0.0"
            },
            {
              "fixed": "8.7.23"
            }
          ]
        }
      ]
    },
    {
      "package": {
        "ecosystem": "Packagist",
        "name": "typo3/cms-core"
      },
      "ranges": [
        {
          "type": "ECOSYSTEM",
          "events": [
            {
              "introduced": "9.0.0"
            },
            {
              "fixed": "9.5.4"
            }
          ]
        }
      ]
    }
  ],
  "references": [
    {
      "type": "WEB",
      "url": "https://github.com/FriendsOfPHP/security-advisories/blob/master/typo3/cms-core/2019-01-22-4.yaml"
    },
    {
      "type": "PACKAGE",
      "url": "https://github.com/TYPO3-CMS/core"
    },
    {
      "type": "WEB",
      "url": "https://typo3.org/security/advisory/typo3-core-sa-2019-005"
    }
  ],
  "database_specific": {
    "cwe_ids": [
      "CWE-79"
    ],
    "severity": "MODERATE",
    "github_reviewed": true,
    "github_reviewed_at": "2024-05-30T15:46:01Z",
    "nvd_published_at": null
  }
}