{
  "schema_version": "1.4.0",
  "id": "GHSA-7w89-qqxx-c62r",
  "modified": "2022-11-01T23:36:00Z",
  "published": "2022-05-13T01:30:58Z",
  "aliases": [
    "CVE-2016-4988"
  ],
  "summary": "Cross-site Scripting in Jenkins Build Failure Analyzer plugin",
  "details": "Cross-site scripting (XSS) vulnerability in the Build Failure Analyzer plugin before 1.16.0 in Jenkins allows remote attackers to inject arbitrary web script or HTML via an unspecified parameter.",
  "severity": [
    {
      "type": "CVSS_V3",
      "score": "CVSS:3.1/AV:N/AC:L/PR:N/UI:R/S:C/C:L/I:L/A:N"
    }
  ],
  "affected": [
    {
      "package": {
        "ecosystem": "Maven",
        "name": "com.sonyericsson.jenkins.plugins.bfa:build-failure-analyzer"
      },
      "ranges": [
        {
          "type": "ECOSYSTEM",
          "events": [
            {
              "introduced": "0"
            },
            {
              "fixed": "1.16.0"
            }
          ]
        }
      ]
    }
  ],
  "references": [
    {
      "type": "ADVISORY",
      "url": "https://nvd.nist.gov/vuln/detail/CVE-2016-4988"
    },
    {
      "type": "WEB",
      "url": "https://jenkins.io/security/advisory/2016-06-20"
    },
    {
      "type": "WEB",
      "url": "https://wiki.jenkins-ci.org/display/SECURITY/Jenkins+Security+Advisory+2016-06-20"
    }
  ],
  "database_specific": {
    "cwe_ids": [
      "CWE-79"
    ],
    "severity": "MODERATE",
    "github_reviewed": true,
    "github_reviewed_at": "2022-11-01T23:36:00Z",
    "nvd_published_at": "2017-02-09T15:59:00Z"
  }
}