{
  "schema_version": "1.4.0",
  "id": "GHSA-crqg-jrpj-fc84",
  "modified": "2023-07-14T19:41:32Z",
  "published": "2023-07-07T12:30:22Z",
  "aliases": [
    "CVE-2023-33008"
  ],
  "summary": "Apache Johnzon Deserialization of Untrusted Data vulnerability",
  "details": "A malicious attacker can craft up some JSON input that uses large numbers (numbers such as\u00a01e20000000) that Apache Johnzon will deserialize into BigDecimal and maybe use numbers too large which may result in a slow conversion (Denial of service risk). Apache Johnzon 1.2.21 mitigates this by setting a scale limit of 1000 (by default) to the BigDecimal. \n\n\nThis issue affects Apache Johnzon through 1.2.20.\n\n",
  "severity": [
    {
      "type": "CVSS_V3",
      "score": "CVSS:3.1/AV:N/AC:L/PR:N/UI:N/S:U/C:N/I:N/A:L"
    }
  ],
  "affected": [
    {
      "package": {
        "ecosystem": "Maven",
        "name": "org.apache.johnzon:johnzon-mapper"
      },
      "ranges": [
        {
          "type": "ECOSYSTEM",
          "events": [
            {
              "introduced": "0"
            },
            {
              "fixed": "1.2.21"
            }
          ]
        }
      ]
    }
  ],
  "references": [
    {
      "type": "ADVISORY",
      "url": "https://nvd.nist.gov/vuln/detail/CVE-2023-33008"
    },
    {
      "type": "WEB",
      "url": "https://github.com/apache/johnzon/commit/34ad9a6b296ae7b4667c3cf0037998e451499ea4"
    },
    {
      "type": "PACKAGE",
      "url": "https://github.com/apache/johnzon"
    },
    {
      "type": "WEB",
      "url": "https://issues.apache.org/jira/browse/JOHNZON-397"
    },
    {
      "type": "WEB",
      "url": "https://lists.apache.org/thread/qbg14djo95gfpk7o560lr8wcrzfyw43l"
    }
  ],
  "database_specific": {
    "cwe_ids": [
      "CWE-502"
    ],
    "severity": "MODERATE",
    "github_reviewed": true,
    "github_reviewed_at": "2023-07-07T18:32:03Z",
    "nvd_published_at": "2023-07-07T10:15:09Z"
  }
}