{
  "schema_version": "1.4.0",
  "id": "GHSA-w6xh-c82w-h997",
  "modified": "2025-01-16T23:09:09Z",
  "published": "2025-01-16T21:30:58Z",
  "aliases": [
    "CVE-2025-20621"
  ],
  "summary": "Mattermost webapp crash via a crafted post",
  "details": "Mattermost versions 10.2.x <= 10.2.0, 9.11.x <= 9.11.5, 10.0.x <= 10.0.3, 10.1.x <= 10.1.3 fail to properly handle posts with attachments containing fields that cannot be cast to a String, which allows an attacker to cause the webapp to crash via creating and sending such a post to a channel.",
  "severity": [
    {
      "type": "CVSS_V3",
      "score": "CVSS:3.1/AV:N/AC:L/PR:L/UI:N/S:U/C:N/I:N/A:H"
    }
  ],
  "affected": [
    {
      "package": {
        "ecosystem": "Go",
        "name": "github.com/mattermost/mattermost/server/v8"
      },
      "ranges": [
        {
          "type": "ECOSYSTEM",
          "events": [
            {
              "introduced": "10.2.0"
            },
            {
              "fixed": "10.2.1"
            }
          ]
        }
      ]
    },
    {
      "package": {
        "ecosystem": "Go",
        "name": "github.com/mattermost/mattermost/server/v8"
      },
      "ranges": [
        {
          "type": "ECOSYSTEM",
          "events": [
            {
              "introduced": "10.1.0"
            },
            {
              "fixed": "10.1.4"
            }
          ]
        }
      ],
      "database_specific": {
        "last_known_affected_version_range": "<= 10.1.3"
      }
    },
    {
      "package": {
        "ecosystem": "Go",
        "name": "github.com/mattermost/mattermost/server/v8"
      },
      "ranges": [
        {
          "type": "ECOSYSTEM",
          "events": [
            {
              "introduced": "10.0.0"
            },
            {
              "fixed": "10.0.4"
            }
          ]
        }
      ],
      "database_specific": {
        "last_known_affected_version_range": "<= 10.0.3"
      }
    },
    {
      "package": {
        "ecosystem": "Go",
        "name": "github.com/mattermost/mattermost/server/v8"
      },
      "ranges": [
        {
          "type": "ECOSYSTEM",
          "events": [
            {
              "introduced": "9.11.0"
            },
            {
              "fixed": "9.11.6"
            }
          ]
        }
      ],
      "database_specific": {
        "last_known_affected_version_range": "<= 9.11.5"
      }
    },
    {
      "package": {
        "ecosystem": "Go",
        "name": "github.com/mattermost/mattermost/server/v8"
      },
      "ranges": [
        {
          "type": "ECOSYSTEM",
          "events": [
            {
              "introduced": "0"
            },
            {
              "fixed": "8.0.0-20241127161322-25ff7a3779a5"
            }
          ]
        }
      ]
    }
  ],
  "references": [
    {
      "type": "ADVISORY",
      "url": "https://nvd.nist.gov/vuln/detail/CVE-2025-20621"
    },
    {
      "type": "PACKAGE",
      "url": "https://github.com/mattermost/mattermost"
    },
    {
      "type": "WEB",
      "url": "https://mattermost.com/security-updates"
    }
  ],
  "database_specific": {
    "cwe_ids": [
      "CWE-1287"
    ],
    "severity": "MODERATE",
    "github_reviewed": true,
    "github_reviewed_at": "2025-01-16T23:09:09Z",
    "nvd_published_at": "2025-01-16T19:15:29Z"
  }
}