{
  "schema_version": "1.4.0",
  "id": "GHSA-pqg3-xfx2-fmqp",
  "modified": "2023-05-19T15:02:23Z",
  "published": "2023-03-10T21:30:19Z",
  "aliases": [
    "CVE-2023-27905"
  ],
  "summary": "Cross site scripting vulnerability in update-center2 ",
  "details": "Jenkins update-center2 3.13 and 3.14 renders the required Jenkins core version on plugin download index pages without sanitization, resulting in a stored cross-site scripting (XSS) vulnerability exploitable by attackers able to provide a plugin for hosting.",
  "severity": [
    {
      "type": "CVSS_V3",
      "score": "CVSS:3.1/AV:N/AC:L/PR:N/UI:R/S:C/C:L/I:L/A:N"
    }
  ],
  "affected": [
    {
      "package": {
        "ecosystem": "Maven",
        "name": "org.jenkins-ci:update-center2"
      },
      "ranges": [
        {
          "type": "ECOSYSTEM",
          "events": [
            {
              "introduced": "3.13"
            },
            {
              "fixed": "3.15"
            }
          ]
        }
      ]
    }
  ],
  "references": [
    {
      "type": "ADVISORY",
      "url": "https://nvd.nist.gov/vuln/detail/CVE-2023-27905"
    },
    {
      "type": "WEB",
      "url": "https://www.jenkins.io/security/advisory/2023-03-08/#SECURITY-3063"
    }
  ],
  "database_specific": {
    "cwe_ids": [
      "CWE-79"
    ],
    "severity": "MODERATE",
    "github_reviewed": true,
    "github_reviewed_at": "2023-03-16T16:00:42Z",
    "nvd_published_at": "2023-03-10T21:15:00Z"
  }
}