{
  "schema_version": "1.4.0",
  "id": "GHSA-4x28-j85r-668q",
  "modified": "2024-01-12T18:02:51Z",
  "published": "2022-05-17T01:48:24Z",
  "aliases": [
    "CVE-2012-1207"
  ],
  "summary": "ForkCMS Directory Traversal vulnerability",
  "details": "Directory traversal vulnerability in `frontend/core/engine/javascript.php` in Fork CMS 3.2.4 and possibly other versions before 3.2.5 allows remote attackers to read arbitrary files via a `..` (dot dot) in the module parameter to `frontend/js.php`.",
  "severity": [],
  "affected": [
    {
      "package": {
        "ecosystem": "Packagist",
        "name": "forkcms/forkcms"
      },
      "ranges": [
        {
          "type": "ECOSYSTEM",
          "events": [
            {
              "introduced": "0"
            },
            {
              "fixed": "3.2.5"
            }
          ]
        }
      ],
      "database_specific": {
        "last_known_affected_version_range": "<= 3.2.4"
      }
    }
  ],
  "references": [
    {
      "type": "ADVISORY",
      "url": "https://nvd.nist.gov/vuln/detail/CVE-2012-1207"
    },
    {
      "type": "WEB",
      "url": "https://github.com/forkcms/forkcms/commit/a9986b86c53de0582248b39605660fbba0c21a29"
    },
    {
      "type": "WEB",
      "url": "https://exchange.xforce.ibmcloud.com/vulnerabilities/73169"
    },
    {
      "type": "PACKAGE",
      "url": "https://github.com/forkcms/forkcms"
    },
    {
      "type": "WEB",
      "url": "https://web.archive.org/web/20120401204340/http://www.securityfocus.com/bid/51972"
    },
    {
      "type": "WEB",
      "url": "http://packetstormsecurity.org/files/109709/Fork-CMS-3.2.4-Cross-Site-Scripting-Local-File-Inclusion.html"
    },
    {
      "type": "WEB",
      "url": "http://www.fork-cms.com/blog/detail/fork-cms-3-2-5-released"
    }
  ],
  "database_specific": {
    "cwe_ids": [
      "CWE-22"
    ],
    "severity": "MODERATE",
    "github_reviewed": true,
    "github_reviewed_at": "2024-01-12T18:02:51Z",
    "nvd_published_at": "2012-02-24T13:55:00Z"
  }
}