{
  "schema_version": "1.4.0",
  "id": "GHSA-pj7m-g53m-7638",
  "modified": "2024-08-01T21:03:38Z",
  "published": "2018-09-13T15:49:56Z",
  "aliases": [
    "CVE-2018-14041"
  ],
  "summary": "Bootstrap Cross-site Scripting vulnerability",
  "details": "In Bootstrap 4.x before 4.1.2, XSS is possible in the data-target property of scrollspy. This is similar to CVE-2018-14042.",
  "severity": [
    {
      "type": "CVSS_V3",
      "score": "CVSS:3.0/AV:N/AC:L/PR:N/UI:R/S:C/C:L/I:L/A:N"
    }
  ],
  "affected": [
    {
      "package": {
        "ecosystem": "npm",
        "name": "bootstrap"
      },
      "ranges": [
        {
          "type": "ECOSYSTEM",
          "events": [
            {
              "introduced": "4.0.0"
            },
            {
              "fixed": "4.1.2"
            }
          ]
        }
      ]
    },
    {
      "package": {
        "ecosystem": "Packagist",
        "name": "typo3/cms-core"
      },
      "ranges": [
        {
          "type": "ECOSYSTEM",
          "events": [
            {
              "introduced": "8.0.0"
            },
            {
              "fixed": "8.7.23"
            }
          ]
        }
      ]
    },
    {
      "package": {
        "ecosystem": "Packagist",
        "name": "typo3/cms-core"
      },
      "ranges": [
        {
          "type": "ECOSYSTEM",
          "events": [
            {
              "introduced": "9.0.0"
            },
            {
              "fixed": "9.5.4"
            }
          ]
        }
      ]
    },
    {
      "package": {
        "ecosystem": "Packagist",
        "name": "typo3/cms"
      },
      "ranges": [
        {
          "type": "ECOSYSTEM",
          "events": [
            {
              "introduced": "8.0.0"
            },
            {
              "fixed": "8.7.23"
            }
          ]
        }
      ]
    },
    {
      "package": {
        "ecosystem": "Packagist",
        "name": "typo3/cms"
      },
      "ranges": [
        {
          "type": "ECOSYSTEM",
          "events": [
            {
              "introduced": "9.0.0"
            },
            {
              "fixed": "9.5.4"
            }
          ]
        }
      ]
    },
    {
      "package": {
        "ecosystem": "RubyGems",
        "name": "bootstrap"
      },
      "ranges": [
        {
          "type": "ECOSYSTEM",
          "events": [
            {
              "introduced": "4.0.0"
            },
            {
              "fixed": "4.1.2"
            }
          ]
        }
      ]
    },
    {
      "package": {
        "ecosystem": "Packagist",
        "name": "twbs/bootstrap"
      },
      "ranges": [
        {
          "type": "ECOSYSTEM",
          "events": [
            {
              "introduced": "4.0.0"
            },
            {
              "fixed": "4.1.2"
            }
          ]
        }
      ]
    },
    {
      "package": {
        "ecosystem": "NuGet",
        "name": "bootstrap"
      },
      "ranges": [
        {
          "type": "ECOSYSTEM",
          "events": [
            {
              "introduced": "4.0.0"
            },
            {
              "fixed": "4.1.2"
            }
          ]
        }
      ]
    },
    {
      "package": {
        "ecosystem": "NuGet",
        "name": "bootstrap.sass"
      },
      "ranges": [
        {
          "type": "ECOSYSTEM",
          "events": [
            {
              "introduced": "4.0.0"
            },
            {
              "fixed": "4.1.2"
            }
          ]
        }
      ]
    },
    {
      "package": {
        "ecosystem": "Maven",
        "name": "org.webjars:bootstrap"
      },
      "ranges": [
        {
          "type": "ECOSYSTEM",
          "events": [
            {
              "introduced": "4.0.0"
            },
            {
              "fixed": "4.1.2"
            }
          ]
        }
      ]
    }
  ],
  "references": [
    {
      "type": "ADVISORY",
      "url": "https://nvd.nist.gov/vuln/detail/CVE-2018-14041"
    },
    {
      "type": "WEB",
      "url": "https://github.com/twbs/bootstrap/issues/26423"
    },
    {
      "type": "WEB",
      "url": "https://github.com/twbs/bootstrap/issues/26627"
    },
    {
      "type": "WEB",
      "url": "https://github.com/twbs/bootstrap/pull/26630"
    },
    {
      "type": "WEB",
      "url": "https://www.oracle.com/security-alerts/cpuApr2021.html"
    },
    {
      "type": "WEB",
      "url": "https://typo3.org/security/advisory/typo3-core-sa-2019-006"
    },
    {
      "type": "WEB",
      "url": "https://seclists.org/bugtraq/2019/May/18"
    },
    {
      "type": "WEB",
      "url": "https://lists.apache.org/thread.html/r3dc0cac8d856bca02bd6997355d7ff83027dcfc82f8646a29b89b714@%3Cissues.hbase.apache.org%3E"
    },
    {
      "type": "WEB",
      "url": "https://lists.apache.org/thread.html/f9bc3e55f4e28d1dcd1a69aae6d53e609a758e34d2869b4d798e13cc@%3Cissues.drill.apache.org%3E"
    },
    {
      "type": "WEB",
      "url": "https://lists.apache.org/thread.html/b0656d359c7d40ec9f39c8cc61bca66802ef9a2a12ee199f5b0c1442@%3Cdev.drill.apache.org%3E"
    },
    {
      "type": "WEB",
      "url": "https://lists.apache.org/thread.html/52e0e6b5df827ee7f1e68f7cc3babe61af3b2160f5d74a85469b7b0e@%3Cdev.superset.apache.org%3E"
    },
    {
      "type": "WEB",
      "url": "https://lists.apache.org/thread.html/519eb0fd45642dcecd9ff74cb3e71c20a4753f7d82e2f07864b5108f@%3Cdev.drill.apache.org%3E"
    },
    {
      "type": "PACKAGE",
      "url": "https://github.com/twbs/bootstrap"
    },
    {
      "type": "WEB",
      "url": "https://github.com/FriendsOfPHP/security-advisories/blob/master/typo3/cms/CVE-2018-14041.yaml"
    },
    {
      "type": "WEB",
      "url": "https://github.com/FriendsOfPHP/security-advisories/blob/master/typo3/cms-core/CVE-2018-14041.yaml"
    },
    {
      "type": "WEB",
      "url": "https://blog.getbootstrap.com/2018/07/12/bootstrap-4-1-2"
    },
    {
      "type": "WEB",
      "url": "https://access.redhat.com/errata/RHSA-2019:1456"
    },
    {
      "type": "WEB",
      "url": "http://packetstormsecurity.com/files/152787/dotCMS-5.1.1-Vulnerable-Dependencies.html"
    },
    {
      "type": "WEB",
      "url": "http://packetstormsecurity.com/files/156743/OctoberCMS-Insecure-Dependencies.html"
    },
    {
      "type": "WEB",
      "url": "http://seclists.org/fulldisclosure/2019/May/10"
    },
    {
      "type": "WEB",
      "url": "http://seclists.org/fulldisclosure/2019/May/11"
    },
    {
      "type": "WEB",
      "url": "http://seclists.org/fulldisclosure/2019/May/13"
    }
  ],
  "database_specific": {
    "cwe_ids": [
      "CWE-79"
    ],
    "severity": "MODERATE",
    "github_reviewed": true,
    "github_reviewed_at": "2020-06-16T21:49:18Z",
    "nvd_published_at": "2018-07-13T14:29:00Z"
  }
}