{
  "schema_version": "1.4.0",
  "id": "GHSA-4588-7x48-jrgj",
  "modified": "2025-03-04T18:10:35Z",
  "published": "2023-06-15T21:30:25Z",
  "aliases": [
    "CVE-2023-29292"
  ],
  "summary": "Magento Open Source allows Server-Side Request Forgery (SSRF)",
  "details": "Adobe Commerce versions 2.4.6 (and earlier), 2.4.5-p2 (and earlier) and 2.4.4-p3 (and earlier) are affected by a Server-Side Request Forgery (SSRF) vulnerability that could lead to arbitrary file system read. An admin-privilege authenticated attacker can force the application to make arbitrary requests via injection of arbitrary URLs. Exploitation of this issue does not require user interaction.",
  "severity": [
    {
      "type": "CVSS_V3",
      "score": "CVSS:3.1/AV:N/AC:L/PR:H/UI:N/S:U/C:H/I:N/A:N"
    },
    {
      "type": "CVSS_V4",
      "score": "CVSS:4.0/AV:N/AC:L/AT:N/PR:H/UI:N/VC:H/VI:N/VA:N/SC:N/SI:N/SA:N/E:U"
    }
  ],
  "affected": [
    {
      "package": {
        "ecosystem": "Packagist",
        "name": "magento/community-edition"
      },
      "versions": [
        "2.4.6"
      ]
    },
    {
      "package": {
        "ecosystem": "Packagist",
        "name": "magento/community-edition"
      },
      "versions": [
        "2.4.5"
      ]
    },
    {
      "package": {
        "ecosystem": "Packagist",
        "name": "magento/community-edition"
      },
      "versions": [
        "2.4.4"
      ]
    },
    {
      "package": {
        "ecosystem": "Packagist",
        "name": "magento/community-edition"
      },
      "ranges": [
        {
          "type": "ECOSYSTEM",
          "events": [
            {
              "introduced": "2.4.5-p1"
            },
            {
              "fixed": "2.4.5-p3"
            }
          ]
        }
      ]
    },
    {
      "package": {
        "ecosystem": "Packagist",
        "name": "magento/community-edition"
      },
      "ranges": [
        {
          "type": "ECOSYSTEM",
          "events": [
            {
              "introduced": "2.4.4-p1"
            },
            {
              "fixed": "2.4.4-p4"
            }
          ]
        }
      ]
    },
    {
      "package": {
        "ecosystem": "Packagist",
        "name": "magento/project-community-edition"
      },
      "ranges": [
        {
          "type": "ECOSYSTEM",
          "events": [
            {
              "introduced": "0"
            },
            {
              "last_affected": "2.0.2"
            }
          ]
        }
      ]
    }
  ],
  "references": [
    {
      "type": "ADVISORY",
      "url": "https://nvd.nist.gov/vuln/detail/CVE-2023-29292"
    },
    {
      "type": "PACKAGE",
      "url": "https://github.com/magento/magento2"
    },
    {
      "type": "WEB",
      "url": "https://helpx.adobe.com/security/products/magento/apsb23-35.html"
    }
  ],
  "database_specific": {
    "cwe_ids": [
      "CWE-918"
    ],
    "severity": "MODERATE",
    "github_reviewed": true,
    "github_reviewed_at": "2025-03-04T18:10:35Z",
    "nvd_published_at": "2023-06-15T19:15:10Z"
  }
}