{
  "schema_version": "1.4.0",
  "id": "GHSA-jr2m-29wj-w9qc",
  "modified": "2022-03-29T19:04:40Z",
  "published": "2022-03-12T00:00:37Z",
  "aliases": [
    "CVE-2022-25506"
  ],
  "summary": "SQL Injection in FreeTAKServer-UI",
  "details": "FreeTAKServer-UI v1.9.8 was discovered to contain a SQL injection vulnerability via the API endpoint /AuthenticateUser.",
  "severity": [
    {
      "type": "CVSS_V3",
      "score": "CVSS:3.1/AV:N/AC:L/PR:L/UI:N/S:U/C:H/I:N/A:N"
    }
  ],
  "affected": [
    {
      "package": {
        "ecosystem": "PyPI",
        "name": "FreeTAKServer-UI"
      },
      "ranges": [
        {
          "type": "ECOSYSTEM",
          "events": [
            {
              "introduced": "0"
            },
            {
              "last_affected": "1.9.8"
            }
          ]
        }
      ]
    }
  ],
  "references": [
    {
      "type": "ADVISORY",
      "url": "https://nvd.nist.gov/vuln/detail/CVE-2022-25506"
    },
    {
      "type": "WEB",
      "url": "https://github.com/FreeTAKTeam/UI/issues/27"
    },
    {
      "type": "PACKAGE",
      "url": "https://github.com/FreeTAKTeam/UI"
    }
  ],
  "database_specific": {
    "cwe_ids": [
      "CWE-89"
    ],
    "severity": "MODERATE",
    "github_reviewed": true,
    "github_reviewed_at": "2022-03-29T19:04:40Z",
    "nvd_published_at": "2022-03-11T00:15:00Z"
  }
}