{
  "schema_version": "1.4.0",
  "id": "GHSA-2pg6-vw9c-qhjv",
  "modified": "2024-04-26T16:42:41Z",
  "published": "2024-04-26T03:30:29Z",
  "aliases": [
    "CVE-2024-33670"
  ],
  "summary": "Passbolt API allows HTML injection",
  "details": "Passbolt API before 4.6.2 allows HTML injection in a URL parameter, resulting in custom content being displayed when a user visits the crafted URL. Although the injected content is not executed as JavaScript due to Content Security Policy (CSP) restrictions, it may still impact the appearance and user interaction of the page.",
  "severity": [
    {
      "type": "CVSS_V3",
      "score": "CVSS:3.1/AV:N/AC:L/PR:N/UI:R/S:U/C:L/I:N/A:N"
    }
  ],
  "affected": [
    {
      "package": {
        "ecosystem": "Packagist",
        "name": "passbolt/passbolt_api"
      },
      "ranges": [
        {
          "type": "ECOSYSTEM",
          "events": [
            {
              "introduced": "0"
            },
            {
              "fixed": "4.6.2"
            }
          ]
        }
      ]
    }
  ],
  "references": [
    {
      "type": "ADVISORY",
      "url": "https://nvd.nist.gov/vuln/detail/CVE-2024-33670"
    },
    {
      "type": "WEB",
      "url": "https://github.com/passbolt/passbolt_api/commit/5c537849040990086dcd5013b5bb009e1dad3fb6"
    },
    {
      "type": "WEB",
      "url": "https://help.passbolt.com/incidents/reflective-html-injection-vulnerability"
    }
  ],
  "database_specific": {
    "cwe_ids": [
      "CWE-79"
    ],
    "severity": "MODERATE",
    "github_reviewed": true,
    "github_reviewed_at": "2024-04-26T16:42:41Z",
    "nvd_published_at": "2024-04-26T01:15:46Z"
  }
}