{
  "schema_version": "1.4.0",
  "id": "GHSA-jrqj-6vq2-7r63",
  "modified": "2025-03-17T15:35:37Z",
  "published": "2025-03-16T03:31:32Z",
  "aliases": [
    "CVE-2025-30077"
  ],
  "summary": "onos-lib-go allows an index out-of-range panic",
  "details": "Open Networking Foundation SD-RAN ONOS onos-lib-go 0.10.28 allows an index out-of-range panic in asn1/aper GetBitString via a zero value of numBits.",
  "severity": [
    {
      "type": "CVSS_V3",
      "score": "CVSS:3.1/AV:L/AC:L/PR:N/UI:N/S:U/C:N/I:N/A:H"
    }
  ],
  "affected": [
    {
      "package": {
        "ecosystem": "Go",
        "name": "github.com/onosproject/onos-lib-go"
      },
      "ranges": [
        {
          "type": "ECOSYSTEM",
          "events": [
            {
              "introduced": "0"
            },
            {
              "last_affected": "0.10.28"
            }
          ]
        }
      ]
    }
  ],
  "references": [
    {
      "type": "ADVISORY",
      "url": "https://nvd.nist.gov/vuln/detail/CVE-2025-30077"
    },
    {
      "type": "WEB",
      "url": "https://github.com/onosproject/onos-lib-go/issues/295"
    },
    {
      "type": "WEB",
      "url": "https://github.com/onosproject/onos-lib-go/commit/55579ffad35f59a5945c7861d944cd57a3b4b3d0"
    },
    {
      "type": "PACKAGE",
      "url": "https://github.com/onosproject/onos-lib-go"
    }
  ],
  "database_specific": {
    "cwe_ids": [
      "CWE-129"
    ],
    "severity": "MODERATE",
    "github_reviewed": true,
    "github_reviewed_at": "2025-03-17T15:35:37Z",
    "nvd_published_at": "2025-03-16T03:15:39Z"
  }
}