{
  "schema_version": "1.4.0",
  "id": "GHSA-q42q-523g-3fwv",
  "modified": "2021-04-13T16:52:23Z",
  "published": "2022-02-09T23:06:40Z",
  "aliases": [
    "CVE-2020-7780"
  ],
  "summary": "Cross-Site Request Forgery",
  "details": "This affects the package com.softwaremill.akka-http-session:core_2.13 before 0.5.11; the package com.softwaremill.akka-http-session:core_2.12 before 0.5.11; the package com.softwaremill.akka-http-session:core_2.11 before 0.5.11. For older versions, endpoints protected by randomTokenCsrfProtection could be bypassed with an empty X-XSRF-TOKEN header and an empty XSRF-TOKEN cookie.",
  "severity": [
    {
      "type": "CVSS_V3",
      "score": "CVSS:3.1/AV:N/AC:L/PR:N/UI:R/S:U/C:H/I:H/A:H"
    }
  ],
  "affected": [
    {
      "package": {
        "ecosystem": "Maven",
        "name": "com.softwaremill.akka-http-session:core_2.13"
      },
      "ranges": [
        {
          "type": "ECOSYSTEM",
          "events": [
            {
              "introduced": "0"
            },
            {
              "fixed": "0.5.11"
            }
          ]
        }
      ]
    },
    {
      "package": {
        "ecosystem": "Maven",
        "name": "com.softwaremill.akka-http-session:core_2.12"
      },
      "ranges": [
        {
          "type": "ECOSYSTEM",
          "events": [
            {
              "introduced": "0"
            },
            {
              "fixed": "0.5.11"
            }
          ]
        }
      ]
    },
    {
      "package": {
        "ecosystem": "Maven",
        "name": "com.softwaremill.akka-http-session:core_2.11"
      },
      "ranges": [
        {
          "type": "ECOSYSTEM",
          "events": [
            {
              "introduced": "0"
            },
            {
              "fixed": "0.5.11"
            }
          ]
        }
      ]
    }
  ],
  "references": [
    {
      "type": "ADVISORY",
      "url": "https://nvd.nist.gov/vuln/detail/CVE-2020-7780"
    },
    {
      "type": "WEB",
      "url": "https://github.com/softwaremill/akka-http-session/issues/74"
    },
    {
      "type": "WEB",
      "url": "https://github.com/softwaremill/akka-http-session/issues/77"
    },
    {
      "type": "WEB",
      "url": "https://github.com/softwaremill/akka-http-session/commit/57f11663eecb84be03383d164f655b9c5f953b41"
    },
    {
      "type": "WEB",
      "url": "https://snyk.io/vuln/SNYK-JAVA-COMSOFTWAREMILLAKKAHTTPSESSION-1045352"
    },
    {
      "type": "WEB",
      "url": "https://snyk.io/vuln/SNYK-JAVA-COMSOFTWAREMILLAKKAHTTPSESSION-1046654"
    },
    {
      "type": "WEB",
      "url": "https://snyk.io/vuln/SNYK-JAVA-COMSOFTWAREMILLAKKAHTTPSESSION-1046655"
    }
  ],
  "database_specific": {
    "cwe_ids": [
      "CWE-352"
    ],
    "severity": "MODERATE",
    "github_reviewed": true,
    "github_reviewed_at": "2021-04-13T16:52:23Z",
    "nvd_published_at": "2020-11-27T17:15:00Z"
  }
}