{
  "schema_version": "1.4.0",
  "id": "GHSA-rqhg-cxfr-8xqw",
  "modified": "2023-02-08T18:05:41Z",
  "published": "2022-05-05T02:48:48Z",
  "aliases": [
    "CVE-2013-0327"
  ],
  "summary": "Jenkins Cross-Site Request Forgery vulnerability",
  "details": "Cross-site request forgery (CSRF) vulnerability in Jenkins master in Jenkins before 1.502 and LTS before 1.480.3 allows remote attackers to hijack the authentication of users via unknown vectors.",
  "severity": [],
  "affected": [
    {
      "package": {
        "ecosystem": "Maven",
        "name": "org.jenkins-ci.main:jenkins-core"
      },
      "ranges": [
        {
          "type": "ECOSYSTEM",
          "events": [
            {
              "introduced": "1.481"
            },
            {
              "fixed": "1.502"
            }
          ]
        }
      ]
    },
    {
      "package": {
        "ecosystem": "Maven",
        "name": "org.jenkins-ci.main:jenkins-core"
      },
      "ranges": [
        {
          "type": "ECOSYSTEM",
          "events": [
            {
              "introduced": "0"
            },
            {
              "fixed": "1.480.3"
            }
          ]
        }
      ]
    }
  ],
  "references": [
    {
      "type": "ADVISORY",
      "url": "https://nvd.nist.gov/vuln/detail/CVE-2013-0327"
    },
    {
      "type": "WEB",
      "url": "https://access.redhat.com/errata/RHSA-2013:0638"
    },
    {
      "type": "WEB",
      "url": "https://access.redhat.com/security/cve/CVE-2013-0327"
    },
    {
      "type": "WEB",
      "url": "https://bugzilla.redhat.com/show_bug.cgi?id=914875"
    },
    {
      "type": "WEB",
      "url": "https://wiki.jenkins-ci.org/display/SECURITY/Jenkins+Security+Advisory+2013-02-16"
    },
    {
      "type": "WEB",
      "url": "http://rhn.redhat.com/errata/RHSA-2013-0638.html"
    },
    {
      "type": "WEB",
      "url": "http://www.cloudbees.com/jenkins-advisory/jenkins-security-advisory-2013-02-16.cb"
    },
    {
      "type": "WEB",
      "url": "http://www.openwall.com/lists/oss-security/2013/02/21/7"
    }
  ],
  "database_specific": {
    "cwe_ids": [
      "CWE-352"
    ],
    "severity": "MODERATE",
    "github_reviewed": true,
    "github_reviewed_at": "2023-02-08T18:05:41Z",
    "nvd_published_at": "2013-03-19T14:55:00Z"
  }
}