{
  "schema_version": "1.4.0",
  "id": "GHSA-9328-7pcw-vw69",
  "modified": "2022-01-04T16:32:38Z",
  "published": "2022-01-06T18:34:53Z",
  "aliases": [
    "CVE-2020-1692"
  ],
  "summary": "Cross-Site Request Forgery in Moodle",
  "details": "Moodle before version 3.7.2 is vulnerable to information exposure of service tokens for users enrolled in the same course.",
  "severity": [
    {
      "type": "CVSS_V3",
      "score": "CVSS:3.1/AV:N/AC:L/PR:L/UI:N/S:U/C:H/I:N/A:N"
    }
  ],
  "affected": [
    {
      "package": {
        "ecosystem": "Packagist",
        "name": "moodle/moodle"
      },
      "ranges": [
        {
          "type": "ECOSYSTEM",
          "events": [
            {
              "introduced": "0"
            },
            {
              "fixed": "3.7.2"
            }
          ]
        }
      ]
    }
  ],
  "references": [
    {
      "type": "ADVISORY",
      "url": "https://nvd.nist.gov/vuln/detail/CVE-2020-1692"
    },
    {
      "type": "WEB",
      "url": "https://bugzilla.redhat.com/show_bug.cgi?id=CVE-2020-1692"
    },
    {
      "type": "PACKAGE",
      "url": "https://github.com/moodle/moodle"
    }
  ],
  "database_specific": {
    "cwe_ids": [
      "CWE-352"
    ],
    "severity": "MODERATE",
    "github_reviewed": true,
    "github_reviewed_at": "2022-01-04T16:32:38Z",
    "nvd_published_at": "2020-02-17T16:15:00Z"
  }
}