{
  "schema_version": "1.4.0",
  "id": "GHSA-rqf2-4ggc-c74w",
  "modified": "2023-10-26T12:46:13Z",
  "published": "2022-05-13T01:17:45Z",
  "aliases": [
    "CVE-2019-1003056"
  ],
  "summary": "Jenkins WebSphere Deployer Plugin stores credentials in plain text",
  "details": "Jenkins WebSphere Deployer Plugin stores credentials unencrypted in job `config.xml` files on the Jenkins controller. These credentials can be viewed by users with Extended Read permission, or access to the Jenkins controller file system.",
  "severity": [
    {
      "type": "CVSS_V3",
      "score": "CVSS:3.0/AV:N/AC:L/PR:L/UI:N/S:U/C:L/I:N/A:N"
    }
  ],
  "affected": [
    {
      "package": {
        "ecosystem": "Maven",
        "name": "org.jenkins-ci.plugins:websphere-deployer"
      },
      "ranges": [
        {
          "type": "ECOSYSTEM",
          "events": [
            {
              "introduced": "0"
            },
            {
              "last_affected": "1.6.1"
            }
          ]
        }
      ]
    }
  ],
  "references": [
    {
      "type": "ADVISORY",
      "url": "https://nvd.nist.gov/vuln/detail/CVE-2019-1003056"
    },
    {
      "type": "WEB",
      "url": "https://jenkins.io/security/advisory/2019-04-03/#SECURITY-956"
    },
    {
      "type": "WEB",
      "url": "http://www.openwall.com/lists/oss-security/2019/04/12/2"
    }
  ],
  "database_specific": {
    "cwe_ids": [
      "CWE-311"
    ],
    "severity": "MODERATE",
    "github_reviewed": true,
    "github_reviewed_at": "2023-10-26T12:46:13Z",
    "nvd_published_at": "2019-04-04T16:29:00Z"
  }
}