{
  "schema_version": "1.4.0",
  "id": "GHSA-mccq-3m7h-fjxg",
  "modified": "2024-10-21T21:27:02Z",
  "published": "2022-05-17T01:37:42Z",
  "aliases": [
    "CVE-2012-6130"
  ],
  "summary": "Roundup Cross-site Scripting (XSS) vulnerability",
  "details": "Cross-site scripting (XSS) vulnerability in the history display in Roundup before 1.4.20 allows remote attackers to inject arbitrary web script or HTML via a username, related to generating a link.",
  "severity": [],
  "affected": [
    {
      "package": {
        "ecosystem": "PyPI",
        "name": "roundup"
      },
      "ranges": [
        {
          "type": "ECOSYSTEM",
          "events": [
            {
              "introduced": "0"
            },
            {
              "fixed": "1.4.20"
            }
          ]
        }
      ]
    }
  ],
  "references": [
    {
      "type": "ADVISORY",
      "url": "https://nvd.nist.gov/vuln/detail/CVE-2012-6130"
    },
    {
      "type": "WEB",
      "url": "https://bugzilla.redhat.com/show_bug.cgi?id=722672"
    },
    {
      "type": "WEB",
      "url": "https://exchange.xforce.ibmcloud.com/vulnerabilities/84189"
    },
    {
      "type": "WEB",
      "url": "https://github.com/pypa/advisory-database/tree/main/vulns/roundup/PYSEC-2014-15.yaml"
    },
    {
      "type": "PACKAGE",
      "url": "https://github.com/roundup-tracker/roundup"
    },
    {
      "type": "WEB",
      "url": "https://pypi.python.org/pypi/roundup/1.4.20"
    },
    {
      "type": "WEB",
      "url": "http://issues.roundup-tracker.org/issue2550684"
    },
    {
      "type": "WEB",
      "url": "http://www.openwall.com/lists/oss-security/2012/11/10/2"
    },
    {
      "type": "WEB",
      "url": "http://www.openwall.com/lists/oss-security/2013/02/13/8"
    }
  ],
  "database_specific": {
    "cwe_ids": [
      "CWE-79"
    ],
    "severity": "MODERATE",
    "github_reviewed": true,
    "github_reviewed_at": "2024-04-30T12:28:21Z",
    "nvd_published_at": "2014-04-11T15:55:00Z"
  }
}