{
  "schema_version": "1.4.0",
  "id": "GHSA-wxj2-qc9p-65r3",
  "modified": "2024-01-30T22:27:01Z",
  "published": "2022-05-13T01:31:34Z",
  "aliases": [
    "CVE-2019-1003026"
  ],
  "summary": "Jenkins Mattermost Notification Plugin vulnerable to SSRF",
  "details": "A server-side request forgery vulnerability exists in Jenkins Mattermost Notification Plugin 2.6.2 and earlier in MattermostNotifier.java that allows attackers with Overall/Read permission to have Jenkins connect to an attacker-specified Mattermost server and room and send a message.",
  "severity": [
    {
      "type": "CVSS_V3",
      "score": "CVSS:3.0/AV:N/AC:L/PR:L/UI:N/S:U/C:N/I:L/A:N"
    }
  ],
  "affected": [
    {
      "package": {
        "ecosystem": "Maven",
        "name": "org.jenkins-ci.plugins:mattermost"
      },
      "ranges": [
        {
          "type": "ECOSYSTEM",
          "events": [
            {
              "introduced": "0"
            },
            {
              "fixed": "2.6.3"
            }
          ]
        }
      ],
      "database_specific": {
        "last_known_affected_version_range": "<= 2.6.2"
      }
    }
  ],
  "references": [
    {
      "type": "ADVISORY",
      "url": "https://nvd.nist.gov/vuln/detail/CVE-2019-1003026"
    },
    {
      "type": "WEB",
      "url": "https://jenkins.io/security/advisory/2019-02-19/#SECURITY-985"
    },
    {
      "type": "WEB",
      "url": "http://www.securityfocus.com/bid/107295"
    }
  ],
  "database_specific": {
    "cwe_ids": [
      "CWE-918"
    ],
    "severity": "MODERATE",
    "github_reviewed": true,
    "github_reviewed_at": "2024-01-30T22:27:01Z",
    "nvd_published_at": "2019-02-20T21:29:00Z"
  }
}