{
  "schema_version": "1.4.0",
  "id": "GHSA-vg6v-jcg3-5mp7",
  "modified": "2024-07-11T17:43:35Z",
  "published": "2024-07-01T15:32:09Z",
  "aliases": [
    "CVE-2024-38987"
  ],
  "summary": "@aofl/cli-lib Prototype Pollution vulnerability",
  "details": "aofl cli-lib v3.14.0 was discovered to contain a prototype pollution via the component defaultsDeep. This vulnerability allows attackers to execute arbitrary code or cause a Denial of Service (DoS) via injecting arbitrary properties.",
  "severity": [
    {
      "type": "CVSS_V3",
      "score": "CVSS:3.1/AV:N/AC:L/PR:L/UI:N/S:U/C:L/I:L/A:L"
    },
    {
      "type": "CVSS_V4",
      "score": "CVSS:4.0/AV:N/AC:L/AT:N/PR:L/UI:N/VC:L/VI:L/VA:L/SC:N/SI:N/SA:N"
    }
  ],
  "affected": [
    {
      "package": {
        "ecosystem": "npm",
        "name": "@aofl/cli-lib"
      },
      "ranges": [
        {
          "type": "ECOSYSTEM",
          "events": [
            {
              "introduced": "0"
            },
            {
              "last_affected": "4.0.0-alpha.45"
            }
          ]
        }
      ]
    }
  ],
  "references": [
    {
      "type": "ADVISORY",
      "url": "https://nvd.nist.gov/vuln/detail/CVE-2024-38987"
    },
    {
      "type": "WEB",
      "url": "https://github.com/AgeOfLearning/aofl/issues/35"
    },
    {
      "type": "WEB",
      "url": "https://gist.github.com/mestrtee/29636943e6989e67f38251580cbcea73"
    },
    {
      "type": "PACKAGE",
      "url": "https://github.com/AgeOfLearning/aofl"
    }
  ],
  "database_specific": {
    "cwe_ids": [
      "CWE-1321"
    ],
    "severity": "MODERATE",
    "github_reviewed": true,
    "github_reviewed_at": "2024-07-11T17:43:35Z",
    "nvd_published_at": "2024-07-01T13:15:04Z"
  }
}