{
  "schema_version": "1.4.0",
  "id": "GHSA-vfgc-c76h-mwh4",
  "modified": "2024-05-15T20:51:25Z",
  "published": "2024-05-15T20:51:25Z",
  "aliases": [],
  "summary": "Drupal core Cross-Site Scripting (XSS) vulnerabilities",
  "details": "The Drupal project uses the CKEditor, library for WYSIWYG editing. CKEditor has released a security update that impacts Drupal.\n\nVulnerabilities are possible if Drupal is configured to allow use of the CKEditor library for WYSIWYG editing. An attacker that can create or edit content (even without access to CKEditor themselves) may be able to exploit one or more Cross-Site Scripting (XSS) vulnerabilities to target users with access to the WYSIWYG CKEditor, including site admins with privileged access.",
  "severity": [
    {
      "type": "CVSS_V3",
      "score": "CVSS:3.1/AV:N/AC:H/PR:N/UI:R/S:U/C:N/I:H/A:N"
    }
  ],
  "affected": [
    {
      "package": {
        "ecosystem": "Packagist",
        "name": "drupal/core"
      },
      "ranges": [
        {
          "type": "ECOSYSTEM",
          "events": [
            {
              "introduced": "8.0.0"
            },
            {
              "fixed": "8.9.18"
            }
          ]
        }
      ]
    },
    {
      "package": {
        "ecosystem": "Packagist",
        "name": "drupal/core"
      },
      "ranges": [
        {
          "type": "ECOSYSTEM",
          "events": [
            {
              "introduced": "9.1.0"
            },
            {
              "fixed": "9.1.12"
            }
          ]
        }
      ]
    },
    {
      "package": {
        "ecosystem": "Packagist",
        "name": "drupal/core"
      },
      "ranges": [
        {
          "type": "ECOSYSTEM",
          "events": [
            {
              "introduced": "9.2.0"
            },
            {
              "fixed": "9.2.4"
            }
          ]
        }
      ]
    }
  ],
  "references": [
    {
      "type": "WEB",
      "url": "https://github.com/FriendsOfPHP/security-advisories/blob/master/drupal/core/2021-05-26.yaml"
    },
    {
      "type": "PACKAGE",
      "url": "https://github.com/drupal/core"
    },
    {
      "type": "WEB",
      "url": "https://www.drupal.org/sa-core-2021-005"
    }
  ],
  "database_specific": {
    "cwe_ids": [
      "CWE-79"
    ],
    "severity": "MODERATE",
    "github_reviewed": true,
    "github_reviewed_at": "2024-05-15T20:51:25Z",
    "nvd_published_at": null
  }
}