{
  "schema_version": "1.4.0",
  "id": "GHSA-85wg-cg5p-m76p",
  "modified": "2023-10-27T14:06:51Z",
  "published": "2022-05-24T17:28:27Z",
  "aliases": [
    "CVE-2020-2277"
  ],
  "summary": "Arbitrary file read vulnerability in Jenkins Storable Configs Plugin",
  "details": "Jenkins Storable Configs Plugin 1.0 and earlier allows users with Job/Read permission to read arbitrary files on the Jenkins controller.",
  "severity": [
    {
      "type": "CVSS_V3",
      "score": "CVSS:3.1/AV:N/AC:L/PR:L/UI:N/S:U/C:H/I:N/A:N"
    }
  ],
  "affected": [
    {
      "package": {
        "ecosystem": "Maven",
        "name": "org.jvnet.hudson.plugins:storable-configs-plugin"
      },
      "ranges": [
        {
          "type": "ECOSYSTEM",
          "events": [
            {
              "introduced": "0"
            },
            {
              "last_affected": "1.0"
            }
          ]
        }
      ]
    }
  ],
  "references": [
    {
      "type": "ADVISORY",
      "url": "https://nvd.nist.gov/vuln/detail/CVE-2020-2277"
    },
    {
      "type": "PACKAGE",
      "url": "https://github.com/jenkinsci/storable-configs-plugin"
    },
    {
      "type": "WEB",
      "url": "https://www.jenkins.io/security/advisory/2020-09-16/#SECURITY-1968%20(1)"
    },
    {
      "type": "WEB",
      "url": "http://www.openwall.com/lists/oss-security/2020/09/16/3"
    }
  ],
  "database_specific": {
    "cwe_ids": [
      "CWE-22"
    ],
    "severity": "MODERATE",
    "github_reviewed": true,
    "github_reviewed_at": "2022-12-28T22:49:46Z",
    "nvd_published_at": "2020-09-16T14:15:00Z"
  }
}