{
  "schema_version": "1.4.0",
  "id": "GHSA-v8v2-fhgv-3vq2",
  "modified": "2022-12-29T00:50:08Z",
  "published": "2022-05-24T17:22:19Z",
  "aliases": [
    "CVE-2020-2213"
  ],
  "summary": "Credentials stored in plain text by Jenkins White Source Plugin",
  "details": "White Source Plugin prior to version 20.8.1 stores credentials in plain text as part of its global configuration file `org.whitesource.jenkins.pipeline.WhiteSourcePipelineStep.xml` and job config.xml files on the Jenkins controller. These credentials could be viewed by users with Extended Read permission (in the case of job config.xml files) or access to the Jenkins controller file system. Version 20.8.1 contains a patch for the issue.",
  "severity": [
    {
      "type": "CVSS_V3",
      "score": "CVSS:3.1/AV:N/AC:L/PR:L/UI:N/S:U/C:L/I:N/A:N"
    }
  ],
  "affected": [
    {
      "package": {
        "ecosystem": "Maven",
        "name": "org.jenkins-ci.plugins:whitesource"
      },
      "ranges": [
        {
          "type": "ECOSYSTEM",
          "events": [
            {
              "introduced": "0"
            },
            {
              "fixed": "20.8.1"
            }
          ]
        }
      ]
    }
  ],
  "references": [
    {
      "type": "ADVISORY",
      "url": "https://nvd.nist.gov/vuln/detail/CVE-2020-2213"
    },
    {
      "type": "WEB",
      "url": "https://github.com/jenkinsci/whitesource-plugin/commit/4a9ee37246848c65cd41c5cf17d84992ffc6d21d"
    },
    {
      "type": "PACKAGE",
      "url": "https://github.com/jenkinsci/whitesource-plugin"
    },
    {
      "type": "WEB",
      "url": "https://jenkins.io/security/advisory/2020-07-02/#SECURITY-1630"
    },
    {
      "type": "WEB",
      "url": "http://www.openwall.com/lists/oss-security/2020/07/02/7"
    }
  ],
  "database_specific": {
    "cwe_ids": [
      "CWE-256",
      "CWE-522"
    ],
    "severity": "MODERATE",
    "github_reviewed": true,
    "github_reviewed_at": "2022-12-29T00:50:08Z",
    "nvd_published_at": "2020-07-02T15:15:00Z"
  }
}