{
  "schema_version": "1.4.0",
  "id": "GHSA-5rr5-fxhc-jv64",
  "modified": "2024-01-24T16:19:45Z",
  "published": "2022-05-13T01:12:51Z",
  "aliases": [
    "CVE-2014-0129"
  ],
  "summary": "Moodle allows attackers to modify the visibility of a badge",
  "details": "badges/mybadges.php in Moodle 2.5.x before 2.5.5 and 2.6.x before 2.6.2 does not properly track the user to whom a badge was issued, which allows remote authenticated users to modify the visibility of an arbitrary badge via unspecified vectors.",
  "severity": [],
  "affected": [
    {
      "package": {
        "ecosystem": "Packagist",
        "name": "moodle/moodle"
      },
      "ranges": [
        {
          "type": "ECOSYSTEM",
          "events": [
            {
              "introduced": "2.5.0"
            },
            {
              "fixed": "2.5.5"
            }
          ]
        }
      ]
    },
    {
      "package": {
        "ecosystem": "Packagist",
        "name": "moodle/moodle"
      },
      "ranges": [
        {
          "type": "ECOSYSTEM",
          "events": [
            {
              "introduced": "2.6.0"
            },
            {
              "fixed": "2.6.2"
            }
          ]
        }
      ]
    }
  ],
  "references": [
    {
      "type": "ADVISORY",
      "url": "https://nvd.nist.gov/vuln/detail/CVE-2014-0129"
    },
    {
      "type": "WEB",
      "url": "https://github.com/moodle/moodle/commit/100ec861820ce763d4f25a9f98649bb1ae17e7a5"
    },
    {
      "type": "WEB",
      "url": "https://github.com/moodle/moodle/commit/28c8ac2c4a8d831f0efd653fa499a5d2384e6e88"
    },
    {
      "type": "WEB",
      "url": "https://github.com/moodle/moodle/commit/c5d7d20f40a71e23d951c7272675a19fef170fbe"
    },
    {
      "type": "PACKAGE",
      "url": "https://github.com/moodle/moodle"
    },
    {
      "type": "WEB",
      "url": "https://moodle.org/mod/forum/discuss.php?d=256424"
    },
    {
      "type": "WEB",
      "url": "http://git.moodle.org/gw?p=moodle.git&a=search&h=HEAD&st=commit&s=MDL-44140"
    },
    {
      "type": "WEB",
      "url": "http://openwall.com/lists/oss-security/2014/03/17/1"
    }
  ],
  "database_specific": {
    "cwe_ids": [],
    "severity": "MODERATE",
    "github_reviewed": true,
    "github_reviewed_at": "2024-01-24T16:19:45Z",
    "nvd_published_at": "2014-03-24T14:20:00Z"
  }
}