{
  "schema_version": "1.4.0",
  "id": "GHSA-prrf-397v-83xh",
  "modified": "2022-07-07T23:23:59Z",
  "published": "2022-05-24T16:50:19Z",
  "aliases": [
    "CVE-2019-1075"
  ],
  "summary": "Open redirect in ASP.NET Core",
  "details": "A spoofing vulnerability exists in ASP.NET Core that could lead to an open redirect, aka 'ASP.NET Core Spoofing Vulnerability'.",
  "severity": [
    {
      "type": "CVSS_V3",
      "score": "CVSS:3.0/AV:N/AC:L/PR:N/UI:R/S:C/C:L/I:L/A:N"
    }
  ],
  "affected": [
    {
      "package": {
        "ecosystem": "NuGet",
        "name": "Microsoft.AspNetCore.App"
      },
      "ranges": [
        {
          "type": "ECOSYSTEM",
          "events": [
            {
              "introduced": "2.2.0"
            },
            {
              "fixed": "2.2.6"
            }
          ]
        }
      ]
    },
    {
      "package": {
        "ecosystem": "NuGet",
        "name": "Microsoft.AspNetCore.App"
      },
      "ranges": [
        {
          "type": "ECOSYSTEM",
          "events": [
            {
              "introduced": "2.1.0"
            },
            {
              "fixed": "2.1.12"
            }
          ]
        }
      ]
    },
    {
      "package": {
        "ecosystem": "NuGet",
        "name": "Microsoft.AspNetCore.All"
      },
      "ranges": [
        {
          "type": "ECOSYSTEM",
          "events": [
            {
              "introduced": "2.2.0"
            },
            {
              "fixed": "2.2.6"
            }
          ]
        }
      ]
    },
    {
      "package": {
        "ecosystem": "NuGet",
        "name": "Microsoft.AspNetCore.All"
      },
      "ranges": [
        {
          "type": "ECOSYSTEM",
          "events": [
            {
              "introduced": "2.1.0"
            },
            {
              "fixed": "2.1.12"
            }
          ]
        }
      ]
    },
    {
      "package": {
        "ecosystem": "NuGet",
        "name": "Microsoft.AspNetCore.Server.IIS"
      },
      "ranges": [
        {
          "type": "ECOSYSTEM",
          "events": [
            {
              "introduced": "2.2.0"
            },
            {
              "fixed": "2.2.6"
            }
          ]
        }
      ]
    },
    {
      "package": {
        "ecosystem": "NuGet",
        "name": "Microsoft.AspNetCore.Server.HttpSys"
      },
      "ranges": [
        {
          "type": "ECOSYSTEM",
          "events": [
            {
              "introduced": "2.2.0"
            },
            {
              "fixed": "2.2.6"
            }
          ]
        }
      ]
    },
    {
      "package": {
        "ecosystem": "NuGet",
        "name": "Microsoft.AspNetCore.Server.HttpSys"
      },
      "ranges": [
        {
          "type": "ECOSYSTEM",
          "events": [
            {
              "introduced": "2.1.0"
            },
            {
              "fixed": "2.1.12"
            }
          ]
        }
      ]
    }
  ],
  "references": [
    {
      "type": "ADVISORY",
      "url": "https://nvd.nist.gov/vuln/detail/CVE-2019-1075"
    },
    {
      "type": "WEB",
      "url": "https://github.com/aspnet/Announcements/issues/373"
    },
    {
      "type": "WEB",
      "url": "https://github.com/github/advisory-database/issues/302"
    },
    {
      "type": "WEB",
      "url": "https://portal.msrc.microsoft.com/en-US/security-guidance/advisory/CVE-2019-1075"
    }
  ],
  "database_specific": {
    "cwe_ids": [
      "CWE-601"
    ],
    "severity": "MODERATE",
    "github_reviewed": true,
    "github_reviewed_at": "2022-07-07T23:23:59Z",
    "nvd_published_at": "2019-07-15T19:15:00Z"
  }
}