{
  "schema_version": "1.4.0",
  "id": "GHSA-36hf-6hp2-9g4c",
  "modified": "2022-04-19T20:07:03Z",
  "published": "2019-11-12T22:58:14Z",
  "aliases": [
    "CVE-2019-13237"
  ],
  "summary": "Local file inclusion allows unauthorized access to internal resources in Alkacon OpenCms",
  "details": "In Alkacon OpenCms 10.5.4 and 10.5.5, there are multiple resources vulnerable to Local File Inclusion that allow an attacker to access server resources: clearhistory.jsp, convertxml.jsp, group_new.jsp, loginmessage.jsp, xmlcontentrepair.jsp, and /system/workplace/admin/history/settings/index.jsp.",
  "severity": [
    {
      "type": "CVSS_V3",
      "score": "CVSS:3.0/AV:N/AC:L/PR:L/UI:N/S:U/C:L/I:N/A:N"
    }
  ],
  "affected": [
    {
      "package": {
        "ecosystem": "Maven",
        "name": "org.opencms:opencms-core"
      },
      "ranges": [
        {
          "type": "ECOSYSTEM",
          "events": [
            {
              "introduced": "0"
            },
            {
              "fixed": "11.0.1"
            }
          ]
        }
      ]
    }
  ],
  "references": [
    {
      "type": "ADVISORY",
      "url": "https://nvd.nist.gov/vuln/detail/CVE-2019-13237"
    },
    {
      "type": "WEB",
      "url": "https://aetsu.github.io/OpenCms"
    },
    {
      "type": "PACKAGE",
      "url": "https://github.com/alkacon/opencms-core"
    },
    {
      "type": "WEB",
      "url": "https://github.com/alkacon/opencms-core/commits/branch_10_5_x"
    },
    {
      "type": "WEB",
      "url": "http://packetstormsecurity.com/files/154281/Alkacon-OpenCMS-10.5.x-Local-File-Inclusion.html"
    }
  ],
  "database_specific": {
    "cwe_ids": [
      "CWE-200",
      "CWE-22"
    ],
    "severity": "MODERATE",
    "github_reviewed": true,
    "github_reviewed_at": "2019-11-12T22:29:08Z",
    "nvd_published_at": "2019-08-27T12:15:00Z"
  }
}