{
  "schema_version": "1.4.0",
  "id": "GHSA-v89q-c273-3p42",
  "modified": "2024-02-05T23:06:29Z",
  "published": "2024-01-30T09:30:34Z",
  "aliases": [
    "CVE-2023-36259"
  ],
  "summary": "Craft CMS Audit Plugin Cross Site Scripting vulnerability",
  "details": "Cross Site Scripting (XSS) vulnerability in Craft CMS Audit Plugin before version 3.0.2 allows attackers to execute arbitrary code during user creation.",
  "severity": [
    {
      "type": "CVSS_V3",
      "score": "CVSS:3.1/AV:N/AC:L/PR:L/UI:R/S:C/C:L/I:L/A:N"
    }
  ],
  "affected": [
    {
      "package": {
        "ecosystem": "Packagist",
        "name": "superbig/craft-audit"
      },
      "ranges": [
        {
          "type": "ECOSYSTEM",
          "events": [
            {
              "introduced": "0"
            },
            {
              "fixed": "3.0.2"
            }
          ]
        }
      ]
    }
  ],
  "references": [
    {
      "type": "ADVISORY",
      "url": "https://nvd.nist.gov/vuln/detail/CVE-2023-36259"
    },
    {
      "type": "WEB",
      "url": "https://github.com/sjelfull/craft-audit/pull/73"
    },
    {
      "type": "WEB",
      "url": "https://github.com/sjelfull/craft-audit/commit/c2888aa48457f24696ac0a2ba4f54f39e5c672ed"
    },
    {
      "type": "PACKAGE",
      "url": "https://github.com/sjelfull/craft-audit"
    },
    {
      "type": "WEB",
      "url": "https://www.linkedin.com/pulse/threat-briefing-craftcms-amrcybersecurity-emi0e/?trackingId=E75GttWvQp6gfvPiJDDUBA%3D%3D"
    }
  ],
  "database_specific": {
    "cwe_ids": [
      "CWE-79"
    ],
    "severity": "MODERATE",
    "github_reviewed": true,
    "github_reviewed_at": "2024-01-30T18:42:40Z",
    "nvd_published_at": "2024-01-30T09:15:47Z"
  }
}