{
  "schema_version": "1.4.0",
  "id": "GHSA-qrqm-574x-q7f2",
  "modified": "2022-09-29T19:06:17Z",
  "published": "2022-09-22T00:00:22Z",
  "aliases": [
    "CVE-2022-38073"
  ],
  "summary": "Awesome Support vulnerable to persistent cross-site scripting",
  "details": "Multiple Authenticated (custom specific plugin role) Persistent Cross-Site Scripting (XSS) vulnerability in Awesome Support plugin <= 6.0.7 at WordPress.",
  "severity": [
    {
      "type": "CVSS_V3",
      "score": "CVSS:3.1/AV:N/AC:L/PR:L/UI:R/S:C/C:L/I:L/A:N"
    }
  ],
  "affected": [
    {
      "package": {
        "ecosystem": "Packagist",
        "name": "awesome-support/awesome-support"
      },
      "ranges": [
        {
          "type": "ECOSYSTEM",
          "events": [
            {
              "introduced": "0"
            },
            {
              "fixed": "6.0.8"
            }
          ]
        }
      ],
      "database_specific": {
        "last_known_affected_version_range": "<= 6.0.7"
      }
    }
  ],
  "references": [
    {
      "type": "ADVISORY",
      "url": "https://nvd.nist.gov/vuln/detail/CVE-2022-38073"
    },
    {
      "type": "WEB",
      "url": "https://github.com/Awesome-Support/Awesome-Support/commit/85f460be88b81fbdd9a990f474a1252297902faf"
    },
    {
      "type": "WEB",
      "url": "https://github.com/Awesome-Support/Awesome-Support/commit/b2e831d7f831a3869cfd83eb79a398a5b5c0ec63"
    },
    {
      "type": "PACKAGE",
      "url": "https://github.com/Awesome-Support/Awesome-Support"
    },
    {
      "type": "WEB",
      "url": "https://patchstack.com/database/vulnerability/awesome-support/wordpress-awesome-support-plugin-6-0-7-multiple-authenticated-stored-cross-site-scripting-xss-vulnerabilities"
    },
    {
      "type": "WEB",
      "url": "https://wordpress.org/plugins/awesome-support/#developers"
    }
  ],
  "database_specific": {
    "cwe_ids": [
      "CWE-79"
    ],
    "severity": "MODERATE",
    "github_reviewed": true,
    "github_reviewed_at": "2022-09-29T19:06:17Z",
    "nvd_published_at": "2022-09-21T20:15:00Z"
  }
}