{
  "schema_version": "1.4.0",
  "id": "GHSA-8v72-qr3h-c6rv",
  "modified": "2023-10-27T13:27:53Z",
  "published": "2022-05-24T17:39:13Z",
  "aliases": [
    "CVE-2021-21614"
  ],
  "summary": "Credentials stored in plain text by Jenkins Bumblebee HP ALM Plugin",
  "details": "Jenkins Bumblebee HP ALM Plugin 4.1.5 and earlier stores credentials unencrypted in its global configuration file `com.agiletestware.bumblebee.BumblebeeGlobalConfig.xml` on the Jenkins controller as part of its configuration.\n\nThese credentials can be viewed by users with access to the Jenkins controller file system.\n\nJenkins Bumblebee HP ALM Plugin 4.1.6 stores credentials encrypted once its configuration is saved again.",
  "severity": [
    {
      "type": "CVSS_V3",
      "score": "CVSS:3.1/AV:L/AC:L/PR:L/UI:N/S:U/C:H/I:N/A:N"
    }
  ],
  "affected": [
    {
      "package": {
        "ecosystem": "Maven",
        "name": "org.jenkins-ci.plugins:bumblebee"
      },
      "ranges": [
        {
          "type": "ECOSYSTEM",
          "events": [
            {
              "introduced": "0"
            },
            {
              "fixed": "4.1.6"
            }
          ]
        }
      ],
      "database_specific": {
        "last_known_affected_version_range": "<= 4.1.5"
      }
    }
  ],
  "references": [
    {
      "type": "ADVISORY",
      "url": "https://nvd.nist.gov/vuln/detail/CVE-2021-21614"
    },
    {
      "type": "WEB",
      "url": "https://github.com/jenkinsci/bumblebee-plugin/commit/7faf4bd6e702726bb7542f370cbdedcbfa340443"
    },
    {
      "type": "PACKAGE",
      "url": "https://github.com/jenkinsci/bumblebee-plugin"
    },
    {
      "type": "WEB",
      "url": "https://www.jenkins.io/security/advisory/2021-01-13/#SECURITY-2156"
    }
  ],
  "database_specific": {
    "cwe_ids": [
      "CWE-522"
    ],
    "severity": "MODERATE",
    "github_reviewed": true,
    "github_reviewed_at": "2022-12-13T18:53:54Z",
    "nvd_published_at": "2021-01-13T16:15:00Z"
  }
}