{
  "schema_version": "1.4.0",
  "id": "GHSA-w53q-r5cw-6vjh",
  "modified": "2022-12-22T13:38:10Z",
  "published": "2022-05-24T17:19:05Z",
  "aliases": [
    "CVE-2020-2198"
  ],
  "summary": "Missing permission check in Jenkins Project Inheritance Plugin",
  "details": "Jenkins Project Inheritance Plugin 21.04.03 and earlier does not redact encrypted secrets in the 'getConfigAsXML' API URL when transmitting job config.xml data to users without Job/Configure.",
  "severity": [
    {
      "type": "CVSS_V3",
      "score": "CVSS:3.1/AV:N/AC:L/PR:L/UI:N/S:U/C:L/I:N/A:N"
    }
  ],
  "affected": [
    {
      "package": {
        "ecosystem": "Maven",
        "name": "hudson.plugins:project-inheritance"
      },
      "ranges": [
        {
          "type": "ECOSYSTEM",
          "events": [
            {
              "introduced": "0"
            },
            {
              "last_affected": "21.04.03"
            }
          ]
        }
      ]
    }
  ],
  "references": [
    {
      "type": "ADVISORY",
      "url": "https://nvd.nist.gov/vuln/detail/CVE-2020-2198"
    },
    {
      "type": "WEB",
      "url": "https://jenkins.io/security/advisory/2020-06-03/#SECURITY-1582"
    },
    {
      "type": "WEB",
      "url": "http://www.openwall.com/lists/oss-security/2020/06/03/3"
    }
  ],
  "database_specific": {
    "cwe_ids": [
      "CWE-522"
    ],
    "severity": "MODERATE",
    "github_reviewed": true,
    "github_reviewed_at": "2022-12-22T13:38:10Z",
    "nvd_published_at": "2020-06-03T13:15:00Z"
  }
}