{
  "schema_version": "1.4.0",
  "id": "GHSA-84wg-rgp8-2hg4",
  "modified": "2022-09-21T19:38:47Z",
  "published": "2022-01-08T00:40:33Z",
  "aliases": [
    "CVE-2021-38542"
  ],
  "summary": "Command Injection in Apache James",
  "details": "Apache James prior to release 3.6.1 is vulnerable to a buffering attack relying on the use of the STARTTLS command. This can result in Man-in -the-middle command injection attacks, leading potentially to leakage of sensible information.",
  "severity": [
    {
      "type": "CVSS_V3",
      "score": "CVSS:3.1/AV:N/AC:H/PR:N/UI:N/S:U/C:H/I:N/A:N"
    }
  ],
  "affected": [
    {
      "package": {
        "ecosystem": "Maven",
        "name": "org.apache.james:james-server"
      },
      "ranges": [
        {
          "type": "ECOSYSTEM",
          "events": [
            {
              "introduced": "0"
            },
            {
              "fixed": "3.6.1"
            }
          ]
        }
      ]
    }
  ],
  "references": [
    {
      "type": "ADVISORY",
      "url": "https://nvd.nist.gov/vuln/detail/CVE-2021-38542"
    },
    {
      "type": "WEB",
      "url": "https://www.openwall.com/lists/oss-security/2022/01/04/1"
    },
    {
      "type": "WEB",
      "url": "http://www.openwall.com/lists/oss-security/2022/01/04/1"
    },
    {
      "type": "WEB",
      "url": "http://www.openwall.com/lists/oss-security/2022/09/20/1"
    }
  ],
  "database_specific": {
    "cwe_ids": [
      "CWE-327",
      "CWE-77"
    ],
    "severity": "MODERATE",
    "github_reviewed": true,
    "github_reviewed_at": "2022-01-07T18:35:11Z",
    "nvd_published_at": "2022-01-04T09:15:00Z"
  }
}