{
  "schema_version": "1.4.0",
  "id": "GHSA-wj6q-chpv-mcrx",
  "modified": "2023-10-19T00:10:11Z",
  "published": "2023-10-16T09:30:19Z",
  "aliases": [
    "CVE-2023-43666"
  ],
  "summary": "Insufficient Verification of Data Authenticity in Apache InLong",
  "details": "Insufficient Verification of Data Authenticity vulnerability in Apache InLong.This issue affects Apache InLong: from 1.4.0 through 1.8.0,\u00a0\n\nGeneral user can view all user data like Admin account.\n\nUsers are advised to upgrade to Apache InLong's 1.9.0 or cherry-pick [1] to solve it.\n\n[1]\u00a0 https://github.com/apache/inlong/pull/8623 \n\n",
  "severity": [
    {
      "type": "CVSS_V3",
      "score": "CVSS:3.1/AV:N/AC:L/PR:L/UI:N/S:U/C:H/I:N/A:N"
    }
  ],
  "affected": [
    {
      "package": {
        "ecosystem": "Maven",
        "name": "org.apache.inlong:inlong"
      },
      "ranges": [
        {
          "type": "ECOSYSTEM",
          "events": [
            {
              "introduced": "1.4.0"
            },
            {
              "fixed": "1.9.0"
            }
          ]
        }
      ]
    }
  ],
  "references": [
    {
      "type": "ADVISORY",
      "url": "https://nvd.nist.gov/vuln/detail/CVE-2023-43666"
    },
    {
      "type": "WEB",
      "url": "https://github.com/apache/inlong/pull/8623"
    },
    {
      "type": "WEB",
      "url": "https://lists.apache.org/thread/scbgh3ty3xcxm3q33r2t9f42gwwo1why"
    }
  ],
  "database_specific": {
    "cwe_ids": [
      "CWE-345"
    ],
    "severity": "MODERATE",
    "github_reviewed": true,
    "github_reviewed_at": "2023-10-17T14:23:07Z",
    "nvd_published_at": "2023-10-16T09:15:10Z"
  }
}