{
  "schema_version": "1.4.0",
  "id": "GHSA-h676-pjr4-hgqx",
  "modified": "2022-02-23T15:52:20Z",
  "published": "2022-02-12T00:00:42Z",
  "aliases": [
    "CVE-2021-44111"
  ],
  "summary": "Path Traversal in S-Cart",
  "details": "A Directory Traversal vulnerability exists in S-Cart 6.7 via download in sc-admin/backup.",
  "severity": [
    {
      "type": "CVSS_V3",
      "score": "CVSS:3.1/AV:L/AC:L/PR:H/UI:N/S:U/C:H/I:N/A:N"
    }
  ],
  "affected": [
    {
      "package": {
        "ecosystem": "Packagist",
        "name": "s-cart/s-cart"
      },
      "ranges": [
        {
          "type": "ECOSYSTEM",
          "events": [
            {
              "introduced": "0"
            },
            {
              "fixed": "6.7.2"
            }
          ]
        }
      ]
    }
  ],
  "references": [
    {
      "type": "ADVISORY",
      "url": "https://nvd.nist.gov/vuln/detail/CVE-2021-44111"
    },
    {
      "type": "WEB",
      "url": "https://github.com/s-cart/s-cart/issues/102"
    },
    {
      "type": "WEB",
      "url": "https://github.com/s-cart/core/commit/328dd312866b86144b43941dee2ad942708f70da"
    },
    {
      "type": "PACKAGE",
      "url": "https://github.com/s-cart/s-cart"
    }
  ],
  "database_specific": {
    "cwe_ids": [
      "CWE-22"
    ],
    "severity": "MODERATE",
    "github_reviewed": true,
    "github_reviewed_at": "2022-02-23T15:52:20Z",
    "nvd_published_at": "2022-02-11T18:15:00Z"
  }
}