{
  "schema_version": "1.4.0",
  "id": "GHSA-4262-wr7p-gpcj",
  "modified": "2022-11-22T18:46:01Z",
  "published": "2022-05-13T01:06:55Z",
  "aliases": [
    "CVE-2019-6804"
  ],
  "summary": "Rundeck Community Edition vulnerable to Cross-site Scripting",
  "details": "An XSS issue was discovered on the Job Edit page in Rundeck Community Edition before 3.0.13, related to assets/javascripts/workflowStepEditorKO.js and views/execution/_wfitemEdit.gsp.",
  "severity": [
    {
      "type": "CVSS_V3",
      "score": "CVSS:3.0/AV:N/AC:L/PR:N/UI:R/S:C/C:L/I:L/A:N"
    }
  ],
  "affected": [
    {
      "package": {
        "ecosystem": "Maven",
        "name": "org.rundeck:rundeck"
      },
      "ranges": [
        {
          "type": "ECOSYSTEM",
          "events": [
            {
              "introduced": "0"
            },
            {
              "fixed": "3.0.13"
            }
          ]
        }
      ]
    }
  ],
  "references": [
    {
      "type": "ADVISORY",
      "url": "https://nvd.nist.gov/vuln/detail/CVE-2019-6804"
    },
    {
      "type": "WEB",
      "url": "https://github.com/rundeck/rundeck/issues/4406"
    },
    {
      "type": "WEB",
      "url": "https://github.com/rundeck/rundeck/commit/e992e94bba22d9fca3a669f0d02c85b80a19f848"
    },
    {
      "type": "WEB",
      "url": "https://docs.rundeck.com/docs/history/version-3.0.13.html"
    },
    {
      "type": "PACKAGE",
      "url": "https://github.com/rundeck/rundeck"
    },
    {
      "type": "WEB",
      "url": "https://www.exploit-db.com/exploits/46251"
    }
  ],
  "database_specific": {
    "cwe_ids": [
      "CWE-79"
    ],
    "severity": "MODERATE",
    "github_reviewed": true,
    "github_reviewed_at": "2022-11-22T18:46:01Z",
    "nvd_published_at": "2019-01-25T05:29:00Z"
  }
}