{
  "schema_version": "1.4.0",
  "id": "GHSA-fm4q-j8g4-c9j4",
  "modified": "2023-10-13T20:09:17Z",
  "published": "2023-09-06T15:30:27Z",
  "aliases": [
    "CVE-2023-39265"
  ],
  "summary": "Apache Superset Improper Input Validation vulnerability",
  "details": "Apache Superset would allow for SQLite database connections to be incorrectly registered when an attacker uses alternative driver names like\u00a0sqlite+pysqlite or by using database imports. This could allow for unexpected file creation on Superset webservers. Additionally, if Apache Superset is using a SQLite database for its metadata (not advised for production use) it could result in more severe vulnerabilities related to confidentiality and integrity.\u00a0This vulnerability exists in Apache Superset versions up to and including 2.1.0.",
  "severity": [
    {
      "type": "CVSS_V3",
      "score": "CVSS:3.1/AV:N/AC:L/PR:N/UI:N/S:U/C:L/I:L/A:N"
    }
  ],
  "affected": [
    {
      "package": {
        "ecosystem": "PyPI",
        "name": "apache-superset"
      },
      "ranges": [
        {
          "type": "ECOSYSTEM",
          "events": [
            {
              "introduced": "0"
            },
            {
              "last_affected": "2.1.0"
            }
          ]
        }
      ]
    }
  ],
  "references": [
    {
      "type": "ADVISORY",
      "url": "https://nvd.nist.gov/vuln/detail/CVE-2023-39265"
    },
    {
      "type": "PACKAGE",
      "url": "https://github.com/apache/superset"
    },
    {
      "type": "WEB",
      "url": "https://lists.apache.org/thread/pwdzsdmv4g5g1n2h9m7ortfnxmhr7nfy"
    },
    {
      "type": "WEB",
      "url": "http://packetstormsecurity.com/files/175094/Apache-Superset-2.0.0-Remote-Code-Execution.html"
    }
  ],
  "database_specific": {
    "cwe_ids": [
      "CWE-20"
    ],
    "severity": "MODERATE",
    "github_reviewed": true,
    "github_reviewed_at": "2023-09-08T12:19:17Z",
    "nvd_published_at": "2023-09-06T14:15:10Z"
  }
}