{
  "schema_version": "1.4.0",
  "id": "GHSA-6h2c-g688-q9qr",
  "modified": "2022-04-07T21:54:34Z",
  "published": "2022-03-30T00:00:24Z",
  "aliases": [
    "CVE-2022-28156"
  ],
  "summary": "Path traversal in Jenkins Phoenix AutoTest Plugin",
  "details": "Jenkins Pipeline: Phoenix AutoTest Plugin 1.3 and earlier allows attackers with Item/Configure permission to copy arbitrary files and directories from the Jenkins controller to the agent workspace.",
  "severity": [
    {
      "type": "CVSS_V3",
      "score": "CVSS:3.1/AV:N/AC:L/PR:L/UI:N/S:U/C:H/I:N/A:N"
    }
  ],
  "affected": [
    {
      "package": {
        "ecosystem": "Maven",
        "name": "com.surenpi.jenkins:phoenix-autotest"
      },
      "ranges": [
        {
          "type": "ECOSYSTEM",
          "events": [
            {
              "introduced": "0"
            },
            {
              "last_affected": "1.3"
            }
          ]
        }
      ]
    }
  ],
  "references": [
    {
      "type": "ADVISORY",
      "url": "https://nvd.nist.gov/vuln/detail/CVE-2022-28156"
    },
    {
      "type": "WEB",
      "url": "https://www.jenkins.io/security/advisory/2022-03-29/#SECURITY-2683"
    },
    {
      "type": "WEB",
      "url": "http://www.openwall.com/lists/oss-security/2022/03/29/1"
    }
  ],
  "database_specific": {
    "cwe_ids": [
      "CWE-22"
    ],
    "severity": "MODERATE",
    "github_reviewed": true,
    "github_reviewed_at": "2022-04-07T21:54:34Z",
    "nvd_published_at": "2022-03-29T13:15:00Z"
  }
}