{
  "schema_version": "1.4.0",
  "id": "GHSA-f552-97qx-c694",
  "modified": "2023-01-02T21:18:58Z",
  "published": "2022-12-23T21:30:18Z",
  "aliases": [
    "CVE-2022-4692"
  ],
  "summary": "usememos/memos vulnerable to stored Cross-site Scripting",
  "details": "Cross-site Scripting (XSS) - Stored in GitHub repository usememos/memos prior to 0.9.0.",
  "severity": [
    {
      "type": "CVSS_V3",
      "score": "CVSS:3.1/AV:N/AC:L/PR:L/UI:R/S:C/C:L/I:L/A:N"
    }
  ],
  "affected": [
    {
      "package": {
        "ecosystem": "Go",
        "name": "github.com/usememos/memos"
      },
      "ranges": [
        {
          "type": "ECOSYSTEM",
          "events": [
            {
              "introduced": "0"
            },
            {
              "fixed": "0.9.0"
            }
          ]
        }
      ]
    }
  ],
  "references": [
    {
      "type": "ADVISORY",
      "url": "https://nvd.nist.gov/vuln/detail/CVE-2022-4692"
    },
    {
      "type": "WEB",
      "url": "https://github.com/usememos/memos/commit/c07b4a57caa89905e54b800f4d8fb720bbf5bf82"
    },
    {
      "type": "PACKAGE",
      "url": "https://github.com/usememos/memos"
    },
    {
      "type": "WEB",
      "url": "https://huntr.dev/bounties/9d1ed6ea-f7a0-4561-9325-a2babef99c74"
    }
  ],
  "database_specific": {
    "cwe_ids": [
      "CWE-79"
    ],
    "severity": "MODERATE",
    "github_reviewed": true,
    "github_reviewed_at": "2022-12-30T16:58:02Z",
    "nvd_published_at": "2022-12-23T20:15:00Z"
  }
}