{
  "schema_version": "1.4.0",
  "id": "GHSA-2qxp-xmx6-cq4f",
  "modified": "2023-02-15T22:00:35Z",
  "published": "2023-02-08T00:30:34Z",
  "aliases": [
    "CVE-2023-0735"
  ],
  "summary": "Cross-Site Request Forgery (CSRF) in wallabag/wallabag",
  "details": "Cross-Site Request Forgery (CSRF) in GitHub repository wallabag/wallabag prior to 2.5.4.",
  "severity": [
    {
      "type": "CVSS_V3",
      "score": "CVSS:3.1/AV:N/AC:L/PR:N/UI:R/S:U/C:N/I:H/A:N"
    }
  ],
  "affected": [
    {
      "package": {
        "ecosystem": "Packagist",
        "name": "wallabag/wallabag"
      },
      "ranges": [
        {
          "type": "ECOSYSTEM",
          "events": [
            {
              "introduced": "0"
            },
            {
              "fixed": "2.5.4"
            }
          ]
        }
      ]
    }
  ],
  "references": [
    {
      "type": "ADVISORY",
      "url": "https://nvd.nist.gov/vuln/detail/CVE-2023-0735"
    },
    {
      "type": "WEB",
      "url": "https://github.com/wallabag/wallabag/commit/268372dbbdd7ef87b84617fdebf95d0a86caf7dc"
    },
    {
      "type": "PACKAGE",
      "url": "https://github.com/wallabag/wallabag"
    },
    {
      "type": "WEB",
      "url": "https://huntr.dev/bounties/8bc78cb1-b10b-4152-842e-ceb999fc5508"
    }
  ],
  "database_specific": {
    "cwe_ids": [
      "CWE-352"
    ],
    "severity": "MODERATE",
    "github_reviewed": true,
    "github_reviewed_at": "2023-02-08T18:13:53Z",
    "nvd_published_at": "2023-02-07T23:15:00Z"
  }
}