{
  "schema_version": "1.4.0",
  "id": "GHSA-859h-4w58-78xw",
  "modified": "2024-01-23T14:38:04Z",
  "published": "2024-01-12T18:30:20Z",
  "aliases": [
    "CVE-2024-22492"
  ],
  "summary": "Cross-site Scripting in JFinal",
  "details": "A stored XSS vulnerability exists in JFinalcms 5.0.0 via the /gusetbook/save contact parameter, which allows remote attackers to inject arbitrary web script or HTML.",
  "severity": [
    {
      "type": "CVSS_V3",
      "score": "CVSS:3.1/AV:N/AC:L/PR:L/UI:R/S:C/C:L/I:L/A:N"
    }
  ],
  "affected": [
    {
      "package": {
        "ecosystem": "Maven",
        "name": "com.jfinal:jfinal"
      },
      "ranges": [
        {
          "type": "ECOSYSTEM",
          "events": [
            {
              "introduced": "0"
            },
            {
              "last_affected": "5.0.0"
            }
          ]
        }
      ]
    }
  ],
  "references": [
    {
      "type": "ADVISORY",
      "url": "https://nvd.nist.gov/vuln/detail/CVE-2024-22492"
    },
    {
      "type": "WEB",
      "url": "https://github.com/cui2shark/security/blob/main/%28JFinalcms%20contact%20para%29A%20stored%20cross-site%20scripting%20%28XSS%29%20vulnerability%20was%20discovered%20in%20Jfinalcms%20contact%20para.md"
    }
  ],
  "database_specific": {
    "cwe_ids": [
      "CWE-79"
    ],
    "severity": "MODERATE",
    "github_reviewed": true,
    "github_reviewed_at": "2024-01-23T14:38:04Z",
    "nvd_published_at": "2024-01-12T16:15:52Z"
  }
}