{
  "schema_version": "1.4.0",
  "id": "GHSA-pgxv-h967-fw2q",
  "modified": "2022-06-28T23:29:01Z",
  "published": "2022-05-13T01:01:01Z",
  "aliases": [
    "CVE-2018-1999005"
  ],
  "summary": "Improper Neutralization of Input During Web Page Generation in Jenkins",
  "details": "A cross-site scripting vulnerability exists in Jenkins 2.132 and earlier, 2.121.1 and earlier in BuildTimelineWidget.java, BuildTimelineWidget/control.jelly that allows attackers with Job/Configure permission to define JavaScript that would be executed in another user's browser when that other user performs some UI actions.",
  "severity": [
    {
      "type": "CVSS_V3",
      "score": "CVSS:3.0/AV:N/AC:L/PR:L/UI:R/S:C/C:L/I:L/A:N"
    }
  ],
  "affected": [
    {
      "package": {
        "ecosystem": "Maven",
        "name": "org.jenkins-ci.main:jenkins-core"
      },
      "ranges": [
        {
          "type": "ECOSYSTEM",
          "events": [
            {
              "introduced": "0"
            },
            {
              "fixed": "2.121.2"
            }
          ]
        }
      ]
    },
    {
      "package": {
        "ecosystem": "Maven",
        "name": "org.jenkins-ci.main:jenkins-core"
      },
      "ranges": [
        {
          "type": "ECOSYSTEM",
          "events": [
            {
              "introduced": "2.122"
            },
            {
              "fixed": "2.132"
            }
          ]
        }
      ]
    }
  ],
  "references": [
    {
      "type": "ADVISORY",
      "url": "https://nvd.nist.gov/vuln/detail/CVE-2018-1999005"
    },
    {
      "type": "WEB",
      "url": "https://github.com/jenkinsci/jenkins/commit/8697bdff0342421e22230028d84aaa265719e86c"
    },
    {
      "type": "PACKAGE",
      "url": "https://github.com/jenkinsci/jenkins"
    },
    {
      "type": "WEB",
      "url": "https://jenkins.io/security/advisory/2018-07-18/#SECURITY-944"
    },
    {
      "type": "WEB",
      "url": "https://www.oracle.com/security-alerts/cpuapr2022.html"
    }
  ],
  "database_specific": {
    "cwe_ids": [
      "CWE-79"
    ],
    "severity": "MODERATE",
    "github_reviewed": true,
    "github_reviewed_at": "2022-06-28T23:29:01Z",
    "nvd_published_at": "2018-07-23T19:29:00Z"
  }
}