{
  "schema_version": "1.4.0",
  "id": "GHSA-4j8w-p6hv-3qxc",
  "modified": "2024-08-19T20:52:32Z",
  "published": "2023-12-21T18:30:23Z",
  "aliases": [
    "CVE-2023-7038"
  ],
  "summary": "Cross-Site Request Forgery (CSRF) in automad/automad",
  "details": "automad up to 1.10.9 does not implement anti-CSRF tokens by default, making it vulnerable Cross-Site Request Forgery (CSRF). An attacker may exploit this vulnerability to force an admin into creating or deleting users. An exploit has been disclosed publicly.",
  "severity": [
    {
      "type": "CVSS_V3",
      "score": "CVSS:3.1/AV:N/AC:L/PR:N/UI:R/S:U/C:N/I:L/A:N"
    }
  ],
  "affected": [
    {
      "package": {
        "ecosystem": "Packagist",
        "name": "automad/automad"
      },
      "ranges": [
        {
          "type": "ECOSYSTEM",
          "events": [
            {
              "introduced": "0"
            },
            {
              "fixed": "2.0.0-alpha.1"
            }
          ]
        }
      ]
    }
  ],
  "references": [
    {
      "type": "ADVISORY",
      "url": "https://nvd.nist.gov/vuln/detail/CVE-2023-7038"
    },
    {
      "type": "PACKAGE",
      "url": "https://github.com/marcantondahmen/automad"
    },
    {
      "type": "WEB",
      "url": "https://github.com/screetsec/VDD/tree/main/Automad%20CMS/Cross-Site%20Request%20Forgery%20(CSRF)"
    },
    {
      "type": "WEB",
      "url": "https://vuldb.com/?ctiid.248687"
    },
    {
      "type": "WEB",
      "url": "https://vuldb.com/?id.248687"
    }
  ],
  "database_specific": {
    "cwe_ids": [
      "CWE-352"
    ],
    "severity": "MODERATE",
    "github_reviewed": true,
    "github_reviewed_at": "2023-12-29T19:35:01Z",
    "nvd_published_at": "2023-12-21T18:15:08Z"
  }
}