{
  "schema_version": "1.4.0",
  "id": "GHSA-qpxw-6473-ppww",
  "modified": "2021-05-25T20:45:01Z",
  "published": "2021-06-22T15:23:04Z",
  "aliases": [
    "CVE-2020-12467"
  ],
  "summary": "Session Fixation in Subrion CMS",
  "details": "Subrion CMS 4.2.1 allows session fixation via an alphanumeric value in a session cookie.",
  "severity": [
    {
      "type": "CVSS_V3",
      "score": "CVSS:3.1/AV:N/AC:L/PR:N/UI:N/S:U/C:L/I:L/A:N"
    }
  ],
  "affected": [
    {
      "package": {
        "ecosystem": "Packagist",
        "name": "intelliants/subrion"
      },
      "ranges": [
        {
          "type": "ECOSYSTEM",
          "events": [
            {
              "introduced": "0"
            },
            {
              "last_affected": "4.2.1"
            }
          ]
        }
      ]
    }
  ],
  "references": [
    {
      "type": "ADVISORY",
      "url": "https://nvd.nist.gov/vuln/detail/CVE-2020-12467"
    },
    {
      "type": "WEB",
      "url": "https://github.com/belong2yourself/vulnerabilities/tree/master/Subrion%20CMS/Session%20Fixation"
    }
  ],
  "database_specific": {
    "cwe_ids": [
      "CWE-384"
    ],
    "severity": "MODERATE",
    "github_reviewed": true,
    "github_reviewed_at": "2021-05-25T20:45:01Z",
    "nvd_published_at": "2020-04-29T21:15:00Z"
  }
}