{
  "schema_version": "1.4.0",
  "id": "GHSA-v4g2-cm5v-cxv7",
  "modified": "2024-06-11T20:58:10Z",
  "published": "2024-06-05T13:30:55Z",
  "aliases": [
    "CVE-2024-37296"
  ],
  "summary": "Digital products download without proper payment status check",
  "details": "### Impact\nDigital downloads sold in online shops can be downloaded without valid payment, e.g. if the payment didn't succeed.\n\n### Patches\nNew versions for the Aimeos HTML client 2020-2024 are available\n",
  "severity": [
    {
      "type": "CVSS_V3",
      "score": "CVSS:3.0/AV:N/AC:L/PR:N/UI:N/S:U/C:L/I:N/A:N"
    }
  ],
  "affected": [
    {
      "package": {
        "ecosystem": "Packagist",
        "name": "aimeos/ai-client-html"
      },
      "ranges": [
        {
          "type": "ECOSYSTEM",
          "events": [
            {
              "introduced": "2024.04.1"
            },
            {
              "fixed": "2024.04.5"
            }
          ]
        }
      ],
      "database_specific": {
        "last_known_affected_version_range": "< 2024.04.4"
      }
    },
    {
      "package": {
        "ecosystem": "Packagist",
        "name": "aimeos/ai-client-html"
      },
      "ranges": [
        {
          "type": "ECOSYSTEM",
          "events": [
            {
              "introduced": "2023.04.1"
            },
            {
              "fixed": "2023.10.14"
            }
          ]
        }
      ]
    },
    {
      "package": {
        "ecosystem": "Packagist",
        "name": "aimeos/ai-client-html"
      },
      "ranges": [
        {
          "type": "ECOSYSTEM",
          "events": [
            {
              "introduced": "2022.04.1"
            },
            {
              "fixed": "2022.10.12"
            }
          ]
        }
      ]
    },
    {
      "package": {
        "ecosystem": "Packagist",
        "name": "aimeos/ai-client-html"
      },
      "ranges": [
        {
          "type": "ECOSYSTEM",
          "events": [
            {
              "introduced": "2021.04.1"
            },
            {
              "fixed": "2021.10.21"
            }
          ]
        }
      ]
    },
    {
      "package": {
        "ecosystem": "Packagist",
        "name": "aimeos/ai-client-html"
      },
      "ranges": [
        {
          "type": "ECOSYSTEM",
          "events": [
            {
              "introduced": "2020.04.1"
            },
            {
              "fixed": "2020.10.27"
            }
          ]
        }
      ]
    }
  ],
  "references": [
    {
      "type": "WEB",
      "url": "https://github.com/aimeos/ai-client-html/security/advisories/GHSA-v4g2-cm5v-cxv7"
    },
    {
      "type": "ADVISORY",
      "url": "https://nvd.nist.gov/vuln/detail/CVE-2024-37296"
    },
    {
      "type": "WEB",
      "url": "https://github.com/aimeos/ai-client-html/commit/12d8aad1a373bf9d350872501adec3e222164f83"
    },
    {
      "type": "WEB",
      "url": "https://github.com/aimeos/ai-client-html/commit/5a7249769142b3ce70959ab1fb70c7e7c251e214"
    },
    {
      "type": "WEB",
      "url": "https://github.com/aimeos/ai-client-html/commit/6460ffe8f4929d864164aa96c5b49eca5326d975"
    },
    {
      "type": "WEB",
      "url": "https://github.com/aimeos/ai-client-html/commit/7f01d2f4fbc67f5231fd84adeb835d28252b8409"
    },
    {
      "type": "WEB",
      "url": "https://github.com/aimeos/ai-client-html/commit/fc611ff9a57e421d0ad9d99346b561cea515c5f0"
    },
    {
      "type": "PACKAGE",
      "url": "https://github.com/aimeos/ai-client-html"
    }
  ],
  "database_specific": {
    "cwe_ids": [
      "CWE-841"
    ],
    "severity": "MODERATE",
    "github_reviewed": true,
    "github_reviewed_at": "2024-06-05T13:30:55Z",
    "nvd_published_at": "2024-06-11T15:16:09Z"
  }
}