{
  "schema_version": "1.4.0",
  "id": "GHSA-633r-r4p8-pw3w",
  "modified": "2022-10-12T20:11:41Z",
  "published": "2022-10-11T19:00:26Z",
  "aliases": [
    "CVE-2022-41376"
  ],
  "summary": "Cross site scripting in Metro UI",
  "details": "Metro UI v4.4.0 to v4.5.1 was discovered to contain a reflected cross-site scripting (XSS) vulnerability via the Javascript function. User input is not properly sanitized before rendering in the `textarea` component.",
  "severity": [
    {
      "type": "CVSS_V3",
      "score": "CVSS:3.1/AV:N/AC:L/PR:N/UI:R/S:C/C:L/I:L/A:N"
    }
  ],
  "affected": [
    {
      "package": {
        "ecosystem": "npm",
        "name": "metro4"
      },
      "ranges": [
        {
          "type": "ECOSYSTEM",
          "events": [
            {
              "introduced": "4.4.0"
            },
            {
              "last_affected": "4.5.1"
            }
          ]
        }
      ]
    }
  ],
  "references": [
    {
      "type": "ADVISORY",
      "url": "https://nvd.nist.gov/vuln/detail/CVE-2022-41376"
    },
    {
      "type": "WEB",
      "url": "https://alicangonullu.org/konu/138"
    },
    {
      "type": "PACKAGE",
      "url": "https://github.com/olton/Metro-UI-CSS"
    },
    {
      "type": "WEB",
      "url": "https://youtu.be/_wzGVpX54Rc"
    }
  ],
  "database_specific": {
    "cwe_ids": [
      "CWE-79"
    ],
    "severity": "MODERATE",
    "github_reviewed": true,
    "github_reviewed_at": "2022-10-12T20:11:41Z",
    "nvd_published_at": "2022-10-11T17:15:00Z"
  }
}