{
  "schema_version": "1.4.0",
  "id": "GHSA-5jg4-p78r-p5j3",
  "modified": "2024-03-14T22:14:39Z",
  "published": "2022-05-14T01:06:24Z",
  "aliases": [
    "CVE-2016-6810"
  ],
  "summary": "Improper Neutralization of Input During Web Page Generation Apache ActiveMQ",
  "details": "In Apache ActiveMQ 5.x before 5.14.2, an instance of a cross-site scripting vulnerability was identified to be present in the web based administration console. The root cause of this issue is improper user data output validation.",
  "severity": [
    {
      "type": "CVSS_V3",
      "score": "CVSS:3.0/AV:N/AC:L/PR:N/UI:R/S:C/C:L/I:L/A:N"
    }
  ],
  "affected": [
    {
      "package": {
        "ecosystem": "Maven",
        "name": "org.apache.activemq:activemq-client"
      },
      "ranges": [
        {
          "type": "ECOSYSTEM",
          "events": [
            {
              "introduced": "5.0.0"
            },
            {
              "fixed": "5.14.2"
            }
          ]
        }
      ],
      "database_specific": {
        "last_known_affected_version_range": "<= 5.14.1"
      }
    }
  ],
  "references": [
    {
      "type": "ADVISORY",
      "url": "https://nvd.nist.gov/vuln/detail/CVE-2016-6810"
    },
    {
      "type": "WEB",
      "url": "https://github.com/apache/activemq/commit/77b827f"
    },
    {
      "type": "WEB",
      "url": "https://github.com/apache/activemq/commit/c1157fe1f007ee2344a7f0badefa0794c98817cd"
    },
    {
      "type": "WEB",
      "url": "https://github.com/apache/activemq/commit/e16ed24"
    },
    {
      "type": "PACKAGE",
      "url": "https://github.com/apache/activemq"
    },
    {
      "type": "WEB",
      "url": "https://issues.apache.org/jira/browse/AMQ-6468"
    },
    {
      "type": "WEB",
      "url": "https://lists.apache.org/thread.html/924a3a27fad192d711436421e02977ff90d9fc0f298e1efe6757cfbc@%3Cusers.activemq.apache.org%3E"
    },
    {
      "type": "WEB",
      "url": "https://lists.apache.org/thread.html/a859563f05fbe7c31916b3178c2697165bd9bbf5a65d1cf62aef27d2@%3Ccommits.activemq.apache.org%3E"
    },
    {
      "type": "WEB",
      "url": "http://activemq.apache.org/security-advisories.data/CVE-2016-6810-announcement.txt"
    }
  ],
  "database_specific": {
    "cwe_ids": [
      "CWE-79"
    ],
    "severity": "MODERATE",
    "github_reviewed": true,
    "github_reviewed_at": "2022-07-06T19:45:41Z",
    "nvd_published_at": "2018-01-10T15:29:00Z"
  }
}