{
  "schema_version": "1.4.0",
  "id": "GHSA-qrj4-rmqg-4hcp",
  "modified": "2023-09-22T21:07:18Z",
  "published": "2022-05-01T18:41:17Z",
  "aliases": [
    "CVE-2007-6286"
  ],
  "summary": "Apache Tomcat Does Not Properly Handle Empty Requests",
  "details": "Apache Tomcat 5.5.11 through 5.5.25 and 6.0.0 through 6.0.15, when the native APR connector is used, does not properly handle an empty request to the SSL port, which allows remote attackers to trigger handling of \"a duplicate copy of one of the recent requests,\" as demonstrated by using netcat to send the empty request.",
  "severity": [],
  "affected": [
    {
      "package": {
        "ecosystem": "Maven",
        "name": "org.apache.tomcat:tomcat"
      },
      "ranges": [
        {
          "type": "ECOSYSTEM",
          "events": [
            {
              "introduced": "5.5.11"
            },
            {
              "last_affected": "5.5.25"
            }
          ]
        }
      ]
    },
    {
      "package": {
        "ecosystem": "Maven",
        "name": "org.apache.tomcat:tomcat"
      },
      "ranges": [
        {
          "type": "ECOSYSTEM",
          "events": [
            {
              "introduced": "6.0.0"
            },
            {
              "last_affected": "6.0.15"
            }
          ]
        }
      ]
    }
  ],
  "references": [
    {
      "type": "ADVISORY",
      "url": "https://nvd.nist.gov/vuln/detail/CVE-2007-6286"
    },
    {
      "type": "WEB",
      "url": "https://lists.apache.org/thread.html/06cfb634bc7bf37af7d8f760f118018746ad8efbd519c4b789ac9c2e@%3Cdev.tomcat.apache.org%3E"
    },
    {
      "type": "WEB",
      "url": "https://lists.apache.org/thread.html/8dcaf7c3894d66cb717646ea1504ea6e300021c85bb4e677dc16b1aa@%3Cdev.tomcat.apache.org%3E"
    },
    {
      "type": "WEB",
      "url": "https://lists.apache.org/thread.html/r584a714f141eff7b1c358d4679288177bd4ca4558e9999d15867d4b5@%3Cdev.tomcat.apache.org%3E"
    },
    {
      "type": "WEB",
      "url": "https://www.redhat.com/archives/fedora-package-announce/2008-February/msg00315.html"
    },
    {
      "type": "WEB",
      "url": "https://www.redhat.com/archives/fedora-package-announce/2008-February/msg00460.html"
    },
    {
      "type": "WEB",
      "url": "http://lists.apple.com/archives/security-announce/2008/Oct/msg00001.html"
    },
    {
      "type": "WEB",
      "url": "http://lists.opensuse.org/opensuse-security-announce/2009-02/msg00002.html"
    },
    {
      "type": "WEB",
      "url": "http://marc.info/?l=bugtraq&m=139344343412337&w=2"
    },
    {
      "type": "WEB",
      "url": "http://support.apple.com/kb/HT3216"
    },
    {
      "type": "WEB",
      "url": "http://tomcat.apache.org/security-5.html"
    },
    {
      "type": "WEB",
      "url": "http://tomcat.apache.org/security-6.html"
    }
  ],
  "database_specific": {
    "cwe_ids": [
      "CWE-200"
    ],
    "severity": "MODERATE",
    "github_reviewed": true,
    "github_reviewed_at": "2023-09-22T21:07:18Z",
    "nvd_published_at": "2008-02-12T01:00:00Z"
  }
}