{
  "schema_version": "1.4.0",
  "id": "GHSA-93j4-v838-8767",
  "modified": "2023-10-04T17:57:18Z",
  "published": "2023-10-04T17:57:18Z",
  "aliases": [
    "CVE-2023-45023"
  ],
  "summary": "TYPO3 extension femanager Broken Access Control vulnerability",
  "details": "femanager fails to check access permissions for the invitation component. Depending on the configuration of the plugin, a remote user can create frontend user accounts with access to configured frontend groups.",
  "severity": [],
  "affected": [
    {
      "package": {
        "ecosystem": "Packagist",
        "name": "in2code/femanager"
      },
      "ranges": [
        {
          "type": "ECOSYSTEM",
          "events": [
            {
              "introduced": "7.0.0"
            },
            {
              "fixed": "7.2.2"
            }
          ]
        }
      ]
    }
  ],
  "references": [
    {
      "type": "WEB",
      "url": "https://github.com/in2code-de/femanager/commit/cc5f2893613a6b3fd2677c457574ab587a0862ca"
    },
    {
      "type": "WEB",
      "url": "https://github.com/FriendsOfPHP/security-advisories/blob/master/in2code/femanager/CVE-2023-45023.yaml"
    },
    {
      "type": "PACKAGE",
      "url": "https://github.com/in2code-de/femanager"
    },
    {
      "type": "WEB",
      "url": "https://github.com/in2code-de/femanager/releases/tag/7.2.2"
    },
    {
      "type": "WEB",
      "url": "https://typo3.org/security/advisory/typo3-ext-sa-2023-008"
    }
  ],
  "database_specific": {
    "cwe_ids": [
      "CWE-287"
    ],
    "severity": "MODERATE",
    "github_reviewed": true,
    "github_reviewed_at": "2023-10-04T17:57:18Z",
    "nvd_published_at": null
  }
}