{
  "schema_version": "1.4.0",
  "id": "GHSA-28p3-mchr-9frj",
  "modified": "2022-06-28T23:42:37Z",
  "published": "2022-05-14T01:04:56Z",
  "aliases": [
    "CVE-2018-1999042"
  ],
  "summary": "Deserialization of Untrusted Data in Jenkins",
  "details": "A vulnerability exists in Jenkins 2.137 and earlier, 2.121.2 and earlier in XStream2.java that allows attackers to have Jenkins resolve a domain name when deserializing an instance of java.net.URL.",
  "severity": [
    {
      "type": "CVSS_V3",
      "score": "CVSS:3.0/AV:N/AC:L/PR:N/UI:N/S:U/C:L/I:N/A:N"
    }
  ],
  "affected": [
    {
      "package": {
        "ecosystem": "Maven",
        "name": "org.jenkins-ci.main:jenkins-core"
      },
      "ranges": [
        {
          "type": "ECOSYSTEM",
          "events": [
            {
              "introduced": "0"
            },
            {
              "fixed": "2.121.3"
            }
          ]
        }
      ]
    },
    {
      "package": {
        "ecosystem": "Maven",
        "name": "org.jenkins-ci.main:jenkins-core"
      },
      "ranges": [
        {
          "type": "ECOSYSTEM",
          "events": [
            {
              "introduced": "2.122"
            },
            {
              "fixed": "2.138"
            }
          ]
        }
      ]
    }
  ],
  "references": [
    {
      "type": "ADVISORY",
      "url": "https://nvd.nist.gov/vuln/detail/CVE-2018-1999042"
    },
    {
      "type": "WEB",
      "url": "https://github.com/jenkinsci/jenkins/commit/727d58f690abf64f543407e1de3545eca76ad30e"
    },
    {
      "type": "PACKAGE",
      "url": "https://github.com/jenkinsci/jenkins"
    },
    {
      "type": "WEB",
      "url": "https://jenkins.io/security/advisory/2018-08-15/#SECURITY-637"
    }
  ],
  "database_specific": {
    "cwe_ids": [
      "CWE-502"
    ],
    "severity": "MODERATE",
    "github_reviewed": true,
    "github_reviewed_at": "2022-06-28T23:42:37Z",
    "nvd_published_at": "2018-08-23T18:29:00Z"
  }
}