{
  "schema_version": "1.4.0",
  "id": "GHSA-p6p8-q4pj-f74m",
  "modified": "2021-03-19T19:21:49Z",
  "published": "2021-03-29T16:28:42Z",
  "aliases": [
    "CVE-2020-24392"
  ],
  "summary": "Improper Certificate Validation in twitter-stream",
  "details": "In voloko twitter-stream 0.1.16, missing TLS hostname validation allows an attacker to perform a man-in-the-middle attack against users of the library (because eventmachine is misused).",
  "severity": [
    {
      "type": "CVSS_V3",
      "score": "CVSS:3.1/AV:N/AC:H/PR:N/UI:N/S:U/C:N/I:H/A:N"
    }
  ],
  "affected": [
    {
      "package": {
        "ecosystem": "RubyGems",
        "name": "twitter-stream"
      },
      "ranges": [
        {
          "type": "ECOSYSTEM",
          "events": [
            {
              "introduced": "0"
            },
            {
              "last_affected": "0.1.16"
            }
          ]
        }
      ]
    }
  ],
  "references": [
    {
      "type": "ADVISORY",
      "url": "https://nvd.nist.gov/vuln/detail/CVE-2020-24392"
    },
    {
      "type": "WEB",
      "url": "https://github.com/voloko/twitter-stream"
    },
    {
      "type": "ADVISORY",
      "url": "https://securitylab.github.com/advisories/GHSL-2020-097-voloko-twitter-stream"
    }
  ],
  "database_specific": {
    "cwe_ids": [
      "CWE-295"
    ],
    "severity": "MODERATE",
    "github_reviewed": true,
    "github_reviewed_at": "2021-03-19T19:21:49Z",
    "nvd_published_at": "2021-02-19T23:15:00Z"
  }
}