{
  "schema_version": "1.4.0",
  "id": "GHSA-9cw9-m7hg-w8mf",
  "modified": "2023-11-09T22:10:12Z",
  "published": "2023-11-02T18:30:25Z",
  "aliases": [
    "CVE-2023-46925"
  ],
  "summary": "Reportico Cross-site Scripting vulnerability",
  "details": "Reportico 7.1.21 is vulnerable to Cross Site Scripting (XSS).",
  "severity": [
    {
      "type": "CVSS_V3",
      "score": "CVSS:3.1/AV:N/AC:L/PR:H/UI:R/S:C/C:L/I:L/A:N"
    }
  ],
  "affected": [
    {
      "package": {
        "ecosystem": "Packagist",
        "name": "reportico-web/reportico"
      },
      "ranges": [
        {
          "type": "ECOSYSTEM",
          "events": [
            {
              "introduced": "0"
            },
            {
              "last_affected": "7.1.21"
            }
          ]
        }
      ]
    }
  ],
  "references": [
    {
      "type": "ADVISORY",
      "url": "https://nvd.nist.gov/vuln/detail/CVE-2023-46925"
    },
    {
      "type": "WEB",
      "url": "https://github.com/reportico-web/reportico/issues/47"
    },
    {
      "type": "PACKAGE",
      "url": "https://github.com/reportico-web/reportico"
    }
  ],
  "database_specific": {
    "cwe_ids": [
      "CWE-79"
    ],
    "severity": "MODERATE",
    "github_reviewed": true,
    "github_reviewed_at": "2023-11-09T22:10:12Z",
    "nvd_published_at": "2023-11-02T17:15:11Z"
  }
}