{
  "schema_version": "1.4.0",
  "id": "GHSA-3c7g-p9jx-8cgm",
  "modified": "2024-04-25T21:27:46Z",
  "published": "2022-05-17T00:36:05Z",
  "aliases": [
    "CVE-2017-14765"
  ],
  "summary": "GeniXCMS Cross-site Scripting (XSS) via the Menu ID field",
  "details": "In GeniXCMS 1.1.4, gxadmin/index.php has XSS via the Menu ID field in a page=menus request.",
  "severity": [
    {
      "type": "CVSS_V3",
      "score": "CVSS:3.0/AV:N/AC:L/PR:N/UI:R/S:C/C:L/I:L/A:N"
    }
  ],
  "affected": [
    {
      "package": {
        "ecosystem": "Packagist",
        "name": "genix/cms"
      },
      "versions": [
        "1.1.4"
      ]
    }
  ],
  "references": [
    {
      "type": "ADVISORY",
      "url": "https://nvd.nist.gov/vuln/detail/CVE-2017-14765"
    },
    {
      "type": "PACKAGE",
      "url": "https://github.com/GeniXCMS/GeniXCMS"
    },
    {
      "type": "WEB",
      "url": "http://ph0rse.me/2017/09/21/GeniXCMS-1-1-4%E6%9C%80%E6%96%B0%E7%89%88%E6%9C%AC-getshell"
    }
  ],
  "database_specific": {
    "cwe_ids": [
      "CWE-79"
    ],
    "severity": "MODERATE",
    "github_reviewed": true,
    "github_reviewed_at": "2024-04-25T21:27:46Z",
    "nvd_published_at": "2017-09-27T08:29:00Z"
  }
}