{
  "schema_version": "1.4.0",
  "id": "GHSA-pm78-wxxf-fw98",
  "modified": "2023-02-14T00:59:29Z",
  "published": "2022-05-01T07:45:38Z",
  "aliases": [
    "CVE-2006-7196"
  ],
  "summary": "Cross-site scripting in Apache Tomcat",
  "details": "Cross-site scripting (XSS) vulnerability in the calendar application example in Apache Tomcat 4.0.0 through 4.0.6, 4.1.0 through 4.1.31, 5.0.0 through 5.0.30, and 5.5.0 through 5.5.15 allows remote attackers to inject arbitrary web script or HTML via the time parameter to cal2.jsp and possibly unspecified other vectors.  NOTE: this may be related to CVE-2006-0254.1.",
  "severity": [],
  "affected": [
    {
      "package": {
        "ecosystem": "Maven",
        "name": "org.apache.tomcat:tomcat"
      },
      "ranges": [
        {
          "type": "ECOSYSTEM",
          "events": [
            {
              "introduced": "4.0.0"
            },
            {
              "fixed": "4.0.7"
            }
          ]
        }
      ]
    },
    {
      "package": {
        "ecosystem": "Maven",
        "name": "org.apache.tomcat:tomcat"
      },
      "ranges": [
        {
          "type": "ECOSYSTEM",
          "events": [
            {
              "introduced": "4.1.0"
            },
            {
              "fixed": "4.1.32"
            }
          ]
        }
      ]
    },
    {
      "package": {
        "ecosystem": "Maven",
        "name": "org.apache.tomcat:tomcat"
      },
      "ranges": [
        {
          "type": "ECOSYSTEM",
          "events": [
            {
              "introduced": "5.0.0"
            },
            {
              "fixed": "5.0.31"
            }
          ]
        }
      ]
    },
    {
      "package": {
        "ecosystem": "Maven",
        "name": "org.apache.tomcat:tomcat"
      },
      "ranges": [
        {
          "type": "ECOSYSTEM",
          "events": [
            {
              "introduced": "5.5.0"
            },
            {
              "fixed": "5.5.16"
            }
          ]
        }
      ]
    }
  ],
  "references": [
    {
      "type": "ADVISORY",
      "url": "https://nvd.nist.gov/vuln/detail/CVE-2006-7196"
    },
    {
      "type": "WEB",
      "url": "https://access.redhat.com/errata/RHSA-2007:0326"
    },
    {
      "type": "WEB",
      "url": "https://access.redhat.com/errata/RHSA-2007:0340"
    },
    {
      "type": "WEB",
      "url": "https://access.redhat.com/errata/RHSA-2008:0261"
    },
    {
      "type": "WEB",
      "url": "https://access.redhat.com/errata/RHSA-2008:0524"
    },
    {
      "type": "WEB",
      "url": "https://access.redhat.com/security/cve/CVE-2006-7196"
    },
    {
      "type": "WEB",
      "url": "https://bugzilla.redhat.com/show_bug.cgi?id=238131"
    },
    {
      "type": "PACKAGE",
      "url": "https://github.com/apache/tomcat"
    },
    {
      "type": "WEB",
      "url": "https://lists.apache.org/thread.html/29dc6c2b625789e70a9c4756b5a327e6547273ff8bde7e0327af48c5%40%3Cdev.tomcat.apache.org%3E"
    },
    {
      "type": "WEB",
      "url": "https://lists.apache.org/thread.html/29dc6c2b625789e70a9c4756b5a327e6547273ff8bde7e0327af48c5@%3Cdev.tomcat.apache.org%3E"
    },
    {
      "type": "WEB",
      "url": "https://lists.apache.org/thread.html/c62b0e3a7bf23342352a5810c640a94b6db69957c5c19db507004d74%40%3Cdev.tomcat.apache.org%3E"
    },
    {
      "type": "WEB",
      "url": "https://lists.apache.org/thread.html/c62b0e3a7bf23342352a5810c640a94b6db69957c5c19db507004d74@%3Cdev.tomcat.apache.org%3E"
    },
    {
      "type": "WEB",
      "url": "https://lists.apache.org/thread.html/rb71997f506c6cc8b530dd845c084995a9878098846c7b4eacfae8db3%40%3Cdev.tomcat.apache.org%3E"
    },
    {
      "type": "WEB",
      "url": "https://lists.apache.org/thread.html/rb71997f506c6cc8b530dd845c084995a9878098846c7b4eacfae8db3@%3Cdev.tomcat.apache.org%3E"
    },
    {
      "type": "WEB",
      "url": "http://community.ca.com/blogs/casecurityresponseblog/archive/2009/01/23.aspx"
    },
    {
      "type": "WEB",
      "url": "http://lists.opensuse.org/opensuse-security-announce/2008-03/msg00001.html"
    },
    {
      "type": "WEB",
      "url": "http://osvdb.org/34888"
    },
    {
      "type": "WEB",
      "url": "http://secunia.com/advisories/29242"
    },
    {
      "type": "WEB",
      "url": "http://secunia.com/advisories/33668"
    },
    {
      "type": "WEB",
      "url": "http://support.avaya.com/elmodocs2/security/ASA-2007-206.htm"
    },
    {
      "type": "WEB",
      "url": "http://support.ca.com/irj/portal/anonymous/phpsupcontent?contentID=197540"
    },
    {
      "type": "WEB",
      "url": "http://tomcat.apache.org/security-4.html"
    },
    {
      "type": "WEB",
      "url": "http://tomcat.apache.org/security-5.html"
    },
    {
      "type": "WEB",
      "url": "http://www.redhat.com/support/errata/RHSA-2008-0261.html"
    },
    {
      "type": "WEB",
      "url": "http://www.securityfocus.com/archive/1/478491/100/0/threaded"
    },
    {
      "type": "WEB",
      "url": "http://www.securityfocus.com/archive/1/478609/100/0/threaded"
    },
    {
      "type": "WEB",
      "url": "http://www.securityfocus.com/archive/1/500396/100/0/threaded"
    },
    {
      "type": "WEB",
      "url": "http://www.securityfocus.com/archive/1/500412/100/0/threaded"
    },
    {
      "type": "WEB",
      "url": "http://www.securityfocus.com/bid/25531"
    },
    {
      "type": "WEB",
      "url": "http://www.vupen.com/english/advisories/2007/1729"
    },
    {
      "type": "WEB",
      "url": "http://www.vupen.com/english/advisories/2009/0233"
    }
  ],
  "database_specific": {
    "cwe_ids": [
      "CWE-79"
    ],
    "severity": "MODERATE",
    "github_reviewed": true,
    "github_reviewed_at": "2023-02-14T00:59:29Z",
    "nvd_published_at": "2007-05-10T00:19:00Z"
  }
}