{
  "schema_version": "1.4.0",
  "id": "GHSA-4pwq-fj89-6rjc",
  "modified": "2024-09-11T20:04:09Z",
  "published": "2021-06-18T18:29:54Z",
  "aliases": [
    "CVE-2020-13944"
  ],
  "summary": "Apache Airflow Cross-site Scripting ",
  "details": "In Apache Airflow < 1.10.12, the `origin` parameter passed to some of the endpoints like `/trigger` and was vulnerable to a XSS exploit.",
  "severity": [
    {
      "type": "CVSS_V3",
      "score": "CVSS:3.1/AV:N/AC:L/PR:N/UI:R/S:C/C:L/I:L/A:N"
    },
    {
      "type": "CVSS_V4",
      "score": "CVSS:4.0/AV:N/AC:L/AT:N/PR:N/UI:P/VC:N/VI:N/VA:N/SC:L/SI:L/SA:N"
    }
  ],
  "affected": [
    {
      "package": {
        "ecosystem": "PyPI",
        "name": "apache-airflow"
      },
      "ranges": [
        {
          "type": "ECOSYSTEM",
          "events": [
            {
              "introduced": "0"
            },
            {
              "fixed": "1.10.12"
            }
          ]
        }
      ]
    }
  ],
  "references": [
    {
      "type": "ADVISORY",
      "url": "https://nvd.nist.gov/vuln/detail/CVE-2020-13944"
    },
    {
      "type": "WEB",
      "url": "https://github.com/apache/airflow/commit/5c2bb7b0b0e717b11f093910b443243330ad93ca"
    },
    {
      "type": "ADVISORY",
      "url": "https://github.com/advisories/GHSA-4pwq-fj89-6rjc"
    },
    {
      "type": "PACKAGE",
      "url": "https://github.com/apache/airflow"
    },
    {
      "type": "WEB",
      "url": "https://github.com/pypa/advisory-database/tree/main/vulns/apache-airflow/PYSEC-2020-19.yaml"
    },
    {
      "type": "WEB",
      "url": "https://lists.apache.org/thread.html/r2892ef594dbbf54d0939b808626f52f7c2d1584f8aa1d81570847d2a@%3Cannounce.apache.org%3E"
    },
    {
      "type": "WEB",
      "url": "https://lists.apache.org/thread.html/r2892ef594dbbf54d0939b808626f52f7c2d1584f8aa1d81570847d2a@%3Cdev.airflow.apache.org%3E"
    },
    {
      "type": "WEB",
      "url": "https://lists.apache.org/thread.html/r2892ef594dbbf54d0939b808626f52f7c2d1584f8aa1d81570847d2a@%3Cusers.airflow.apache.org%3E"
    },
    {
      "type": "WEB",
      "url": "https://lists.apache.org/thread.html/r4656959c8ed06c1f6202d89aa4e67b35ad7bdba5a666caff3fea888e@%3Cusers.airflow.apache.org%3E"
    },
    {
      "type": "WEB",
      "url": "https://lists.apache.org/thread.html/r97e1b60ca508a86be58c43f405c0c8ff00ba467ba0bee68704ae7e3e%40%3Cdev.airflow.apache.org%3E"
    },
    {
      "type": "WEB",
      "url": "https://lists.apache.org/thread.html/ra8ce70088ba291f358e077cafdb14d174b7a1ce9a9d86d1b332d6367@%3Cusers.airflow.apache.org%3E"
    },
    {
      "type": "WEB",
      "url": "https://lists.apache.org/thread.html/rc005f4de9d9b0ba943ceb8ff5a21a5c6ff8a9df52632476698d99432@%3Cannounce.apache.org%3E"
    },
    {
      "type": "WEB",
      "url": "http://www.openwall.com/lists/oss-security/2020/12/11/2"
    },
    {
      "type": "WEB",
      "url": "http://www.openwall.com/lists/oss-security/2021/05/01/2"
    }
  ],
  "database_specific": {
    "cwe_ids": [
      "CWE-79"
    ],
    "severity": "MODERATE",
    "github_reviewed": true,
    "github_reviewed_at": "2021-05-03T17:35:39Z",
    "nvd_published_at": "2020-09-17T14:15:00Z"
  }
}