{
  "schema_version": "1.4.0",
  "id": "GHSA-g77g-vjjm-x83j",
  "modified": "2023-09-22T21:06:56Z",
  "published": "2022-05-01T18:26:30Z",
  "aliases": [
    "CVE-2007-4724"
  ],
  "summary": "Apache Tomcat Example Application CSRF and XSS Vulnerabilities",
  "details": "Cross-site request forgery (CSRF) vulnerability in cal2.jsp in the calendar examples application in Apache Tomcat 4.1.31 allows remote attackers to add events as arbitrary users via the time and description parameters.",
  "severity": [],
  "affected": [
    {
      "package": {
        "ecosystem": "Maven",
        "name": "org.apache.tomcat:tomcat"
      },
      "ranges": [
        {
          "type": "ECOSYSTEM",
          "events": [
            {
              "introduced": "0"
            },
            {
              "last_affected": "4.1.31"
            }
          ]
        }
      ]
    }
  ],
  "references": [
    {
      "type": "ADVISORY",
      "url": "https://nvd.nist.gov/vuln/detail/CVE-2007-4724"
    },
    {
      "type": "WEB",
      "url": "https://web.archive.org/web/20070911063436/http://securityreason.com/securityalert/3094"
    },
    {
      "type": "WEB",
      "url": "https://web.archive.org/web/20081006123851/http://archives.neohapsis.com/archives/bugtraq/2007-09/0040.html"
    },
    {
      "type": "WEB",
      "url": "https://web.archive.org/web/20200526022330/http://www.securityfocus.com/archive/1/478491/100/0/threaded"
    }
  ],
  "database_specific": {
    "cwe_ids": [
      "CWE-352"
    ],
    "severity": "MODERATE",
    "github_reviewed": true,
    "github_reviewed_at": "2023-09-22T21:06:56Z",
    "nvd_published_at": "2007-09-05T19:17:00Z"
  }
}