{
  "schema_version": "1.4.0",
  "id": "GHSA-m69r-4h68-xq7j",
  "modified": "2024-04-24T17:47:23Z",
  "published": "2022-05-24T17:18:44Z",
  "aliases": [
    "CVE-2020-13486"
  ],
  "summary": "Knock Knock plugin Open redirection vulnerability",
  "details": "The Knock Knock plugin before 1.2.8 for Craft CMS allows malicious redirection.",
  "severity": [
    {
      "type": "CVSS_V3",
      "score": "CVSS:3.1/AV:N/AC:L/PR:N/UI:R/S:C/C:L/I:L/A:N"
    }
  ],
  "affected": [
    {
      "package": {
        "ecosystem": "Packagist",
        "name": "verbb/knock-knock"
      },
      "ranges": [
        {
          "type": "ECOSYSTEM",
          "events": [
            {
              "introduced": "0"
            },
            {
              "fixed": "1.2.8"
            }
          ]
        }
      ]
    }
  ],
  "references": [
    {
      "type": "ADVISORY",
      "url": "https://nvd.nist.gov/vuln/detail/CVE-2020-13486"
    },
    {
      "type": "PACKAGE",
      "url": "https://github.com/verbb/knock-knock"
    },
    {
      "type": "WEB",
      "url": "https://github.com/verbb/knock-knock/blob/craft-3/CHANGELOG.md"
    }
  ],
  "database_specific": {
    "cwe_ids": [
      "CWE-601"
    ],
    "severity": "MODERATE",
    "github_reviewed": true,
    "github_reviewed_at": "2024-04-24T17:47:23Z",
    "nvd_published_at": "2020-05-25T23:15:00Z"
  }
}