{
  "schema_version": "1.4.0",
  "id": "GHSA-v84f-6r39-cpfc",
  "modified": "2023-09-15T19:03:05Z",
  "published": "2023-09-15T00:30:29Z",
  "aliases": [
    "CVE-2023-4680"
  ],
  "summary": "HashiCorp Vault Improper Input Validation vulnerability",
  "details": "HashiCorp Vault and Vault Enterprise transit secrets engine allowed authorized users to specify arbitrary nonces, even with convergent encryption disabled. The encrypt endpoint, in combination with an offline attack, could be used to decrypt arbitrary ciphertext and potentially derive the authentication subkey when using transit secrets engine without convergent encryption. Introduced in 1.6.0 and fixed in 1.14.3, 1.13.7, and 1.12.11.",
  "severity": [
    {
      "type": "CVSS_V3",
      "score": "CVSS:3.1/AV:N/AC:H/PR:L/UI:N/S:U/C:H/I:H/A:N"
    }
  ],
  "affected": [
    {
      "package": {
        "ecosystem": "Go",
        "name": "github.com/hashicorp/vault"
      },
      "ranges": [
        {
          "type": "ECOSYSTEM",
          "events": [
            {
              "introduced": "1.6.0"
            },
            {
              "fixed": "1.12.11"
            }
          ]
        }
      ]
    },
    {
      "package": {
        "ecosystem": "Go",
        "name": "github.com/hashicorp/vault"
      },
      "ranges": [
        {
          "type": "ECOSYSTEM",
          "events": [
            {
              "introduced": "1.13.0"
            },
            {
              "fixed": "1.13.7"
            }
          ]
        }
      ]
    },
    {
      "package": {
        "ecosystem": "Go",
        "name": "github.com/hashicorp/vault"
      },
      "ranges": [
        {
          "type": "ECOSYSTEM",
          "events": [
            {
              "introduced": "1.14.0"
            },
            {
              "fixed": "1.14.3"
            }
          ]
        }
      ]
    }
  ],
  "references": [
    {
      "type": "ADVISORY",
      "url": "https://nvd.nist.gov/vuln/detail/CVE-2023-4680"
    },
    {
      "type": "WEB",
      "url": "https://discuss.hashicorp.com/t/hcsec-2023-28-vault-s-transit-secrets-engine-allowed-nonce-specified-without-convergent-encryption/58249"
    },
    {
      "type": "PACKAGE",
      "url": "https://github.com/hashicorp/vault"
    }
  ],
  "database_specific": {
    "cwe_ids": [
      "CWE-20",
      "CWE-323"
    ],
    "severity": "MODERATE",
    "github_reviewed": true,
    "github_reviewed_at": "2023-09-15T19:03:05Z",
    "nvd_published_at": "2023-09-15T00:15:07Z"
  }
}