{
  "schema_version": "1.4.0",
  "id": "GHSA-mvq8-hgxh-4v2g",
  "modified": "2023-10-27T16:23:49Z",
  "published": "2022-02-16T00:01:22Z",
  "aliases": [
    "CVE-2022-25196"
  ],
  "summary": "Open redirect vulnerability in Jenkins GitLab Authentication Plugin",
  "details": "Jenkins GitLab Authentication Plugin 1.13 and earlier records the HTTP `Referer` header as part of the URL query parameters when the authentication process starts, allowing attackers with access to Jenkins to craft a URL that will redirect users to an attacker-specified URL after logging in.\n\nThis issue is caused by an incomplete fix of [SECURITY-796](https://www.jenkins.io/security/advisory/2019-08-07/#SECURITY-796).",
  "severity": [
    {
      "type": "CVSS_V3",
      "score": "CVSS:3.1/AV:N/AC:L/PR:L/UI:R/S:C/C:L/I:L/A:N"
    }
  ],
  "affected": [
    {
      "package": {
        "ecosystem": "Maven",
        "name": "org.jenkins-ci.plugins:gitlab-oauth"
      },
      "ranges": [
        {
          "type": "ECOSYSTEM",
          "events": [
            {
              "introduced": "0"
            },
            {
              "last_affected": "1.13"
            }
          ]
        }
      ]
    }
  ],
  "references": [
    {
      "type": "ADVISORY",
      "url": "https://nvd.nist.gov/vuln/detail/CVE-2022-25196"
    },
    {
      "type": "PACKAGE",
      "url": "https://github.com/jenkinsci/gitlab-oauth-plugin"
    },
    {
      "type": "WEB",
      "url": "https://www.jenkins.io/security/advisory/2019-08-07/#SECURITY-796"
    },
    {
      "type": "WEB",
      "url": "https://www.jenkins.io/security/advisory/2022-02-15/#SECURITY-1833"
    },
    {
      "type": "WEB",
      "url": "http://www.openwall.com/lists/oss-security/2022/02/15/2"
    }
  ],
  "database_specific": {
    "cwe_ids": [
      "CWE-601"
    ],
    "severity": "MODERATE",
    "github_reviewed": true,
    "github_reviewed_at": "2022-12-01T22:38:36Z",
    "nvd_published_at": "2022-02-15T17:15:00Z"
  }
}