{
  "schema_version": "1.4.0",
  "id": "GHSA-f4v7-3mww-9gc2",
  "modified": "2025-01-14T16:38:41Z",
  "published": "2025-01-13T16:58:08Z",
  "aliases": [
    "CVE-2024-11736"
  ],
  "summary": "Keycloak allows unrestricted admin use of system and environment variables",
  "details": "A security vulnerability has been identified that allows admin users to access sensitive server environment variables and system properties through user-configurable URLs. Specifically, when configuring backchannel logout URLs or admin URLs, admin users can include placeholders like ${env.VARNAME} or ${PROPNAME}. The server replaces these placeholders with the actual values of environment variables or system properties during URL processing.\n\n",
  "severity": [
    {
      "type": "CVSS_V3",
      "score": "CVSS:3.1/AV:N/AC:L/PR:H/UI:N/S:U/C:H/I:N/A:N"
    }
  ],
  "affected": [
    {
      "package": {
        "ecosystem": "Maven",
        "name": "org.keycloak:keycloak-quarkus-server"
      },
      "ranges": [
        {
          "type": "ECOSYSTEM",
          "events": [
            {
              "introduced": "0"
            },
            {
              "fixed": "26.0.8"
            }
          ]
        }
      ]
    }
  ],
  "references": [
    {
      "type": "WEB",
      "url": "https://github.com/keycloak/keycloak/security/advisories/GHSA-f4v7-3mww-9gc2"
    },
    {
      "type": "ADVISORY",
      "url": "https://nvd.nist.gov/vuln/detail/CVE-2024-11736"
    },
    {
      "type": "WEB",
      "url": "https://github.com/keycloak/keycloak/commit/7a76858fe4aa39a39fb6b86dd3d2c113d9c59854"
    },
    {
      "type": "WEB",
      "url": "https://access.redhat.com/errata/RHSA-2025:0299"
    },
    {
      "type": "WEB",
      "url": "https://access.redhat.com/errata/RHSA-2025:0300"
    },
    {
      "type": "WEB",
      "url": "https://access.redhat.com/security/cve/CVE-2024-11736"
    },
    {
      "type": "WEB",
      "url": "https://bugzilla.redhat.com/show_bug.cgi?id=2328850"
    },
    {
      "type": "PACKAGE",
      "url": "https://github.com/keycloak/keycloak"
    }
  ],
  "database_specific": {
    "cwe_ids": [
      "CWE-526"
    ],
    "severity": "MODERATE",
    "github_reviewed": true,
    "github_reviewed_at": "2025-01-13T16:58:08Z",
    "nvd_published_at": "2025-01-14T09:15:20Z"
  }
}