{
  "schema_version": "1.4.0",
  "id": "GHSA-r97r-64vp-fghm",
  "modified": "2024-05-22T18:53:38Z",
  "published": "2024-05-22T18:53:38Z",
  "aliases": [],
  "summary": "Silverstripe XSS vulnerability via VirtualPage",
  "details": "A cross-site scripting vulnerability has been discovered in the VirtualPage class.\n\nThis vulnerability can only be exploited if a user with CMS access has posted malicious or unescaped HTML into any of the textfields of a page which a VirtualPage refers to.\n\nThis has been resolved by ensuring that VirtualPage safely escapes all field content.",
  "severity": [
    {
      "type": "CVSS_V3",
      "score": "CVSS:3.1/AV:N/AC:L/PR:N/UI:R/S:C/C:L/I:L/A:N"
    }
  ],
  "affected": [
    {
      "package": {
        "ecosystem": "Packagist",
        "name": "silverstripe/cms"
      },
      "ranges": [
        {
          "type": "ECOSYSTEM",
          "events": [
            {
              "introduced": "3.1.0"
            },
            {
              "fixed": "3.1.10"
            }
          ]
        }
      ],
      "database_specific": {
        "last_known_affected_version_range": "<= 3.1.9"
      }
    }
  ],
  "references": [
    {
      "type": "WEB",
      "url": "https://github.com/FriendsOfPHP/security-advisories/blob/master/silverstripe/cms/SS-2015-005-1.yaml"
    },
    {
      "type": "PACKAGE",
      "url": "https://github.com/silverstripe/silverstripe-cms"
    },
    {
      "type": "WEB",
      "url": "https://www.silverstripe.org/software/download/security-releases/ss-2015-005"
    }
  ],
  "database_specific": {
    "cwe_ids": [
      "CWE-79"
    ],
    "severity": "MODERATE",
    "github_reviewed": true,
    "github_reviewed_at": "2024-05-22T18:53:38Z",
    "nvd_published_at": null
  }
}