{
  "schema_version": "1.4.0",
  "id": "GHSA-74gc-hf33-5353",
  "modified": "2023-07-17T19:37:48Z",
  "published": "2022-05-24T17:18:45Z",
  "aliases": [
    "CVE-2020-13633"
  ],
  "summary": "Fork CMS Cross-site Scripting Vulnerability",
  "details": "Fork before 5.8.3 allows XSS via navigation_title or title.",
  "severity": [
    {
      "type": "CVSS_V3",
      "score": "CVSS:3.1/AV:N/AC:L/PR:N/UI:R/S:C/C:L/I:L/A:N"
    }
  ],
  "affected": [
    {
      "package": {
        "ecosystem": "Packagist",
        "name": "forkcms/forkcms"
      },
      "ranges": [
        {
          "type": "ECOSYSTEM",
          "events": [
            {
              "introduced": "0"
            },
            {
              "fixed": "5.8.3"
            }
          ]
        }
      ]
    }
  ],
  "references": [
    {
      "type": "ADVISORY",
      "url": "https://nvd.nist.gov/vuln/detail/CVE-2020-13633"
    },
    {
      "type": "WEB",
      "url": "https://github.com/forkcms/forkcms/pull/3093"
    },
    {
      "type": "WEB",
      "url": "https://github.com/forkcms/forkcms/commit/b88f8a2033a4b9b4cbfce96c85691aafb021819d"
    },
    {
      "type": "PACKAGE",
      "url": "https://github.com/forkcms/forkcms"
    }
  ],
  "database_specific": {
    "cwe_ids": [
      "CWE-79"
    ],
    "severity": "MODERATE",
    "github_reviewed": true,
    "github_reviewed_at": "2023-07-17T19:37:48Z",
    "nvd_published_at": "2020-05-27T16:15:00Z"
  }
}