{
  "schema_version": "1.4.0",
  "id": "GHSA-h698-r4hm-w94p",
  "modified": "2021-09-23T20:58:30Z",
  "published": "2020-08-31T22:54:56Z",
  "aliases": [
    "CVE-2014-10067"
  ],
  "summary": "Validation Bypass in paypal-ipn",
  "details": "Versions 2.x.x and earlier of `paypal-ipn` are affected by a validation bypass vulnerability. \n\npaypal-ipn uses the `test_ipn` parameter (which is set by the PayPal IPN simulator) to determine if it should use the production PayPal site or the sandbox.\n\nA motivated attacker could craft a request string using the simulator to fool the application into entering the sandbox mode, potentially allowing purchases without valid payment.\n\n\n## Recommendation\n\nUpgrade to version 3.0.0 or later.",
  "severity": [
    {
      "type": "CVSS_V3",
      "score": "CVSS:3.0/AV:N/AC:H/PR:N/UI:N/S:U/C:H/I:N/A:N"
    }
  ],
  "affected": [
    {
      "package": {
        "ecosystem": "npm",
        "name": "paypal-ipn"
      },
      "ranges": [
        {
          "type": "ECOSYSTEM",
          "events": [
            {
              "introduced": "0"
            },
            {
              "fixed": "3.0.0"
            }
          ]
        }
      ]
    }
  ],
  "references": [
    {
      "type": "ADVISORY",
      "url": "https://nvd.nist.gov/vuln/detail/CVE-2014-10067"
    },
    {
      "type": "WEB",
      "url": "https://github.com/andzdroid/paypal-ipn/issues/11"
    },
    {
      "type": "PACKAGE",
      "url": "https://github.com/andzdroid/paypal-ipn"
    },
    {
      "type": "WEB",
      "url": "https://www.npmjs.com/advisories/26"
    }
  ],
  "database_specific": {
    "cwe_ids": [
      "CWE-287"
    ],
    "severity": "MODERATE",
    "github_reviewed": true,
    "github_reviewed_at": "2020-08-31T18:08:20Z",
    "nvd_published_at": null
  }
}