{
  "schema_version": "1.4.0",
  "id": "GHSA-qhw4-wwr7-gjc5",
  "modified": "2022-09-19T19:13:56Z",
  "published": "2022-09-16T22:09:57Z",
  "aliases": [
    "CVE-2022-35998"
  ],
  "summary": "TensorFlow vulnerable to `CHECK` fail in `EmptyTensorList`",
  "details": "### Impact\nIf `EmptyTensorList` receives an input `element_shape` with more than one dimension, it gives a `CHECK` fail that can be used to trigger a denial of service attack.\n```python\nimport tensorflow as tf\n\ntf.raw_ops.EmptyTensorList(element_shape=tf.ones(dtype=tf.int32, shape=[1, 0]), max_num_elements=tf.constant(1),element_dtype=tf.int32)\n```\n\n### Patches\nWe have patched the issue in GitHub commit [c8ba76d48567aed347508e0552a257641931024d](https://github.com/tensorflow/tensorflow/commit/c8ba76d48567aed347508e0552a257641931024d).\n\nThe fix will be included in TensorFlow 2.10.0. We will also cherrypick this commit on TensorFlow 2.9.1, TensorFlow 2.8.1, and TensorFlow 2.7.2, as these are also affected and still in supported range.\n\n\n### For more information\nPlease consult [our security guide](https://github.com/tensorflow/tensorflow/blob/master/SECURITY.md) for more information regarding the security model and how to contact us with issues and questions.\n\n\n### Attribution\nThis vulnerability has been reported by Kang Hong Jin.\n",
  "severity": [
    {
      "type": "CVSS_V3",
      "score": "CVSS:3.1/AV:N/AC:H/PR:N/UI:N/S:U/C:N/I:N/A:H"
    }
  ],
  "affected": [
    {
      "package": {
        "ecosystem": "PyPI",
        "name": "tensorflow"
      },
      "ranges": [
        {
          "type": "ECOSYSTEM",
          "events": [
            {
              "introduced": "0"
            },
            {
              "fixed": "2.7.2"
            }
          ]
        }
      ]
    },
    {
      "package": {
        "ecosystem": "PyPI",
        "name": "tensorflow"
      },
      "ranges": [
        {
          "type": "ECOSYSTEM",
          "events": [
            {
              "introduced": "2.8.0"
            },
            {
              "fixed": "2.8.1"
            }
          ]
        }
      ]
    },
    {
      "package": {
        "ecosystem": "PyPI",
        "name": "tensorflow"
      },
      "ranges": [
        {
          "type": "ECOSYSTEM",
          "events": [
            {
              "introduced": "2.9.0"
            },
            {
              "fixed": "2.9.1"
            }
          ]
        }
      ]
    }
  ],
  "references": [
    {
      "type": "WEB",
      "url": "https://github.com/tensorflow/tensorflow/security/advisories/GHSA-qhw4-wwr7-gjc5"
    },
    {
      "type": "ADVISORY",
      "url": "https://nvd.nist.gov/vuln/detail/CVE-2022-35998"
    },
    {
      "type": "WEB",
      "url": "https://github.com/tensorflow/tensorflow/commit/c8ba76d48567aed347508e0552a257641931024d"
    },
    {
      "type": "PACKAGE",
      "url": "https://github.com/tensorflow/tensorflow"
    },
    {
      "type": "WEB",
      "url": "https://github.com/tensorflow/tensorflow/releases/tag/v2.10.0"
    }
  ],
  "database_specific": {
    "cwe_ids": [
      "CWE-617"
    ],
    "severity": "MODERATE",
    "github_reviewed": true,
    "github_reviewed_at": "2022-09-16T22:09:57Z",
    "nvd_published_at": "2022-09-16T23:15:00Z"
  }
}