{
  "schema_version": "1.4.0",
  "id": "GHSA-hccx-cg4v-hrjx",
  "modified": "2022-08-30T19:56:48Z",
  "published": "2022-08-13T00:00:43Z",
  "aliases": [
    "CVE-2022-38180"
  ],
  "summary": "JetBrain Ktor before 2.1.0 vulnerable to selection of wrong authentication provider",
  "details": "In JetBrains Ktor before 2.1.0 the wrong authentication provider could be selected in some cases",
  "severity": [
    {
      "type": "CVSS_V3",
      "score": "CVSS:3.1/AV:N/AC:L/PR:N/UI:R/S:U/C:H/I:N/A:N"
    }
  ],
  "affected": [
    {
      "package": {
        "ecosystem": "Maven",
        "name": "io.ktor:ktor"
      },
      "ranges": [
        {
          "type": "ECOSYSTEM",
          "events": [
            {
              "introduced": "0"
            },
            {
              "fixed": "2.1.0"
            }
          ]
        }
      ]
    }
  ],
  "references": [
    {
      "type": "ADVISORY",
      "url": "https://nvd.nist.gov/vuln/detail/CVE-2022-38180"
    },
    {
      "type": "WEB",
      "url": "https://github.com/ktorio/ktor/pull/3092"
    },
    {
      "type": "PACKAGE",
      "url": "https://github.com/ktorio/ktor"
    },
    {
      "type": "WEB",
      "url": "https://www.jetbrains.com/privacy-security/issues-fixed"
    }
  ],
  "database_specific": {
    "cwe_ids": [
      "CWE-287"
    ],
    "severity": "MODERATE",
    "github_reviewed": true,
    "github_reviewed_at": "2022-08-30T19:56:48Z",
    "nvd_published_at": "2022-08-12T10:15:00Z"
  }
}