{
  "schema_version": "1.4.0",
  "id": "GHSA-8wjx-p2f8-5rjp",
  "modified": "2024-01-04T17:33:35Z",
  "published": "2023-12-26T06:30:33Z",
  "aliases": [
    "CVE-2023-27150"
  ],
  "summary": "OpenCRX Cross-site Scripting vulnerability",
  "details": "openCRX 5.2.0 was discovered to contain a cross-site scripting (XSS) vulnerability via the Name field after creation of a Tracker in Manage Activity.",
  "severity": [
    {
      "type": "CVSS_V3",
      "score": "CVSS:3.1/AV:N/AC:L/PR:L/UI:R/S:C/C:L/I:L/A:N"
    }
  ],
  "affected": [
    {
      "package": {
        "ecosystem": "Maven",
        "name": "org.opencrx:opencrx-core"
      },
      "ranges": [
        {
          "type": "ECOSYSTEM",
          "events": [
            {
              "introduced": "0"
            },
            {
              "last_affected": "5.2.0"
            }
          ]
        }
      ]
    }
  ],
  "references": [
    {
      "type": "ADVISORY",
      "url": "https://nvd.nist.gov/vuln/detail/CVE-2023-27150"
    },
    {
      "type": "PACKAGE",
      "url": "https://github.com/opencrx/opencrx"
    },
    {
      "type": "WEB",
      "url": "https://www.esecforte.com/cve-2023-27150-cross-site-scripting-xss"
    },
    {
      "type": "WEB",
      "url": "https://www.opencrx.org"
    }
  ],
  "database_specific": {
    "cwe_ids": [
      "CWE-79"
    ],
    "severity": "MODERATE",
    "github_reviewed": true,
    "github_reviewed_at": "2024-01-04T17:33:35Z",
    "nvd_published_at": "2023-12-26T04:15:07Z"
  }
}