{
  "schema_version": "1.4.0",
  "id": "GHSA-cr98-64h9-g8cg",
  "modified": "2023-10-26T15:24:42Z",
  "published": "2022-05-13T01:15:02Z",
  "aliases": [
    "CVE-2019-10282"
  ],
  "summary": "Jenkins Klaros-Testmanagement Plugin stores credentials in plain text",
  "details": "Jenkins Klaros-Testmanagement Plugin stores credentials unencrypted in job `config.xml` files on the Jenkins controller. These credentials can be viewed by users with Extended Read permission, or access to the Jenkins controller file system.",
  "severity": [
    {
      "type": "CVSS_V3",
      "score": "CVSS:3.0/AV:N/AC:L/PR:L/UI:N/S:U/C:L/I:N/A:N"
    }
  ],
  "affected": [
    {
      "package": {
        "ecosystem": "Maven",
        "name": "hudson.plugins.klaros:klaros-testmanagement"
      },
      "ranges": [
        {
          "type": "ECOSYSTEM",
          "events": [
            {
              "introduced": "0"
            },
            {
              "fixed": "2.1.0"
            }
          ]
        }
      ],
      "database_specific": {
        "last_known_affected_version_range": "<= 2.0.0"
      }
    }
  ],
  "references": [
    {
      "type": "ADVISORY",
      "url": "https://nvd.nist.gov/vuln/detail/CVE-2019-10282"
    },
    {
      "type": "WEB",
      "url": "https://github.com/jenkinsci/klaros-testmanagement-plugin/commit/7bab10557cc79918f8d61bb92652a7cafb154c22"
    },
    {
      "type": "PACKAGE",
      "url": "https://github.com/jenkinsci/klaros-testmanagement-plugin"
    },
    {
      "type": "WEB",
      "url": "https://jenkins.io/security/advisory/2019-04-03/#SECURITY-843"
    },
    {
      "type": "WEB",
      "url": "http://www.openwall.com/lists/oss-security/2019/04/12/2"
    }
  ],
  "database_specific": {
    "cwe_ids": [
      "CWE-522"
    ],
    "severity": "MODERATE",
    "github_reviewed": true,
    "github_reviewed_at": "2023-10-26T15:24:42Z",
    "nvd_published_at": "2019-04-04T16:29:00Z"
  }
}