{
  "schema_version": "1.4.0",
  "id": "GHSA-43xg-87xw-jpv8",
  "modified": "2023-09-25T14:50:39Z",
  "published": "2022-05-14T00:56:24Z",
  "aliases": [
    "CVE-2014-2681"
  ],
  "summary": "Several Zend Products Vulnerable to XXE and XEE attacks",
  "details": "Zend Framework 1 (ZF1) before 1.12.4, Zend Framework 2 before 2.1.6 and 2.2.x before 2.2.6, ZendOpenId, ZendRest, ZendService_AudioScrobbler, ZendService_Nirvanix, ZendService_SlideShare, ZendService_Technorati, and ZendService_WindowsAzure before 2.0.2, ZendService_Amazon before 2.0.3, and ZendService_Api before 1.0.0 allow remote attackers to read arbitrary files, send HTTP requests to intranet servers, and possibly cause a denial of service (CPU and memory consumption) via an XML External Entity (XXE) attack.  NOTE: this issue exists because of an incomplete fix for CVE-2012-5657.",
  "severity": [],
  "affected": [
    {
      "package": {
        "ecosystem": "Packagist",
        "name": "zendframework/zendframework1"
      },
      "ranges": [
        {
          "type": "ECOSYSTEM",
          "events": [
            {
              "introduced": "0"
            },
            {
              "fixed": "1.12.4"
            }
          ]
        }
      ]
    },
    {
      "package": {
        "ecosystem": "Packagist",
        "name": "zendframework/zendopenid"
      },
      "ranges": [
        {
          "type": "ECOSYSTEM",
          "events": [
            {
              "introduced": "0"
            },
            {
              "fixed": "2.0.2"
            }
          ]
        }
      ]
    },
    {
      "package": {
        "ecosystem": "Packagist",
        "name": "zendframework/zendrest"
      },
      "ranges": [
        {
          "type": "ECOSYSTEM",
          "events": [
            {
              "introduced": "0"
            },
            {
              "fixed": "2.0.2"
            }
          ]
        }
      ]
    },
    {
      "package": {
        "ecosystem": "Packagist",
        "name": "zendframework/zendservice-audioscrobbler"
      },
      "ranges": [
        {
          "type": "ECOSYSTEM",
          "events": [
            {
              "introduced": "0"
            },
            {
              "fixed": "2.0.2"
            }
          ]
        }
      ]
    },
    {
      "package": {
        "ecosystem": "Packagist",
        "name": "zendframework/zendservice-nirvanix"
      },
      "ranges": [
        {
          "type": "ECOSYSTEM",
          "events": [
            {
              "introduced": "0"
            },
            {
              "fixed": "2.0.2"
            }
          ]
        }
      ]
    },
    {
      "package": {
        "ecosystem": "Packagist",
        "name": "zendframework/zendservice-slideshare"
      },
      "ranges": [
        {
          "type": "ECOSYSTEM",
          "events": [
            {
              "introduced": "0"
            },
            {
              "fixed": "2.0.2"
            }
          ]
        }
      ]
    },
    {
      "package": {
        "ecosystem": "Packagist",
        "name": "zendframework/zendservice-technorati"
      },
      "ranges": [
        {
          "type": "ECOSYSTEM",
          "events": [
            {
              "introduced": "0"
            },
            {
              "fixed": "2.0.2"
            }
          ]
        }
      ]
    },
    {
      "package": {
        "ecosystem": "Packagist",
        "name": "zendframework/zendservice-windowsazure"
      },
      "ranges": [
        {
          "type": "ECOSYSTEM",
          "events": [
            {
              "introduced": "0"
            },
            {
              "fixed": "2.0.2"
            }
          ]
        }
      ]
    },
    {
      "package": {
        "ecosystem": "Packagist",
        "name": "zendframework/zendservice-amazon"
      },
      "ranges": [
        {
          "type": "ECOSYSTEM",
          "events": [
            {
              "introduced": "0"
            },
            {
              "fixed": "2.0.3"
            }
          ]
        }
      ]
    },
    {
      "package": {
        "ecosystem": "Packagist",
        "name": "zendframework/zendservice-api"
      },
      "ranges": [
        {
          "type": "ECOSYSTEM",
          "events": [
            {
              "introduced": "0"
            },
            {
              "fixed": "1.0.0"
            }
          ]
        }
      ]
    }
  ],
  "references": [
    {
      "type": "ADVISORY",
      "url": "https://nvd.nist.gov/vuln/detail/CVE-2014-2681"
    },
    {
      "type": "WEB",
      "url": "https://web.archive.org/web/20150523055201/http://www.mandriva.com/en/support/security/advisories/advisory/MDVSA-2014:072/?name=MDVSA-2014:072"
    },
    {
      "type": "WEB",
      "url": "https://web.archive.org/web/20210125095213/http://www.securityfocus.com/bid/66358"
    },
    {
      "type": "WEB",
      "url": "http://advisories.mageia.org/MGASA-2014-0151.html"
    },
    {
      "type": "WEB",
      "url": "http://framework.zend.com/security/advisory/ZF2014-01"
    },
    {
      "type": "WEB",
      "url": "http://seclists.org/oss-sec/2014/q2/0"
    },
    {
      "type": "WEB",
      "url": "http://www.debian.org/security/2015/dsa-3265"
    }
  ],
  "database_specific": {
    "cwe_ids": [
      "CWE-611"
    ],
    "severity": "MODERATE",
    "github_reviewed": true,
    "github_reviewed_at": "2023-09-25T14:50:39Z",
    "nvd_published_at": "2014-11-16T00:59:00Z"
  }
}