{
  "schema_version": "1.4.0",
  "id": "GHSA-6h67-934r-82g7",
  "modified": "2023-11-20T21:01:43Z",
  "published": "2023-11-20T21:01:43Z",
  "aliases": [
    "CVE-2023-48218"
  ],
  "summary": "Bypass of field access control in strapi-plugin-protected-populate",
  "details": "### Impact\nUsers are able to bypass the field level security. This means fields that they where not allowed to populate could be populated anyway even in the event that they tried to populate something that they don't have access to.\n\n### Patches\nThis issue has been patched in 1.3.4\n\n### Workarounds\nNone\n",
  "severity": [
    {
      "type": "CVSS_V3",
      "score": "CVSS:3.1/AV:N/AC:L/PR:N/UI:N/S:U/C:L/I:N/A:N"
    }
  ],
  "affected": [
    {
      "package": {
        "ecosystem": "npm",
        "name": "strapi-plugin-protected-populate"
      },
      "ranges": [
        {
          "type": "ECOSYSTEM",
          "events": [
            {
              "introduced": "0"
            },
            {
              "fixed": "1.3.4"
            }
          ]
        }
      ]
    }
  ],
  "references": [
    {
      "type": "WEB",
      "url": "https://github.com/strapi-community/strapi-plugin-protected-populate/security/advisories/GHSA-6h67-934r-82g7"
    },
    {
      "type": "ADVISORY",
      "url": "https://nvd.nist.gov/vuln/detail/CVE-2023-48218"
    },
    {
      "type": "WEB",
      "url": "https://github.com/strapi-community/strapi-plugin-protected-populate/commit/05441066d64e09dd55937d9f089962e9ebe2fb39"
    },
    {
      "type": "PACKAGE",
      "url": "https://github.com/strapi-community/strapi-plugin-protected-populate"
    },
    {
      "type": "WEB",
      "url": "https://github.com/strapi-community/strapi-plugin-protected-populate/releases/tag/v1.3.4"
    }
  ],
  "database_specific": {
    "cwe_ids": [
      "CWE-863"
    ],
    "severity": "MODERATE",
    "github_reviewed": true,
    "github_reviewed_at": "2023-11-20T21:01:43Z",
    "nvd_published_at": "2023-11-20T17:15:13Z"
  }
}