{
  "schema_version": "1.4.0",
  "id": "GHSA-mg5h-rhjq-6v84",
  "modified": "2022-11-01T20:35:47Z",
  "published": "2022-10-31T12:00:18Z",
  "aliases": [
    "CVE-2022-3766"
  ],
  "summary": "phpMyFAQ vulnerable to reflected Cross-site Scripting",
  "details": "phpMyFAQ prior to version 3.1.8 is vulnerable to reflected cross-site scripting.",
  "severity": [
    {
      "type": "CVSS_V3",
      "score": "CVSS:3.1/AV:N/AC:L/PR:N/UI:R/S:C/C:L/I:L/A:N"
    }
  ],
  "affected": [
    {
      "package": {
        "ecosystem": "Packagist",
        "name": "thorsten/phpmyfaq"
      },
      "ranges": [
        {
          "type": "ECOSYSTEM",
          "events": [
            {
              "introduced": "0"
            },
            {
              "fixed": "3.1.8"
            }
          ]
        }
      ]
    }
  ],
  "references": [
    {
      "type": "ADVISORY",
      "url": "https://nvd.nist.gov/vuln/detail/CVE-2022-3766"
    },
    {
      "type": "WEB",
      "url": "https://github.com/thorsten/phpmyfaq/commit/c7904f2236c6c0dd64c2226b90c30af0f7e5a72d"
    },
    {
      "type": "PACKAGE",
      "url": "https://github.com/thorsten/phpmyfaq"
    },
    {
      "type": "WEB",
      "url": "https://huntr.dev/bounties/d9666520-4ff5-43bb-aacf-50c8e5570983"
    }
  ],
  "database_specific": {
    "cwe_ids": [
      "CWE-79"
    ],
    "severity": "MODERATE",
    "github_reviewed": true,
    "github_reviewed_at": "2022-10-31T19:26:04Z",
    "nvd_published_at": "2022-10-31T11:15:00Z"
  }
}