{
  "schema_version": "1.4.0",
  "id": "GHSA-h9ph-jcgh-gf69",
  "modified": "2021-10-19T14:51:30Z",
  "published": "2021-10-12T16:40:28Z",
  "aliases": [
    "CVE-2021-42112"
  ],
  "summary": "Cross-site Scripting in Limesurvey",
  "details": "The \"File upload question\" functionality in LimeSurvey 3.x-LTS through 3.27.18 allows XSS in assets/scripts/modaldialog.js and assets/scripts/uploader.js.",
  "severity": [
    {
      "type": "CVSS_V3",
      "score": "CVSS:3.1/AV:N/AC:L/PR:N/UI:R/S:C/C:L/I:L/A:N"
    }
  ],
  "affected": [
    {
      "package": {
        "ecosystem": "Packagist",
        "name": "limesurvey/limesurvey"
      },
      "ranges": [
        {
          "type": "ECOSYSTEM",
          "events": [
            {
              "introduced": "0"
            },
            {
              "fixed": "3.27.19"
            }
          ]
        }
      ]
    }
  ],
  "references": [
    {
      "type": "ADVISORY",
      "url": "https://nvd.nist.gov/vuln/detail/CVE-2021-42112"
    },
    {
      "type": "WEB",
      "url": "https://github.com/LimeSurvey/LimeSurvey/pull/2044"
    },
    {
      "type": "WEB",
      "url": "https://github.com/LimeSurvey/LimeSurvey/commit/d56619a50cfd191bbffd0adb660638a5e438070d"
    },
    {
      "type": "WEB",
      "url": "https://bugs.limesurvey.org/view.php?id=17562"
    },
    {
      "type": "PACKAGE",
      "url": "https://github.com/LimeSurvey/LimeSurvey"
    },
    {
      "type": "WEB",
      "url": "https://www.on-x.com/sites/default/files/on-x_-_security_advisory_-_limesurvey_-_cve-2021-42112.pdf"
    }
  ],
  "database_specific": {
    "cwe_ids": [
      "CWE-79"
    ],
    "severity": "MODERATE",
    "github_reviewed": true,
    "github_reviewed_at": "2021-10-11T20:21:13Z",
    "nvd_published_at": "2021-10-08T21:15:00Z"
  }
}