{
  "schema_version": "1.4.0",
  "id": "GHSA-jqqr-c2r2-9cvr",
  "modified": "2023-06-13T20:37:16Z",
  "published": "2021-08-25T20:42:59Z",
  "aliases": [
    "CVE-2017-18588"
  ],
  "summary": "Improper Certificate Validation in security-framework",
  "details": "If custom root certificates were registered with a ClientBuilder, the hostname of the target server would not be validated against its presented leaf certificate. This issue was fixed by properly configuring the trust evaluation logic to perform that check.",
  "severity": [
    {
      "type": "CVSS_V3",
      "score": "CVSS:3.0/AV:N/AC:L/PR:N/UI:N/S:U/C:N/I:L/A:N"
    }
  ],
  "affected": [
    {
      "package": {
        "ecosystem": "crates.io",
        "name": "security-framework"
      },
      "ranges": [
        {
          "type": "ECOSYSTEM",
          "events": [
            {
              "introduced": "0"
            },
            {
              "fixed": "0.1.12"
            }
          ]
        }
      ]
    }
  ],
  "references": [
    {
      "type": "ADVISORY",
      "url": "https://nvd.nist.gov/vuln/detail/CVE-2017-18588"
    },
    {
      "type": "WEB",
      "url": "https://github.com/sfackler/rust-security-framework/pull/27"
    },
    {
      "type": "PACKAGE",
      "url": "https://github.com/sfackler/rust-security-framework"
    },
    {
      "type": "WEB",
      "url": "https://rustsec.org/advisories/RUSTSEC-2017-0003.html"
    }
  ],
  "database_specific": {
    "cwe_ids": [
      "CWE-295"
    ],
    "severity": "MODERATE",
    "github_reviewed": true,
    "github_reviewed_at": "2021-08-19T21:25:26Z",
    "nvd_published_at": null
  }
}