{
  "schema_version": "1.4.0",
  "id": "GHSA-gpmw-h4wq-4rch",
  "modified": "2024-01-30T21:18:51Z",
  "published": "2022-05-24T16:56:45Z",
  "aliases": [
    "CVE-2019-10409"
  ],
  "summary": "Missing permission check in Jenkins Project Inheritance Plugin",
  "details": "A missing permission check in Jenkins Project Inheritance Plugin 19.08.01 and earlier allowed attackers with Overall/Read permission to trigger project generation from templates.",
  "severity": [
    {
      "type": "CVSS_V3",
      "score": "CVSS:3.1/AV:N/AC:L/PR:L/UI:N/S:U/C:N/I:L/A:N"
    }
  ],
  "affected": [
    {
      "package": {
        "ecosystem": "Maven",
        "name": "hudson.plugins:project-inheritance"
      },
      "ranges": [
        {
          "type": "ECOSYSTEM",
          "events": [
            {
              "introduced": "0"
            },
            {
              "fixed": "19.08.02"
            }
          ]
        }
      ]
    }
  ],
  "references": [
    {
      "type": "ADVISORY",
      "url": "https://nvd.nist.gov/vuln/detail/CVE-2019-10409"
    },
    {
      "type": "WEB",
      "url": "https://jenkins.io/security/advisory/2019-09-25/#SECURITY-401"
    },
    {
      "type": "WEB",
      "url": "http://www.openwall.com/lists/oss-security/2019/09/25/3"
    }
  ],
  "database_specific": {
    "cwe_ids": [
      "CWE-862"
    ],
    "severity": "MODERATE",
    "github_reviewed": true,
    "github_reviewed_at": "2024-01-30T21:18:51Z",
    "nvd_published_at": "2019-09-25T16:15:00Z"
  }
}