{
  "schema_version": "1.4.0",
  "id": "GHSA-rqf8-8c89-mw29",
  "modified": "2021-08-31T21:14:23Z",
  "published": "2021-08-10T16:08:16Z",
  "aliases": [
    "CVE-2021-23416"
  ],
  "summary": "Cross-site Scripting in curly-bracket-parser",
  "details": "This affects all versions of package curly-bracket-parser.\n When used as a template library, it does not properly sanitize the user input.\n\n",
  "severity": [
    {
      "type": "CVSS_V3",
      "score": "CVSS:3.1/AV:N/AC:L/PR:N/UI:R/S:U/C:L/I:L/A:N"
    }
  ],
  "affected": [
    {
      "package": {
        "ecosystem": "npm",
        "name": "curly-bracket-parser"
      },
      "ranges": [
        {
          "type": "ECOSYSTEM",
          "events": [
            {
              "introduced": "0"
            },
            {
              "last_affected": "1.0.2"
            }
          ]
        }
      ]
    }
  ],
  "references": [
    {
      "type": "ADVISORY",
      "url": "https://nvd.nist.gov/vuln/detail/CVE-2021-23416"
    },
    {
      "type": "PACKAGE",
      "url": "https://github.com/magynhard/curly-bracket-parser"
    },
    {
      "type": "WEB",
      "url": "https://github.com/magynhard/curly-bracket-parser/blob/master/src/curly-bracket-parser/curly-bracket-parser.js#23L31"
    },
    {
      "type": "WEB",
      "url": "https://github.com/magynhard/curly-bracket-parser/blob/master/src/curly-bracket-parser/curly-bracket-parser.js%23L31"
    },
    {
      "type": "WEB",
      "url": "https://snyk.io/vuln/SNYK-JS-CURLYBRACKETPARSER-1297106"
    }
  ],
  "database_specific": {
    "cwe_ids": [
      "CWE-79"
    ],
    "severity": "MODERATE",
    "github_reviewed": true,
    "github_reviewed_at": "2021-08-02T18:39:58Z",
    "nvd_published_at": "2021-07-28T16:15:00Z"
  }
}