{
  "schema_version": "1.4.0",
  "id": "GHSA-6wxm-mpqj-6jpf",
  "modified": "2025-02-18T22:36:58Z",
  "published": "2025-01-28T17:29:03Z",
  "aliases": [
    "CVE-2024-45339"
  ],
  "summary": "Insecure Temporary File usage in github.com/golang/glog",
  "details": "When logs are written to a widely-writable directory (the default), an unprivileged attacker may predict a privileged process's log file path and pre-create a symbolic link to a sensitive file in its place. When that privileged process runs, it will follow the planted symlink and overwrite that sensitive file. To fix that, glog now causes the program to exit (with status code 2) when it finds that the configured log file already exists.",
  "severity": [
    {
      "type": "CVSS_V3",
      "score": "CVSS:3.1/AV:L/AC:L/PR:L/UI:N/S:U/C:H/I:H/A:N"
    },
    {
      "type": "CVSS_V4",
      "score": "CVSS:4.0/AV:L/AC:L/AT:P/PR:L/UI:N/VC:H/VI:H/VA:N/SC:N/SI:N/SA:N/E:U"
    }
  ],
  "affected": [
    {
      "package": {
        "ecosystem": "Go",
        "name": "github.com/golang/glog"
      },
      "ranges": [
        {
          "type": "ECOSYSTEM",
          "events": [
            {
              "introduced": "0"
            },
            {
              "fixed": "1.2.4"
            }
          ]
        }
      ]
    }
  ],
  "references": [
    {
      "type": "ADVISORY",
      "url": "https://nvd.nist.gov/vuln/detail/CVE-2024-45339"
    },
    {
      "type": "WEB",
      "url": "https://github.com/golang/glog/pull/74"
    },
    {
      "type": "WEB",
      "url": "https://github.com/golang/glog/pull/74/commits/b8741656e406e66d6992bc2c9575e460ecaa0ec2"
    },
    {
      "type": "PACKAGE",
      "url": "https://github.com/golang/glog"
    },
    {
      "type": "WEB",
      "url": "https://groups.google.com/g/golang-announce/c/H-Q4ouHWyKs"
    },
    {
      "type": "WEB",
      "url": "https://lists.debian.org/debian-lts-announce/2025/02/msg00019.html"
    },
    {
      "type": "WEB",
      "url": "https://owasp.org/www-community/vulnerabilities/Insecure_Temporary_File"
    },
    {
      "type": "WEB",
      "url": "https://pkg.go.dev/vuln/GO-2025-3372"
    }
  ],
  "database_specific": {
    "cwe_ids": [
      "CWE-377",
      "CWE-61"
    ],
    "severity": "MODERATE",
    "github_reviewed": true,
    "github_reviewed_at": "2025-01-28T17:29:03Z",
    "nvd_published_at": "2025-01-28T02:15:28Z"
  }
}