{
  "schema_version": "1.4.0",
  "id": "GHSA-pww3-x2g7-x8q2",
  "modified": "2024-04-12T21:26:13Z",
  "published": "2024-04-12T00:30:26Z",
  "aliases": [
    "CVE-2023-48865"
  ],
  "summary": "Reportico affected by Incorrect Access Control",
  "details": "An issue discovered in Reportico Till 8.1.0 allows attackers to obtain sensitive information via execute_mode parameter of the URL.",
  "severity": [
    {
      "type": "CVSS_V3",
      "score": "CVSS:3.1/AV:N/AC:L/PR:L/UI:N/S:U/C:H/I:N/A:N"
    }
  ],
  "affected": [
    {
      "package": {
        "ecosystem": "Packagist",
        "name": "reportico-web/reportico"
      },
      "ranges": [
        {
          "type": "ECOSYSTEM",
          "events": [
            {
              "introduced": "0"
            },
            {
              "last_affected": "8.1.0"
            }
          ]
        }
      ]
    }
  ],
  "references": [
    {
      "type": "ADVISORY",
      "url": "https://nvd.nist.gov/vuln/detail/CVE-2023-48865"
    },
    {
      "type": "WEB",
      "url": "https://github.com/reportico-web/reportico/issues/51"
    },
    {
      "type": "WEB",
      "url": "https://gist.github.com/aashiqahamedn/39383cfbc639cbdc3e1a7d74b977aeae"
    },
    {
      "type": "PACKAGE",
      "url": "https://github.com/reportico-web/reportico"
    }
  ],
  "database_specific": {
    "cwe_ids": [
      "CWE-639"
    ],
    "severity": "MODERATE",
    "github_reviewed": true,
    "github_reviewed_at": "2024-04-12T21:26:13Z",
    "nvd_published_at": "2024-04-11T22:15:13Z"
  }
}