{
  "schema_version": "1.4.0",
  "id": "GHSA-7ph6-5cmq-xgjq",
  "modified": "2022-05-19T22:09:24Z",
  "published": "2022-02-09T21:53:29Z",
  "aliases": [
    "CVE-2022-23620"
  ],
  "summary": "Path traversal in xwiki-platform-skin-skinx",
  "details": "XWiki Platform is a generic wiki platform offering runtime services for applications built on top of it. AbstractSxExportURLFactoryActionHandler#processSx does not escape anything from SSX document reference when serializing it on filesystem, so it's easy to mess up the HTML export process with reference elements containing filesystem syntax like \"../\", \"./\". or \"/\" in general (the last two not causing any security threat, but can cause conflicts with others serialized files). Patch can be found in 13.6-rc-1. Giving script or subwiki admin right only to trusted people and disabling HTML/PDF export can be done as workaround.\n\n",
  "severity": [
    {
      "type": "CVSS_V3",
      "score": "CVSS:3.1/AV:N/AC:H/PR:H/UI:R/S:C/C:L/I:L/A:H"
    }
  ],
  "affected": [
    {
      "package": {
        "ecosystem": "Maven",
        "name": "org.xwiki.platform:xwiki-platform-skin-skinx"
      },
      "ranges": [
        {
          "type": "ECOSYSTEM",
          "events": [
            {
              "introduced": "6.2-rc-1"
            },
            {
              "fixed": "13.6"
            }
          ]
        }
      ]
    }
  ],
  "references": [
    {
      "type": "WEB",
      "url": "https://github.com/xwiki/xwiki-platform/security/advisories/GHSA-7ph6-5cmq-xgjq"
    },
    {
      "type": "ADVISORY",
      "url": "https://nvd.nist.gov/vuln/detail/CVE-2022-23620"
    },
    {
      "type": "WEB",
      "url": "https://github.com/xwiki/xwiki-platform/commit/ab778254fb8f71c774e1c1239368c44fe3b6bba5"
    },
    {
      "type": "PACKAGE",
      "url": "https://github.com/xwiki/xwiki-platform"
    },
    {
      "type": "WEB",
      "url": "https://jira.xwiki.org/browse/XWIKI-18819"
    }
  ],
  "database_specific": {
    "cwe_ids": [
      "CWE-116",
      "CWE-22"
    ],
    "severity": "MODERATE",
    "github_reviewed": true,
    "github_reviewed_at": "2022-02-09T21:53:29Z",
    "nvd_published_at": "2022-02-09T22:15:00Z"
  }
}