{
  "schema_version": "1.4.0",
  "id": "GHSA-2j4h-cjgh-659v",
  "modified": "2022-12-29T00:27:48Z",
  "published": "2022-05-24T17:22:19Z",
  "aliases": [
    "CVE-2020-2207"
  ],
  "summary": "Reflected XSS vulnerability in Jenkins VncViewer Plugin",
  "details": "VncViewer Plugin 1.7 and earlier does not escape a parameter value in the `checkVncServ` form validation endpoint output.\n\nThis results in a reflected cross-site scripting (XSS) vulnerability.\n\nVncViewer Plugin 1.8 escapes the parameter value in the output.",
  "severity": [
    {
      "type": "CVSS_V3",
      "score": "CVSS:3.1/AV:N/AC:L/PR:N/UI:R/S:C/C:L/I:L/A:N"
    }
  ],
  "affected": [
    {
      "package": {
        "ecosystem": "Maven",
        "name": "org.jenkins-ci.plugins:vncviewer"
      },
      "ranges": [
        {
          "type": "ECOSYSTEM",
          "events": [
            {
              "introduced": "0"
            },
            {
              "fixed": "1.8"
            }
          ]
        }
      ],
      "database_specific": {
        "last_known_affected_version_range": "<= 1.7"
      }
    }
  ],
  "references": [
    {
      "type": "ADVISORY",
      "url": "https://nvd.nist.gov/vuln/detail/CVE-2020-2207"
    },
    {
      "type": "WEB",
      "url": "https://github.com/jenkinsci/vncviewer-plugin/commit/99b2aa3ed0857ef35de9a3aca0b0c53add3b392d"
    },
    {
      "type": "PACKAGE",
      "url": "https://github.com/jenkinsci/vncviewer-plugin"
    },
    {
      "type": "WEB",
      "url": "https://jenkins.io/security/advisory/2020-07-02/#SECURITY-1776"
    },
    {
      "type": "WEB",
      "url": "http://www.openwall.com/lists/oss-security/2020/07/02/7"
    }
  ],
  "database_specific": {
    "cwe_ids": [
      "CWE-79"
    ],
    "severity": "MODERATE",
    "github_reviewed": true,
    "github_reviewed_at": "2022-12-29T00:27:48Z",
    "nvd_published_at": "2020-07-02T15:15:00Z"
  }
}