{
  "schema_version": "1.4.0",
  "id": "GHSA-7cjc-xppr-xj6x",
  "modified": "2022-06-28T22:26:04Z",
  "published": "2022-05-24T22:00:43Z",
  "aliases": [
    "CVE-2019-10403"
  ],
  "summary": "Improper Neutralization of Input During Web Page Generation in Jenkins",
  "details": "Jenkins 2.196 and earlier, LTS 2.176.3 and earlier did not escape the SCM tag name on the tooltip for SCM tag actions, resulting in a stored XSS vulnerability exploitable by users able to control SCM tag names for these actions.",
  "severity": [
    {
      "type": "CVSS_V3",
      "score": "CVSS:3.1/AV:N/AC:L/PR:L/UI:R/S:C/C:L/I:L/A:N"
    }
  ],
  "affected": [
    {
      "package": {
        "ecosystem": "Maven",
        "name": "org.jenkins-ci.main:jenkins-core"
      },
      "ranges": [
        {
          "type": "ECOSYSTEM",
          "events": [
            {
              "introduced": "0"
            },
            {
              "fixed": "2.176.4"
            }
          ]
        }
      ],
      "database_specific": {
        "last_known_affected_version_range": "<= 2.176.3"
      }
    },
    {
      "package": {
        "ecosystem": "Maven",
        "name": "org.jenkins-ci.main:jenkins-core"
      },
      "ranges": [
        {
          "type": "ECOSYSTEM",
          "events": [
            {
              "introduced": "2.177"
            },
            {
              "fixed": "2.197"
            }
          ]
        }
      ],
      "database_specific": {
        "last_known_affected_version_range": "<= 2.196"
      }
    }
  ],
  "references": [
    {
      "type": "ADVISORY",
      "url": "https://nvd.nist.gov/vuln/detail/CVE-2019-10403"
    },
    {
      "type": "WEB",
      "url": "https://jenkins.io/security/advisory/2019-09-25/#SECURITY-1537%20(1)"
    },
    {
      "type": "WEB",
      "url": "http://www.openwall.com/lists/oss-security/2019/09/25/3"
    }
  ],
  "database_specific": {
    "cwe_ids": [
      "CWE-79"
    ],
    "severity": "MODERATE",
    "github_reviewed": true,
    "github_reviewed_at": "2022-06-28T22:26:04Z",
    "nvd_published_at": "2019-09-25T16:15:00Z"
  }
}