{
  "schema_version": "1.4.0",
  "id": "GHSA-q8qj-fc9q-cphr",
  "modified": "2024-10-28T14:53:41Z",
  "published": "2020-09-25T18:28:25Z",
  "aliases": [
    "CVE-2020-15191"
  ],
  "summary": "Undefined behavior in Tensorflow",
  "details": "### Impact\nIf a user passes an invalid argument to `dlpack.to_dlpack` the expected validations will cause variables to bind to `nullptr` while setting a `status` variable to the error condition.\n\nHowever, this `status` argument is not properly checked:\nhttps://github.com/tensorflow/tensorflow/blob/0e68f4d3295eb0281a517c3662f6698992b7b2cf/tensorflow/c/eager/dlpack.cc#L265-L267\n\nHence, code following these methods will bind references to null pointers:\nhttps://github.com/tensorflow/tensorflow/blob/0e68f4d3295eb0281a517c3662f6698992b7b2cf/tensorflow/c/eager/dlpack.cc#L279-L285\n\nThis is undefined behavior and reported as an error if compiling with `-fsanitize=null`.\n\n### Patches\nWe have patched the issue in 22e07fb204386768e5bcbea563641ea11f96ceb8 and will release a patch release for all affected versions.\n\nWe recommend users to upgrade to TensorFlow 2.2.1 or 2.3.1.\n\n### For more information\nPlease consult [our security guide](https://github.com/tensorflow/tensorflow/blob/master/SECURITY.md) for more information regarding the security model and how to contact us with issues and questions.\n\n### Attribution\nThis vulnerability has been discovered during variant analysis of [GHSA-rjjg-hgv6-h69v](https://github.com/tensorflow/tensorflow/security/advisories/GHSA-rjjg-hgv6-h69v).",
  "severity": [
    {
      "type": "CVSS_V3",
      "score": "CVSS:3.1/AV:N/AC:L/PR:N/UI:N/S:U/C:N/I:N/A:L"
    },
    {
      "type": "CVSS_V4",
      "score": "CVSS:4.0/AV:N/AC:L/AT:N/PR:N/UI:N/VC:N/VI:N/VA:L/SC:N/SI:N/SA:N"
    }
  ],
  "affected": [
    {
      "package": {
        "ecosystem": "PyPI",
        "name": "tensorflow"
      },
      "ranges": [
        {
          "type": "ECOSYSTEM",
          "events": [
            {
              "introduced": "2.2.0"
            },
            {
              "fixed": "2.2.1"
            }
          ]
        }
      ],
      "versions": [
        "2.2.0"
      ]
    },
    {
      "package": {
        "ecosystem": "PyPI",
        "name": "tensorflow"
      },
      "ranges": [
        {
          "type": "ECOSYSTEM",
          "events": [
            {
              "introduced": "2.3.0"
            },
            {
              "fixed": "2.3.1"
            }
          ]
        }
      ],
      "versions": [
        "2.3.0"
      ]
    },
    {
      "package": {
        "ecosystem": "PyPI",
        "name": "tensorflow-cpu"
      },
      "ranges": [
        {
          "type": "ECOSYSTEM",
          "events": [
            {
              "introduced": "2.2.0"
            },
            {
              "fixed": "2.2.1"
            }
          ]
        }
      ],
      "versions": [
        "2.2.0"
      ]
    },
    {
      "package": {
        "ecosystem": "PyPI",
        "name": "tensorflow-cpu"
      },
      "ranges": [
        {
          "type": "ECOSYSTEM",
          "events": [
            {
              "introduced": "2.3.0"
            },
            {
              "fixed": "2.3.1"
            }
          ]
        }
      ],
      "versions": [
        "2.3.0"
      ]
    },
    {
      "package": {
        "ecosystem": "PyPI",
        "name": "tensorflow-gpu"
      },
      "ranges": [
        {
          "type": "ECOSYSTEM",
          "events": [
            {
              "introduced": "2.2.0"
            },
            {
              "fixed": "2.2.1"
            }
          ]
        }
      ],
      "versions": [
        "2.2.0"
      ]
    },
    {
      "package": {
        "ecosystem": "PyPI",
        "name": "tensorflow-gpu"
      },
      "ranges": [
        {
          "type": "ECOSYSTEM",
          "events": [
            {
              "introduced": "2.3.0"
            },
            {
              "fixed": "2.3.1"
            }
          ]
        }
      ],
      "versions": [
        "2.3.0"
      ]
    }
  ],
  "references": [
    {
      "type": "WEB",
      "url": "https://github.com/tensorflow/tensorflow/security/advisories/GHSA-q8qj-fc9q-cphr"
    },
    {
      "type": "ADVISORY",
      "url": "https://nvd.nist.gov/vuln/detail/CVE-2020-15191"
    },
    {
      "type": "WEB",
      "url": "https://github.com/tensorflow/tensorflow/commit/22e07fb204386768e5bcbea563641ea11f96ceb8"
    },
    {
      "type": "WEB",
      "url": "https://github.com/pypa/advisory-database/tree/main/vulns/tensorflow-cpu/PYSEC-2020-271.yaml"
    },
    {
      "type": "WEB",
      "url": "https://github.com/pypa/advisory-database/tree/main/vulns/tensorflow-gpu/PYSEC-2020-306.yaml"
    },
    {
      "type": "WEB",
      "url": "https://github.com/pypa/advisory-database/tree/main/vulns/tensorflow/PYSEC-2020-114.yaml"
    },
    {
      "type": "PACKAGE",
      "url": "https://github.com/tensorflow/tensorflow"
    },
    {
      "type": "WEB",
      "url": "https://github.com/tensorflow/tensorflow/releases/tag/v2.3.1"
    },
    {
      "type": "WEB",
      "url": "http://lists.opensuse.org/opensuse-security-announce/2020-10/msg00065.html"
    }
  ],
  "database_specific": {
    "cwe_ids": [
      "CWE-20",
      "CWE-252",
      "CWE-476"
    ],
    "severity": "MODERATE",
    "github_reviewed": true,
    "github_reviewed_at": "2020-09-25T17:03:28Z",
    "nvd_published_at": "2020-09-25T19:15:00Z"
  }
}