{
  "schema_version": "1.4.0",
  "id": "GHSA-vh98-fqfc-4hj3",
  "modified": "2022-11-08T14:24:20Z",
  "published": "2022-05-13T01:48:08Z",
  "aliases": [
    "CVE-2017-9797"
  ],
  "summary": "Apache Geode vulnerable to Exposure of Sensitive Information",
  "details": "When an Apache Geode cluster before v1.2.1 is operating in secure mode, an unauthenticated client can enter multi-user authentication mode and send metadata messages. These metadata operations could leak information about application data types. In addition, an attacker could perform a denial of service attack on the cluster.",
  "severity": [
    {
      "type": "CVSS_V3",
      "score": "CVSS:3.0/AV:N/AC:H/PR:N/UI:N/S:U/C:L/I:N/A:H"
    }
  ],
  "affected": [
    {
      "package": {
        "ecosystem": "Maven",
        "name": "org.apache.geode:geode-core"
      },
      "ranges": [
        {
          "type": "ECOSYSTEM",
          "events": [
            {
              "introduced": "1.0.0"
            },
            {
              "fixed": "1.2.1"
            }
          ]
        }
      ]
    }
  ],
  "references": [
    {
      "type": "ADVISORY",
      "url": "https://nvd.nist.gov/vuln/detail/CVE-2017-9797"
    },
    {
      "type": "WEB",
      "url": "https://cwiki.apache.org/confluence/display/GEODE/Release+Notes#ReleaseNotes-SecurityVulnerabilities"
    },
    {
      "type": "WEB",
      "url": "https://issues.apache.org/jira/browse/GEODE-3249"
    },
    {
      "type": "WEB",
      "url": "http://mail-archives.apache.org/mod_mbox/geode-user/201709.mbox/%3cCAEwge-Hrbb7JS8Nygrh7geyFvW4bMZ3AdCmPOzMfvbniipz0bA@mail.gmail.com%3e"
    }
  ],
  "database_specific": {
    "cwe_ids": [
      "CWE-200"
    ],
    "severity": "MODERATE",
    "github_reviewed": true,
    "github_reviewed_at": "2022-11-08T14:24:20Z",
    "nvd_published_at": "2017-10-03T01:29:00Z"
  }
}