{
  "schema_version": "1.4.0",
  "id": "GHSA-jjp3-m93h-5jm4",
  "modified": "2022-03-24T23:19:35Z",
  "published": "2022-03-12T00:00:34Z",
  "aliases": [
    "CVE-2022-0928"
  ],
  "summary": "Cross-site Scripting in microweber",
  "details": "Microweber drag and drop website builder and CMS with e-commerce. Cross-site Scripting (XSS) discovered in microweber prior to 1.2.12. There is currently no known workaround, users are recommended to update to version 1.2.12.",
  "severity": [
    {
      "type": "CVSS_V3",
      "score": "CVSS:3.0/AV:N/AC:L/PR:H/UI:R/S:U/C:H/I:H/A:H"
    }
  ],
  "affected": [
    {
      "package": {
        "ecosystem": "Packagist",
        "name": "microweber/microweber"
      },
      "ranges": [
        {
          "type": "ECOSYSTEM",
          "events": [
            {
              "introduced": "0"
            },
            {
              "fixed": "1.2.12"
            }
          ]
        }
      ]
    }
  ],
  "references": [
    {
      "type": "ADVISORY",
      "url": "https://nvd.nist.gov/vuln/detail/CVE-2022-0928"
    },
    {
      "type": "WEB",
      "url": "https://github.com/microweber/microweber/commit/fc9137c031f7edec5f50d73b300919fb519c924a"
    },
    {
      "type": "PACKAGE",
      "url": "https://github.com/microweber/microweber"
    },
    {
      "type": "WEB",
      "url": "https://huntr.dev/bounties/085aafdd-ba50-44c7-9650-fa573da29bcd"
    }
  ],
  "database_specific": {
    "cwe_ids": [
      "CWE-79"
    ],
    "severity": "MODERATE",
    "github_reviewed": true,
    "github_reviewed_at": "2022-03-14T23:19:51Z",
    "nvd_published_at": "2022-03-11T11:15:00Z"
  }
}