{
  "schema_version": "1.4.0",
  "id": "GHSA-4vrc-q7m6-vq7w",
  "modified": "2023-04-13T17:58:05Z",
  "published": "2022-11-10T12:01:09Z",
  "aliases": [
    "CVE-2022-44244"
  ],
  "summary": "Lin CMS vulnerable to Improper Authentication",
  "details": "An authentication bypass in Lin-CMS v0.2.1 allows attackers to escalate privileges to Super Administrator.",
  "severity": [
    {
      "type": "CVSS_V3",
      "score": "CVSS:3.1/AV:N/AC:H/PR:H/UI:N/S:U/C:H/I:H/A:H"
    }
  ],
  "affected": [
    {
      "package": {
        "ecosystem": "PyPI",
        "name": "Lin-CMS"
      },
      "ranges": [
        {
          "type": "ECOSYSTEM",
          "events": [
            {
              "introduced": "0"
            },
            {
              "last_affected": "0.2.1"
            }
          ]
        }
      ]
    },
    {
      "package": {
        "ecosystem": "Maven",
        "name": "io.github.talelin:lin-cms-core"
      },
      "ranges": [
        {
          "type": "ECOSYSTEM",
          "events": [
            {
              "introduced": "0"
            },
            {
              "last_affected": "0.2.1"
            }
          ]
        }
      ]
    }
  ],
  "references": [
    {
      "type": "ADVISORY",
      "url": "https://nvd.nist.gov/vuln/detail/CVE-2022-44244"
    },
    {
      "type": "WEB",
      "url": "https://gist.github.com/cai-niao98/58c97899695488bd73a73d56adf44c4c"
    },
    {
      "type": "PACKAGE",
      "url": "https://github.com/TaleLin/lin-cms-flask"
    },
    {
      "type": "WEB",
      "url": "https://github.com/cai-niao98/lin-cms"
    }
  ],
  "database_specific": {
    "cwe_ids": [
      "CWE-287"
    ],
    "severity": "MODERATE",
    "github_reviewed": true,
    "github_reviewed_at": "2022-11-22T00:18:48Z",
    "nvd_published_at": "2022-11-09T22:15:00Z"
  }
}