{
  "schema_version": "1.4.0",
  "id": "GHSA-9vg9-x38g-9hfx",
  "modified": "2024-03-05T14:37:42Z",
  "published": "2022-05-17T03:53:52Z",
  "aliases": [
    "CVE-2014-2064"
  ],
  "summary": "Jenkins allows attackers to determine whether a user exists",
  "details": "The loadUserByUsername function in hudson/security/HudsonPrivateSecurityRealm.java in Jenkins before 1.551 and LTS before 1.532.2 allows remote attackers to determine whether a user exists via vectors related to failed login attempts.",
  "severity": [],
  "affected": [
    {
      "package": {
        "ecosystem": "Maven",
        "name": "org.jenkins-ci.main:jenkins-core"
      },
      "ranges": [
        {
          "type": "ECOSYSTEM",
          "events": [
            {
              "introduced": "1.533"
            },
            {
              "fixed": "1.551"
            }
          ]
        }
      ]
    },
    {
      "package": {
        "ecosystem": "Maven",
        "name": "org.jenkins-ci.main:jenkins-core"
      },
      "ranges": [
        {
          "type": "ECOSYSTEM",
          "events": [
            {
              "introduced": "0"
            },
            {
              "fixed": "1.532.2"
            }
          ]
        }
      ]
    }
  ],
  "references": [
    {
      "type": "ADVISORY",
      "url": "https://nvd.nist.gov/vuln/detail/CVE-2014-2064"
    },
    {
      "type": "WEB",
      "url": "https://github.com/jenkinsci/jenkins/commit/fbf96734470caba9364f04e0b77b0bae7293a1ec"
    },
    {
      "type": "PACKAGE",
      "url": "https://github.com/jenkinsci/jenkins"
    },
    {
      "type": "WEB",
      "url": "https://wiki.jenkins-ci.org/display/SECURITY/Jenkins+Security+Advisory+2014-02-14"
    },
    {
      "type": "WEB",
      "url": "http://www.openwall.com/lists/oss-security/2014/02/21/2"
    }
  ],
  "database_specific": {
    "cwe_ids": [
      "CWE-200"
    ],
    "severity": "MODERATE",
    "github_reviewed": true,
    "github_reviewed_at": "2024-03-05T14:37:42Z",
    "nvd_published_at": "2014-10-17T15:55:00Z"
  }
}