{
  "schema_version": "1.4.0",
  "id": "GHSA-m5vv-6r4h-3vj9",
  "modified": "2024-07-08T14:32:27Z",
  "published": "2024-06-11T18:30:50Z",
  "aliases": [
    "CVE-2024-35255"
  ],
  "summary": "Azure Identity Libraries and Microsoft Authentication Library Elevation of Privilege Vulnerability",
  "details": "Azure Identity Libraries and Microsoft Authentication Library Elevation of Privilege Vulnerability.",
  "severity": [
    {
      "type": "CVSS_V3",
      "score": "CVSS:3.1/AV:L/AC:L/PR:L/UI:N/S:U/C:H/I:N/A:N"
    },
    {
      "type": "CVSS_V4",
      "score": "CVSS:4.0/AV:L/AC:L/AT:N/PR:L/UI:N/VC:H/VI:N/VA:N/SC:N/SI:N/SA:N"
    }
  ],
  "affected": [
    {
      "package": {
        "ecosystem": "PyPI",
        "name": "azure-identity"
      },
      "ranges": [
        {
          "type": "ECOSYSTEM",
          "events": [
            {
              "introduced": "0"
            },
            {
              "fixed": "1.16.1"
            }
          ]
        }
      ]
    },
    {
      "package": {
        "ecosystem": "npm",
        "name": "@azure/identity"
      },
      "ranges": [
        {
          "type": "ECOSYSTEM",
          "events": [
            {
              "introduced": "0"
            },
            {
              "fixed": "4.2.1"
            }
          ]
        }
      ]
    },
    {
      "package": {
        "ecosystem": "Maven",
        "name": "com.azure:azure-identity"
      },
      "ranges": [
        {
          "type": "ECOSYSTEM",
          "events": [
            {
              "introduced": "0"
            },
            {
              "fixed": "1.12.2"
            }
          ]
        }
      ]
    },
    {
      "package": {
        "ecosystem": "npm",
        "name": "@azure/msal-node"
      },
      "ranges": [
        {
          "type": "ECOSYSTEM",
          "events": [
            {
              "introduced": "2.7.0"
            },
            {
              "fixed": "2.9.2"
            }
          ]
        }
      ]
    },
    {
      "package": {
        "ecosystem": "NuGet",
        "name": "Microsoft.Identity.Client"
      },
      "ranges": [
        {
          "type": "ECOSYSTEM",
          "events": [
            {
              "introduced": "4.49.1"
            },
            {
              "fixed": "4.60.4"
            }
          ]
        }
      ]
    },
    {
      "package": {
        "ecosystem": "Go",
        "name": "github.com/Azure/azure-sdk-for-go/sdk/azidentity"
      },
      "ranges": [
        {
          "type": "ECOSYSTEM",
          "events": [
            {
              "introduced": "0"
            },
            {
              "fixed": "1.6.0"
            }
          ]
        }
      ]
    },
    {
      "package": {
        "ecosystem": "Maven",
        "name": "com.microsoft.azure:msal4j"
      },
      "ranges": [
        {
          "type": "ECOSYSTEM",
          "events": [
            {
              "introduced": "1.14.4-beta"
            },
            {
              "fixed": "1.15.1"
            }
          ]
        }
      ]
    },
    {
      "package": {
        "ecosystem": "NuGet",
        "name": "Azure.Identity"
      },
      "ranges": [
        {
          "type": "ECOSYSTEM",
          "events": [
            {
              "introduced": "0"
            },
            {
              "fixed": "1.11.4"
            }
          ]
        }
      ]
    },
    {
      "package": {
        "ecosystem": "NuGet",
        "name": "Microsoft.Identity.Client"
      },
      "ranges": [
        {
          "type": "ECOSYSTEM",
          "events": [
            {
              "introduced": "4.61.0"
            },
            {
              "fixed": "4.61.3"
            }
          ]
        }
      ]
    }
  ],
  "references": [
    {
      "type": "ADVISORY",
      "url": "https://nvd.nist.gov/vuln/detail/CVE-2024-35255"
    },
    {
      "type": "WEB",
      "url": "https://github.com/AzureAD/microsoft-authentication-library-for-dotnet/issues/4806#issuecomment-2178960340"
    },
    {
      "type": "WEB",
      "url": "https://github.com/Azure/azure-sdk-for-go/commit/50774cd9709905523136fb05e8c85a50e8984499"
    },
    {
      "type": "WEB",
      "url": "https://github.com/Azure/azure-sdk-for-java/commit/5bf020d6ea056de40e2738e3647a4e06f902c18d"
    },
    {
      "type": "WEB",
      "url": "https://github.com/Azure/azure-sdk-for-js/commit/c6aa75d312ae463e744163cedfd8fc480cc8d492"
    },
    {
      "type": "WEB",
      "url": "https://github.com/Azure/azure-sdk-for-net/commit/9279a4f38bf69b457cfb9b354f210e0a540a5c53"
    },
    {
      "type": "WEB",
      "url": "https://github.com/Azure/azure-sdk-for-python/commit/cb065acd7d0f957327dc4f02d1646d4e51a94178"
    },
    {
      "type": "WEB",
      "url": "https://msrc.microsoft.com/update-guide/vulnerability/CVE-2024-35255"
    }
  ],
  "database_specific": {
    "cwe_ids": [
      "CWE-362"
    ],
    "severity": "MODERATE",
    "github_reviewed": true,
    "github_reviewed_at": "2024-06-11T19:57:01Z",
    "nvd_published_at": "2024-06-11T17:16:03Z"
  }
}