{
  "schema_version": "1.4.0",
  "id": "GHSA-xv6v-72hh-g6g2",
  "modified": "2020-06-16T22:04:31Z",
  "published": "2018-10-18T17:22:26Z",
  "withdrawn": "2020-06-16T22:04:31Z",
  "aliases": [
    "CVE-2018-1000643"
  ],
  "summary": "Moderate severity vulnerability that affects org.owasp.antisamy:antisamy",
  "details": "OWASP OWASP ANTISAMY version 1.5.7 and earlier contains a Cross Site Scripting (XSS) vulnerability in AntiSamy.scan() - for both SAX & DOM that can result in Cross Site Scripting.",
  "severity": [],
  "affected": [
    {
      "package": {
        "ecosystem": "Maven",
        "name": "org.owasp.antisamy:antisamy"
      },
      "ranges": [
        {
          "type": "ECOSYSTEM",
          "events": [
            {
              "introduced": "0"
            },
            {
              "last_affected": "1.5.7"
            }
          ]
        }
      ]
    }
  ],
  "references": [
    {
      "type": "ADVISORY",
      "url": "https://nvd.nist.gov/vuln/detail/CVE-2018-1000643"
    },
    {
      "type": "ADVISORY",
      "url": "https://github.com/advisories/GHSA-xv6v-72hh-g6g2"
    }
  ],
  "database_specific": {
    "cwe_ids": [],
    "severity": "MODERATE",
    "github_reviewed": true,
    "github_reviewed_at": "2020-06-16T22:04:31Z",
    "nvd_published_at": null
  }
}