{
  "schema_version": "1.4.0",
  "id": "GHSA-grmg-5q49-mqmf",
  "modified": "2024-01-09T21:35:48Z",
  "published": "2022-05-14T01:38:17Z",
  "aliases": [
    "CVE-2018-1000422"
  ],
  "summary": "Jenkins Crowd 2 Integration Plugin server-side request forgery vulnerability",
  "details": "An improper authorization vulnerability exists in Jenkins Crowd 2 Integration Plugin 2.0.0 and earlier in CrowdSecurityRealm.java that allows attackers to have Jenkins perform a connection test, connecting to an attacker-specified server with attacker-specified credentials and connection settings.",
  "severity": [
    {
      "type": "CVSS_V3",
      "score": "CVSS:3.0/AV:N/AC:L/PR:L/UI:N/S:U/C:N/I:H/A:N"
    }
  ],
  "affected": [
    {
      "package": {
        "ecosystem": "Maven",
        "name": "org.jenkins-ci.plugins:crowd2"
      },
      "ranges": [
        {
          "type": "ECOSYSTEM",
          "events": [
            {
              "introduced": "0"
            },
            {
              "fixed": "2.0.1"
            }
          ]
        }
      ],
      "database_specific": {
        "last_known_affected_version_range": "<= 2.0.0"
      }
    }
  ],
  "references": [
    {
      "type": "ADVISORY",
      "url": "https://nvd.nist.gov/vuln/detail/CVE-2018-1000422"
    },
    {
      "type": "WEB",
      "url": "https://github.com/jenkinsci/crowd2-plugin/commit/a93d0fa221454adb4087520d8c1c087828211598"
    },
    {
      "type": "PACKAGE",
      "url": "https://github.com/jenkinsci/crowd2-plugin"
    },
    {
      "type": "WEB",
      "url": "https://jenkins.io/security/advisory/2018-09-25/#SECURITY-1067"
    },
    {
      "type": "WEB",
      "url": "https://web.archive.org/web/20200227092927/http://www.securityfocus.com/bid/106532"
    }
  ],
  "database_specific": {
    "cwe_ids": [
      "CWE-918"
    ],
    "severity": "MODERATE",
    "github_reviewed": true,
    "github_reviewed_at": "2024-01-09T21:35:48Z",
    "nvd_published_at": "2019-01-09T23:29:00Z"
  }
}