{
  "schema_version": "1.4.0",
  "id": "GHSA-959q-32g8-vvp7",
  "modified": "2020-06-16T21:27:40Z",
  "published": "2018-10-18T16:50:05Z",
  "aliases": [
    "CVE-2017-12161"
  ],
  "summary": "Moderate severity vulnerability that affects org.keycloak:keycloak-core",
  "details": "It was found that keycloak before 3.4.2 final would permit misuse of a client-side /etc/hosts entry to spoof a URL in a password reset request. An attacker could use this flaw to craft a malicious password reset request and gain a valid reset token, leading to information disclosure or further attacks.",
  "severity": [],
  "affected": [
    {
      "package": {
        "ecosystem": "Maven",
        "name": "org.keycloak:keycloak-core"
      },
      "ranges": [
        {
          "type": "ECOSYSTEM",
          "events": [
            {
              "introduced": "0"
            },
            {
              "fixed": "3.4.2"
            }
          ]
        }
      ]
    }
  ],
  "references": [
    {
      "type": "ADVISORY",
      "url": "https://nvd.nist.gov/vuln/detail/CVE-2017-12161"
    },
    {
      "type": "WEB",
      "url": "https://github.com/keycloak/keycloak-documentation/pull/268/commits/a2b58aadee42af2c375b72e86dffc2cf23cc3770"
    },
    {
      "type": "WEB",
      "url": "https://bugzilla.redhat.com/show_bug.cgi?id=1484564"
    },
    {
      "type": "ADVISORY",
      "url": "https://github.com/advisories/GHSA-959q-32g8-vvp7"
    }
  ],
  "database_specific": {
    "cwe_ids": [
      "CWE-602"
    ],
    "severity": "MODERATE",
    "github_reviewed": true,
    "github_reviewed_at": "2020-06-16T21:27:40Z",
    "nvd_published_at": null
  }
}