{
  "schema_version": "1.4.0",
  "id": "GHSA-9h6g-6mxg-vvp4",
  "modified": "2021-10-08T21:24:35Z",
  "published": "2021-04-19T14:47:18Z",
  "aliases": [],
  "summary": "Timing side channel vulnerability in endpoint request handler in Vaadin 15-19",
  "details": "Non-constant-time comparison of CSRF tokens in endpoint request handler in `com.vaadin:flow-server` versions 3.0.0 through 5.0.3 (Vaadin 15.0.0 through 18.0.6), and com.vaadin:fusion-endpoint version 6.0.0 (Vaadin 19.0.0) allows attacker to guess a security token for Fusion endpoints via timing attack.\n\n- https://vaadin.com/security/cve-2021-31406",
  "severity": [
    {
      "type": "CVSS_V3",
      "score": "CVSS:3.1/AV:L/AC:H/PR:N/UI:N/S:U/C:L/I:L/A:N"
    }
  ],
  "affected": [
    {
      "package": {
        "ecosystem": "Maven",
        "name": "com.vaadin:vaadin-bom"
      },
      "ranges": [
        {
          "type": "ECOSYSTEM",
          "events": [
            {
              "introduced": "19.0.0"
            },
            {
              "fixed": "19.0.1"
            }
          ]
        }
      ],
      "versions": [
        "19.0.0"
      ]
    },
    {
      "package": {
        "ecosystem": "Maven",
        "name": "com.vaadin:vaadin-bom"
      },
      "ranges": [
        {
          "type": "ECOSYSTEM",
          "events": [
            {
              "introduced": "15.0.0"
            },
            {
              "fixed": "18.0.7"
            }
          ]
        }
      ]
    }
  ],
  "references": [
    {
      "type": "WEB",
      "url": "https://github.com/vaadin/platform/security/advisories/GHSA-9h6g-6mxg-vvp4"
    },
    {
      "type": "WEB",
      "url": "https://github.com/vaadin/platform"
    },
    {
      "type": "WEB",
      "url": "https://vaadin.com/security/cve-2021-31406"
    }
  ],
  "database_specific": {
    "cwe_ids": [
      "CWE-208"
    ],
    "severity": "MODERATE",
    "github_reviewed": true,
    "github_reviewed_at": "2021-04-16T23:13:06Z",
    "nvd_published_at": null
  }
}