{
  "schema_version": "1.4.0",
  "id": "GHSA-v762-47vh-j7q3",
  "modified": "2023-08-23T18:02:10Z",
  "published": "2022-05-24T17:40:05Z",
  "aliases": [
    "CVE-2020-21146"
  ],
  "summary": "Feehi CMS vulnerable to Cross-site Scripting in Username Field",
  "details": "Feehi CMS 2.0.8 is affected by a cross-site scripting (XSS) vulnerability. When the user name is inserted as JavaScript code, browsing the post will trigger the XSS.",
  "severity": [
    {
      "type": "CVSS_V3",
      "score": "CVSS:3.1/AV:N/AC:L/PR:N/UI:R/S:C/C:L/I:L/A:N"
    }
  ],
  "affected": [
    {
      "package": {
        "ecosystem": "Packagist",
        "name": "feehi/cms"
      },
      "ranges": [
        {
          "type": "ECOSYSTEM",
          "events": [
            {
              "introduced": "0"
            },
            {
              "fixed": "2.0.8.1"
            }
          ]
        }
      ],
      "database_specific": {
        "last_known_affected_version_range": "<= 2.0.8"
      }
    }
  ],
  "references": [
    {
      "type": "ADVISORY",
      "url": "https://nvd.nist.gov/vuln/detail/CVE-2020-21146"
    },
    {
      "type": "WEB",
      "url": "https://github.com/liufee/cms/issues/43"
    },
    {
      "type": "WEB",
      "url": "https://github.com/liufee/cms/commit/e92f6877d96e53498101d0664174956e94223d6e"
    },
    {
      "type": "PACKAGE",
      "url": "https://github.com/liufee/cms"
    }
  ],
  "database_specific": {
    "cwe_ids": [
      "CWE-79"
    ],
    "severity": "MODERATE",
    "github_reviewed": true,
    "github_reviewed_at": "2023-07-06T20:56:04Z",
    "nvd_published_at": "2021-01-26T18:15:00Z"
  }
}