{
  "schema_version": "1.4.0",
  "id": "GHSA-2xjj-5x6h-8vmf",
  "modified": "2023-08-25T20:14:16Z",
  "published": "2017-10-24T18:33:38Z",
  "aliases": [
    "CVE-2012-1099"
  ],
  "summary": "Cross-site Scripting in actionpack",
  "details": "Cross-site scripting (XSS) vulnerability in `actionpack/lib/action_view/helpers/form_options_helper.rb` in the select helper in Ruby on Rails 3.0.x before 3.0.12, 3.1.x before 3.1.4, and 3.2.x before 3.2.2 allows remote attackers to inject arbitrary web script or HTML via vectors involving certain generation of OPTION elements within SELECT elements.",
  "severity": [],
  "affected": [
    {
      "package": {
        "ecosystem": "RubyGems",
        "name": "actionpack"
      },
      "ranges": [
        {
          "type": "ECOSYSTEM",
          "events": [
            {
              "introduced": "3.0.0"
            },
            {
              "fixed": "3.0.12"
            }
          ]
        }
      ]
    },
    {
      "package": {
        "ecosystem": "RubyGems",
        "name": "actionpack"
      },
      "ranges": [
        {
          "type": "ECOSYSTEM",
          "events": [
            {
              "introduced": "3.1.0"
            },
            {
              "fixed": "3.1.4"
            }
          ]
        }
      ]
    },
    {
      "package": {
        "ecosystem": "RubyGems",
        "name": "actionpack"
      },
      "ranges": [
        {
          "type": "ECOSYSTEM",
          "events": [
            {
              "introduced": "3.2.0"
            },
            {
              "fixed": "3.2.2"
            }
          ]
        }
      ]
    }
  ],
  "references": [
    {
      "type": "ADVISORY",
      "url": "https://nvd.nist.gov/vuln/detail/CVE-2012-1099"
    },
    {
      "type": "WEB",
      "url": "https://bugzilla.redhat.com/show_bug.cgi?id=799276"
    },
    {
      "type": "ADVISORY",
      "url": "https://github.com/advisories/GHSA-2xjj-5x6h-8vmf"
    },
    {
      "type": "WEB",
      "url": "https://github.com/rubysec/ruby-advisory-db/blob/master/gems/actionpack/CVE-2012-1099.yml"
    },
    {
      "type": "WEB",
      "url": "http://groups.google.com/group/rubyonrails-security/msg/6fca4f5c47705488?dmode=source&output=gplain"
    },
    {
      "type": "WEB",
      "url": "http://lists.fedoraproject.org/pipermail/package-announce/2012-March/075675.html"
    },
    {
      "type": "WEB",
      "url": "http://lists.fedoraproject.org/pipermail/package-announce/2012-March/075740.html"
    },
    {
      "type": "WEB",
      "url": "http://weblog.rubyonrails.org/2012/3/1/ann-rails-3-0-12-has-been-released"
    },
    {
      "type": "WEB",
      "url": "http://www.debian.org/security/2012/dsa-2466"
    },
    {
      "type": "WEB",
      "url": "http://www.openwall.com/lists/oss-security/2012/03/02/6"
    },
    {
      "type": "WEB",
      "url": "http://www.openwall.com/lists/oss-security/2012/03/03/1"
    }
  ],
  "database_specific": {
    "cwe_ids": [
      "CWE-79"
    ],
    "severity": "MODERATE",
    "github_reviewed": true,
    "github_reviewed_at": "2020-06-16T20:53:21Z",
    "nvd_published_at": "2012-03-13T10:55:01Z"
  }
}