{
  "schema_version": "1.4.0",
  "id": "GHSA-6pqm-xvfc-w7p4",
  "modified": "2021-12-03T15:18:52Z",
  "published": "2021-12-03T20:42:35Z",
  "aliases": [
    "CVE-2021-3993"
  ],
  "summary": "showdoc is vulnerable to Cross-Site Request Forgery (CSRF)",
  "details": "showdoc is vulnerable to Cross-Site Request Forgery (CSRF).",
  "severity": [
    {
      "type": "CVSS_V3",
      "score": "CVSS:3.1/AV:N/AC:L/PR:N/UI:R/S:U/C:N/I:H/A:N"
    }
  ],
  "affected": [
    {
      "package": {
        "ecosystem": "Packagist",
        "name": "showdoc/showdoc"
      },
      "ranges": [
        {
          "type": "ECOSYSTEM",
          "events": [
            {
              "introduced": "0"
            },
            {
              "fixed": "2.9.13"
            }
          ]
        }
      ]
    }
  ],
  "references": [
    {
      "type": "ADVISORY",
      "url": "https://nvd.nist.gov/vuln/detail/CVE-2021-3993"
    },
    {
      "type": "WEB",
      "url": "https://github.com/star7th/showdoc/commit/654e871a3923e79076818a9a03533fe88222c871"
    },
    {
      "type": "PACKAGE",
      "url": "https://github.com/star7th/showdoc"
    },
    {
      "type": "WEB",
      "url": "https://huntr.dev/bounties/0aa84736-139b-4ae7-becf-604f7f60b1c9"
    }
  ],
  "database_specific": {
    "cwe_ids": [
      "CWE-352"
    ],
    "severity": "MODERATE",
    "github_reviewed": true,
    "github_reviewed_at": "2021-12-02T21:17:10Z",
    "nvd_published_at": "2021-12-01T11:15:00Z"
  }
}