{
  "schema_version": "1.4.0",
  "id": "GHSA-p33q-4h4m-j994",
  "modified": "2023-01-12T18:51:20Z",
  "published": "2023-01-07T12:30:14Z",
  "aliases": [
    "CVE-2020-36644"
  ],
  "summary": "Inline SVG vulnerable to Cross-site Scripting",
  "details": "A vulnerability has been found in jamesmartin Inline SVG up to 1.7.1 and classified as problematic. Affected by this vulnerability is an unknown functionality of the file `lib/inline_svg/action_view/helpers.rb` of the component `URL Parameter Handler`. The manipulation of the argument filename leads to cross site scripting. The attack can be launched remotely. Upgrading to version 1.7.2 is able to address this issue. The name of the patch is f5363b351508486021f99e083c92068cf2943621. It is recommended to upgrade the affected component. The identifier VDB-217597 was assigned to this vulnerability.",
  "severity": [
    {
      "type": "CVSS_V3",
      "score": "CVSS:3.1/AV:N/AC:L/PR:N/UI:R/S:C/C:L/I:L/A:N"
    }
  ],
  "affected": [
    {
      "package": {
        "ecosystem": "RubyGems",
        "name": "inline_svg"
      },
      "ranges": [
        {
          "type": "ECOSYSTEM",
          "events": [
            {
              "introduced": "0"
            },
            {
              "fixed": "1.7.2"
            }
          ]
        }
      ]
    }
  ],
  "references": [
    {
      "type": "ADVISORY",
      "url": "https://nvd.nist.gov/vuln/detail/CVE-2020-36644"
    },
    {
      "type": "WEB",
      "url": "https://github.com/jamesmartin/inline_svg/pull/117"
    },
    {
      "type": "WEB",
      "url": "https://github.com/jamesmartin/inline_svg/commit/f5363b351508486021f99e083c92068cf2943621"
    },
    {
      "type": "PACKAGE",
      "url": "https://github.com/jamesmartin/inline_svg"
    },
    {
      "type": "WEB",
      "url": "https://github.com/jamesmartin/inline_svg/releases/tag/v1.7.2"
    },
    {
      "type": "WEB",
      "url": "https://github.com/rubysec/ruby-advisory-db/blob/master/gems/inline_svg/CVE-2020-36644.yml"
    },
    {
      "type": "WEB",
      "url": "https://vuldb.com/?ctiid.217597"
    },
    {
      "type": "WEB",
      "url": "https://vuldb.com/?id.217597"
    }
  ],
  "database_specific": {
    "cwe_ids": [
      "CWE-79"
    ],
    "severity": "MODERATE",
    "github_reviewed": true,
    "github_reviewed_at": "2023-01-09T21:54:19Z",
    "nvd_published_at": "2023-01-07T10:15:00Z"
  }
}