{
  "schema_version": "1.4.0",
  "id": "GHSA-694v-63fq-fmr4",
  "modified": "2022-05-18T19:57:37Z",
  "published": "2022-05-04T00:00:24Z",
  "aliases": [
    "CVE-2022-1554"
  ],
  "summary": "Path Traversal in scout-browser",
  "details": "Scout is a Variant Call Format (VCF) visualization interface. The Pypi package `scout-browser` is vulnerable to path traversal due to `send_file` call in versions prior to 4.52.",
  "severity": [
    {
      "type": "CVSS_V3",
      "score": "CVSS:3.0/AV:N/AC:L/PR:L/UI:R/S:U/C:L/I:H/A:L"
    }
  ],
  "affected": [
    {
      "package": {
        "ecosystem": "PyPI",
        "name": "scout-browser"
      },
      "ranges": [
        {
          "type": "ECOSYSTEM",
          "events": [
            {
              "introduced": "0"
            },
            {
              "fixed": "4.52"
            }
          ]
        }
      ]
    }
  ],
  "references": [
    {
      "type": "ADVISORY",
      "url": "https://nvd.nist.gov/vuln/detail/CVE-2022-1554"
    },
    {
      "type": "WEB",
      "url": "https://github.com/Clinical-Genomics/scout/issues/3128"
    },
    {
      "type": "WEB",
      "url": "https://github.com/Clinical-Genomics/scout/issues/3302"
    },
    {
      "type": "WEB",
      "url": "https://github.com/Clinical-Genomics/scout/pull/3303"
    },
    {
      "type": "WEB",
      "url": "https://github.com/clinical-genomics/scout/commit/952a2e2319af2d95d22b017a561730feac086ff1"
    },
    {
      "type": "PACKAGE",
      "url": "https://github.com/clinical-genomics/scout"
    },
    {
      "type": "WEB",
      "url": "https://huntr.dev/bounties/7acac778-5ba4-4f02-99e2-e4e17a81e600"
    }
  ],
  "database_specific": {
    "cwe_ids": [
      "CWE-22",
      "CWE-36"
    ],
    "severity": "MODERATE",
    "github_reviewed": true,
    "github_reviewed_at": "2022-05-18T19:57:37Z",
    "nvd_published_at": "2022-05-03T09:15:00Z"
  }
}