{
  "schema_version": "1.4.0",
  "id": "GHSA-322v-p3jc-7hrg",
  "modified": "2022-03-30T18:05:15Z",
  "published": "2022-03-26T00:00:34Z",
  "aliases": [
    "CVE-2022-25576"
  ],
  "summary": "Cross-Site Request Forgery in Anchor CMS",
  "details": "Anchor CMS v0.12.7 was discovered to contain a Cross-Site Request Forgery (CSRF) via the component anchor/routes/posts.php. This vulnerability allows attackers to arbitrarily delete posts.",
  "severity": [
    {
      "type": "CVSS_V3",
      "score": "CVSS:3.1/AV:N/AC:L/PR:H/UI:R/S:U/C:N/I:H/A:N"
    }
  ],
  "affected": [
    {
      "package": {
        "ecosystem": "Packagist",
        "name": "anchorcms/anchor-cms"
      },
      "ranges": [
        {
          "type": "ECOSYSTEM",
          "events": [
            {
              "introduced": "0"
            },
            {
              "last_affected": "0.12.7"
            }
          ]
        }
      ]
    }
  ],
  "references": [
    {
      "type": "ADVISORY",
      "url": "https://nvd.nist.gov/vuln/detail/CVE-2022-25576"
    },
    {
      "type": "PACKAGE",
      "url": "https://github.com/anchorcms/anchor-cms"
    },
    {
      "type": "WEB",
      "url": "https://github.com/butterflyhack/anchorcms-0.12.7-CSRF"
    }
  ],
  "database_specific": {
    "cwe_ids": [
      "CWE-352"
    ],
    "severity": "MODERATE",
    "github_reviewed": true,
    "github_reviewed_at": "2022-03-30T18:05:15Z",
    "nvd_published_at": "2022-03-24T23:15:00Z"
  }
}