{
  "schema_version": "1.4.0",
  "id": "GHSA-p479-rwhp-rwjx",
  "modified": "2023-10-27T15:19:06Z",
  "published": "2022-01-06T18:45:29Z",
  "aliases": [
    "CVE-2021-21667"
  ],
  "summary": "Stored XSS vulnerability in Jenkins Scriptler Plugin",
  "details": "Jenkins Scriptler Plugin 3.2 and earlier does not escape parameter names shown in job configuration forms.\n\nThis results in a stored cross-site scripting (XSS) vulnerability exploitable by attackers with Scriptler/Configure permission.\n\nJenkins Scriptler Plugin 3.3 escapes parameter names shown in job configuration forms.",
  "severity": [
    {
      "type": "CVSS_V3",
      "score": "CVSS:3.1/AV:N/AC:L/PR:L/UI:R/S:C/C:L/I:L/A:N"
    }
  ],
  "affected": [
    {
      "package": {
        "ecosystem": "Maven",
        "name": "org.jenkins-ci.plugins:scriptler"
      },
      "ranges": [
        {
          "type": "ECOSYSTEM",
          "events": [
            {
              "introduced": "0"
            },
            {
              "fixed": "3.3"
            }
          ]
        }
      ]
    }
  ],
  "references": [
    {
      "type": "ADVISORY",
      "url": "https://nvd.nist.gov/vuln/detail/CVE-2021-21667"
    },
    {
      "type": "WEB",
      "url": "https://github.com/jenkinsci/scriptler-plugin/commit/ea9c4e6abdd15ee4731e76bb7130069af6dfed88"
    },
    {
      "type": "PACKAGE",
      "url": "https://github.com/jenkinsci/scriptler-plugin"
    },
    {
      "type": "WEB",
      "url": "https://www.jenkins.io/security/advisory/2021-06-16/#SECURITY-2224"
    },
    {
      "type": "WEB",
      "url": "http://www.openwall.com/lists/oss-security/2021/06/16/3"
    }
  ],
  "database_specific": {
    "cwe_ids": [
      "CWE-79"
    ],
    "severity": "MODERATE",
    "github_reviewed": true,
    "github_reviewed_at": "2021-06-17T17:43:32Z",
    "nvd_published_at": "2021-06-16T14:15:00Z"
  }
}