{
  "schema_version": "1.4.0",
  "id": "GHSA-2pw2-qpcp-m47x",
  "modified": "2023-08-22T21:59:17Z",
  "published": "2022-05-24T17:23:42Z",
  "aliases": [
    "CVE-2020-9311"
  ],
  "summary": "Silverstripe CMS XSS Vulnerability",
  "details": "In SilverStripe through 4.5, malicious users with a valid Silverstripe CMS login (usually CMS access) can craft profile information which can lead to XSS for other users through specially crafted login form URLs.",
  "severity": [
    {
      "type": "CVSS_V3",
      "score": "CVSS:3.1/AV:N/AC:L/PR:L/UI:R/S:C/C:L/I:L/A:N"
    }
  ],
  "affected": [
    {
      "package": {
        "ecosystem": "Packagist",
        "name": "silverstripe/cms"
      },
      "ranges": [
        {
          "type": "ECOSYSTEM",
          "events": [
            {
              "introduced": "0"
            },
            {
              "last_affected": "4.5.0"
            }
          ]
        }
      ]
    },
    {
      "package": {
        "ecosystem": "Packagist",
        "name": "silverstripe/framework"
      },
      "ranges": [
        {
          "type": "ECOSYSTEM",
          "events": [
            {
              "introduced": "3.0.0"
            },
            {
              "fixed": "3.7.5"
            }
          ]
        }
      ]
    }
  ],
  "references": [
    {
      "type": "ADVISORY",
      "url": "https://nvd.nist.gov/vuln/detail/CVE-2020-9311"
    },
    {
      "type": "WEB",
      "url": "https://github.com/FriendsOfPHP/security-advisories/blob/master/silverstripe/framework/CVE-2020-9311.yaml"
    },
    {
      "type": "PACKAGE",
      "url": "https://github.com/silverstripe/silverstripe-cms"
    },
    {
      "type": "WEB",
      "url": "https://www.silverstripe.org/download/security-releases/CVE-2020-9311"
    },
    {
      "type": "WEB",
      "url": "https://www.silverstripe.org/download/security-releases/cve-2020-9311"
    }
  ],
  "database_specific": {
    "cwe_ids": [
      "CWE-79"
    ],
    "severity": "MODERATE",
    "github_reviewed": true,
    "github_reviewed_at": "2023-07-13T21:33:10Z",
    "nvd_published_at": "2020-07-15T21:15:00Z"
  }
}