{
  "schema_version": "1.4.0",
  "id": "GHSA-22xm-w7r2-834q",
  "modified": "2024-08-26T20:32:02Z",
  "published": "2024-08-26T18:33:33Z",
  "aliases": [
    "CVE-2024-42816"
  ],
  "summary": "FastAPI Admin cross-site scripting (XSS) vulnerability in the Create Product function",
  "details": "A cross-site scripting (XSS) vulnerability in the Create Product function of fastapi-admin pro v0.1.4 allows attackers to execute arbitrary web scripts or HTML via a crafted payload injected into the Product Name parameter.",
  "severity": [
    {
      "type": "CVSS_V3",
      "score": "CVSS:3.1/AV:N/AC:L/PR:N/UI:R/S:C/C:L/I:L/A:N"
    },
    {
      "type": "CVSS_V4",
      "score": "CVSS:4.0/AV:N/AC:L/AT:N/PR:N/UI:A/VC:N/VI:N/VA:N/SC:L/SI:L/SA:N"
    }
  ],
  "affected": [
    {
      "package": {
        "ecosystem": "PyPI",
        "name": "fastapi-admin"
      },
      "ranges": [
        {
          "type": "ECOSYSTEM",
          "events": [
            {
              "introduced": "0"
            },
            {
              "last_affected": "0.1.4"
            }
          ]
        }
      ]
    }
  ],
  "references": [
    {
      "type": "ADVISORY",
      "url": "https://nvd.nist.gov/vuln/detail/CVE-2024-42816"
    },
    {
      "type": "WEB",
      "url": "https://github.com/fastapi-admin/fastapi-admin/issues/172"
    },
    {
      "type": "WEB",
      "url": "https://fastapi-admin-pro.long2ice.io/admin/login"
    },
    {
      "type": "PACKAGE",
      "url": "https://github.com/fastapi-admin/fastapi-admin"
    }
  ],
  "database_specific": {
    "cwe_ids": [
      "CWE-79"
    ],
    "severity": "MODERATE",
    "github_reviewed": true,
    "github_reviewed_at": "2024-08-26T20:32:02Z",
    "nvd_published_at": "2024-08-26T16:15:09Z"
  }
}