{
  "schema_version": "1.4.0",
  "id": "GHSA-9gqh-q4cx-f2h9",
  "modified": "2025-01-14T22:15:58Z",
  "published": "2019-02-18T23:50:41Z",
  "aliases": [
    "CVE-2016-10594"
  ],
  "summary": "ipip downloads Resources over HTTP",
  "details": "Affected versions of `ipip` insecurely downloads resources over HTTP. \n\nIn scenarios where an attacker has a privileged network position, they can modify or read such resources at will. While the exact severity of impact for a vulnerability like this is highly variable and depends on the behavior of the package itself, it ranges from being able to read sensitive information all the way up to and including remote code execution.\n\n\n## Recommendation\n\nNo patch is currently available for this vulnerability, and the README states that the package is deprecated.\n\nThe best mitigation is currently to avoid using this package, using a different package if available. \n\nAlternatively, the risk of exploitation can be reduced by ensuring that this package is not installed while connected to a public network. If the package is installed on a private network, the only people who can exploit this vulnerability are those who have compromised your network or those who have privileged access to your ISP, such as Nation State Actors or Rogue ISP Employees.",
  "severity": [
    {
      "type": "CVSS_V3",
      "score": "CVSS:3.0/AV:N/AC:H/PR:N/UI:N/S:U/C:H/I:N/A:N"
    }
  ],
  "affected": [
    {
      "package": {
        "ecosystem": "npm",
        "name": "ipip"
      },
      "ranges": [
        {
          "type": "ECOSYSTEM",
          "events": [
            {
              "introduced": "0"
            },
            {
              "last_affected": "3.0.0"
            }
          ]
        }
      ]
    }
  ],
  "references": [
    {
      "type": "ADVISORY",
      "url": "https://nvd.nist.gov/vuln/detail/CVE-2016-10594"
    },
    {
      "type": "PACKAGE",
      "url": "https://github.com/ChiChou/node-ipip"
    },
    {
      "type": "WEB",
      "url": "https://www.npmjs.com/advisories/184"
    }
  ],
  "database_specific": {
    "cwe_ids": [
      "CWE-269",
      "CWE-311"
    ],
    "severity": "MODERATE",
    "github_reviewed": true,
    "github_reviewed_at": "2020-06-16T21:28:40Z",
    "nvd_published_at": null
  }
}