{
  "schema_version": "1.4.0",
  "id": "GHSA-p523-jrph-qjc6",
  "modified": "2022-01-06T20:17:22Z",
  "published": "2022-01-06T23:49:17Z",
  "aliases": [
    "CVE-2022-21652"
  ],
  "summary": "Insufficient Session Expiration in shopware",
  "details": "### Impact\n\nAutomatically invalidate sessions upon password change\n\n### Patches\n\nWe recommend updating to the current version 5.7.7. You can get the update to 5.7.7 regularly via the Auto-Updater or directly via the download overview.\n\nFor older versions you can use the Security Plugin:\nhttps://store.shopware.com/en/swag575294366635f/shopware-security-plugin.html\n\n### References\n\nhttps://docs.shopware.com/en/shopware-5-en/securityupdates/security-update-01-2022\n",
  "severity": [
    {
      "type": "CVSS_V3",
      "score": "CVSS:3.1/AV:N/AC:L/PR:L/UI:R/S:U/C:L/I:N/A:N"
    }
  ],
  "affected": [
    {
      "package": {
        "ecosystem": "Packagist",
        "name": "shopware/shopware"
      },
      "ranges": [
        {
          "type": "ECOSYSTEM",
          "events": [
            {
              "introduced": "5.7.3"
            },
            {
              "fixed": "5.7.7"
            }
          ]
        }
      ]
    }
  ],
  "references": [
    {
      "type": "WEB",
      "url": "https://github.com/shopware/shopware/security/advisories/GHSA-p523-jrph-qjc6"
    },
    {
      "type": "ADVISORY",
      "url": "https://nvd.nist.gov/vuln/detail/CVE-2022-21652"
    },
    {
      "type": "WEB",
      "url": "https://github.com/shopware/shopware/commit/47ebd126a94f4b019b6fde64c0df3d18d74ef7d0"
    },
    {
      "type": "WEB",
      "url": "https://docs.shopware.com/en/shopware-5-en/securityupdates/security-update-01-2022"
    },
    {
      "type": "PACKAGE",
      "url": "https://github.com/shopware/shopware"
    }
  ],
  "database_specific": {
    "cwe_ids": [
      "CWE-613"
    ],
    "severity": "LOW",
    "github_reviewed": true,
    "github_reviewed_at": "2022-01-06T20:17:22Z",
    "nvd_published_at": "2022-01-05T20:15:00Z"
  }
}