{
  "schema_version": "1.4.0",
  "id": "GHSA-qqc8-rv37-79q5",
  "modified": "2024-12-18T19:21:46Z",
  "published": "2024-03-15T09:30:37Z",
  "aliases": [
    "CVE-2024-28053"
  ],
  "summary": "Mattermost Server Resource Exhaustion",
  "details": "Resource Exhaustion in Mattermost Server versions 8.1.x before 8.1.10 fails to limit\u00a0the size of the payload that can be read and parsed allowing an attacker to send a\u00a0very large email payload and crash the server.\n\n",
  "severity": [
    {
      "type": "CVSS_V3",
      "score": "CVSS:3.1/AV:N/AC:H/PR:L/UI:N/S:U/C:N/I:N/A:L"
    }
  ],
  "affected": [
    {
      "package": {
        "ecosystem": "Go",
        "name": "github.com/mattermost/mattermost/server/v8"
      },
      "ranges": [
        {
          "type": "ECOSYSTEM",
          "events": [
            {
              "introduced": "0"
            },
            {
              "fixed": "0.0.0-20240209181221-674f549daf0e"
            }
          ]
        }
      ]
    },
    {
      "package": {
        "ecosystem": "Go",
        "name": "github.com/mattermost/mattermost-server"
      },
      "ranges": [
        {
          "type": "ECOSYSTEM",
          "events": [
            {
              "introduced": "0"
            },
            {
              "fixed": "0.0.0-20240209181221-674f549daf0e"
            }
          ]
        }
      ]
    },
    {
      "package": {
        "ecosystem": "Go",
        "name": "github.com/mattermost/mattermost-server/v5"
      },
      "ranges": [
        {
          "type": "ECOSYSTEM",
          "events": [
            {
              "introduced": "0"
            },
            {
              "fixed": "0.0.0-20240209181221-674f549daf0e"
            }
          ]
        }
      ]
    },
    {
      "package": {
        "ecosystem": "Go",
        "name": "github.com/mattermost/mattermost-server/v6"
      },
      "ranges": [
        {
          "type": "ECOSYSTEM",
          "events": [
            {
              "introduced": "0"
            },
            {
              "fixed": "0.0.0-20240209181221-674f549daf0e"
            }
          ]
        }
      ]
    }
  ],
  "references": [
    {
      "type": "ADVISORY",
      "url": "https://nvd.nist.gov/vuln/detail/CVE-2024-28053"
    },
    {
      "type": "ADVISORY",
      "url": "https://github.com/advisories/GHSA-qqc8-rv37-79q5"
    },
    {
      "type": "PACKAGE",
      "url": "https://github.com/mattermost/mattermost"
    },
    {
      "type": "WEB",
      "url": "https://mattermost.com/security-updates"
    }
  ],
  "database_specific": {
    "cwe_ids": [
      "CWE-400",
      "CWE-770"
    ],
    "severity": "LOW",
    "github_reviewed": true,
    "github_reviewed_at": "2024-12-13T20:37:40Z",
    "nvd_published_at": "2024-03-15T09:15:07Z"
  }
}