{
  "schema_version": "1.4.0",
  "id": "GHSA-rfhg-rjfp-9q8q",
  "modified": "2023-07-24T22:43:05Z",
  "published": "2023-07-24T22:43:05Z",
  "aliases": [],
  "summary": "Potential denial of service after connection migration",
  "details": "### Impact\nAn issue in s2n-quic results in the endpoint shutting down due to a combination of peer-initiated connection migration and duplicate new connection ID frames being received.\u00a0No AWS services are affected by this issue, and customers of AWS services do not need to take action.\n\nImpacted versions: <=v1.24.0\n### Patches\nThe patch is included in v1.25.0.\n\n### Workarounds\nThere is no workaround. Applications using s2n-quic should upgrade their application to the most recent release of s2n-quic.\n\nIf you have any questions or comments about this advisory we ask that you contact AWS/Amazon Security via our vulnerability reporting page or directly via email to aws-security@amazon.com. Please do not create a public GitHub issue.",
  "severity": [],
  "affected": [
    {
      "package": {
        "ecosystem": "crates.io",
        "name": "s2n-quic"
      },
      "ranges": [
        {
          "type": "ECOSYSTEM",
          "events": [
            {
              "introduced": "0"
            },
            {
              "fixed": "1.25.0"
            }
          ]
        }
      ],
      "database_specific": {
        "last_known_affected_version_range": "<= 1.24.0"
      }
    }
  ],
  "references": [
    {
      "type": "WEB",
      "url": "https://github.com/aws/s2n-quic/security/advisories/GHSA-rfhg-rjfp-9q8q"
    },
    {
      "type": "WEB",
      "url": "https://github.com/aws/s2n-quic/commit/73a814240c5db6fae261a6e4ab567b0b094a35db"
    },
    {
      "type": "PACKAGE",
      "url": "https://github.com/aws/s2n-quic"
    }
  ],
  "database_specific": {
    "cwe_ids": [],
    "severity": "LOW",
    "github_reviewed": true,
    "github_reviewed_at": "2023-07-24T22:43:05Z",
    "nvd_published_at": null
  }
}