{
  "schema_version": "1.4.0",
  "id": "GHSA-prg5-hg25-8grq",
  "modified": "2021-01-08T20:32:23Z",
  "published": "2020-01-31T18:00:58Z",
  "aliases": [
    "CVE-2020-5218"
  ],
  "summary": "Ability to switch channels via GET parameter enabled in production environments",
  "details": "### Impact\n\nThis vulnerability gives the ability to switch channels via the `_channel_code` GET parameter in production environments. This was meant to be enabled only when `%kernel.debug%` is set to true. \n\nHowever, if no `sylius_channel.debug` is set explicitly in the configuration, the default value which is `%kernel.debug%` will be not resolved and cast to boolean, enabling this debug feature even if that parameter is set to false.\n\n### Patches\n\nPatch has been provided for Sylius 1.3.x and newer - **1.3.16, 1.4.12, 1.5.9, 1.6.5**. Versions older than 1.3 are not covered by our security support anymore.\n\n### Workarounds\n\nUnsupported versions could be patched by adding the following configuration to run in production:\n\n```yaml\nsylius_channel:\n    debug: false\n```",
  "severity": [
    {
      "type": "CVSS_V3",
      "score": "CVSS:3.1/AV:N/AC:H/PR:L/UI:R/S:C/C:L/I:L/A:N"
    }
  ],
  "affected": [
    {
      "package": {
        "ecosystem": "Packagist",
        "name": "sylius/sylius"
      },
      "ranges": [
        {
          "type": "ECOSYSTEM",
          "events": [
            {
              "introduced": "0"
            },
            {
              "fixed": "1.3.16"
            }
          ]
        }
      ]
    },
    {
      "package": {
        "ecosystem": "Packagist",
        "name": "sylius/sylius"
      },
      "ranges": [
        {
          "type": "ECOSYSTEM",
          "events": [
            {
              "introduced": "1.4.0"
            },
            {
              "fixed": "1.4.12"
            }
          ]
        }
      ]
    },
    {
      "package": {
        "ecosystem": "Packagist",
        "name": "sylius/sylius"
      },
      "ranges": [
        {
          "type": "ECOSYSTEM",
          "events": [
            {
              "introduced": "1.5"
            },
            {
              "fixed": "1.5.9"
            }
          ]
        }
      ]
    },
    {
      "package": {
        "ecosystem": "Packagist",
        "name": "sylius/sylius"
      },
      "ranges": [
        {
          "type": "ECOSYSTEM",
          "events": [
            {
              "introduced": "1.6.0"
            },
            {
              "fixed": "1.6.5"
            }
          ]
        }
      ]
    }
  ],
  "references": [
    {
      "type": "WEB",
      "url": "https://github.com/Sylius/Sylius/security/advisories/GHSA-prg5-hg25-8grq"
    },
    {
      "type": "WEB",
      "url": "https://github.com/Sylius/SyliusResourceBundle/security/advisories/GHSA-8vp7-j5cj-vvm2"
    },
    {
      "type": "ADVISORY",
      "url": "https://nvd.nist.gov/vuln/detail/CVE-2020-5218"
    },
    {
      "type": "WEB",
      "url": "https://github.com/FriendsOfPHP/security-advisories/blob/master/sylius/resource-bundle/CVE-2020-5220.yaml"
    }
  ],
  "database_specific": {
    "cwe_ids": [
      "CWE-444"
    ],
    "severity": "LOW",
    "github_reviewed": true,
    "github_reviewed_at": "2020-01-27T20:21:16Z",
    "nvd_published_at": null
  }
}