{
  "schema_version": "1.4.0",
  "id": "GHSA-69mv-3642-wj3w",
  "modified": "2021-12-02T22:56:27Z",
  "published": "2018-07-23T19:50:22Z",
  "withdrawn": "2020-06-16T21:18:47Z",
  "aliases": [
    "CVE-2018-1000060"
  ],
  "summary": "Low severity vulnerability that affects sensu",
  "details": "The sensu rubygem prior to version 1.2.0 contains a CWE-522 (Insufficiently Protected Credentials) flaw that can result in sensitive configuration data (e.g. passwords) being logged in clear-text. \n\nUsers are advised to upgrade to rubygem version 1.2.1 or later.",
  "severity": [],
  "affected": [
    {
      "package": {
        "ecosystem": "RubyGems",
        "name": "sensu"
      },
      "ranges": [
        {
          "type": "ECOSYSTEM",
          "events": [
            {
              "introduced": "0"
            },
            {
              "fixed": "1.2.1"
            }
          ]
        }
      ]
    }
  ],
  "references": [
    {
      "type": "ADVISORY",
      "url": "https://nvd.nist.gov/vuln/detail/CVE-2018-1000060"
    },
    {
      "type": "WEB",
      "url": "https://github.com/sensu/sensu/issues/1804"
    },
    {
      "type": "WEB",
      "url": "https://github.com/sensu/sensu/pull/1810"
    },
    {
      "type": "WEB",
      "url": "https://access.redhat.com/errata/RHSA-2018:0616"
    },
    {
      "type": "WEB",
      "url": "https://access.redhat.com/errata/RHSA-2018:1112"
    },
    {
      "type": "WEB",
      "url": "https://access.redhat.com/errata/RHSA-2018:1606"
    },
    {
      "type": "ADVISORY",
      "url": "https://github.com/advisories/GHSA-69mv-3642-wj3w"
    },
    {
      "type": "PACKAGE",
      "url": "https://github.com/sensu/sensu"
    }
  ],
  "database_specific": {
    "cwe_ids": [],
    "severity": "LOW",
    "github_reviewed": true,
    "github_reviewed_at": "2020-06-16T21:18:47Z",
    "nvd_published_at": null
  }
}