{
  "schema_version": "1.4.0",
  "id": "GHSA-mf4p-wjrm-cmjp",
  "modified": "2022-12-16T19:53:45Z",
  "published": "2022-10-19T19:00:18Z",
  "aliases": [
    "CVE-2022-43426"
  ],
  "summary": "AWS secrets displayed without masking by Jenkins S3 Explorer Plugin",
  "details": "S3 Explorer Plugin stores AWS_SECRET_ACCESS_KEY in its global configuration file `s3explorer.xml` on the Jenkins controller as part of its configuration.\n\nWhile this secret is stored encrypted on disk, in S3 Explorer Plugin 1.0.8 and earlier the global configuration form does not mask the AWS_SECRET_ACCESS_KEY form field, increasing the potential for attackers to observe and capture it.",
  "severity": [
    {
      "type": "CVSS_V3",
      "score": "CVSS:3.1/AV:N/AC:H/PR:N/UI:R/S:U/C:L/I:N/A:N"
    }
  ],
  "affected": [
    {
      "package": {
        "ecosystem": "Maven",
        "name": "io.jenkins.plugins:s3explorer"
      },
      "ranges": [
        {
          "type": "ECOSYSTEM",
          "events": [
            {
              "introduced": "0"
            },
            {
              "last_affected": "1.0.8"
            }
          ]
        }
      ]
    }
  ],
  "references": [
    {
      "type": "ADVISORY",
      "url": "https://nvd.nist.gov/vuln/detail/CVE-2022-43426"
    },
    {
      "type": "PACKAGE",
      "url": "https://github.com/jenkinsci/s3explorer-plugin"
    },
    {
      "type": "WEB",
      "url": "https://www.jenkins.io/security/advisory/2022-10-19/#SECURITY-2480"
    },
    {
      "type": "WEB",
      "url": "http://www.openwall.com/lists/oss-security/2022/10/19/3"
    }
  ],
  "database_specific": {
    "cwe_ids": [
      "CWE-549"
    ],
    "severity": "LOW",
    "github_reviewed": true,
    "github_reviewed_at": "2022-10-19T21:22:54Z",
    "nvd_published_at": "2022-10-19T16:15:00Z"
  }
}