{
  "schema_version": "1.4.0",
  "id": "GHSA-jfmq-4g4m-99rh",
  "modified": "2022-11-08T23:03:33Z",
  "published": "2022-05-13T01:42:51Z",
  "aliases": [
    "CVE-2017-12973"
  ],
  "summary": "Nimbus JOSE+JWT vulnerable to padding oracle attack",
  "details": "Nimbus JOSE+JWT before 4.39 proceeds improperly after detection of an invalid HMAC in authenticated AES-CBC decryption, which allows attackers to conduct a padding oracle attack.",
  "severity": [
    {
      "type": "CVSS_V3",
      "score": "CVSS:3.0/AV:N/AC:H/PR:N/UI:R/S:U/C:L/I:N/A:N"
    }
  ],
  "affected": [
    {
      "package": {
        "ecosystem": "Maven",
        "name": "com.nimbusds:nimbus-jose-jwt"
      },
      "ranges": [
        {
          "type": "ECOSYSTEM",
          "events": [
            {
              "introduced": "0"
            },
            {
              "fixed": "4.39"
            }
          ]
        }
      ]
    }
  ],
  "references": [
    {
      "type": "ADVISORY",
      "url": "https://nvd.nist.gov/vuln/detail/CVE-2017-12973"
    },
    {
      "type": "WEB",
      "url": "https://bitbucket.org/connect2id/nimbus-jose-jwt/commits/6a29f10f723f406eb25555f55842c59a43a38912"
    },
    {
      "type": "WEB",
      "url": "https://bitbucket.org/connect2id/nimbus-jose-jwt/issues/223/aescbc-return-immediately-on-invalid-hmac"
    },
    {
      "type": "WEB",
      "url": "https://bitbucket.org/connect2id/nimbus-jose-jwt/src/master/CHANGELOG.txt"
    }
  ],
  "database_specific": {
    "cwe_ids": [
      "CWE-354"
    ],
    "severity": "LOW",
    "github_reviewed": true,
    "github_reviewed_at": "2022-11-08T23:03:33Z",
    "nvd_published_at": "2017-08-20T16:29:00Z"
  }
}