{
  "schema_version": "1.4.0",
  "id": "GHSA-wc5v-r48v-g4vh",
  "modified": "2022-07-20T17:01:55Z",
  "published": "2022-07-15T21:46:51Z",
  "aliases": [],
  "summary": "Cilium host policy bypass in endpoint-routes mode with dual-stack",
  "details": "### Impact\n\nThis vulnerability allows bypassing host policies for IPv6 traffic coming from a Cilium-managed pod and destined to the host-network namespace (e.g., to a host-network pod). Host policy enforcement on IPv4 or for traffic coming from outside the node is not affected.\n\nCilium is only affected by this vulnerability if IPv4, IPv6, endpoint routes, and the host firewall are enabled. Note that endpoint routes are typically only enabled in GKE, EKS, AKS, and OpenShift; in those environments, IPv6 is typically disabled. Host firewall is disabled by default.\n\n### Patches\n\nThe bug is fixed in versions v1.10.13 and v1.11.7 of Cilium.\n\n### Workarounds\n\nFor affected users who can't upgrade, one potential workaround is to ensure all pods have network policies that prevent sending arbitrary traffic to the local node.\n\n### References\n\nCommit fixing the vulnerability: https://github.com/cilium/cilium/commit/c758da7e9d19cd19b96dc90424c0b5ec7409cd0a.\n\n### For more information\n\nIf you have any questions or comments about this advisory, please reach out on [Slack](https://docs.cilium.io/en/latest/community/community/#slack).\n\nAs usual, if you think you found a related vulnerability, we strongly encourage you to report security vulnerabilities to our private security mailing list: [security@cilium.io](mailto:security@cilium.io)\u2014first, before disclosing them in any public forums. This is a private mailing list where only members of the Cilium internal security team are subscribed to, and is treated as top priority.",
  "severity": [
    {
      "type": "CVSS_V3",
      "score": "CVSS:3.1/AV:L/AC:L/PR:L/UI:N/S:U/C:N/I:N/A:L"
    }
  ],
  "affected": [
    {
      "package": {
        "ecosystem": "Go",
        "name": "github.com/cilium/cilium"
      },
      "ranges": [
        {
          "type": "ECOSYSTEM",
          "events": [
            {
              "introduced": "0"
            },
            {
              "fixed": "1.10.13"
            }
          ]
        }
      ]
    },
    {
      "package": {
        "ecosystem": "Go",
        "name": "github.com/cilium/cilium"
      },
      "ranges": [
        {
          "type": "ECOSYSTEM",
          "events": [
            {
              "introduced": "1.11.0"
            },
            {
              "fixed": "1.11.7"
            }
          ]
        }
      ]
    }
  ],
  "references": [
    {
      "type": "WEB",
      "url": "https://github.com/cilium/cilium/security/advisories/GHSA-wc5v-r48v-g4vh"
    },
    {
      "type": "WEB",
      "url": "https://github.com/cilium/cilium/commit/c758da7e9d19cd19b96dc90424c0b5ec7409cd0a"
    },
    {
      "type": "PACKAGE",
      "url": "https://github.com/cilium/cilium"
    }
  ],
  "database_specific": {
    "cwe_ids": [],
    "severity": "LOW",
    "github_reviewed": true,
    "github_reviewed_at": "2022-07-15T21:46:51Z",
    "nvd_published_at": null
  }
}