{
  "schema_version": "1.4.0",
  "id": "GHSA-jxgr-3v7q-3w9v",
  "modified": "2024-11-06T23:39:58Z",
  "published": "2024-11-06T15:13:42Z",
  "aliases": [
    "CVE-2024-50341"
  ],
  "summary": "Symfony's `Security::login` does not take into account custom `user_checker`",
  "details": "### Description\n\nThe custom `user_checker` defined on a firewall is not called when Login Programmaticaly with the `Security::login` method, leading to  unwanted login.\n\n### Resolution\n\nThe `Security::login` method now ensure to call the configured `user_checker`.\n\nThe patch for this issue is available [here](https://github.com/symfony/symfony/commit/22a0789a0085c3ee96f4ef715ecad8255cf0e105) for branch 6.4.\n\n### Credits\n\nWe would like to thank Oleg Andreyev, Antoine MAKDESSI for reporting the issue and Christian Flothmann for providing the fix.",
  "severity": [
    {
      "type": "CVSS_V3",
      "score": "CVSS:3.1/AV:N/AC:H/PR:L/UI:N/S:U/C:N/I:L/A:N"
    },
    {
      "type": "CVSS_V4",
      "score": "CVSS:4.0/AV:N/AC:L/AT:P/PR:L/UI:N/VC:N/VI:L/VA:N/SC:N/SI:N/SA:N"
    }
  ],
  "affected": [
    {
      "package": {
        "ecosystem": "Packagist",
        "name": "symfony/security-bundle"
      },
      "ranges": [
        {
          "type": "ECOSYSTEM",
          "events": [
            {
              "introduced": "6.2.0"
            },
            {
              "fixed": "6.4.10"
            }
          ]
        }
      ]
    },
    {
      "package": {
        "ecosystem": "Packagist",
        "name": "symfony/security-bundle"
      },
      "ranges": [
        {
          "type": "ECOSYSTEM",
          "events": [
            {
              "introduced": "7.0.0"
            },
            {
              "fixed": "7.0.10"
            }
          ]
        }
      ]
    },
    {
      "package": {
        "ecosystem": "Packagist",
        "name": "symfony/security-bundle"
      },
      "ranges": [
        {
          "type": "ECOSYSTEM",
          "events": [
            {
              "introduced": "7.1.0"
            },
            {
              "fixed": "7.1.3"
            }
          ]
        }
      ]
    },
    {
      "package": {
        "ecosystem": "Packagist",
        "name": "symfony/symfony"
      },
      "ranges": [
        {
          "type": "ECOSYSTEM",
          "events": [
            {
              "introduced": "6.2.0"
            },
            {
              "fixed": "6.4.10"
            }
          ]
        }
      ]
    },
    {
      "package": {
        "ecosystem": "Packagist",
        "name": "symfony/symfony"
      },
      "ranges": [
        {
          "type": "ECOSYSTEM",
          "events": [
            {
              "introduced": "7.0.0"
            },
            {
              "fixed": "7.0.10"
            }
          ]
        }
      ]
    },
    {
      "package": {
        "ecosystem": "Packagist",
        "name": "symfony/symfony"
      },
      "ranges": [
        {
          "type": "ECOSYSTEM",
          "events": [
            {
              "introduced": "7.1.0"
            },
            {
              "fixed": "7.1.3"
            }
          ]
        }
      ]
    }
  ],
  "references": [
    {
      "type": "WEB",
      "url": "https://github.com/symfony/symfony/security/advisories/GHSA-jxgr-3v7q-3w9v"
    },
    {
      "type": "ADVISORY",
      "url": "https://nvd.nist.gov/vuln/detail/CVE-2024-50341"
    },
    {
      "type": "WEB",
      "url": "https://github.com/symfony/symfony/commit/22a0789a0085c3ee96f4ef715ecad8255cf0e105"
    },
    {
      "type": "WEB",
      "url": "https://github.com/FriendsOfPHP/security-advisories/blob/master/symfony/security-bundle/CVE-2024-50341.yaml"
    },
    {
      "type": "WEB",
      "url": "https://github.com/FriendsOfPHP/security-advisories/blob/master/symfony/symfony/CVE-2024-50341.yaml"
    },
    {
      "type": "PACKAGE",
      "url": "https://github.com/symfony/symfony"
    },
    {
      "type": "WEB",
      "url": "https://symfony.com/cve-2024-50341"
    }
  ],
  "database_specific": {
    "cwe_ids": [
      "CWE-287"
    ],
    "severity": "LOW",
    "github_reviewed": true,
    "github_reviewed_at": "2024-11-06T15:13:42Z",
    "nvd_published_at": "2024-11-06T21:15:05Z"
  }
}