{
  "schema_version": "1.4.0",
  "id": "GHSA-rqgp-ccph-5w65",
  "modified": "2021-11-02T18:42:29Z",
  "published": "2021-10-28T23:14:14Z",
  "aliases": [
    "CVE-2021-3901"
  ],
  "summary": "Cross-Site Request Forgery in firefly-iii",
  "details": "firefly-iii is vulnerable to Cross-Site Request Forgery (CSRF).",
  "severity": [
    {
      "type": "CVSS_V3",
      "score": "CVSS:3.0/AV:N/AC:L/PR:L/UI:R/S:U/C:N/I:N/A:L"
    }
  ],
  "affected": [
    {
      "package": {
        "ecosystem": "Packagist",
        "name": "grumpydictator/firefly-iii"
      },
      "ranges": [
        {
          "type": "ECOSYSTEM",
          "events": [
            {
              "introduced": "0"
            },
            {
              "last_affected": "5.6.2"
            }
          ]
        }
      ]
    }
  ],
  "references": [
    {
      "type": "ADVISORY",
      "url": "https://nvd.nist.gov/vuln/detail/CVE-2021-3901"
    },
    {
      "type": "WEB",
      "url": "https://github.com/firefly-iii/firefly-iii/commit/b42d8d1e305cad70d9b83b33cd8e0d7a4b2060c2"
    },
    {
      "type": "PACKAGE",
      "url": "https://github.com/firefly-iii/firefly-iii"
    },
    {
      "type": "WEB",
      "url": "https://huntr.dev/bounties/62508fdc-c26b-4312-bf75-fd3a3f997464"
    }
  ],
  "database_specific": {
    "cwe_ids": [
      "CWE-352"
    ],
    "severity": "LOW",
    "github_reviewed": true,
    "github_reviewed_at": "2021-10-28T21:12:18Z",
    "nvd_published_at": "2021-10-27T21:15:00Z"
  }
}