{
  "schema_version": "1.4.0",
  "id": "GHSA-vqw6-72r7-fgw7",
  "modified": "2024-10-31T20:49:39Z",
  "published": "2021-05-21T14:23:44Z",
  "aliases": [
    "CVE-2021-29551"
  ],
  "summary": "OOB read in `MatrixTriangularSolve`",
  "details": "### Impact\nThe implementation of [`MatrixTriangularSolve`](https://github.com/tensorflow/tensorflow/blob/8cae746d8449c7dda5298327353d68613f16e798/tensorflow/core/kernels/linalg/matrix_triangular_solve_op_impl.h#L160-L240) fails to terminate kernel execution if one validation condition fails:\n\n```cc\nvoid ValidateInputTensors(OpKernelContext* ctx, const Tensor& in0,\n                            const Tensor& in1) override {\n  OP_REQUIRES(\n      ctx, in0.dims() >= 2,\n      errors::InvalidArgument(\"In[0] ndims must be >= 2: \", in0.dims()));\n\n  OP_REQUIRES(\n      ctx, in1.dims() >= 2,\n      errors::InvalidArgument(\"In[0] ndims must be >= 2: \", in1.dims()));\n}\n  \nvoid Compute(OpKernelContext* ctx) override {\n  const Tensor& in0 = ctx->input(0);\n  const Tensor& in1 = ctx->input(1);\n\n  ValidateInputTensors(ctx, in0, in1);\n\n  MatMulBCast bcast(in0.shape().dim_sizes(), in1.shape().dim_sizes());\n  ...\n}\n```\n  \nSince `OP_REQUIRES` only sets `ctx->status()` to a non-OK value and calls `return`, this allows malicious attackers to trigger an out of bounds read:\n\n```python\nimport tensorflow as tf\nimport numpy as np\n\nmatrix_array = np.array([])\nmatrix_tensor = tf.convert_to_tensor(np.reshape(matrix_array,(1,0)),dtype=tf.float32)\nrhs_array = np.array([])\nrhs_tensor = tf.convert_to_tensor(np.reshape(rhs_array,(0,1)),dtype=tf.float32)\n\ntf.raw_ops.MatrixTriangularSolve(matrix=matrix_tensor,rhs=rhs_tensor,lower=False,adjoint=False)\n```\n\nAs the two input tensors are empty, the `OP_REQUIRES` in `ValidateInputTensors` should fire and interrupt execution. However, given the implementation of `OP_REQUIRES`, after the `in0.dims() >= 2` fails, execution moves to the initialization of the `bcast` object. This initialization is done with invalid data and results in heap OOB read.\n\n### Patches\nWe have patched the issue in GitHub commit [480641e3599775a8895254ffbc0fc45621334f68](https://github.com/tensorflow/tensorflow/commit/480641e3599775a8895254ffbc0fc45621334f68).\n\nThe fix will be included in TensorFlow 2.5.0. We will also cherrypick this commit on TensorFlow 2.4.2, TensorFlow 2.3.3, TensorFlow 2.2.3 and TensorFlow 2.1.4, as these are also affected and still in supported range.\n\n### For more information\nPlease consult [our security guide](https://github.com/tensorflow/tensorflow/blob/master/SECURITY.md) for more information regarding the security model and how to contact us with issues and questions.\n\n### Attribution\nThis vulnerability has been reported by Ye Zhang and Yakun Zhang of Baidu X-Team.",
  "severity": [
    {
      "type": "CVSS_V3",
      "score": "CVSS:3.1/AV:L/AC:H/PR:L/UI:N/S:U/C:N/I:N/A:L"
    },
    {
      "type": "CVSS_V4",
      "score": "CVSS:4.0/AV:L/AC:L/AT:P/PR:L/UI:N/VC:N/VI:N/VA:L/SC:N/SI:N/SA:N"
    }
  ],
  "affected": [
    {
      "package": {
        "ecosystem": "PyPI",
        "name": "tensorflow"
      },
      "ranges": [
        {
          "type": "ECOSYSTEM",
          "events": [
            {
              "introduced": "0"
            },
            {
              "fixed": "2.1.4"
            }
          ]
        }
      ]
    },
    {
      "package": {
        "ecosystem": "PyPI",
        "name": "tensorflow"
      },
      "ranges": [
        {
          "type": "ECOSYSTEM",
          "events": [
            {
              "introduced": "2.2.0"
            },
            {
              "fixed": "2.2.3"
            }
          ]
        }
      ]
    },
    {
      "package": {
        "ecosystem": "PyPI",
        "name": "tensorflow"
      },
      "ranges": [
        {
          "type": "ECOSYSTEM",
          "events": [
            {
              "introduced": "2.3.0"
            },
            {
              "fixed": "2.3.3"
            }
          ]
        }
      ]
    },
    {
      "package": {
        "ecosystem": "PyPI",
        "name": "tensorflow"
      },
      "ranges": [
        {
          "type": "ECOSYSTEM",
          "events": [
            {
              "introduced": "2.4.0"
            },
            {
              "fixed": "2.4.2"
            }
          ]
        }
      ]
    },
    {
      "package": {
        "ecosystem": "PyPI",
        "name": "tensorflow-cpu"
      },
      "ranges": [
        {
          "type": "ECOSYSTEM",
          "events": [
            {
              "introduced": "0"
            },
            {
              "fixed": "2.1.4"
            }
          ]
        }
      ]
    },
    {
      "package": {
        "ecosystem": "PyPI",
        "name": "tensorflow-cpu"
      },
      "ranges": [
        {
          "type": "ECOSYSTEM",
          "events": [
            {
              "introduced": "2.2.0"
            },
            {
              "fixed": "2.2.3"
            }
          ]
        }
      ]
    },
    {
      "package": {
        "ecosystem": "PyPI",
        "name": "tensorflow-cpu"
      },
      "ranges": [
        {
          "type": "ECOSYSTEM",
          "events": [
            {
              "introduced": "2.3.0"
            },
            {
              "fixed": "2.3.3"
            }
          ]
        }
      ]
    },
    {
      "package": {
        "ecosystem": "PyPI",
        "name": "tensorflow-cpu"
      },
      "ranges": [
        {
          "type": "ECOSYSTEM",
          "events": [
            {
              "introduced": "2.4.0"
            },
            {
              "fixed": "2.4.2"
            }
          ]
        }
      ]
    },
    {
      "package": {
        "ecosystem": "PyPI",
        "name": "tensorflow-gpu"
      },
      "ranges": [
        {
          "type": "ECOSYSTEM",
          "events": [
            {
              "introduced": "0"
            },
            {
              "fixed": "2.1.4"
            }
          ]
        }
      ]
    },
    {
      "package": {
        "ecosystem": "PyPI",
        "name": "tensorflow-gpu"
      },
      "ranges": [
        {
          "type": "ECOSYSTEM",
          "events": [
            {
              "introduced": "2.2.0"
            },
            {
              "fixed": "2.2.3"
            }
          ]
        }
      ]
    },
    {
      "package": {
        "ecosystem": "PyPI",
        "name": "tensorflow-gpu"
      },
      "ranges": [
        {
          "type": "ECOSYSTEM",
          "events": [
            {
              "introduced": "2.3.0"
            },
            {
              "fixed": "2.3.3"
            }
          ]
        }
      ]
    },
    {
      "package": {
        "ecosystem": "PyPI",
        "name": "tensorflow-gpu"
      },
      "ranges": [
        {
          "type": "ECOSYSTEM",
          "events": [
            {
              "introduced": "2.4.0"
            },
            {
              "fixed": "2.4.2"
            }
          ]
        }
      ]
    }
  ],
  "references": [
    {
      "type": "WEB",
      "url": "https://github.com/tensorflow/tensorflow/security/advisories/GHSA-vqw6-72r7-fgw7"
    },
    {
      "type": "ADVISORY",
      "url": "https://nvd.nist.gov/vuln/detail/CVE-2021-29551"
    },
    {
      "type": "WEB",
      "url": "https://github.com/tensorflow/tensorflow/commit/480641e3599775a8895254ffbc0fc45621334f68"
    },
    {
      "type": "WEB",
      "url": "https://github.com/pypa/advisory-database/tree/main/vulns/tensorflow-cpu/PYSEC-2021-479.yaml"
    },
    {
      "type": "WEB",
      "url": "https://github.com/pypa/advisory-database/tree/main/vulns/tensorflow-gpu/PYSEC-2021-677.yaml"
    },
    {
      "type": "WEB",
      "url": "https://github.com/pypa/advisory-database/tree/main/vulns/tensorflow/PYSEC-2021-188.yaml"
    },
    {
      "type": "PACKAGE",
      "url": "https://github.com/tensorflow/tensorflow"
    }
  ],
  "database_specific": {
    "cwe_ids": [
      "CWE-125"
    ],
    "severity": "LOW",
    "github_reviewed": true,
    "github_reviewed_at": "2021-05-18T21:14:11Z",
    "nvd_published_at": "2021-05-14T20:15:00Z"
  }
}