{
  "schema_version": "1.4.0",
  "id": "GHSA-r32g-w9cv-9fgc",
  "modified": "2024-04-02T18:21:28Z",
  "published": "2024-04-02T00:30:46Z",
  "aliases": [
    "CVE-2024-3138"
  ],
  "summary": "RosarioSIS cross site scripting vulnerability",
  "details": "** DISPUTED ** A vulnerability was found in francoisjacquet RosarioSIS 11.5.1. It has been rated as problematic. This issue affects some unknown processing of the component Add Portal Note. The manipulation leads to cross site scripting. The attack may be initiated remotely. The exploit has been disclosed to the public and may be used. The real existence of this vulnerability is still doubted at the moment. The associated identifier of this vulnerability is VDB-258911. NOTE: The vendor explains that the PDF is opened by the browser app in a sandbox, so no data from the website should be accessible.",
  "severity": [
    {
      "type": "CVSS_V3",
      "score": "CVSS:3.1/AV:N/AC:L/PR:L/UI:R/S:U/C:N/I:L/A:N"
    }
  ],
  "affected": [
    {
      "package": {
        "ecosystem": "Packagist",
        "name": "francoisjacquet/rosariosis"
      },
      "ranges": [
        {
          "type": "ECOSYSTEM",
          "events": [
            {
              "introduced": "0"
            },
            {
              "last_affected": "11.5.1"
            }
          ]
        }
      ]
    }
  ],
  "references": [
    {
      "type": "ADVISORY",
      "url": "https://nvd.nist.gov/vuln/detail/CVE-2024-3138"
    },
    {
      "type": "PACKAGE",
      "url": "https://github.com/francoisjacquet/rosariosis"
    },
    {
      "type": "WEB",
      "url": "https://powerful-bulb-c36.notion.site/Stored-xss-via-malicious-PDF-upload-98fb1ea6b9bf4ddfaf04d61b2c05410a"
    },
    {
      "type": "WEB",
      "url": "https://vuldb.com/?ctiid.258911"
    },
    {
      "type": "WEB",
      "url": "https://vuldb.com/?id.258911"
    },
    {
      "type": "WEB",
      "url": "https://vuldb.com/?submit.307450"
    }
  ],
  "database_specific": {
    "cwe_ids": [
      "CWE-79"
    ],
    "severity": "LOW",
    "github_reviewed": true,
    "github_reviewed_at": "2024-04-02T18:21:28Z",
    "nvd_published_at": "2024-04-01T22:15:21Z"
  }
}