{
  "schema_version": "1.4.0",
  "id": "GHSA-rfpg-2fp8-2fph",
  "modified": "2023-08-29T21:40:33Z",
  "published": "2022-05-17T05:16:32Z",
  "aliases": [
    "CVE-2012-5339"
  ],
  "summary": "phpMyAdmin multiple cross-site scripting vulnerabilities",
  "details": "Multiple cross-site scripting (XSS) vulnerabilities in phpMyAdmin 3.5.x before 3.5.3 allow remote authenticated users to inject arbitrary web script or HTML via a crafted name of (1) an event, (2) a procedure, or (3) a trigger.",
  "severity": [],
  "affected": [
    {
      "package": {
        "ecosystem": "Packagist",
        "name": "phpmyadmin/phpmyadmin"
      },
      "ranges": [
        {
          "type": "ECOSYSTEM",
          "events": [
            {
              "introduced": "3.5"
            },
            {
              "fixed": "3.5.3"
            }
          ]
        }
      ]
    }
  ],
  "references": [
    {
      "type": "ADVISORY",
      "url": "https://nvd.nist.gov/vuln/detail/CVE-2012-5339"
    },
    {
      "type": "WEB",
      "url": "https://github.com/phpmyadmin/phpmyadmin/commit/6ea8fad3f999bfdf79eb6fe31309592bca54d611"
    },
    {
      "type": "WEB",
      "url": "https://github.com/phpmyadmin/phpmyadmin/commit/cfd688d2512df9827a8ecc0412fc264fc5bcb186"
    },
    {
      "type": "WEB",
      "url": "https://web.archive.org/web/20121020000514/http://www.securityfocus.com/bid/55925"
    },
    {
      "type": "WEB",
      "url": "http://lists.opensuse.org/opensuse-updates/2012-11/msg00033.html"
    },
    {
      "type": "WEB",
      "url": "http://www.phpmyadmin.net/home_page/security/PMASA-2012-6.php"
    }
  ],
  "database_specific": {
    "cwe_ids": [
      "CWE-79"
    ],
    "severity": "LOW",
    "github_reviewed": true,
    "github_reviewed_at": "2023-08-29T21:40:33Z",
    "nvd_published_at": "2012-10-25T10:51:00Z"
  }
}