{
  "schema_version": "1.4.0",
  "id": "GHSA-qj69-chjp-g4f5",
  "modified": "2023-08-28T23:36:19Z",
  "published": "2022-05-17T01:29:44Z",
  "aliases": [
    "CVE-2013-7078"
  ],
  "summary": "TYPO3 Cross-site scripting (XSS) vulnerability in the Extbase Framework",
  "details": "Cross-site scripting (XSS) vulnerability in the errorAction method in the ActionController base class in the Extbase Framework in TYPO3 4.5.0 through 4.5.31, 4.7.0 through 4.7.16, 6.0.0 through 6.0.11, and 6.1.0 through 6.1.6, when the Rewritten Property Mapper is enabled, allows remote attackers to inject arbitrary web script or HTML via unspecified input, which is returned in an error message.  NOTE: this might be the same vulnerability as CVE-2013-7072.",
  "severity": [],
  "affected": [
    {
      "package": {
        "ecosystem": "Packagist",
        "name": "typo3/cms-core"
      },
      "ranges": [
        {
          "type": "ECOSYSTEM",
          "events": [
            {
              "introduced": "4.5.0"
            },
            {
              "fixed": "4.5.31"
            }
          ]
        }
      ]
    },
    {
      "package": {
        "ecosystem": "Packagist",
        "name": "typo3/cms-core"
      },
      "ranges": [
        {
          "type": "ECOSYSTEM",
          "events": [
            {
              "introduced": "4.7.0"
            },
            {
              "fixed": "4.7.16"
            }
          ]
        }
      ]
    },
    {
      "package": {
        "ecosystem": "Packagist",
        "name": "typo3/cms-core"
      },
      "ranges": [
        {
          "type": "ECOSYSTEM",
          "events": [
            {
              "introduced": "6.1.0"
            },
            {
              "fixed": "6.1.6"
            }
          ]
        }
      ]
    },
    {
      "package": {
        "ecosystem": "Packagist",
        "name": "typo3/cms-core"
      },
      "ranges": [
        {
          "type": "ECOSYSTEM",
          "events": [
            {
              "introduced": "6.0.0"
            },
            {
              "fixed": "6.0.11"
            }
          ]
        }
      ]
    }
  ],
  "references": [
    {
      "type": "ADVISORY",
      "url": "https://nvd.nist.gov/vuln/detail/CVE-2013-7078"
    },
    {
      "type": "WEB",
      "url": "https://exchange.xforce.ibmcloud.com/vulnerabilities/89629"
    },
    {
      "type": "PACKAGE",
      "url": "https://github.com/TYPO3-CMS/core"
    },
    {
      "type": "WEB",
      "url": "http://osvdb.org/100885"
    },
    {
      "type": "WEB",
      "url": "http://seclists.org/oss-sec/2013/q4/473"
    },
    {
      "type": "WEB",
      "url": "http://seclists.org/oss-sec/2013/q4/487"
    },
    {
      "type": "WEB",
      "url": "http://typo3.org/teams/security/security-bulletins/typo3-core/typo3-core-sa-2013-004"
    },
    {
      "type": "WEB",
      "url": "http://www.securityfocus.com/bid/64239"
    }
  ],
  "database_specific": {
    "cwe_ids": [
      "CWE-79"
    ],
    "severity": "LOW",
    "github_reviewed": true,
    "github_reviewed_at": "2023-08-28T23:36:19Z",
    "nvd_published_at": "2014-01-19T18:55:00Z"
  }
}