{
  "schema_version": "1.4.0",
  "id": "GHSA-7g97-7r3c-5cc6",
  "modified": "2024-04-03T15:30:40Z",
  "published": "2024-03-13T12:31:06Z",
  "aliases": [
    "CVE-2024-1979"
  ],
  "summary": "In Quarkus, git credentials could be inadvertently published",
  "details": "A vulnerability was found in Quarkus. In certain conditions related to the CI process, git credentials could be inadvertently published, which could put the git repository at risk.",
  "severity": [
    {
      "type": "CVSS_V3",
      "score": "CVSS:3.1/AV:N/AC:H/PR:L/UI:N/S:C/C:L/I:N/A:N"
    }
  ],
  "affected": [
    {
      "package": {
        "ecosystem": "Maven",
        "name": "io.quarkus:quarkus-kubernetes-deployment"
      },
      "ranges": [
        {
          "type": "ECOSYSTEM",
          "events": [
            {
              "introduced": "0"
            },
            {
              "fixed": "3.7.3"
            }
          ]
        }
      ]
    }
  ],
  "references": [
    {
      "type": "ADVISORY",
      "url": "https://nvd.nist.gov/vuln/detail/CVE-2024-1979"
    },
    {
      "type": "WEB",
      "url": "https://github.com/quarkusio/quarkus/issues/38055"
    },
    {
      "type": "WEB",
      "url": "https://github.com/quarkusio/quarkus/commit/3a3b0d739222a2e476e085a955cfa090739f5924"
    },
    {
      "type": "WEB",
      "url": "https://github.com/quarkusio/quarkus/commit/5bc05ee35365a905f0e9e37f248c38688a81caaf"
    },
    {
      "type": "WEB",
      "url": "https://access.redhat.com/errata/RHSA-2024:1662"
    },
    {
      "type": "WEB",
      "url": "https://access.redhat.com/security/cve/CVE-2024-1979"
    },
    {
      "type": "WEB",
      "url": "https://bugzilla.redhat.com/show_bug.cgi?id=2266690"
    },
    {
      "type": "PACKAGE",
      "url": "https://github.com/quarkusio/quarkus"
    }
  ],
  "database_specific": {
    "cwe_ids": [
      "CWE-200"
    ],
    "severity": "LOW",
    "github_reviewed": true,
    "github_reviewed_at": "2024-03-13T18:10:58Z",
    "nvd_published_at": "2024-03-13T10:15:08Z"
  }
}