{
  "schema_version": "1.4.0",
  "id": "GHSA-m36m-x4c5-rjxj",
  "modified": "2020-08-31T18:27:21Z",
  "published": "2020-09-01T19:01:58Z",
  "aliases": [],
  "summary": "Silently Runs Cryptocoin Miner in hooka-tools",
  "details": "Affected versions of `hooka-tools` were compromised and modified to silently run a cryptocoin miner in the background.\n\nAll affected versions have been unpublished from the npm registry.\n\n\n## Recommendation\n\nWhile this module has been unpublished, some versions may exist in mirrors or caches. Do not install this module, and remove it if found.",
  "severity": [],
  "affected": [
    {
      "package": {
        "ecosystem": "npm",
        "name": "hooka-tools"
      },
      "ranges": [
        {
          "type": "ECOSYSTEM",
          "events": [
            {
              "introduced": "0.0.0"
            }
          ]
        }
      ]
    }
  ],
  "references": [
    {
      "type": "WEB",
      "url": "https://www.npmjs.com/advisories/549"
    }
  ],
  "database_specific": {
    "cwe_ids": [],
    "severity": "LOW",
    "github_reviewed": true,
    "github_reviewed_at": "2020-08-31T18:27:21Z",
    "nvd_published_at": null
  }
}