{
  "schema_version": "1.4.0",
  "id": "GHSA-2qjp-fg8c-g878",
  "modified": "2024-05-24T14:45:19Z",
  "published": "2024-05-24T14:45:19Z",
  "aliases": [
    "CVE-2023-1001"
  ],
  "summary": "vxe-table Cross-site Scripting vulnerability",
  "details": "A vulnerability, which was classified as problematic, has been found in xuliangzhan vxe-table up to 3.7.9. This issue affects the function export of the file packages/textarea/src/textarea.js of the component vxe-textarea. The manipulation of the argument inputValue leads to cross site scripting. The attack may be initiated remotely. Upgrading to version 3.7.10 is able to address this issue. The patch is named d70b0e089740b65a22c89c106ebc4627ac48a22d. It is recommended to upgrade the affected component. The associated identifier of this vulnerability is VDB-266123.",
  "severity": [
    {
      "type": "CVSS_V3",
      "score": "CVSS:3.1/AV:N/AC:L/PR:L/UI:R/S:U/C:N/I:L/A:N"
    }
  ],
  "affected": [
    {
      "package": {
        "ecosystem": "npm",
        "name": "vxe-table"
      },
      "ranges": [
        {
          "type": "ECOSYSTEM",
          "events": [
            {
              "introduced": "0"
            },
            {
              "fixed": "3.7.10"
            }
          ]
        }
      ]
    }
  ],
  "references": [
    {
      "type": "ADVISORY",
      "url": "https://nvd.nist.gov/vuln/detail/CVE-2023-1001"
    },
    {
      "type": "WEB",
      "url": "https://github.com/x-extends/vxe-table/commit/d70b0e089740b65a22c89c106ebc4627ac48a22d"
    },
    {
      "type": "WEB",
      "url": "https://gitee.com/xuliangzhan_admin/vxe-table/commit/d70b0e089740b65a22c89c106ebc4627ac48a22d"
    },
    {
      "type": "WEB",
      "url": "https://gitee.com/xuliangzhan_admin/vxe-table/issues/I8O21R"
    },
    {
      "type": "WEB",
      "url": "https://gitee.com/xuliangzhan_admin/vxe-table/tree/3.7.10"
    },
    {
      "type": "PACKAGE",
      "url": "https://github.com/x-extends/vxe-table"
    },
    {
      "type": "WEB",
      "url": "https://vuldb.com/?ctiid.266123"
    },
    {
      "type": "WEB",
      "url": "https://vuldb.com/?id.266123"
    }
  ],
  "database_specific": {
    "cwe_ids": [
      "CWE-79"
    ],
    "severity": "LOW",
    "github_reviewed": true,
    "github_reviewed_at": "2024-05-24T14:45:19Z",
    "nvd_published_at": "2024-05-24T06:15:07Z"
  }
}