{
  "schema_version": "1.4.0",
  "id": "GHSA-8vfc-fcr2-47pj",
  "modified": "2023-12-15T09:11:04Z",
  "published": "2022-05-18T00:00:40Z",
  "aliases": [
    "CVE-2022-30949"
  ],
  "summary": "Path traversal in Jenkins REPO Plugin",
  "details": "SCMs support a number of different URL schemes, including local file system paths (e.g. using `file:` URLs).\n\nHistorically in Jenkins, only agents checked out from SCM, and if multiple projects share the same agent, there is no expected isolation between builds besides using different workspaces unless overridden. Some Pipeline-related features check out SCMs from the Jenkins controller as well.\n\nThis allows attackers able to configure pipelines to check out some SCM repositories stored on the Jenkins controller\u2019s file system using local paths as SCM URLs, obtaining limited information about other projects' SCM contents.",
  "severity": [
    {
      "type": "CVSS_V3",
      "score": "CVSS:3.1/AV:N/AC:H/PR:N/UI:N/S:U/C:L/I:N/A:N"
    }
  ],
  "affected": [
    {
      "package": {
        "ecosystem": "Maven",
        "name": "org.jenkins-ci.plugins:repo"
      },
      "ranges": [
        {
          "type": "ECOSYSTEM",
          "events": [
            {
              "introduced": "0"
            },
            {
              "fixed": "1.14.1"
            }
          ]
        }
      ]
    },
    {
      "package": {
        "ecosystem": "Maven",
        "name": "org.jenkins-ci.plugins:mercurial"
      },
      "ranges": [
        {
          "type": "ECOSYSTEM",
          "events": [
            {
              "introduced": "0"
            },
            {
              "fixed": "2.16.1"
            }
          ]
        }
      ]
    },
    {
      "package": {
        "ecosystem": "Maven",
        "name": "org.jenkins-ci.plugins:git"
      },
      "ranges": [
        {
          "type": "ECOSYSTEM",
          "events": [
            {
              "introduced": "0"
            },
            {
              "fixed": "4.11.2"
            }
          ]
        }
      ]
    }
  ],
  "references": [
    {
      "type": "ADVISORY",
      "url": "https://nvd.nist.gov/vuln/detail/CVE-2022-30949"
    },
    {
      "type": "WEB",
      "url": "https://github.com/jenkinsci/git-plugin/commit/b295606e0b865c298fde27bea14f9b7535a976e6"
    },
    {
      "type": "WEB",
      "url": "https://github.com/jenkinsci/mercurial-plugin/commit/55904fbb8c9d3e0b36fc26330374904cb68e8758"
    },
    {
      "type": "WEB",
      "url": "https://github.com/jenkinsci/repo-plugin/commit/8c9cbb88baffc64d1b63183235eb86c773108235"
    },
    {
      "type": "PACKAGE",
      "url": "https://github.com/jenkinsci/repo-plugin"
    },
    {
      "type": "WEB",
      "url": "https://www.jenkins.io/security/advisory/2022-05-17/#SECURITY-2478"
    },
    {
      "type": "WEB",
      "url": "http://www.openwall.com/lists/oss-security/2022/05/17/8"
    }
  ],
  "database_specific": {
    "cwe_ids": [
      "CWE-22"
    ],
    "severity": "LOW",
    "github_reviewed": true,
    "github_reviewed_at": "2022-06-02T15:00:39Z",
    "nvd_published_at": "2022-05-17T15:15:00Z"
  }
}