{
  "schema_version": "1.4.0",
  "id": "GHSA-qqh2-h6gw-6x8x",
  "modified": "2023-08-16T22:44:09Z",
  "published": "2022-05-14T04:01:57Z",
  "aliases": [
    "CVE-2014-3943"
  ],
  "summary": "Typo3 XSS Vulnerabilities",
  "details": "Multiple cross-site scripting (XSS) vulnerabilities in unspecified backend components in TYPO3 4.5.0 before 4.5.34, 4.7.0 before 4.7.19, 6.0.0 before 6.0.14, 6.1.0 before 6.1.9, and 6.2.0 before 6.2.3 allow remote authenticated editors to inject arbitrary web script or HTML via unknown parameters.",
  "severity": [],
  "affected": [
    {
      "package": {
        "ecosystem": "Packagist",
        "name": "typo3/cms"
      },
      "ranges": [
        {
          "type": "ECOSYSTEM",
          "events": [
            {
              "introduced": "4.5.0"
            },
            {
              "fixed": "4.5.34"
            }
          ]
        }
      ],
      "database_specific": {
        "last_known_affected_version_range": "<= 4.5.33"
      }
    },
    {
      "package": {
        "ecosystem": "Packagist",
        "name": "typo3/cms"
      },
      "ranges": [
        {
          "type": "ECOSYSTEM",
          "events": [
            {
              "introduced": "4.7.0"
            },
            {
              "fixed": "4.7.19"
            }
          ]
        }
      ],
      "database_specific": {
        "last_known_affected_version_range": "<= 4.7.18"
      }
    },
    {
      "package": {
        "ecosystem": "Packagist",
        "name": "typo3/cms"
      },
      "ranges": [
        {
          "type": "ECOSYSTEM",
          "events": [
            {
              "introduced": "6.0.0"
            },
            {
              "fixed": "6.0.14"
            }
          ]
        }
      ],
      "database_specific": {
        "last_known_affected_version_range": "<= 6.0.13"
      }
    },
    {
      "package": {
        "ecosystem": "Packagist",
        "name": "typo3/cms"
      },
      "ranges": [
        {
          "type": "ECOSYSTEM",
          "events": [
            {
              "introduced": "6.1.0"
            },
            {
              "fixed": "6.1.9"
            }
          ]
        }
      ],
      "database_specific": {
        "last_known_affected_version_range": "<= 6.1.8"
      }
    },
    {
      "package": {
        "ecosystem": "Packagist",
        "name": "typo3/cms"
      },
      "ranges": [
        {
          "type": "ECOSYSTEM",
          "events": [
            {
              "introduced": "6.2.0"
            },
            {
              "fixed": "6.2.3"
            }
          ]
        }
      ]
    }
  ],
  "references": [
    {
      "type": "ADVISORY",
      "url": "https://nvd.nist.gov/vuln/detail/CVE-2014-3943"
    },
    {
      "type": "WEB",
      "url": "https://github.com/FriendsOfPHP/security-advisories/blob/master/typo3/cms/CVE-2014-3943.yaml"
    },
    {
      "type": "WEB",
      "url": "https://typo3.org/teams/security/security-bulletins/typo3-core/typo3-core-sa-2014-001"
    },
    {
      "type": "WEB",
      "url": "https://web.archive.org/web/20200229060129/http://www.securityfocus.com/bid/67625"
    },
    {
      "type": "WEB",
      "url": "http://lists.opensuse.org/opensuse-updates/2014-06/msg00037.html"
    },
    {
      "type": "WEB",
      "url": "http://typo3.org/teams/security/security-bulletins/typo3-core/typo3-core-sa-2014-001"
    },
    {
      "type": "WEB",
      "url": "http://www.debian.org/security/2014/dsa-2942"
    },
    {
      "type": "WEB",
      "url": "http://www.openwall.com/lists/oss-security/2014/06/03/2"
    },
    {
      "type": "WEB",
      "url": "http://www.securityfocus.com/bid/67625"
    }
  ],
  "database_specific": {
    "cwe_ids": [
      "CWE-79"
    ],
    "severity": "LOW",
    "github_reviewed": true,
    "github_reviewed_at": "2023-08-16T22:44:09Z",
    "nvd_published_at": "2014-06-03T14:55:00Z"
  }
}