{
  "schema_version": "1.4.0",
  "id": "GHSA-vw47-mr44-3jf9",
  "modified": "2021-09-21T14:54:49Z",
  "published": "2021-09-21T18:28:30Z",
  "aliases": [
    "CVE-2021-25740"
  ],
  "summary": "Confused Deputy in Kubernetes",
  "details": "A security issue was discovered with Kubernetes that could enable users to send network traffic to locations they would otherwise not have access to via a confused deputy attack.",
  "severity": [
    {
      "type": "CVSS_V3",
      "score": "CVSS:3.1/AV:N/AC:H/PR:L/UI:N/S:U/C:L/I:N/A:N"
    }
  ],
  "affected": [
    {
      "package": {
        "ecosystem": "Go",
        "name": "k8s.io/kubernetes"
      },
      "ranges": [
        {
          "type": "ECOSYSTEM",
          "events": [
            {
              "introduced": "0"
            },
            {
              "last_affected": "1.22.2"
            }
          ]
        }
      ]
    }
  ],
  "references": [
    {
      "type": "ADVISORY",
      "url": "https://nvd.nist.gov/vuln/detail/CVE-2021-25740"
    },
    {
      "type": "WEB",
      "url": "https://github.com/kubernetes/kubernetes/issues/103675"
    },
    {
      "type": "PACKAGE",
      "url": "https://github.com/kubernetes/kubernetes"
    },
    {
      "type": "WEB",
      "url": "https://groups.google.com/g/kubernetes-security-announce/c/WYE9ptrhSLE"
    },
    {
      "type": "WEB",
      "url": "https://security.netapp.com/advisory/ntap-20211014-0001"
    }
  ],
  "database_specific": {
    "cwe_ids": [
      "CWE-441",
      "CWE-610"
    ],
    "severity": "LOW",
    "github_reviewed": true,
    "github_reviewed_at": "2021-09-21T14:54:49Z",
    "nvd_published_at": "2021-09-20T17:15:00Z"
  }
}