{
  "schema_version": "1.4.0",
  "id": "GHSA-c8w9-83vg-r8vv",
  "modified": "2024-05-14T21:32:11Z",
  "published": "2022-05-17T01:36:25Z",
  "aliases": [
    "CVE-2013-1840"
  ],
  "summary": "OpenStack Glance is vulnerable to Exposure of Sensitive Information",
  "details": "The v1 API in OpenStack Glance Essex (2012.1), Folsom (2012.2), and Grizzly, when using the single-tenant Swift or S3 store, reports the location field, which allows remote authenticated users to obtain the operator's backend credentials via a request for a cached image.",
  "severity": [],
  "affected": [
    {
      "package": {
        "ecosystem": "PyPI",
        "name": "glance"
      },
      "ranges": [
        {
          "type": "ECOSYSTEM",
          "events": [
            {
              "introduced": "0"
            },
            {
              "fixed": "11.0.0a0"
            }
          ]
        }
      ]
    }
  ],
  "references": [
    {
      "type": "ADVISORY",
      "url": "https://nvd.nist.gov/vuln/detail/CVE-2013-1840"
    },
    {
      "type": "WEB",
      "url": "https://github.com/openstack/glance/commit/74b067df9726f9cf3e6e17e248719794a6ee0745"
    },
    {
      "type": "WEB",
      "url": "https://github.com/openstack/glance/commit/dd849a9be540bedd4fd904cc0b86ccd9c3e34af2"
    },
    {
      "type": "WEB",
      "url": "https://github.com/openstack/glance/commit/e75764eee34915f8bc5b664ac18e47a556c9d3dd"
    },
    {
      "type": "WEB",
      "url": "https://bugs.launchpad.net/glance/+bug/1135541"
    },
    {
      "type": "WEB",
      "url": "https://exchange.xforce.ibmcloud.com/vulnerabilities/82878"
    },
    {
      "type": "PACKAGE",
      "url": "https://github.com/openstack/glance"
    },
    {
      "type": "WEB",
      "url": "https://review.openstack.org/#/c/24437"
    },
    {
      "type": "WEB",
      "url": "https://review.openstack.org/#/c/24438"
    },
    {
      "type": "WEB",
      "url": "https://review.openstack.org/#/c/24439"
    },
    {
      "type": "WEB",
      "url": "http://osvdb.org/91304"
    },
    {
      "type": "WEB",
      "url": "http://rhn.redhat.com/errata/RHSA-2013-0707.html"
    },
    {
      "type": "WEB",
      "url": "http://secunia.com/advisories/52565"
    },
    {
      "type": "WEB",
      "url": "http://www.openwall.com/lists/oss-security/2013/03/14/15"
    },
    {
      "type": "WEB",
      "url": "http://www.securityfocus.com/bid/58490"
    },
    {
      "type": "WEB",
      "url": "http://www.ubuntu.com/usn/USN-1764-1"
    }
  ],
  "database_specific": {
    "cwe_ids": [
      "CWE-200"
    ],
    "severity": "LOW",
    "github_reviewed": true,
    "github_reviewed_at": "2024-05-14T21:32:10Z",
    "nvd_published_at": "2013-03-22T21:55:00Z"
  }
}