{
  "schema_version": "1.4.0",
  "id": "GHSA-jj3j-mhgc-g4m4",
  "modified": "2024-01-25T20:33:54Z",
  "published": "2022-05-13T01:12:43Z",
  "aliases": [
    "CVE-2015-0212"
  ],
  "summary": "Moodle cross-site scripting (XSS) vulnerability",
  "details": "Cross-site scripting (XSS) vulnerability in course/pending.php in Moodle through 2.5.9, 2.6.x before 2.6.7, 2.7.x before 2.7.4, and 2.8.x before 2.8.2 allows remote authenticated users to inject arbitrary web script or HTML via a crafted course summary.",
  "severity": [],
  "affected": [
    {
      "package": {
        "ecosystem": "Packagist",
        "name": "moodle/moodle"
      },
      "ranges": [
        {
          "type": "ECOSYSTEM",
          "events": [
            {
              "introduced": "0"
            },
            {
              "fixed": "2.6.7"
            }
          ]
        }
      ]
    },
    {
      "package": {
        "ecosystem": "Packagist",
        "name": "moodle/moodle"
      },
      "ranges": [
        {
          "type": "ECOSYSTEM",
          "events": [
            {
              "introduced": "2.7.0"
            },
            {
              "fixed": "2.7.4"
            }
          ]
        }
      ]
    },
    {
      "package": {
        "ecosystem": "Packagist",
        "name": "moodle/moodle"
      },
      "ranges": [
        {
          "type": "ECOSYSTEM",
          "events": [
            {
              "introduced": "2.8.0"
            },
            {
              "fixed": "2.8.2"
            }
          ]
        }
      ]
    }
  ],
  "references": [
    {
      "type": "ADVISORY",
      "url": "https://nvd.nist.gov/vuln/detail/CVE-2015-0212"
    },
    {
      "type": "WEB",
      "url": "https://github.com/moodle/moodle/commit/38ca8793b6faa6c35176537c8015cc4e76ce73f5"
    },
    {
      "type": "WEB",
      "url": "https://github.com/moodle/moodle/commit/7a15c996ebd90c776bae1a77573b95e8a43467b6"
    },
    {
      "type": "WEB",
      "url": "https://github.com/moodle/moodle/commit/82356399b97be933c4d72f9c55b797e49b8c8232"
    },
    {
      "type": "WEB",
      "url": "https://github.com/moodle/moodle/commit/b270bb0d75d2354b7fbf4b8ccf0b995037973684"
    },
    {
      "type": "PACKAGE",
      "url": "https://github.com/moodle/moodle"
    },
    {
      "type": "WEB",
      "url": "https://moodle.org/mod/forum/discuss.php?d=278612"
    },
    {
      "type": "WEB",
      "url": "http://git.moodle.org/gw?p=moodle.git&a=search&h=HEAD&st=commit&s=MDL-48368"
    },
    {
      "type": "WEB",
      "url": "http://openwall.com/lists/oss-security/2015/01/19/1"
    }
  ],
  "database_specific": {
    "cwe_ids": [
      "CWE-79"
    ],
    "severity": "LOW",
    "github_reviewed": true,
    "github_reviewed_at": "2024-01-25T20:33:54Z",
    "nvd_published_at": "2015-06-01T19:59:00Z"
  }
}