{
  "schema_version": "1.4.0",
  "id": "GHSA-q5q3-qm26-9jwm",
  "modified": "2024-08-19T20:54:51Z",
  "published": "2023-12-21T18:30:23Z",
  "aliases": [
    "CVE-2023-7037"
  ],
  "summary": "Authenticated Blind SSRF in automad/automad",
  "details": "automad up to 1.10.9 is vulnerable to an authenticated blind server-side request forgery in `importUrl` as the `import` function on the `FileController.php` file was not properly validating the value of the `importUrl` argument. This issue may allow attackers to perform a port scan against the local environment or abuse some service.",
  "severity": [
    {
      "type": "CVSS_V3",
      "score": "CVSS:3.1/AV:N/AC:H/PR:L/UI:R/S:U/C:L/I:L/A:N"
    }
  ],
  "affected": [
    {
      "package": {
        "ecosystem": "Packagist",
        "name": "automad/automad"
      },
      "ranges": [
        {
          "type": "ECOSYSTEM",
          "events": [
            {
              "introduced": "0"
            },
            {
              "last_affected": "1.10.9"
            }
          ]
        }
      ]
    }
  ],
  "references": [
    {
      "type": "ADVISORY",
      "url": "https://nvd.nist.gov/vuln/detail/CVE-2023-7037"
    },
    {
      "type": "PACKAGE",
      "url": "https://github.com/marcantondahmen/automad"
    },
    {
      "type": "WEB",
      "url": "https://github.com/screetsec/VDD/tree/main/Automad%20CMS/Authenticated%20Blind%20SSRF"
    },
    {
      "type": "WEB",
      "url": "https://vuldb.com/?ctiid.248686"
    },
    {
      "type": "WEB",
      "url": "https://vuldb.com/?id.248686"
    }
  ],
  "database_specific": {
    "cwe_ids": [
      "CWE-918"
    ],
    "severity": "LOW",
    "github_reviewed": true,
    "github_reviewed_at": "2023-12-29T19:32:20Z",
    "nvd_published_at": "2023-12-21T17:15:09Z"
  }
}