{
  "schema_version": "1.4.0",
  "id": "GHSA-m78c-qx99-mvw9",
  "modified": "2025-01-07T18:40:55Z",
  "published": "2025-01-06T21:30:51Z",
  "aliases": [
    "CVE-2024-35498"
  ],
  "summary": "Grav Cross-site Scripting vulnerability",
  "details": "A cross-site scripting (XSS) vulnerability in Grav v1.7.45 allows attackers to execute arbitrary web scripts or HTML via a crafted payload.",
  "severity": [
    {
      "type": "CVSS_V4",
      "score": "CVSS:4.0/AV:N/AC:L/AT:N/PR:L/UI:P/VC:N/VI:N/VA:N/SC:L/SI:L/SA:N/E:P"
    }
  ],
  "affected": [
    {
      "package": {
        "ecosystem": "Packagist",
        "name": "getgrav/grav"
      },
      "ranges": [
        {
          "type": "ECOSYSTEM",
          "events": [
            {
              "introduced": "0"
            },
            {
              "last_affected": "1.7.45"
            }
          ]
        }
      ]
    }
  ],
  "references": [
    {
      "type": "ADVISORY",
      "url": "https://nvd.nist.gov/vuln/detail/CVE-2024-35498"
    },
    {
      "type": "PACKAGE",
      "url": "https://github.com/getgrav/grav"
    },
    {
      "type": "WEB",
      "url": "https://github.com/r4vanan/Stored-xss-Grav-v1.7.45"
    },
    {
      "type": "WEB",
      "url": "https://r4vanan.medium.com/a-quick-dive-into-xss-vulnerability-in-grav-cms-v1-7-45-cve-2024-35498-fc236b7d74a0"
    }
  ],
  "database_specific": {
    "cwe_ids": [
      "CWE-79"
    ],
    "severity": "LOW",
    "github_reviewed": true,
    "github_reviewed_at": "2025-01-06T22:34:51Z",
    "nvd_published_at": "2025-01-06T19:15:12Z"
  }
}