{
  "schema_version": "1.4.0",
  "id": "GHSA-h86j-6h6m-qjqw",
  "modified": "2021-12-09T17:55:01Z",
  "published": "2021-12-10T20:26:34Z",
  "aliases": [
    "CVE-2021-4049"
  ],
  "summary": "Cross-Site Request Forgery in remdex/livehelperchat",
  "details": "An attacker is able to log out a user if a logged-in user visits the attacker's website. While this cannot harm a user's account, it can be a great annoyance and is a valid CSRF.",
  "severity": [],
  "affected": [
    {
      "package": {
        "ecosystem": "Packagist",
        "name": "remdex/livehelperchat"
      },
      "ranges": [
        {
          "type": "ECOSYSTEM",
          "events": [
            {
              "introduced": "0"
            },
            {
              "last_affected": "2.0"
            }
          ]
        }
      ]
    }
  ],
  "references": [
    {
      "type": "ADVISORY",
      "url": "https://nvd.nist.gov/vuln/detail/CVE-2021-4049"
    },
    {
      "type": "WEB",
      "url": "https://github.com/livehelperchat/livehelperchat/commit/e7fe1aa6a087d4d21b2e8a0dadd2e08f42acbb57"
    },
    {
      "type": "PACKAGE",
      "url": "https://github.com/livehelperchat/livehelperchat"
    },
    {
      "type": "WEB",
      "url": "https://huntr.dev/bounties/62408fa4-2c16-4fcd-8b34-41fcdccb779e"
    }
  ],
  "database_specific": {
    "cwe_ids": [
      "CWE-352"
    ],
    "severity": "LOW",
    "github_reviewed": true,
    "github_reviewed_at": "2021-12-08T20:27:25Z",
    "nvd_published_at": "2021-12-07T11:15:00Z"
  }
}