{
  "schema_version": "1.4.0",
  "id": "GHSA-r847-6w6h-r8g4",
  "modified": "2023-10-27T17:39:08Z",
  "published": "2023-10-27T17:39:08Z",
  "aliases": [
    "CVE-2023-41891"
  ],
  "summary": "Flyte Admin SQL Injection in List Filters",
  "details": "### Impact\nList endpoints on Flyte Admin has a SQL vulnerability where a malicious user can send a REST requests with custom SQL statements as list filters.\n\n### Workarounds\nThe attacker needs to have access to the flyteadmin installation (typically either behind a VPN or authentication).\n\n### References\nhttps://owasp.org/www-community/attacks/SQL_Injection#\n",
  "severity": [
    {
      "type": "CVSS_V3",
      "score": "CVSS:3.1/AV:A/AC:L/PR:N/UI:R/S:U/C:L/I:N/A:N"
    }
  ],
  "affected": [
    {
      "package": {
        "ecosystem": "Go",
        "name": "github.com/flyteorg/flyteadmin"
      },
      "ranges": [
        {
          "type": "ECOSYSTEM",
          "events": [
            {
              "introduced": "0"
            },
            {
              "fixed": "1.1.124"
            }
          ]
        }
      ]
    }
  ],
  "references": [
    {
      "type": "WEB",
      "url": "https://github.com/flyteorg/flyteadmin/security/advisories/GHSA-r847-6w6h-r8g4"
    },
    {
      "type": "ADVISORY",
      "url": "https://nvd.nist.gov/vuln/detail/CVE-2023-41891"
    },
    {
      "type": "WEB",
      "url": "https://github.com/flyteorg/flyteadmin/commit/b3177ef70f068e908140b8a4a9913dfa74f289fd"
    },
    {
      "type": "PACKAGE",
      "url": "https://github.com/flyteorg/flyteadmin"
    },
    {
      "type": "WEB",
      "url": "https://owasp.org/www-community/attacks/SQL_Injection#"
    }
  ],
  "database_specific": {
    "cwe_ids": [
      "CWE-89"
    ],
    "severity": "LOW",
    "github_reviewed": true,
    "github_reviewed_at": "2023-10-27T17:39:08Z",
    "nvd_published_at": "2023-10-30T19:15:07Z"
  }
}