{
  "schema_version": "1.4.0",
  "id": "GHSA-wwgx-94v6-fc2p",
  "modified": "2022-12-12T17:00:02Z",
  "published": "2022-05-13T01:50:55Z",
  "aliases": [
    "CVE-2018-1999036"
  ],
  "summary": "Jenkins SSH Agent Plugin exposes SSH private key password to users with permission to read the build log",
  "details": "An exposure of sensitive information vulnerability exists in Jenkins SSH Agent Plugin 1.15 and earlier in SSHAgentStepExecution.java that exposes the SSH private key password to users with permission to read the build log. As of version 1.16, the plugin no longer logs the ssh-add invocation that would reveal the passphrase.\n\n",
  "severity": [
    {
      "type": "CVSS_V3",
      "score": "CVSS:3.0/AV:N/AC:H/PR:L/UI:N/S:U/C:L/I:N/A:N"
    }
  ],
  "affected": [
    {
      "package": {
        "ecosystem": "Maven",
        "name": "org.jenkins-ci.plugins:ssh-agent"
      },
      "ranges": [
        {
          "type": "ECOSYSTEM",
          "events": [
            {
              "introduced": "0"
            },
            {
              "fixed": "1.16"
            }
          ]
        }
      ],
      "database_specific": {
        "last_known_affected_version_range": "<= 1.15"
      }
    }
  ],
  "references": [
    {
      "type": "ADVISORY",
      "url": "https://nvd.nist.gov/vuln/detail/CVE-2018-1999036"
    },
    {
      "type": "WEB",
      "url": "https://github.com/jenkinsci/ssh-agent-plugin/commit/3a8abe1889d25f9a73cdba202cf27212b273de4d"
    },
    {
      "type": "PACKAGE",
      "url": "https://github.com/jenkinsci/ssh-agent-plugin"
    },
    {
      "type": "WEB",
      "url": "https://jenkins.io/security/advisory/2018-07-30/#SECURITY-704"
    }
  ],
  "database_specific": {
    "cwe_ids": [
      "CWE-532"
    ],
    "severity": "LOW",
    "github_reviewed": true,
    "github_reviewed_at": "2022-12-12T17:00:02Z",
    "nvd_published_at": "2018-08-01T13:29:00Z"
  }
}