{
  "schema_version": "1.4.0",
  "id": "GHSA-3xg8-cc8f-9wv2",
  "modified": "2022-11-26T20:22:00Z",
  "published": "2022-11-19T21:30:26Z",
  "aliases": [
    "CVE-2022-4064"
  ],
  "summary": "Unsanitized input leading to code injection in Dalli",
  "details": "A vulnerability was found in Dalli. Affected is the function self.meta_set of the file lib/dalli/protocol/meta/request_formatter.rb of the component Meta Protocol Handler. The manipulation leads to injection. The exploit has been disclosed to the public and may be used. The name of the patch is 48d594dae55934476fec61789e7a7c3700e0f50d. It is recommended to apply a patch to fix this issue. ",
  "severity": [
    {
      "type": "CVSS_V3",
      "score": "CVSS:3.1/AV:N/AC:H/PR:N/UI:N/S:U/C:N/I:L/A:N"
    }
  ],
  "affected": [
    {
      "package": {
        "ecosystem": "RubyGems",
        "name": "dalli"
      },
      "ranges": [
        {
          "type": "ECOSYSTEM",
          "events": [
            {
              "introduced": "0"
            },
            {
              "fixed": "3.2.3"
            }
          ]
        }
      ]
    }
  ],
  "references": [
    {
      "type": "ADVISORY",
      "url": "https://nvd.nist.gov/vuln/detail/CVE-2022-4064"
    },
    {
      "type": "WEB",
      "url": "https://github.com/petergoldstein/dalli/issues/932"
    },
    {
      "type": "WEB",
      "url": "https://github.com/petergoldstein/dalli/pull/933"
    },
    {
      "type": "WEB",
      "url": "https://github.com/petergoldstein/dalli/commit/48d594dae55934476fec61789e7a7c3700e0f50d"
    },
    {
      "type": "PACKAGE",
      "url": "https://github.com/petergoldstein/dalli"
    },
    {
      "type": "WEB",
      "url": "https://github.com/rubysec/ruby-advisory-db/blob/master/gems/dalli/CVE-2022-4064.yml"
    },
    {
      "type": "WEB",
      "url": "https://vuldb.com/?id.214026"
    }
  ],
  "database_specific": {
    "cwe_ids": [
      "CWE-74"
    ],
    "severity": "LOW",
    "github_reviewed": true,
    "github_reviewed_at": "2022-11-21T23:54:20Z",
    "nvd_published_at": "2022-11-19T19:15:00Z"
  }
}