{
  "schema_version": "1.4.0",
  "id": "GHSA-4gmq-m9vp-jrwg",
  "modified": "2025-02-19T17:47:37Z",
  "published": "2024-11-04T06:30:30Z",
  "withdrawn": "2025-02-19T17:47:37Z",
  "aliases": [],
  "summary": "Duplicate Advisory: Umbraco CMS Cross-site Scripting vulnerability",
  "details": "# Duplicate Advisory\nThis advisory has been withdrawn because it is a duplicate of GHSA-69cg-w8vm-h229. This link is maintained to preserve external references.\n\n# Original Description\n\nA vulnerability was found in Umbraco CMS 12.3.6. It has been classified as problematic. Affected is an unknown function of the file /Umbraco/preview/frame?id{} of the component Dashboard. The manipulation of the argument culture leads to cross site scripting. It is possible to launch the attack remotely. The exploit has been disclosed to the public and may be used.",
  "severity": [
    {
      "type": "CVSS_V3",
      "score": "CVSS:3.1/AV:N/AC:L/PR:L/UI:R/S:U/C:N/I:L/A:N"
    },
    {
      "type": "CVSS_V4",
      "score": "CVSS:4.0/AV:N/AC:L/AT:N/PR:L/UI:N/VC:N/VI:L/VA:N/SC:N/SI:N/SA:N/E:U"
    }
  ],
  "affected": [
    {
      "package": {
        "ecosystem": "NuGet",
        "name": "Umbraco.Cms.Core"
      },
      "ranges": [
        {
          "type": "ECOSYSTEM",
          "events": [
            {
              "introduced": "0"
            },
            {
              "last_affected": "12.3.6"
            }
          ]
        }
      ]
    }
  ],
  "references": [
    {
      "type": "WEB",
      "url": "https://github.com/umbraco/Umbraco-CMS/security/advisories/GHSA-69cg-w8vm-h229"
    },
    {
      "type": "ADVISORY",
      "url": "https://nvd.nist.gov/vuln/detail/CVE-2024-10761"
    },
    {
      "type": "WEB",
      "url": "https://drive.google.com/file/d/1YoZgdlS3QT7Xu005j9RO-FFUT8RbB0Da/view?usp=sharing"
    },
    {
      "type": "PACKAGE",
      "url": "https://github.com/umbraco/Umbraco-CMS"
    },
    {
      "type": "WEB",
      "url": "https://vuldb.com/?ctiid.282930"
    },
    {
      "type": "WEB",
      "url": "https://vuldb.com/?id.282930"
    },
    {
      "type": "WEB",
      "url": "https://vuldb.com/?submit.427091"
    }
  ],
  "database_specific": {
    "cwe_ids": [
      "CWE-707",
      "CWE-79"
    ],
    "severity": "LOW",
    "github_reviewed": true,
    "github_reviewed_at": "2024-11-04T23:22:46Z",
    "nvd_published_at": "2024-11-04T05:15:04Z"
  }
}