{
  "schema_version": "1.4.0",
  "id": "GHSA-r9vw-cjf9-xh4x",
  "modified": "2024-11-18T16:26:54Z",
  "published": "2024-07-19T21:31:11Z",
  "aliases": [
    "CVE-2024-41597"
  ],
  "summary": "ProcessWire Cross Site Request Forgery vulnerability",
  "details": "Cross Site Request Forgery vulnerability in ProcessWire v.3.0.229 allows a remote attacker to execute arbitrary code via a crafted HTML file to the comments functionality.",
  "severity": [
    {
      "type": "CVSS_V3",
      "score": "CVSS:3.1/AV:N/AC:H/PR:N/UI:R/S:U/C:L/I:L/A:N"
    },
    {
      "type": "CVSS_V4",
      "score": "CVSS:4.0/AV:N/AC:L/AT:P/PR:N/UI:A/VC:L/VI:L/VA:N/SC:N/SI:N/SA:N"
    }
  ],
  "affected": [
    {
      "package": {
        "ecosystem": "Packagist",
        "name": "processwire/processwire"
      },
      "ranges": [
        {
          "type": "ECOSYSTEM",
          "events": [
            {
              "introduced": "0"
            },
            {
              "last_affected": "3.0.229"
            }
          ]
        }
      ]
    }
  ],
  "references": [
    {
      "type": "ADVISORY",
      "url": "https://nvd.nist.gov/vuln/detail/CVE-2024-41597"
    },
    {
      "type": "WEB",
      "url": "https://gist.github.com/DefensiumDevelopers/608be4d10b016dce0566925368a8b08c#file-cve-2024-41597-md"
    },
    {
      "type": "PACKAGE",
      "url": "https://github.com/processwire/processwire"
    }
  ],
  "database_specific": {
    "cwe_ids": [
      "CWE-352"
    ],
    "severity": "LOW",
    "github_reviewed": true,
    "github_reviewed_at": "2024-07-19T22:39:58Z",
    "nvd_published_at": "2024-07-19T20:15:08Z"
  }
}