{
  "schema_version": "1.4.0",
  "id": "GHSA-rwf7-652f-76mv",
  "modified": "2023-07-20T14:42:12Z",
  "published": "2022-05-24T17:33:55Z",
  "aliases": [
    "CVE-2020-24404"
  ],
  "summary": "Magento 2 Community Edition vulnerable to Improper Authorization",
  "details": "Magento version 2.4.0 and 2.3.5p1 (and earlier) are affected by an incorrect permissions vulnerability within the Integrations component. This vulnerability could be abused by users with permissions to the Pages resource to delete cms pages via the REST API without authorization.",
  "severity": [
    {
      "type": "CVSS_V3",
      "score": "CVSS:3.1/AV:N/AC:L/PR:H/UI:N/S:U/C:N/I:L/A:N"
    }
  ],
  "affected": [
    {
      "package": {
        "ecosystem": "Packagist",
        "name": "magento/community-edition"
      },
      "ranges": [
        {
          "type": "ECOSYSTEM",
          "events": [
            {
              "introduced": "0"
            },
            {
              "fixed": "2.3.6"
            }
          ]
        }
      ]
    },
    {
      "package": {
        "ecosystem": "Packagist",
        "name": "magento/community-edition"
      },
      "ranges": [
        {
          "type": "ECOSYSTEM",
          "events": [
            {
              "introduced": "2.4.0"
            },
            {
              "fixed": "2.4.1"
            }
          ]
        }
      ],
      "versions": [
        "2.4.0"
      ]
    }
  ],
  "references": [
    {
      "type": "ADVISORY",
      "url": "https://nvd.nist.gov/vuln/detail/CVE-2020-24404"
    },
    {
      "type": "WEB",
      "url": "https://devdocs.magento.com/guides/v2.3/release-notes/open-source-2-3-6.html"
    },
    {
      "type": "WEB",
      "url": "https://experienceleague.adobe.com/docs/commerce-operations/release/notes/magento-open-source/2-4-1.html"
    },
    {
      "type": "PACKAGE",
      "url": "https://github.com/magento/magento2"
    },
    {
      "type": "WEB",
      "url": "https://helpx.adobe.com/security/products/magento/apsb20-59.html"
    }
  ],
  "database_specific": {
    "cwe_ids": [
      "CWE-285"
    ],
    "severity": "LOW",
    "github_reviewed": true,
    "github_reviewed_at": "2023-07-20T14:42:12Z",
    "nvd_published_at": "2020-11-09T01:15:00Z"
  }
}