{
  "schema_version": "1.4.0",
  "id": "GHSA-xcwj-wfcm-m23c",
  "modified": "2024-10-30T23:19:46Z",
  "published": "2021-05-21T14:22:09Z",
  "aliases": [
    "CVE-2021-29530"
  ],
  "summary": "Invalid validation in `SparseMatrixSparseCholesky`",
  "details": "### Impact\nAn attacker can trigger a null pointer dereference by providing an invalid `permutation` to `tf.raw_ops.SparseMatrixSparseCholesky`:\n\n```python\nimport tensorflow as tf\nimport numpy as np\nfrom tensorflow.python.ops.linalg.sparse import sparse_csr_matrix_ops\n\nindices_array = np.array([[0, 0]])\nvalue_array = np.array([-10.0], dtype=np.float32)\ndense_shape = [1, 1]\nst = tf.SparseTensor(indices_array, value_array, dense_shape)\n\ninput = sparse_csr_matrix_ops.sparse_tensor_to_csr_sparse_matrix(\n       st.indices, st.values, st.dense_shape)\n\npermutation = tf.constant([], shape=[1, 0], dtype=tf.int32)\n \ntf.raw_ops.SparseMatrixSparseCholesky(input=input, permutation=permutation, type=tf.float32)\n```\n\nThis is because the [implementation](https://github.com/tensorflow/tensorflow/blob/080f1d9e257589f78b3ffb75debf584168aa6062/tensorflow/core/kernels/sparse/sparse_cholesky_op.cc#L85-L86) fails to properly validate the input arguments: \n                          \n```cc \nvoid Compute(OpKernelContext* ctx) final {\n  ...\n  const Tensor& input_permutation_indices = ctx->input(1);\n  ...\n  ValidateInputs(ctx, *input_matrix, input_permutation_indices, &batch_size, &num_rows);\n  ...\n}\n\nvoid ValidateInputs(OpKernelContext* ctx,\n    const CSRSparseMatrix& sparse_matrix,\n    const Tensor& permutation_indices, int* batch_size,\n    int64* num_rows) {\n  OP_REQUIRES(ctx, sparse_matrix.dtype() == DataTypeToEnum<T>::value, ...)\n  ...\n}\n```\nAlthough `ValidateInputs` is called and there are checks in the body of this function, the code proceeds to the next line in `ValidateInputs` since [`OP_REQUIRES`](https://github.com/tensorflow/tensorflow/blob/080f1d9e257589f78b3ffb75debf584168aa6062/tensorflow/core/framework/op_requires.h#L41-L48) is a macro that only exits the current function.\n\n```cc\n#define OP_REQUIRES(CTX, EXP, STATUS)                     \\\n  do {                                                    \\\n    if (!TF_PREDICT_TRUE(EXP)) {                          \\\n      CheckNotInComputeAsync((CTX), \"OP_REQUIRES_ASYNC\"); \\\n      (CTX)->CtxFailure(__FILE__, __LINE__, (STATUS));    \\\n      return;                                             \\\n    }                                                     \\\n  } while (0)\n```\n\nThus, the first validation condition that fails in `ValidateInputs` will cause an early return from that function. However, the caller will continue execution from the next line. The fix is to either explicitly check `context->status()` or to convert `ValidateInputs` to return a `Status`.\n\n### Patches\nWe have patched the issue in GitHub commit [e6a7c7cc18c3aaad1ae0872cb0a959f5c923d2bd](https://github.com/tensorflow/tensorflow/commit/e6a7c7cc18c3aaad1ae0872cb0a959f5c923d2bd).\n\nThe fix will be included in TensorFlow 2.5.0. We will also cherrypick this commit on TensorFlow 2.4.2, TensorFlow 2.3.3, TensorFlow 2.2.3 and TensorFlow 2.1.4, as these are also affected and still in supported range.\n\n### For more information\nPlease consult [our security guide](https://github.com/tensorflow/tensorflow/blob/master/SECURITY.md) for more information regarding the security model and how to contact us with issues and questions.\n\n### Attribution\nThis vulnerability has been reported by Ying Wang and Yakun Zhang of Baidu X-Team.",
  "severity": [
    {
      "type": "CVSS_V3",
      "score": "CVSS:3.1/AV:L/AC:H/PR:L/UI:N/S:U/C:N/I:N/A:L"
    },
    {
      "type": "CVSS_V4",
      "score": "CVSS:4.0/AV:L/AC:L/AT:P/PR:L/UI:N/VC:N/VI:N/VA:L/SC:N/SI:N/SA:N"
    }
  ],
  "affected": [
    {
      "package": {
        "ecosystem": "PyPI",
        "name": "tensorflow"
      },
      "ranges": [
        {
          "type": "ECOSYSTEM",
          "events": [
            {
              "introduced": "0"
            },
            {
              "fixed": "2.1.4"
            }
          ]
        }
      ]
    },
    {
      "package": {
        "ecosystem": "PyPI",
        "name": "tensorflow"
      },
      "ranges": [
        {
          "type": "ECOSYSTEM",
          "events": [
            {
              "introduced": "2.2.0"
            },
            {
              "fixed": "2.2.3"
            }
          ]
        }
      ]
    },
    {
      "package": {
        "ecosystem": "PyPI",
        "name": "tensorflow"
      },
      "ranges": [
        {
          "type": "ECOSYSTEM",
          "events": [
            {
              "introduced": "2.3.0"
            },
            {
              "fixed": "2.3.3"
            }
          ]
        }
      ]
    },
    {
      "package": {
        "ecosystem": "PyPI",
        "name": "tensorflow"
      },
      "ranges": [
        {
          "type": "ECOSYSTEM",
          "events": [
            {
              "introduced": "2.4.0"
            },
            {
              "fixed": "2.4.2"
            }
          ]
        }
      ]
    },
    {
      "package": {
        "ecosystem": "PyPI",
        "name": "tensorflow-cpu"
      },
      "ranges": [
        {
          "type": "ECOSYSTEM",
          "events": [
            {
              "introduced": "0"
            },
            {
              "fixed": "2.1.4"
            }
          ]
        }
      ]
    },
    {
      "package": {
        "ecosystem": "PyPI",
        "name": "tensorflow-cpu"
      },
      "ranges": [
        {
          "type": "ECOSYSTEM",
          "events": [
            {
              "introduced": "2.2.0"
            },
            {
              "fixed": "2.2.3"
            }
          ]
        }
      ]
    },
    {
      "package": {
        "ecosystem": "PyPI",
        "name": "tensorflow-cpu"
      },
      "ranges": [
        {
          "type": "ECOSYSTEM",
          "events": [
            {
              "introduced": "2.3.0"
            },
            {
              "fixed": "2.3.3"
            }
          ]
        }
      ]
    },
    {
      "package": {
        "ecosystem": "PyPI",
        "name": "tensorflow-cpu"
      },
      "ranges": [
        {
          "type": "ECOSYSTEM",
          "events": [
            {
              "introduced": "2.4.0"
            },
            {
              "fixed": "2.4.2"
            }
          ]
        }
      ]
    },
    {
      "package": {
        "ecosystem": "PyPI",
        "name": "tensorflow-gpu"
      },
      "ranges": [
        {
          "type": "ECOSYSTEM",
          "events": [
            {
              "introduced": "0"
            },
            {
              "fixed": "2.1.4"
            }
          ]
        }
      ]
    },
    {
      "package": {
        "ecosystem": "PyPI",
        "name": "tensorflow-gpu"
      },
      "ranges": [
        {
          "type": "ECOSYSTEM",
          "events": [
            {
              "introduced": "2.2.0"
            },
            {
              "fixed": "2.2.3"
            }
          ]
        }
      ]
    },
    {
      "package": {
        "ecosystem": "PyPI",
        "name": "tensorflow-gpu"
      },
      "ranges": [
        {
          "type": "ECOSYSTEM",
          "events": [
            {
              "introduced": "2.3.0"
            },
            {
              "fixed": "2.3.3"
            }
          ]
        }
      ]
    },
    {
      "package": {
        "ecosystem": "PyPI",
        "name": "tensorflow-gpu"
      },
      "ranges": [
        {
          "type": "ECOSYSTEM",
          "events": [
            {
              "introduced": "2.4.0"
            },
            {
              "fixed": "2.4.2"
            }
          ]
        }
      ]
    }
  ],
  "references": [
    {
      "type": "WEB",
      "url": "https://github.com/tensorflow/tensorflow/security/advisories/GHSA-xcwj-wfcm-m23c"
    },
    {
      "type": "ADVISORY",
      "url": "https://nvd.nist.gov/vuln/detail/CVE-2021-29530"
    },
    {
      "type": "WEB",
      "url": "https://github.com/tensorflow/tensorflow/commit/e6a7c7cc18c3aaad1ae0872cb0a959f5c923d2bd"
    },
    {
      "type": "WEB",
      "url": "https://github.com/pypa/advisory-database/tree/main/vulns/tensorflow-cpu/PYSEC-2021-458.yaml"
    },
    {
      "type": "WEB",
      "url": "https://github.com/pypa/advisory-database/tree/main/vulns/tensorflow-gpu/PYSEC-2021-656.yaml"
    },
    {
      "type": "WEB",
      "url": "https://github.com/pypa/advisory-database/tree/main/vulns/tensorflow/PYSEC-2021-167.yaml"
    },
    {
      "type": "PACKAGE",
      "url": "https://github.com/tensorflow/tensorflow"
    }
  ],
  "database_specific": {
    "cwe_ids": [
      "CWE-476"
    ],
    "severity": "LOW",
    "github_reviewed": true,
    "github_reviewed_at": "2021-05-18T23:03:26Z",
    "nvd_published_at": "2021-05-14T20:15:00Z"
  }
}