{
  "schema_version": "1.4.0",
  "id": "GHSA-fjqm-246c-mwqg",
  "modified": "2022-04-27T13:35:24Z",
  "published": "2018-10-17T16:27:28Z",
  "aliases": [
    "CVE-2016-1000346"
  ],
  "summary": "In Bouncy Castle JCE Provider the other party DH public key is not fully validated",
  "details": "In the Bouncy Castle JCE Provider version 1.55 and earlier the other party DH public key is not fully validated. This can cause issues as invalid keys can be used to reveal details about the other party's private key where static Diffie-Hellman is in use. As of release 1.56 the key parameters are checked on agreement calculation.",
  "severity": [
    {
      "type": "CVSS_V3",
      "score": "CVSS:3.0/AV:N/AC:H/PR:N/UI:N/S:U/C:L/I:N/A:N"
    }
  ],
  "affected": [
    {
      "package": {
        "ecosystem": "Maven",
        "name": "org.bouncycastle:bcprov-jdk14"
      },
      "ranges": [
        {
          "type": "ECOSYSTEM",
          "events": [
            {
              "introduced": "0"
            },
            {
              "fixed": "1.56"
            }
          ]
        }
      ]
    },
    {
      "package": {
        "ecosystem": "Maven",
        "name": "org.bouncycastle:bcprov-jdk15"
      },
      "ranges": [
        {
          "type": "ECOSYSTEM",
          "events": [
            {
              "introduced": "0"
            },
            {
              "fixed": "1.56"
            }
          ]
        }
      ]
    }
  ],
  "references": [
    {
      "type": "ADVISORY",
      "url": "https://nvd.nist.gov/vuln/detail/CVE-2016-1000346"
    },
    {
      "type": "WEB",
      "url": "https://github.com/bcgit/bc-java/commit/1127131c89021612c6eefa26dbe5714c194e7495#diff-d525a20b8acaed791ae2f0f770eb5937"
    },
    {
      "type": "WEB",
      "url": "https://access.redhat.com/errata/RHSA-2018:2669"
    },
    {
      "type": "WEB",
      "url": "https://access.redhat.com/errata/RHSA-2018:2927"
    },
    {
      "type": "ADVISORY",
      "url": "https://github.com/advisories/GHSA-fjqm-246c-mwqg"
    },
    {
      "type": "PACKAGE",
      "url": "https://github.com/bcgit/bc-java"
    },
    {
      "type": "WEB",
      "url": "https://lists.debian.org/debian-lts-announce/2018/07/msg00009.html"
    },
    {
      "type": "WEB",
      "url": "https://security.netapp.com/advisory/ntap-20181127-0004"
    },
    {
      "type": "WEB",
      "url": "https://usn.ubuntu.com/3727-1"
    },
    {
      "type": "WEB",
      "url": "https://www.oracle.com/security-alerts/cpuoct2020.html"
    }
  ],
  "database_specific": {
    "cwe_ids": [],
    "severity": "LOW",
    "github_reviewed": true,
    "github_reviewed_at": "2020-06-16T21:34:48Z",
    "nvd_published_at": null
  }
}