{
  "schema_version": "1.4.0",
  "id": "GHSA-ffcv-v6pw-qhrp",
  "modified": "2024-10-31T19:31:10Z",
  "published": "2024-10-08T22:18:27Z",
  "aliases": [
    "CVE-2024-34537"
  ],
  "summary": "Denial of Service in TYPO3 Bookmark Toolbar",
  "details": "### Problem\nDue to insufficient input validation, manipulated data saved in the bookmark toolbar of the backend user interface causes a general error state, blocking further access to the interface. Exploiting this vulnerability requires an administrator-level backend user account.\n\n### Solution\nUpdate to TYPO3 versions 10.4.46 ELTS, 11.5.40 LTS, 12.4.21 LTS, 13.3.1 that fix the problem described.\n\n### Credits\nThanks to Hendrik Eichner who reported this issue and to TYPO3 core & security team members Oliver Hader and Benjamin Franzke who fixed the issue.\n\n### References\n* [TYPO3-CORE-SA-2024-011](https://typo3.org/security/advisory/typo3-core-sa-2024-001)\n",
  "severity": [
    {
      "type": "CVSS_V3",
      "score": "CVSS:3.1/AV:N/AC:L/PR:H/UI:N/S:U/C:N/I:N/A:L/E:F/RL:O/RC:C"
    },
    {
      "type": "CVSS_V4",
      "score": "CVSS:4.0/AV:N/AC:L/AT:N/PR:H/UI:N/VC:N/VI:N/VA:L/SC:N/SI:N/SA:N/E:P"
    }
  ],
  "affected": [
    {
      "package": {
        "ecosystem": "Packagist",
        "name": "typo3/cms-backend"
      },
      "ranges": [
        {
          "type": "ECOSYSTEM",
          "events": [
            {
              "introduced": "13.0.0"
            },
            {
              "fixed": "13.3.1"
            }
          ]
        }
      ],
      "versions": [
        "13.0.0"
      ]
    },
    {
      "package": {
        "ecosystem": "Packagist",
        "name": "typo3/cms-backend"
      },
      "ranges": [
        {
          "type": "ECOSYSTEM",
          "events": [
            {
              "introduced": "12.0.0"
            },
            {
              "fixed": "12.4.21"
            }
          ]
        }
      ],
      "database_specific": {
        "last_known_affected_version_range": "< 12.4.20"
      }
    },
    {
      "package": {
        "ecosystem": "Packagist",
        "name": "typo3/cms-backend"
      },
      "ranges": [
        {
          "type": "ECOSYSTEM",
          "events": [
            {
              "introduced": "11.0.0"
            },
            {
              "fixed": "11.5.40"
            }
          ]
        }
      ],
      "database_specific": {
        "last_known_affected_version_range": "<= 11.5.39"
      }
    },
    {
      "package": {
        "ecosystem": "Packagist",
        "name": "typo3/cms-backend"
      },
      "ranges": [
        {
          "type": "ECOSYSTEM",
          "events": [
            {
              "introduced": "10.0.0"
            },
            {
              "fixed": "10.4.46"
            }
          ]
        }
      ],
      "database_specific": {
        "last_known_affected_version_range": "<= 10.4.45"
      }
    }
  ],
  "references": [
    {
      "type": "WEB",
      "url": "https://github.com/TYPO3/typo3/security/advisories/GHSA-ffcv-v6pw-qhrp"
    },
    {
      "type": "ADVISORY",
      "url": "https://nvd.nist.gov/vuln/detail/CVE-2024-34537"
    },
    {
      "type": "PACKAGE",
      "url": "https://github.com/TYPO3-CMS/backend"
    },
    {
      "type": "WEB",
      "url": "https://typo3.org/security/advisory/typo3-core-sa-2024-011"
    },
    {
      "type": "WEB",
      "url": "https://www.mgm-sp.com/cve/denial-of-service-in-typo3-bookmark-toolbar"
    }
  ],
  "database_specific": {
    "cwe_ids": [
      "CWE-1286",
      "CWE-248"
    ],
    "severity": "LOW",
    "github_reviewed": true,
    "github_reviewed_at": "2024-10-08T22:18:27Z",
    "nvd_published_at": "2024-10-28T14:15:04Z"
  }
}