{
  "schema_version": "1.4.0",
  "id": "GHSA-f9f9-4r63-4qcc",
  "modified": "2022-12-16T17:22:29Z",
  "published": "2022-10-19T19:00:22Z",
  "aliases": [
    "CVE-2022-43411"
  ],
  "summary": "Non-constant time webhook token comparison in Jenkins GitLab Plugin",
  "details": "GitLab Plugin 1.5.35 and earlier does not use a constant-time comparison when checking whether the provided and expected webhook token are equal.\n\nThis could potentially allow attackers to use statistical methods to obtain a valid webhook token.\n\nGitLab Plugin 1.5.36 uses a constant-time comparison when validating the webhook token.",
  "severity": [
    {
      "type": "CVSS_V3",
      "score": "CVSS:3.1/AV:N/AC:H/PR:N/UI:N/S:U/C:L/I:N/A:N"
    }
  ],
  "affected": [
    {
      "package": {
        "ecosystem": "Maven",
        "name": "org.jenkins-ci.plugins:gitlab-plugin"
      },
      "ranges": [
        {
          "type": "ECOSYSTEM",
          "events": [
            {
              "introduced": "0"
            },
            {
              "fixed": "1.5.36"
            }
          ]
        }
      ],
      "database_specific": {
        "last_known_affected_version_range": "<= 1.5.35"
      }
    }
  ],
  "references": [
    {
      "type": "ADVISORY",
      "url": "https://nvd.nist.gov/vuln/detail/CVE-2022-43411"
    },
    {
      "type": "WEB",
      "url": "https://github.com/jenkinsci/gitlab-plugin/commit/882f84c6a42b42b74ff7c9803d814f61b8fde0ed"
    },
    {
      "type": "PACKAGE",
      "url": "https://github.com/jenkinsci/gitlab-plugin"
    },
    {
      "type": "WEB",
      "url": "https://www.jenkins.io/security/advisory/2022-10-19/#SECURITY-2877"
    },
    {
      "type": "WEB",
      "url": "http://www.openwall.com/lists/oss-security/2022/10/19/3"
    }
  ],
  "database_specific": {
    "cwe_ids": [
      "CWE-203",
      "CWE-208"
    ],
    "severity": "LOW",
    "github_reviewed": true,
    "github_reviewed_at": "2022-10-19T22:22:43Z",
    "nvd_published_at": "2022-10-19T16:15:00Z"
  }
}