{
  "schema_version": "1.4.0",
  "id": "GHSA-6vrw-mpj8-3j59",
  "modified": "2024-11-25T18:32:48Z",
  "published": "2024-11-25T09:30:58Z",
  "withdrawn": "2024-11-25T18:32:48Z",
  "aliases": [],
  "summary": "Duplicate Advisory: Keycloak Path Traversal Vulnerability Due to External Control of File Name or Path",
  "details": "## Duplicate Advisory\nThis advisory has been withdrawn because it is a duplicate of GHSA-5545-r4hg-rj4m. This link is maintained to preserve external references.\n\n## Original Description\nA vulnerability was found in Keycloak. A user with high privileges could read sensitive information from a Vault file that is not within the expected context. This attacker must have previous high access to the Keycloak server in order to perform resource creation, for example, an LDAP provider configuration and set up a Vault read file, which will only inform whether that file exists or not.",
  "severity": [
    {
      "type": "CVSS_V3",
      "score": "CVSS:3.0/AV:N/AC:L/PR:H/UI:N/S:U/C:L/I:N/A:N"
    }
  ],
  "affected": [
    {
      "package": {
        "ecosystem": "Maven",
        "name": "org.keycloak:keycloak-quarkus-server"
      },
      "ranges": [
        {
          "type": "ECOSYSTEM",
          "events": [
            {
              "introduced": "0"
            },
            {
              "fixed": "24.0.9"
            }
          ]
        }
      ]
    },
    {
      "package": {
        "ecosystem": "Maven",
        "name": "org.keycloak:keycloak-quarkus-server"
      },
      "ranges": [
        {
          "type": "ECOSYSTEM",
          "events": [
            {
              "introduced": "25.0.0"
            },
            {
              "fixed": "26.0.6"
            }
          ]
        }
      ]
    }
  ],
  "references": [
    {
      "type": "ADVISORY",
      "url": "https://nvd.nist.gov/vuln/detail/CVE-2024-10492"
    },
    {
      "type": "WEB",
      "url": "https://access.redhat.com/errata/RHSA-2024:10175"
    },
    {
      "type": "WEB",
      "url": "https://access.redhat.com/errata/RHSA-2024:10176"
    },
    {
      "type": "WEB",
      "url": "https://access.redhat.com/errata/RHSA-2024:10177"
    },
    {
      "type": "WEB",
      "url": "https://access.redhat.com/errata/RHSA-2024:10178"
    },
    {
      "type": "WEB",
      "url": "https://access.redhat.com/security/cve/CVE-2024-10492"
    },
    {
      "type": "WEB",
      "url": "https://bugzilla.redhat.com/show_bug.cgi?id=2322447"
    }
  ],
  "database_specific": {
    "cwe_ids": [
      "CWE-73"
    ],
    "severity": "LOW",
    "github_reviewed": true,
    "github_reviewed_at": "2024-11-25T18:32:48Z",
    "nvd_published_at": "2024-11-25T08:15:08Z"
  }
}