{
  "schema_version": "1.4.0",
  "id": "GHSA-457r-cqc8-9vj9",
  "modified": "2022-11-23T15:39:50Z",
  "published": "2022-11-23T15:39:50Z",
  "aliases": [],
  "summary": "sweetalert2 v10.16.10 and above contains hidden functionality",
  "details": "`sweetalert2` versions 10.16.10 and up until 11.0.0 are vulnerable to hidden functionality that was introduced by the maintainer. The package outputs audio and/or video messages that do not pertain to the functionality of the package and is not included in versions 10.0.0 - 10.16.9.\n\n### Workaround\nUse a version 10.0.0 - 10.16.9 of the package until the maintainer releases a fix.",
  "severity": [],
  "affected": [
    {
      "package": {
        "ecosystem": "npm",
        "name": "sweetalert2"
      },
      "ranges": [
        {
          "type": "ECOSYSTEM",
          "events": [
            {
              "introduced": "10.16.10"
            }
          ]
        }
      ],
      "database_specific": {
        "last_known_affected_version_range": "< 11.0.0"
      }
    }
  ],
  "references": [
    {
      "type": "WEB",
      "url": "https://github.com/sweetalert2/sweetalert2"
    },
    {
      "type": "WEB",
      "url": "https://github.com/sweetalert2/sweetalert2/releases/tag/v11.4.9"
    },
    {
      "type": "WEB",
      "url": "https://www.npmjs.com/package/sweetalert2"
    }
  ],
  "database_specific": {
    "cwe_ids": [
      "CWE-912"
    ],
    "severity": "LOW",
    "github_reviewed": true,
    "github_reviewed_at": "2022-11-23T15:39:50Z",
    "nvd_published_at": null
  }
}