{
  "schema_version": "1.4.0",
  "id": "GHSA-x446-3xhq-5xfp",
  "modified": "2022-04-26T13:03:51Z",
  "published": "2022-04-15T00:00:40Z",
  "aliases": [
    "CVE-2022-27814"
  ],
  "summary": "Exposure of Resource to Wrong Sphere in Simple-Wayland-HotKey-Daemon",
  "details": "SWHKD 1.1.5 allows arbitrary file-existence tests via the -c option.",
  "severity": [
    {
      "type": "CVSS_V3",
      "score": "CVSS:3.1/AV:L/AC:L/PR:L/UI:N/S:U/C:L/I:N/A:N"
    }
  ],
  "affected": [
    {
      "package": {
        "ecosystem": "crates.io",
        "name": "Simple-Wayland-HotKey-Daemon"
      },
      "ranges": [
        {
          "type": "ECOSYSTEM",
          "events": [
            {
              "introduced": "0"
            },
            {
              "fixed": "1.2.0"
            }
          ]
        }
      ]
    }
  ],
  "references": [
    {
      "type": "ADVISORY",
      "url": "https://nvd.nist.gov/vuln/detail/CVE-2022-27814"
    },
    {
      "type": "PACKAGE",
      "url": "https://github.com/waycrate/swhkd"
    },
    {
      "type": "WEB",
      "url": "https://github.com/waycrate/swhkd/releases"
    },
    {
      "type": "WEB",
      "url": "https://github.com/waycrate/swhkd/releases/tag/1.2.0"
    },
    {
      "type": "WEB",
      "url": "https://www.openwall.com/lists/oss-security/2022/04/14/1"
    }
  ],
  "database_specific": {
    "cwe_ids": [
      "CWE-668"
    ],
    "severity": "LOW",
    "github_reviewed": true,
    "github_reviewed_at": "2022-04-26T13:03:51Z",
    "nvd_published_at": "2022-04-14T17:15:00Z"
  }
}