{
  "schema_version": "1.4.0",
  "id": "GHSA-29mf-62xx-28jq",
  "modified": "2023-06-06T01:58:41Z",
  "published": "2023-06-06T01:58:41Z",
  "aliases": [],
  "summary": "buffered-reader vulnerable to out-of-bounds array access leading to panic",
  "details": "Affected versions of the crate have a bug where attacker-controlled input can result in the use of an out-of-bound array index. Rust\ndetects the use of the out-of-bound index and causes the application to panic.  An attacker may be able to use this to cause a denial-of-service.  However, it is not possible for an attacker to read from or write to the application's address space.\n",
  "severity": [],
  "affected": [
    {
      "package": {
        "ecosystem": "crates.io",
        "name": "buffered-reader"
      },
      "ranges": [
        {
          "type": "ECOSYSTEM",
          "events": [
            {
              "introduced": "0"
            },
            {
              "fixed": "1.0.2"
            }
          ]
        }
      ]
    },
    {
      "package": {
        "ecosystem": "crates.io",
        "name": "buffered-reader"
      },
      "ranges": [
        {
          "type": "ECOSYSTEM",
          "events": [
            {
              "introduced": "1.1.0"
            },
            {
              "fixed": "1.1.5"
            }
          ]
        }
      ]
    }
  ],
  "references": [
    {
      "type": "ADVISORY",
      "url": "https://github.com/advisories/GHSA-25mx-8f3v-8wh7"
    },
    {
      "type": "PACKAGE",
      "url": "https://gitlab.com/sequoia-pgp/sequoia"
    },
    {
      "type": "WEB",
      "url": "https://gitlab.com/sequoia-pgp/sequoia/-/blob/main/buffered-reader/NEWS"
    },
    {
      "type": "WEB",
      "url": "https://lists.sequoia-pgp.org/hyperkitty/list/announce@lists.sequoia-pgp.org/thread/SN2E3QRT4DMQ5JNEK6VIN6DJ5SH766DI"
    },
    {
      "type": "WEB",
      "url": "https://rustsec.org/advisories/RUSTSEC-2023-0039.html"
    }
  ],
  "database_specific": {
    "cwe_ids": [],
    "severity": "LOW",
    "github_reviewed": true,
    "github_reviewed_at": "2023-06-06T01:58:41Z",
    "nvd_published_at": null
  }
}