{
  "schema_version": "1.4.0",
  "id": "GHSA-3pfj-g4wr-qj3j",
  "modified": "2024-01-09T19:30:42Z",
  "published": "2024-01-03T00:30:23Z",
  "aliases": [
    "CVE-2020-26625"
  ],
  "summary": "Gila CMS SQL Injection vulnerability",
  "details": "A SQL injection vulnerability was discovered in Gila CMS 1.15.4 and earlier which allows a remote attacker to execute arbitrary web scripts via the 'user_id' parameter after the login portal.",
  "severity": [
    {
      "type": "CVSS_V3",
      "score": "CVSS:3.1/AV:N/AC:L/PR:H/UI:N/S:U/C:L/I:L/A:N"
    }
  ],
  "affected": [
    {
      "package": {
        "ecosystem": "Packagist",
        "name": "gilacms/gila"
      },
      "ranges": [
        {
          "type": "ECOSYSTEM",
          "events": [
            {
              "introduced": "0"
            },
            {
              "last_affected": "1.15.4"
            }
          ]
        }
      ]
    }
  ],
  "references": [
    {
      "type": "ADVISORY",
      "url": "https://nvd.nist.gov/vuln/detail/CVE-2020-26625"
    },
    {
      "type": "PACKAGE",
      "url": "https://github.com/GilaCMS/gila"
    },
    {
      "type": "WEB",
      "url": "https://github.com/GilaCMS/gila/security/policy"
    },
    {
      "type": "WEB",
      "url": "https://packetstormsecurity.com/files/176301/GilaCMS-1.15.4-SQL-Injection.html"
    },
    {
      "type": "WEB",
      "url": "http://gilacms.com"
    }
  ],
  "database_specific": {
    "cwe_ids": [
      "CWE-89"
    ],
    "severity": "LOW",
    "github_reviewed": true,
    "github_reviewed_at": "2024-01-09T19:30:42Z",
    "nvd_published_at": "2024-01-02T22:15:07Z"
  }
}