{
  "schema_version": "1.4.0",
  "id": "GHSA-qcfr-65hf-f98x",
  "modified": "2023-10-26T22:50:39Z",
  "published": "2022-05-24T16:52:46Z",
  "aliases": [
    "CVE-2019-10378"
  ],
  "summary": "Jenkins TestLink Plugin stores credentials in plain text",
  "details": "Jenkins TestLink Plugin stores credentials unencrypted in its global configuration file hudson.plugins.testlink.TestLinkBuilder.xml on the Jenkins controller. These credentials can be viewed by users with access to the Jenkins controller file system.\n\nAs of publication of this advisory, there is no fix.",
  "severity": [
    {
      "type": "CVSS_V3",
      "score": "CVSS:3.0/AV:L/AC:L/PR:L/UI:N/S:U/C:L/I:N/A:N"
    }
  ],
  "affected": [
    {
      "package": {
        "ecosystem": "Maven",
        "name": "org.jenkins-ci.plugins:testlink"
      },
      "ranges": [
        {
          "type": "ECOSYSTEM",
          "events": [
            {
              "introduced": "0"
            },
            {
              "last_affected": "3.16"
            }
          ]
        }
      ]
    }
  ],
  "references": [
    {
      "type": "ADVISORY",
      "url": "https://nvd.nist.gov/vuln/detail/CVE-2019-10378"
    },
    {
      "type": "WEB",
      "url": "https://jenkins.io/security/advisory/2019-08-07/#SECURITY-1428"
    },
    {
      "type": "WEB",
      "url": "http://www.openwall.com/lists/oss-security/2019/08/07/1"
    }
  ],
  "database_specific": {
    "cwe_ids": [
      "CWE-522"
    ],
    "severity": "LOW",
    "github_reviewed": true,
    "github_reviewed_at": "2023-10-26T22:50:39Z",
    "nvd_published_at": "2019-08-07T15:15:00Z"
  }
}