{
  "schema_version": "1.4.0",
  "id": "GHSA-qmqw-r4x6-3w2q",
  "modified": "2023-05-12T15:24:21Z",
  "published": "2023-05-09T06:30:25Z",
  "aliases": [
    "CVE-2023-2590"
  ],
  "summary": "Answer Missing Authorization vulnerability",
  "details": "A missing authorization in GitHub repository answerdev/answer prior to 1.0.9 can lead to a user rating their own answer as the best answer.",
  "severity": [
    {
      "type": "CVSS_V3",
      "score": "CVSS:3.1/AV:N/AC:L/PR:L/UI:R/S:U/C:N/I:L/A:N"
    }
  ],
  "affected": [
    {
      "package": {
        "ecosystem": "Go",
        "name": "github.com/answerdev/answer"
      },
      "ranges": [
        {
          "type": "ECOSYSTEM",
          "events": [
            {
              "introduced": "0"
            },
            {
              "fixed": "1.0.9"
            }
          ]
        }
      ]
    }
  ],
  "references": [
    {
      "type": "ADVISORY",
      "url": "https://nvd.nist.gov/vuln/detail/CVE-2023-2590"
    },
    {
      "type": "WEB",
      "url": "https://github.com/answerdev/answer/commit/51ac1e6b76ae9ab3ca2008ca4819c0cc3bd2fcd3"
    },
    {
      "type": "PACKAGE",
      "url": "https://github.com/answerdev/answer"
    },
    {
      "type": "WEB",
      "url": "https://huntr.dev/bounties/a4238a30-3ddb-4415-9055-e179c3d4dea7"
    }
  ],
  "database_specific": {
    "cwe_ids": [
      "CWE-862"
    ],
    "severity": "LOW",
    "github_reviewed": true,
    "github_reviewed_at": "2023-05-11T20:36:13Z",
    "nvd_published_at": "2023-05-09T06:15:08Z"
  }
}