{
  "schema_version": "1.4.0",
  "id": "GHSA-5cpq-8wj7-hf2v",
  "modified": "2023-06-02T17:13:10Z",
  "published": "2023-06-02T17:13:10Z",
  "aliases": [],
  "summary": "Vulnerable OpenSSL included in cryptography wheels",
  "details": "pyca/cryptography's wheels include a statically linked copy of OpenSSL. The versions of OpenSSL included in cryptography 0.5-40.0.2 are vulnerable to a security issue. More details about the vulnerability itself can be found in https://www.openssl.org/news/secadv/20230530.txt.\n\nIf you are building cryptography source (\"sdist\") then you are responsible for upgrading your copy of OpenSSL. Only users installing from wheels built by the cryptography project (i.e., those distributed on PyPI) need to update their cryptography versions.",
  "severity": [],
  "affected": [
    {
      "package": {
        "ecosystem": "PyPI",
        "name": "cryptography"
      },
      "ranges": [
        {
          "type": "ECOSYSTEM",
          "events": [
            {
              "introduced": "0.5"
            },
            {
              "fixed": "41.0.0"
            }
          ]
        }
      ],
      "database_specific": {
        "last_known_affected_version_range": "<= 40.0.2"
      }
    }
  ],
  "references": [
    {
      "type": "WEB",
      "url": "https://github.com/pyca/cryptography/security/advisories/GHSA-5cpq-8wj7-hf2v"
    },
    {
      "type": "WEB",
      "url": "https://github.com/pyca/cryptography/commit/8708245ccdeaff21d65eea68a4f8d2a7c5949a22"
    },
    {
      "type": "WEB",
      "url": "https://cryptography.io/en/latest/changelog/#v41-0-0"
    },
    {
      "type": "PACKAGE",
      "url": "https://github.com/pyca/cryptography"
    }
  ],
  "database_specific": {
    "cwe_ids": [],
    "severity": "LOW",
    "github_reviewed": true,
    "github_reviewed_at": "2023-06-02T17:13:10Z",
    "nvd_published_at": null
  }
}