{
  "schema_version": "1.4.0",
  "id": "GHSA-g96c-x7rh-99r3",
  "modified": "2023-09-07T21:19:13Z",
  "published": "2023-07-06T20:51:48Z",
  "aliases": [
    "CVE-2023-41045"
  ],
  "summary": "Graylog vulnerable to insecure source port usage for DNS queries",
  "details": "### Summary\nGraylog utilises only one single source port for DNS queries.\n\n### Details\nGraylog seems to bind a single socket for outgoing DNS queries. That socket is bound to a random port number which is not changed again. This goes against recommended practice since 2008, when Dan Kaminsky discovered how easy is to carry out DNS cache poisoning attacks. In order to prevent cache poisoning with spoofed DNS responses, it is necessary to maximise the uncertainty in the choice of a source port for a DNS query.\n\n\n### PoC \n\nThe attached figure shows the source ports distribution difference between Graylog configured to use a data adapter based on DNS queries and ISC Bind.  The source port distribution of the DNS queries sent from Graylog to a recursive DNS name server running Bind (CLIENT_QUERY) are depicted in purple, while the queries sent from the recursive DNS server to the authoritatives (RESOLVER_QUERY) are plotted in green color. As it can be observed, in contrast to ISC Bind which presents a heterogeneous usage of source port, Graylog utilises a single source port.\n\n![image](https://user-images.githubusercontent.com/67056857/242301750-6a5a8d0d-fcd2-40d1-bbd4-73baa8279ed3.png)\n\n### Impact\nAlthough unlikely in many setups, an external attacker could inject forged DNS responses into a Graylog's lookup table cache. In order to prevent this, it is at least recommendable to distribute the DNS queries through a pool of distinct sockets, each of them with a random source port and renew them periodically.\n\n\n\n(Credit to Iratxe Ni\u00f1o from Fundaci\u00f3n Sarenet and Borja Marcos from Sarenet)",
  "severity": [
    {
      "type": "CVSS_V3",
      "score": "CVSS:3.1/AV:N/AC:H/PR:N/UI:N/S:U/C:N/I:L/A:N"
    }
  ],
  "affected": [
    {
      "package": {
        "ecosystem": "Maven",
        "name": "org.graylog2:graylog2-server"
      },
      "ranges": [
        {
          "type": "ECOSYSTEM",
          "events": [
            {
              "introduced": "5.1.0"
            },
            {
              "fixed": "5.1.3"
            }
          ]
        }
      ]
    },
    {
      "package": {
        "ecosystem": "Maven",
        "name": "org.graylog2:graylog2-server"
      },
      "ranges": [
        {
          "type": "ECOSYSTEM",
          "events": [
            {
              "introduced": "0"
            },
            {
              "fixed": "5.0.9"
            }
          ]
        }
      ]
    }
  ],
  "references": [
    {
      "type": "WEB",
      "url": "https://github.com/Graylog2/graylog2-server/security/advisories/GHSA-g96c-x7rh-99r3"
    },
    {
      "type": "ADVISORY",
      "url": "https://nvd.nist.gov/vuln/detail/CVE-2023-41045"
    },
    {
      "type": "WEB",
      "url": "https://github.com/Graylog2/graylog2-server/commit/466af814523cffae9fbc7e77bab7472988f03c3e"
    },
    {
      "type": "WEB",
      "url": "https://github.com/Graylog2/graylog2-server/commit/a101f4f12180fd3dfa7d3345188a099877a3c327"
    },
    {
      "type": "PACKAGE",
      "url": "https://github.com/Graylog2/graylog2-server"
    }
  ],
  "database_specific": {
    "cwe_ids": [
      "CWE-345"
    ],
    "severity": "LOW",
    "github_reviewed": true,
    "github_reviewed_at": "2023-07-06T20:51:48Z",
    "nvd_published_at": "2023-08-31T18:15:09Z"
  }
}