{
  "schema_version": "1.4.0",
  "id": "GHSA-wm2r-rp98-8pmh",
  "modified": "2022-04-27T21:09:13Z",
  "published": "2022-04-27T21:09:13Z",
  "aliases": [],
  "summary": "Exposure of SSH credentials in Rancher/Fleet",
  "details": "### Impact\nThis vulnerability only affects customers using Fleet for continuous delivery with authenticated Git and/or Helm repositories.\n\nA security vulnerability ([CVE-2022-29810](https://cve.mitre.org/cgi-bin/cvename.cgi?name=CVE-2022-29810)) was discovered in `go-getter` library in versions prior to [`v1.5.11`](https://github.com/hashicorp/go-getter/releases/tag/v1.5.11) that exposes SSH private keys in base64 format due to a failure in redacting such information from error messages. The vulnerable version of this library is used in Rancher through Fleet in versions of Fleet prior to [`v0.3.9`](https://github.com/rancher/fleet/releases/tag/v0.3.9). This issue affects Rancher versions 2.5.0 up to and including 2.5.12 and from 2.6.0 up to and including 2.6.3.\n\nWhen Git and/or Helm authentication is configured in [Fleet](https://rancher.com/docs/rancher/v2.6/en/deploy-across-clusters/fleet/) and Fleet is used to deploy a git repo through `Continuous Delivery`, the affected `go-getter` version will expose the configured SSH private key secret if Fleet fails to download the git repo due to a misconfigured URL. The exposed SSH key is logged in base64 format as a query parameter together with the git URL. The credentials can be seen in Rancher UI and in Fleet's deployment pod logs.\n\n### Patches\nPatched versions include releases 2.5.13, 2.6.4 and later versions.\n\n### Workarounds\nThere is not a direct mitigation besides upgrading to the patched Rancher versions. Until you are able to upgrade, limit access in Rancher to trusted users and carefully validate the URLs you are using are correct. Please note that the SSH key might still be compromised in valid URLs if the service goes down or a connection error happens when pulling from the repos.\n\n**Note:** If you believe that SSH keys might have been exposed in your environment, it's highly advised to rotate them.\n\n### Credits\nThis issue was found and reported by Dagan Henderson from Raft Engineering.\n\n### For more information\nIf you have any questions or comments about this advisory:\n* Reach out to [SUSE Rancher Security team](https://github.com/rancher/rancher/security/policy) for security related inquiries.\n* Open an issue in [Rancher](https://github.com/rancher/rancher/issues/new/choose) repository.\n* Verify our [support matrix](https://www.suse.com/suse-rancher/support-matrix/all-supported-versions/) and [product support lifecycle](https://www.suse.com/lifecycle/).",
  "severity": [],
  "affected": [
    {
      "package": {
        "ecosystem": "Go",
        "name": "github.com/rancher/rancher"
      },
      "ranges": [
        {
          "type": "ECOSYSTEM",
          "events": [
            {
              "introduced": "0"
            },
            {
              "fixed": "2.5.13"
            }
          ]
        }
      ]
    },
    {
      "package": {
        "ecosystem": "Go",
        "name": "github.com/rancher/rancher"
      },
      "ranges": [
        {
          "type": "ECOSYSTEM",
          "events": [
            {
              "introduced": "2.6.0"
            },
            {
              "fixed": "2.6.4"
            }
          ]
        }
      ]
    }
  ],
  "references": [
    {
      "type": "WEB",
      "url": "https://github.com/rancher/rancher/security/advisories/GHSA-wm2r-rp98-8pmh"
    },
    {
      "type": "PACKAGE",
      "url": "github.com/rancher/rancher"
    }
  ],
  "database_specific": {
    "cwe_ids": [
      "CWE-200"
    ],
    "severity": "LOW",
    "github_reviewed": true,
    "github_reviewed_at": "2022-04-27T21:09:13Z",
    "nvd_published_at": null
  }
}