{
  "schema_version": "1.4.0",
  "id": "GHSA-2v3r-gvq5-qqgh",
  "modified": "2025-01-27T20:50:34Z",
  "published": "2025-01-27T18:32:01Z",
  "aliases": [
    "CVE-2024-55227"
  ],
  "summary": "Dolibarr Cross-site Scripting vulnerability",
  "details": "A cross-site scripting (XSS) vulnerability in the Events/Agenda module of Dolibarr v21.0.0-beta allows attackers to execute arbitrary web scripts or HTMl via a crafted payload injected into the Title parameter.",
  "severity": [
    {
      "type": "CVSS_V4",
      "score": "CVSS:4.0/AV:N/AC:L/AT:N/PR:N/UI:P/VC:N/VI:N/VA:N/SC:L/SI:L/SA:N/E:P"
    }
  ],
  "affected": [
    {
      "package": {
        "ecosystem": "Packagist",
        "name": "dolibarr/dolibarr"
      },
      "versions": [
        "21.0.0-beta"
      ]
    }
  ],
  "references": [
    {
      "type": "ADVISORY",
      "url": "https://nvd.nist.gov/vuln/detail/CVE-2024-55227"
    },
    {
      "type": "WEB",
      "url": "https://github.com/Dolibarr/dolibarr/commit/56710ce9b79a97df093f586c90bdaf6cce6a5808"
    },
    {
      "type": "WEB",
      "url": "https://github.com/Dolibarr/dolibarr/commit/9aa24d9d9aeab36358c725dae3fe20c9631082e7"
    },
    {
      "type": "WEB",
      "url": "https://github.com/Dolibarr/dolibarr/commit/c0250e4c9106b5c889e512a4771f0205d4f99b99"
    },
    {
      "type": "WEB",
      "url": "https://gist.github.com/Dqtdqt/9762466cd6ec541ea265ba33b09489ff"
    },
    {
      "type": "PACKAGE",
      "url": "https://github.com/Dolibarr/dolibarr"
    },
    {
      "type": "WEB",
      "url": "https://github.com/Dolibarr/dolibarr/security/policy"
    }
  ],
  "database_specific": {
    "cwe_ids": [
      "CWE-79"
    ],
    "severity": "LOW",
    "github_reviewed": true,
    "github_reviewed_at": "2025-01-27T20:50:34Z",
    "nvd_published_at": "2025-01-27T17:15:16Z"
  }
}