{
  "schema_version": "1.4.0",
  "id": "GHSA-8hc6-w44m-wfxf",
  "modified": "2024-01-30T23:04:11Z",
  "published": "2023-07-19T18:30:56Z",
  "aliases": [
    "CVE-2023-32263"
  ],
  "summary": "Potential leak of credentials in Micro Focus Dimensions CM Jenkins Plugin",
  "details": "A potential vulnerability has been identified in the Micro Focus Dimensions CM Plugin for Jenkins. The vulnerability could be exploited to retrieve a login certificate if an authenticated user is duped into using an attacker-controlled Dimensions CM server.  This vulnerability only applies when the Jenkins plugin is configured to use login certificate credentials.\n",
  "severity": [
    {
      "type": "CVSS_V3",
      "score": "CVSS:3.1/AV:N/AC:H/PR:L/UI:R/S:U/C:L/I:N/A:N"
    }
  ],
  "affected": [
    {
      "package": {
        "ecosystem": "Maven",
        "name": "org.jenkins-ci.plugins:dimensionsscm"
      },
      "ranges": [
        {
          "type": "ECOSYSTEM",
          "events": [
            {
              "introduced": "0.8.17"
            },
            {
              "fixed": "0.9.3.1"
            }
          ]
        }
      ],
      "database_specific": {
        "last_known_affected_version_range": "<= 0.9.3"
      }
    }
  ],
  "references": [
    {
      "type": "ADVISORY",
      "url": "https://nvd.nist.gov/vuln/detail/CVE-2023-32263"
    },
    {
      "type": "WEB",
      "url": "https://plugins.jenkins.io/dimensionsscm"
    },
    {
      "type": "WEB",
      "url": "https://portal.microfocus.com/s/article/KM000019293"
    },
    {
      "type": "WEB",
      "url": "https://www.jenkins.io/security/advisory/2023-06-14"
    }
  ],
  "database_specific": {
    "cwe_ids": [],
    "severity": "LOW",
    "github_reviewed": true,
    "github_reviewed_at": "2024-01-30T23:04:11Z",
    "nvd_published_at": "2023-07-19T16:15:09Z"
  }
}