{
  "schema_version": "1.4.0",
  "id": "GHSA-qvc5-cfrr-384v",
  "modified": "2020-09-23T15:01:47Z",
  "published": "2020-09-23T17:20:28Z",
  "aliases": [],
  "summary": "RCE in Third Party Library in Shopware",
  "details": "### Impact\nRCE in Third Party Library\n\n### Patches\nWe recommend to update to the current version 6.3.1.1. You can get the update to 6.3.1.1 regularly via the Auto-Updater or directly via the download overview. \n\nFor older versions you can use the Security Plugin:\nhttps://store.shopware.com/en/detail/index/sArticle/518463/number/Swag136939272659\n\n### References\nhttps://docs.shopware.com/en/shopware-6-en/security-updates/security-update-09-2020",
  "severity": [],
  "affected": [
    {
      "package": {
        "ecosystem": "Packagist",
        "name": "shopware/platform"
      },
      "ranges": [
        {
          "type": "ECOSYSTEM",
          "events": [
            {
              "introduced": "0"
            },
            {
              "fixed": "6.3.1.1"
            }
          ]
        }
      ],
      "database_specific": {
        "last_known_affected_version_range": "<= 6.3.1.0"
      }
    },
    {
      "package": {
        "ecosystem": "Packagist",
        "name": "shopware/core"
      },
      "ranges": [
        {
          "type": "ECOSYSTEM",
          "events": [
            {
              "introduced": "0"
            },
            {
              "fixed": "6.3.1.1"
            }
          ]
        }
      ],
      "database_specific": {
        "last_known_affected_version_range": "<= 6.3.1.0"
      }
    }
  ],
  "references": [
    {
      "type": "WEB",
      "url": "https://github.com/shopware/platform/security/advisories/GHSA-qvc5-cfrr-384v"
    },
    {
      "type": "WEB",
      "url": "https://docs.shopware.com/en/shopware-6-en/security-updates/security-update-09-2020"
    }
  ],
  "database_specific": {
    "cwe_ids": [],
    "severity": "LOW",
    "github_reviewed": true,
    "github_reviewed_at": "2020-09-23T15:01:47Z",
    "nvd_published_at": null
  }
}