{
  "schema_version": "1.4.0",
  "id": "GHSA-xmc9-6p56-3c4v",
  "modified": "2023-09-22T21:06:17Z",
  "published": "2022-05-01T17:52:51Z",
  "aliases": [
    "CVE-2007-1358"
  ],
  "summary": "Apache Tomcat XSS In Accept-Language Headers",
  "details": "Cross-site scripting (XSS) vulnerability in certain applications using Apache Tomcat 4.0.0 through 4.0.6 and 4.1.0 through 4.1.34 allows remote attackers to inject arbitrary web script or HTML via crafted \"Accept-Language headers that do not conform to RFC 2616\".",
  "severity": [],
  "affected": [
    {
      "package": {
        "ecosystem": "Maven",
        "name": "org.apache.tomcat:tomcat"
      },
      "ranges": [
        {
          "type": "ECOSYSTEM",
          "events": [
            {
              "introduced": "4.0.0"
            },
            {
              "last_affected": "4.0.6"
            }
          ]
        }
      ]
    },
    {
      "package": {
        "ecosystem": "Maven",
        "name": "org.apache.tomcat:tomcat"
      },
      "ranges": [
        {
          "type": "ECOSYSTEM",
          "events": [
            {
              "introduced": "4.1.0"
            },
            {
              "last_affected": "4.1.34"
            }
          ]
        }
      ]
    }
  ],
  "references": [
    {
      "type": "ADVISORY",
      "url": "https://nvd.nist.gov/vuln/detail/CVE-2007-1358"
    },
    {
      "type": "WEB",
      "url": "https://lists.apache.org/thread.html/29dc6c2b625789e70a9c4756b5a327e6547273ff8bde7e0327af48c5@%3Cdev.tomcat.apache.org%3E"
    },
    {
      "type": "WEB",
      "url": "https://lists.apache.org/thread.html/c62b0e3a7bf23342352a5810c640a94b6db69957c5c19db507004d74@%3Cdev.tomcat.apache.org%3E"
    },
    {
      "type": "WEB",
      "url": "https://lists.apache.org/thread.html/rb71997f506c6cc8b530dd845c084995a9878098846c7b4eacfae8db3@%3Cdev.tomcat.apache.org%3E"
    },
    {
      "type": "WEB",
      "url": "https://www.redhat.com/archives/fedora-package-announce/2007-November/msg00525.html"
    },
    {
      "type": "WEB",
      "url": "http://docs.info.apple.com/article.html?artnum=306172"
    },
    {
      "type": "WEB",
      "url": "http://lists.apple.com/archives/security-announce//2007/Jul/msg00004.html"
    },
    {
      "type": "WEB",
      "url": "http://rhn.redhat.com/errata/RHSA-2008-0630.html"
    },
    {
      "type": "WEB",
      "url": "http://tomcat.apache.org/security-4.html"
    },
    {
      "type": "WEB",
      "url": "http://www.redhat.com/support/errata/RHSA-2008-0261.html"
    }
  ],
  "database_specific": {
    "cwe_ids": [
      "CWE-79"
    ],
    "severity": "LOW",
    "github_reviewed": true,
    "github_reviewed_at": "2023-09-22T21:06:17Z",
    "nvd_published_at": "2007-05-10T00:19:00Z"
  }
}