{
  "schema_version": "1.4.0",
  "id": "GHSA-qvwg-c35p-rqhj",
  "modified": "2024-05-20T18:43:48Z",
  "published": "2024-05-14T18:30:51Z",
  "withdrawn": "2024-05-20T18:43:48Z",
  "aliases": [],
  "summary": "Duplicate Advisory: AVideo cross-site scripting vulnerability in the view/about.php page",
  "details": "## Duplicate Advisory\nThis advisory has been withdrawn because it is a duplicate of GHSA-f98p-2hc5-fm7v. This link is maintained to preserve external references.\n\n## Original Description\nWWBN AVideo 12.4 is vulnerable to Cross Site Scripting (XSS).",
  "severity": [],
  "affected": [
    {
      "package": {
        "ecosystem": "Packagist",
        "name": "wwbn/avideo"
      },
      "ranges": [
        {
          "type": "ECOSYSTEM",
          "events": [
            {
              "introduced": "0"
            },
            {
              "fixed": "14.3"
            }
          ]
        }
      ]
    }
  ],
  "references": [
    {
      "type": "ADVISORY",
      "url": "https://nvd.nist.gov/vuln/detail/CVE-2024-34899"
    },
    {
      "type": "WEB",
      "url": "https://hackerdna.com/courses/cve/cve-2024-34899"
    }
  ],
  "database_specific": {
    "cwe_ids": [],
    "severity": "LOW",
    "github_reviewed": true,
    "github_reviewed_at": "2024-05-20T18:43:48Z",
    "nvd_published_at": "2024-05-14T15:39:37Z"
  }
}