{
  "schema_version": "1.4.0",
  "id": "GHSA-jqmr-wqgp-8mh2",
  "modified": "2023-08-16T23:00:32Z",
  "published": "2022-05-17T03:20:58Z",
  "aliases": [
    "CVE-2014-4986"
  ],
  "summary": "phpMyAdmin cross-site scripting Vulnerability in Table or Column Names",
  "details": "Multiple cross-site scripting (XSS) vulnerabilities in js/functions.js in phpMyAdmin 4.0.x before 4.0.10.1, 4.1.x before 4.1.14.2, and 4.2.x before 4.2.6 allow remote authenticated users to inject arbitrary web script or HTML via a crafted (1) table name or (2) column name that is improperly handled during construction of an AJAX confirmation message.",
  "severity": [],
  "affected": [
    {
      "package": {
        "ecosystem": "Packagist",
        "name": "phpmyadmin/phpmyadmin"
      },
      "ranges": [
        {
          "type": "ECOSYSTEM",
          "events": [
            {
              "introduced": "4.0.0"
            },
            {
              "fixed": "4.0.10.1"
            }
          ]
        }
      ]
    },
    {
      "package": {
        "ecosystem": "Packagist",
        "name": "phpmyadmin/phpmyadmin"
      },
      "ranges": [
        {
          "type": "ECOSYSTEM",
          "events": [
            {
              "introduced": "4.1.0"
            },
            {
              "fixed": "4.1.14.2"
            }
          ]
        }
      ]
    },
    {
      "package": {
        "ecosystem": "Packagist",
        "name": "phpmyadmin/phpmyadmin"
      },
      "ranges": [
        {
          "type": "ECOSYSTEM",
          "events": [
            {
              "introduced": "4.2.0"
            },
            {
              "fixed": "4.2.6"
            }
          ]
        }
      ]
    }
  ],
  "references": [
    {
      "type": "ADVISORY",
      "url": "https://nvd.nist.gov/vuln/detail/CVE-2014-4986"
    },
    {
      "type": "WEB",
      "url": "https://github.com/phpmyadmin/phpmyadmin/commit/29a1f56495a7d1d98da31a614f23c0819a606a4d"
    },
    {
      "type": "WEB",
      "url": "https://security.gentoo.org/glsa/201505-03"
    },
    {
      "type": "WEB",
      "url": "https://web.archive.org/web/20200228081340/http://www.securityfocus.com/bid/68803"
    },
    {
      "type": "WEB",
      "url": "http://lists.opensuse.org/opensuse-updates/2014-08/msg00045.html"
    },
    {
      "type": "WEB",
      "url": "http://www.phpmyadmin.net/home_page/security/PMASA-2014-6.php"
    }
  ],
  "database_specific": {
    "cwe_ids": [
      "CWE-79"
    ],
    "severity": "LOW",
    "github_reviewed": true,
    "github_reviewed_at": "2023-08-16T23:00:32Z",
    "nvd_published_at": "2014-07-20T11:12:00Z"
  }
}