{
  "schema_version": "1.4.0",
  "id": "GHSA-69p6-gp5x-j269",
  "modified": "2024-11-18T16:26:55Z",
  "published": "2024-07-25T21:31:20Z",
  "aliases": [
    "CVE-2024-29069"
  ],
  "summary": "snapd failed to properly check the destination of symbolic links when extracting a snap",
  "details": "In snapd versions prior to 2.62, snapd failed to properly check the destination of symbolic links when extracting a snap. The snap format is a squashfs file-system image and so can contain symbolic links and other file types. Various file entries within the snap squashfs image (such as icons and desktop files etc) are directly read by snapd when it is extracted. An attacker who could convince a user to install a malicious snap which contained symbolic links at these paths could then cause snapd to write out the contents of the symbolic link destination into a world-readable directory. This in-turn could allow an unprivileged user to gain access to privileged information.",
  "severity": [
    {
      "type": "CVSS_V3",
      "score": "CVSS:3.1/AV:L/AC:L/PR:L/UI:R/S:U/C:L/I:L/A:L"
    },
    {
      "type": "CVSS_V4",
      "score": "CVSS:4.0/AV:L/AC:L/AT:N/PR:L/UI:P/VC:L/VI:L/VA:L/SC:N/SI:N/SA:N"
    }
  ],
  "affected": [
    {
      "package": {
        "ecosystem": "Go",
        "name": "github.com/snapcore/snapd"
      },
      "ranges": [
        {
          "type": "ECOSYSTEM",
          "events": [
            {
              "introduced": "0"
            },
            {
              "fixed": "2.62"
            }
          ]
        }
      ]
    }
  ],
  "references": [
    {
      "type": "ADVISORY",
      "url": "https://nvd.nist.gov/vuln/detail/CVE-2024-29069"
    },
    {
      "type": "WEB",
      "url": "https://github.com/snapcore/snapd/pull/13682"
    },
    {
      "type": "WEB",
      "url": "https://github.com/snapcore/snapd/commit/b66fee81606a1c05f965a876ccbaf44174194063"
    },
    {
      "type": "PACKAGE",
      "url": "https://github.com/snapcore/snapd"
    },
    {
      "type": "WEB",
      "url": "https://pkg.go.dev/vuln/GO-2024-3009"
    }
  ],
  "database_specific": {
    "cwe_ids": [
      "CWE-59",
      "CWE-610"
    ],
    "severity": "LOW",
    "github_reviewed": true,
    "github_reviewed_at": "2024-07-26T16:39:29Z",
    "nvd_published_at": "2024-07-25T20:15:04Z"
  }
}