{
  "schema_version": "1.4.0",
  "id": "GHSA-gw84-84pc-xp82",
  "modified": "2024-12-31T15:31:51Z",
  "published": "2024-06-26T06:30:29Z",
  "aliases": [
    "CVE-2024-21520"
  ],
  "summary": "Cross-site Scripting in djangorestframework",
  "details": "Versions of the package djangorestframework before 3.15.2 are vulnerable to Cross-site Scripting (XSS) via the break_long_headers template filter due to improper input sanitization before splitting and joining with <br> tags.",
  "severity": [
    {
      "type": "CVSS_V3",
      "score": "CVSS:3.1/AV:N/AC:L/PR:N/UI:R/S:C/C:L/I:L/A:N"
    },
    {
      "type": "CVSS_V4",
      "score": "CVSS:4.0/AV:N/AC:L/AT:N/PR:N/UI:P/VC:N/VI:L/VA:N/SC:L/SI:L/SA:N/E:P"
    }
  ],
  "affected": [
    {
      "package": {
        "ecosystem": "PyPI",
        "name": "djangorestframework"
      },
      "ranges": [
        {
          "type": "ECOSYSTEM",
          "events": [
            {
              "introduced": "0"
            },
            {
              "fixed": "3.15.2"
            }
          ]
        }
      ]
    }
  ],
  "references": [
    {
      "type": "ADVISORY",
      "url": "https://nvd.nist.gov/vuln/detail/CVE-2024-21520"
    },
    {
      "type": "WEB",
      "url": "https://github.com/encode/django-rest-framework/pull/9435"
    },
    {
      "type": "WEB",
      "url": "https://github.com/encode/django-rest-framework/commit/3b41f0124194430da957b119712978fa2266b642"
    },
    {
      "type": "PACKAGE",
      "url": "https://github.com/encode/django-rest-framework"
    },
    {
      "type": "WEB",
      "url": "https://github.com/encode/django-rest-framework/compare/3.15.1...3.15.2"
    },
    {
      "type": "WEB",
      "url": "https://security.snyk.io/vuln/SNYK-PYTHON-DJANGORESTFRAMEWORK-7252137"
    }
  ],
  "database_specific": {
    "cwe_ids": [
      "CWE-79"
    ],
    "severity": "LOW",
    "github_reviewed": true,
    "github_reviewed_at": "2024-06-26T17:48:09Z",
    "nvd_published_at": "2024-06-26T05:15:50Z"
  }
}