{
  "schema_version": "1.4.0",
  "id": "GHSA-45gq-q4xh-cp53",
  "modified": "2024-02-08T22:48:56Z",
  "published": "2024-01-30T20:56:48Z",
  "aliases": [
    "CVE-2024-21671"
  ],
  "summary": "vantage6 vulnerable to username timing attack",
  "details": "### Impact\nIt is possible to find out usernames from the response time of login requests. This could aid attackers in credential attacks\n\n### Workarounds\nNo\n",
  "severity": [
    {
      "type": "CVSS_V3",
      "score": "CVSS:3.1/AV:N/AC:H/PR:N/UI:N/S:U/C:L/I:N/A:N"
    }
  ],
  "affected": [
    {
      "package": {
        "ecosystem": "PyPI",
        "name": "vantage6-server"
      },
      "ranges": [
        {
          "type": "ECOSYSTEM",
          "events": [
            {
              "introduced": "0"
            },
            {
              "fixed": "4.2.0"
            }
          ]
        }
      ]
    }
  ],
  "references": [
    {
      "type": "WEB",
      "url": "https://github.com/vantage6/vantage6/security/advisories/GHSA-45gq-q4xh-cp53"
    },
    {
      "type": "ADVISORY",
      "url": "https://nvd.nist.gov/vuln/detail/CVE-2024-21671"
    },
    {
      "type": "WEB",
      "url": "https://github.com/vantage6/vantage6/commit/389f416c445da4f2438c72f34c3b1084485c4e30"
    },
    {
      "type": "WEB",
      "url": "https://github.com/pypa/advisory-database/tree/main/vulns/vantage6/PYSEC-2024-31.yaml"
    },
    {
      "type": "PACKAGE",
      "url": "https://github.com/vantage6/vantage6"
    }
  ],
  "database_specific": {
    "cwe_ids": [
      "CWE-208"
    ],
    "severity": "LOW",
    "github_reviewed": true,
    "github_reviewed_at": "2024-01-30T20:56:48Z",
    "nvd_published_at": "2024-01-30T16:15:48Z"
  }
}