{
  "schema_version": "1.4.0",
  "id": "GHSA-3g35-v53r-gpxc",
  "modified": "2024-12-13T20:25:14Z",
  "published": "2024-02-29T12:31:06Z",
  "aliases": [
    "CVE-2024-1949"
  ],
  "summary": "Mattermost race condition",
  "details": "A race condition in Mattermost versions 8.1.x before 8.1.9, and 9.4.x before 9.4.2 allows an authenticated attacker to gain unauthorized access to individual posts' contents via carefully timed post creation while another user deletes posts.\n\n",
  "severity": [
    {
      "type": "CVSS_V3",
      "score": "CVSS:3.1/AV:N/AC:H/PR:L/UI:R/S:U/C:L/I:N/A:N"
    },
    {
      "type": "CVSS_V4",
      "score": "CVSS:4.0/AV:N/AC:H/AT:N/PR:L/UI:A/VC:L/VI:N/VA:N/SC:N/SI:N/SA:N"
    }
  ],
  "affected": [
    {
      "package": {
        "ecosystem": "Go",
        "name": "github.com/mattermost/mattermost/server/v8"
      },
      "ranges": [
        {
          "type": "ECOSYSTEM",
          "events": [
            {
              "introduced": "9.0.0"
            },
            {
              "fixed": "9.4.2"
            }
          ]
        }
      ]
    },
    {
      "package": {
        "ecosystem": "Go",
        "name": "github.com/mattermost/mattermost/server/v8"
      },
      "ranges": [
        {
          "type": "ECOSYSTEM",
          "events": [
            {
              "introduced": "0"
            },
            {
              "fixed": "8.1.9"
            }
          ]
        }
      ]
    }
  ],
  "references": [
    {
      "type": "ADVISORY",
      "url": "https://nvd.nist.gov/vuln/detail/CVE-2024-1949"
    },
    {
      "type": "PACKAGE",
      "url": "https://github.com/mattermost/mattermost"
    },
    {
      "type": "WEB",
      "url": "https://mattermost.com/security-updates"
    },
    {
      "type": "WEB",
      "url": "https://pkg.go.dev/vuln/GO-2024-2588"
    }
  ],
  "database_specific": {
    "cwe_ids": [
      "CWE-200",
      "CWE-362"
    ],
    "severity": "LOW",
    "github_reviewed": true,
    "github_reviewed_at": "2024-02-29T22:49:24Z",
    "nvd_published_at": "2024-02-29T11:15:08Z"
  }
}