{
  "schema_version": "1.4.0",
  "id": "GHSA-ch52-vgq2-943f",
  "modified": "2020-08-31T18:46:28Z",
  "published": "2020-09-03T18:15:53Z",
  "aliases": [],
  "summary": "Regular Expression Denial of Service in marked",
  "details": "Affected versions of `marked` are vulnerable to Regular Expression Denial of Service (ReDoS). The `_label` subrule may significantly degrade parsing performance of malformed input.\n\n\n## Recommendation\n\nUpgrade to version 0.7.0 or later.",
  "severity": [],
  "affected": [
    {
      "package": {
        "ecosystem": "npm",
        "name": "marked"
      },
      "ranges": [
        {
          "type": "ECOSYSTEM",
          "events": [
            {
              "introduced": "0.4.0"
            },
            {
              "fixed": "0.7.0"
            }
          ]
        }
      ]
    }
  ],
  "references": [
    {
      "type": "WEB",
      "url": "https://www.npmjs.com/advisories/1076"
    }
  ],
  "database_specific": {
    "cwe_ids": [
      "CWE-1333"
    ],
    "severity": "LOW",
    "github_reviewed": true,
    "github_reviewed_at": "2020-08-31T18:46:28Z",
    "nvd_published_at": null
  }
}