{
  "schema_version": "1.4.0",
  "id": "GHSA-c25h-c27q-5qpv",
  "modified": "2024-07-01T14:39:53Z",
  "published": "2024-06-21T15:52:38Z",
  "aliases": [
    "CVE-2024-5967"
  ],
  "summary": "Keycloak leaks configured LDAP bind credentials through the Keycloak admin console",
  "details": "### Impact\n\nThe LDAP testing endpoint allows to change the Connection URL independently of and without having to re-enter the currently configured LDAP bind credentials. An attacker with admin access (permission manage-realm) can change the LDAP host URL (\"Connection URL\") to a machine they control. The Keycloak server will connect to the attacker's host and try to authenticate with the configured credentials, thus leaking them to the attacker.\nAs a consequence, an attacker who has compromised the admin console/compromised a user with sufficient privileges can leak domain credentials and can now attack the domain.\n\n### Acknowledgements\n\nSpecial thanks to Simon Wessling for reporting this issue and helping us improve our project",
  "severity": [
    {
      "type": "CVSS_V3",
      "score": "CVSS:3.1/AV:N/AC:L/PR:H/UI:N/S:U/C:L/I:N/A:N"
    }
  ],
  "affected": [
    {
      "package": {
        "ecosystem": "Maven",
        "name": "org.keycloak:keycloak-ldap-federation"
      },
      "ranges": [
        {
          "type": "ECOSYSTEM",
          "events": [
            {
              "introduced": "25.0.0"
            },
            {
              "fixed": "25.0.1"
            }
          ]
        }
      ],
      "versions": [
        "25.0.0"
      ]
    },
    {
      "package": {
        "ecosystem": "Maven",
        "name": "org.keycloak:keycloak-ldap-federation"
      },
      "ranges": [
        {
          "type": "ECOSYSTEM",
          "events": [
            {
              "introduced": "0"
            },
            {
              "fixed": "22.0.12"
            }
          ]
        }
      ],
      "database_specific": {
        "last_known_affected_version_range": "<= 22.0.11"
      }
    },
    {
      "package": {
        "ecosystem": "Maven",
        "name": "org.keycloak:keycloak-ldap-federation"
      },
      "ranges": [
        {
          "type": "ECOSYSTEM",
          "events": [
            {
              "introduced": "23.0.0"
            },
            {
              "fixed": "24.0.6"
            }
          ]
        }
      ],
      "database_specific": {
        "last_known_affected_version_range": "<= 24.0.5"
      }
    }
  ],
  "references": [
    {
      "type": "WEB",
      "url": "https://github.com/keycloak/keycloak/security/advisories/GHSA-c25h-c27q-5qpv"
    },
    {
      "type": "ADVISORY",
      "url": "https://nvd.nist.gov/vuln/detail/CVE-2024-5967"
    },
    {
      "type": "WEB",
      "url": "https://github.com/keycloak/keycloak/issues/30434"
    },
    {
      "type": "WEB",
      "url": "https://github.com/keycloak/keycloak/commit/0d0530046b9cb4b0d74d2fdefc9bd04f1d20cac0"
    },
    {
      "type": "WEB",
      "url": "https://github.com/keycloak/keycloak/commit/1f56a9e48bf96c3bcb18dfc6cd93e3dd16f281f1"
    },
    {
      "type": "WEB",
      "url": "https://github.com/keycloak/keycloak/commit/bde8568d4174a7072f7c7bb507d2c7d05824b1a6"
    },
    {
      "type": "WEB",
      "url": "https://access.redhat.com/security/cve/CVE-2024-5967"
    },
    {
      "type": "WEB",
      "url": "https://bugzilla.redhat.com/show_bug.cgi?id=2292200"
    },
    {
      "type": "PACKAGE",
      "url": "https://github.com/keycloak/keycloak"
    }
  ],
  "database_specific": {
    "cwe_ids": [
      "CWE-276"
    ],
    "severity": "LOW",
    "github_reviewed": true,
    "github_reviewed_at": "2024-06-21T15:52:38Z",
    "nvd_published_at": null
  }
}