{
  "schema_version": "1.4.0",
  "id": "GHSA-vxrc-68xx-x48g",
  "modified": "2023-09-21T19:49:03Z",
  "published": "2022-03-26T00:25:25Z",
  "aliases": [
    "CVE-2019-9942"
  ],
  "summary": "Twig Sandbox Information Disclosure",
  "details": "A sandbox information disclosure exists in Twig before 1.38.0 and 2.x before 2.7.0 because, under some circumstances, it is possible to call the `__toString()` method on an object even if not allowed by the security policy in place.",
  "severity": [
    {
      "type": "CVSS_V3",
      "score": "CVSS:3.1/AV:N/AC:H/PR:N/UI:N/S:U/C:L/I:N/A:N"
    }
  ],
  "affected": [
    {
      "package": {
        "ecosystem": "Packagist",
        "name": "twig/twig"
      },
      "ranges": [
        {
          "type": "ECOSYSTEM",
          "events": [
            {
              "introduced": "0"
            },
            {
              "fixed": "1.38.0"
            }
          ]
        }
      ]
    },
    {
      "package": {
        "ecosystem": "Packagist",
        "name": "twig/twig"
      },
      "ranges": [
        {
          "type": "ECOSYSTEM",
          "events": [
            {
              "introduced": "2.0.0"
            },
            {
              "fixed": "2.7.0"
            }
          ]
        }
      ]
    }
  ],
  "references": [
    {
      "type": "ADVISORY",
      "url": "https://nvd.nist.gov/vuln/detail/CVE-2019-9942"
    },
    {
      "type": "WEB",
      "url": "https://github.com/twigphp/Twig/commit/eac5422956e1dcca89a3669a03a3ff32f0502077"
    },
    {
      "type": "WEB",
      "url": "https://github.com/FriendsOfPHP/security-advisories/blob/master/twig/twig/CVE-2019-9942.yaml"
    },
    {
      "type": "PACKAGE",
      "url": "https://github.com/twigphp/Twig"
    },
    {
      "type": "WEB",
      "url": "https://seclists.org/bugtraq/2019/Mar/60"
    },
    {
      "type": "WEB",
      "url": "https://symfony.com/blog/twig-sandbox-information-disclosure"
    },
    {
      "type": "WEB",
      "url": "https://www.debian.org/security/2019/dsa-4419"
    }
  ],
  "database_specific": {
    "cwe_ids": [
      "CWE-200"
    ],
    "severity": "LOW",
    "github_reviewed": true,
    "github_reviewed_at": "2022-03-26T00:25:25Z",
    "nvd_published_at": "2019-03-23T15:29:00Z"
  }
}