{
  "schema_version": "1.4.0",
  "id": "GHSA-5fq9-x9f4-x2r2",
  "modified": "2022-12-07T18:14:25Z",
  "published": "2022-05-13T01:48:38Z",
  "aliases": [
    "CVE-2018-1000608"
  ],
  "summary": "Jenkins z/OS Connector Plugin allows local attacker to retrieve configured password",
  "details": "A exposure of sensitive information vulnerability exists in Jenkins z/OS Connector Plugin 1.2.6.1 and earlier in SCLMSCM.java that allows an attacker with local file system access or control of a Jenkins administrator's web browser (e.g. malicious extension) to retrieve the configured password. IBM z/OS Connector Plugin 2.0.0 and newer integrates with Credentials Plugin, no longer storing credentials itself.",
  "severity": [
    {
      "type": "CVSS_V3",
      "score": "CVSS:3.0/AV:L/AC:L/PR:L/UI:N/S:U/C:L/I:N/A:N"
    }
  ],
  "affected": [
    {
      "package": {
        "ecosystem": "Maven",
        "name": "org.jenkins-ci.plugins:zos-connector"
      },
      "ranges": [
        {
          "type": "ECOSYSTEM",
          "events": [
            {
              "introduced": "0"
            },
            {
              "fixed": "2.0.0"
            }
          ]
        }
      ],
      "database_specific": {
        "last_known_affected_version_range": "<= 1.2.6.1"
      }
    }
  ],
  "references": [
    {
      "type": "ADVISORY",
      "url": "https://nvd.nist.gov/vuln/detail/CVE-2018-1000608"
    },
    {
      "type": "PACKAGE",
      "url": "https://github.com/jenkinsci/zos-connector-plugin"
    },
    {
      "type": "WEB",
      "url": "https://jenkins.io/security/advisory/2018-06-25/#SECURITY-950"
    }
  ],
  "database_specific": {
    "cwe_ids": [
      "CWE-522"
    ],
    "severity": "LOW",
    "github_reviewed": true,
    "github_reviewed_at": "2022-12-07T18:14:25Z",
    "nvd_published_at": "2018-06-26T17:29:00Z"
  }
}