{
  "schema_version": "1.4.0",
  "id": "GHSA-99w6-3xph-cx78",
  "modified": "2024-12-18T06:30:48Z",
  "published": "2024-11-12T00:30:36Z",
  "aliases": [
    "CVE-2024-11079"
  ],
  "summary": "Ansible-Core vulnerable to content protections bypass",
  "details": "A flaw was found in Ansible-Core. This vulnerability allows attackers to bypass unsafe content protections using the hostvars object to reference and execute templated content. This issue can lead to arbitrary code execution if remote data or module outputs are improperly templated within playbooks.",
  "severity": [
    {
      "type": "CVSS_V3",
      "score": "CVSS:3.1/AV:N/AC:H/PR:L/UI:R/S:C/C:L/I:L/A:L"
    },
    {
      "type": "CVSS_V4",
      "score": "CVSS:4.0/AV:N/AC:L/AT:P/PR:L/UI:P/VC:L/VI:L/VA:L/SC:L/SI:L/SA:L/E:P"
    }
  ],
  "affected": [
    {
      "package": {
        "ecosystem": "PyPI",
        "name": "ansible-core"
      },
      "ranges": [
        {
          "type": "ECOSYSTEM",
          "events": [
            {
              "introduced": "2.18.0b1"
            },
            {
              "fixed": "2.18.1rc1"
            }
          ]
        }
      ]
    },
    {
      "package": {
        "ecosystem": "PyPI",
        "name": "ansible-core"
      },
      "ranges": [
        {
          "type": "ECOSYSTEM",
          "events": [
            {
              "introduced": "2.17.0b1"
            },
            {
              "fixed": "2.17.7rc1"
            }
          ]
        }
      ]
    },
    {
      "package": {
        "ecosystem": "PyPI",
        "name": "ansible-core"
      },
      "ranges": [
        {
          "type": "ECOSYSTEM",
          "events": [
            {
              "introduced": "0"
            },
            {
              "fixed": "2.16.14rc1"
            }
          ]
        }
      ]
    }
  ],
  "references": [
    {
      "type": "ADVISORY",
      "url": "https://nvd.nist.gov/vuln/detail/CVE-2024-11079"
    },
    {
      "type": "WEB",
      "url": "https://github.com/ansible/ansible/pull/84299"
    },
    {
      "type": "WEB",
      "url": "https://github.com/ansible/ansible/pull/84339"
    },
    {
      "type": "WEB",
      "url": "https://github.com/ansible/ansible/commit/2936b80dbbc7efb889934aeec80f6142c10266ce"
    },
    {
      "type": "WEB",
      "url": "https://github.com/ansible/ansible/commit/70e83e72b43e05e57eb42a6d52d01a4d9768f510"
    },
    {
      "type": "WEB",
      "url": "https://github.com/ansible/ansible/commit/98774d15d7748ebaaaf2e83942cc7e8d39f7280e"
    },
    {
      "type": "WEB",
      "url": "https://access.redhat.com/errata/RHSA-2024:10770"
    },
    {
      "type": "WEB",
      "url": "https://access.redhat.com/errata/RHSA-2024:11145"
    },
    {
      "type": "WEB",
      "url": "https://access.redhat.com/security/cve/CVE-2024-11079"
    },
    {
      "type": "WEB",
      "url": "https://bugzilla.redhat.com/show_bug.cgi?id=2325171"
    },
    {
      "type": "PACKAGE",
      "url": "https://github.com/ansible/ansible"
    },
    {
      "type": "WEB",
      "url": "https://github.com/ansible/ansible/blob/v2.18.1/changelogs/CHANGELOG-v2.18.rst#security-fixes"
    }
  ],
  "database_specific": {
    "cwe_ids": [
      "CWE-20"
    ],
    "severity": "LOW",
    "github_reviewed": true,
    "github_reviewed_at": "2024-11-12T21:35:36Z",
    "nvd_published_at": "2024-11-12T00:15:15Z"
  }
}