{
  "schema_version": "1.4.0",
  "id": "GHSA-5x4g-q5rc-36jp",
  "modified": "2024-07-08T20:01:39Z",
  "published": "2024-02-03T00:02:58Z",
  "aliases": [],
  "summary": "Etcd pkg Insecure ciphers are allowed by default",
  "details": "### Vulnerability type\nCryptography\n\n### Detail\nThe TLS ciphers list supported by etcd contains insecure cipher suites. Users can configure the desired ciphers using the \u201c--cipher-suites\u201d flag, and a default list of secure cipher suites is used if empty.\n\n### Workarounds\nBy default, no action is required. If users want to specify cipher suites using the '--cipher-suites' flag, they should try not to specify insecure cipher suites. Please refer to the [security documentation](https://etcd.io/docs/v3.4/op-guide/security/).\n\n### References\nFind out more on this vulnerability in the [security audit report](https://github.com/etcd-io/etcd/blob/main/security/SECURITY_AUDIT.pdf)\n\n### For more information\nIf you have any questions or comments about this advisory:\n* Contact the [etcd security committee](https://github.com/etcd-io/etcd/blob/main/security/security-release-process.md#product-security-committee-psc)",
  "severity": [],
  "affected": [
    {
      "package": {
        "ecosystem": "Go",
        "name": "go.etcd.io/etcd/client/pkg/v3"
      },
      "ranges": [
        {
          "type": "ECOSYSTEM",
          "events": [
            {
              "introduced": "3.4.0-rc.0"
            },
            {
              "fixed": "3.4.10"
            }
          ]
        }
      ],
      "database_specific": {
        "last_known_affected_version_range": "<= 3.4.9"
      }
    },
    {
      "package": {
        "ecosystem": "Go",
        "name": "go.etcd.io/etcd/client/pkg/v3"
      },
      "ranges": [
        {
          "type": "ECOSYSTEM",
          "events": [
            {
              "introduced": "0"
            },
            {
              "fixed": "3.3.23"
            }
          ]
        }
      ]
    }
  ],
  "references": [
    {
      "type": "WEB",
      "url": "https://github.com/etcd-io/etcd/security/advisories/GHSA-5x4g-q5rc-36jp"
    },
    {
      "type": "PACKAGE",
      "url": "https://github.com/etcd-io/etcd"
    }
  ],
  "database_specific": {
    "cwe_ids": [],
    "severity": "LOW",
    "github_reviewed": true,
    "github_reviewed_at": "2024-02-03T00:02:58Z",
    "nvd_published_at": null
  }
}