{
  "schema_version": "1.4.0",
  "id": "GHSA-rxmr-c9jm-7mm8",
  "modified": "2024-03-04T20:12:18Z",
  "published": "2018-11-21T22:24:22Z",
  "aliases": [
    "CVE-2018-1284"
  ],
  "summary": "Exposure of Sensitive Information to an Unauthorized Actor in Apache hive",
  "details": "In Apache Hive 0.6.0 to 2.3.2, malicious user might use any xpath UDFs (xpath/xpath_string/xpath_boolean/xpath_number/xpath_double/xpath_float/xpath_long/xpath_int/xpath_short) to expose the content of a file on the machine running HiveServer2 owned by HiveServer2 user (usually hive) if hive.server2.enable.doAs=false.",
  "severity": [
    {
      "type": "CVSS_V3",
      "score": "CVSS:3.0/AV:N/AC:H/PR:N/UI:N/S:U/C:L/I:N/A:N"
    }
  ],
  "affected": [
    {
      "package": {
        "ecosystem": "Maven",
        "name": "org.apache.hive:hive"
      },
      "ranges": [
        {
          "type": "ECOSYSTEM",
          "events": [
            {
              "introduced": "0.6.0"
            },
            {
              "fixed": "2.3.3"
            }
          ]
        }
      ]
    },
    {
      "package": {
        "ecosystem": "Maven",
        "name": "org.apache.hive:hive-exec"
      },
      "ranges": [
        {
          "type": "ECOSYSTEM",
          "events": [
            {
              "introduced": "0.6.0"
            },
            {
              "fixed": "2.3.3"
            }
          ]
        }
      ]
    },
    {
      "package": {
        "ecosystem": "Maven",
        "name": "org.apache.hive:hive-service"
      },
      "ranges": [
        {
          "type": "ECOSYSTEM",
          "events": [
            {
              "introduced": "0.6.0"
            },
            {
              "fixed": "2.3.3"
            }
          ]
        }
      ]
    }
  ],
  "references": [
    {
      "type": "ADVISORY",
      "url": "https://nvd.nist.gov/vuln/detail/CVE-2018-1284"
    },
    {
      "type": "WEB",
      "url": "https://github.com/apache/hive/commit/f80a38ae1174553022deae4f8774918401d9756d"
    },
    {
      "type": "ADVISORY",
      "url": "https://github.com/advisories/GHSA-rxmr-c9jm-7mm8"
    },
    {
      "type": "WEB",
      "url": "https://issues.apache.org/jira/browse/HIVE-18879"
    },
    {
      "type": "WEB",
      "url": "https://lists.apache.org/thread.html/29184dbce4a37be2af36e539ecb479b1d27868f73ccfdff46c7174b4@%3Cdev.hive.apache.org%3E"
    },
    {
      "type": "WEB",
      "url": "http://www.securityfocus.com/bid/103750"
    }
  ],
  "database_specific": {
    "cwe_ids": [
      "CWE-200"
    ],
    "severity": "LOW",
    "github_reviewed": true,
    "github_reviewed_at": "2020-06-16T21:56:20Z",
    "nvd_published_at": null
  }
}