{
  "schema_version": "1.4.0",
  "id": "GHSA-876j-4q73-7f56",
  "modified": "2022-12-12T21:08:02Z",
  "published": "2022-05-14T03:23:44Z",
  "aliases": [
    "CVE-2018-1000143"
  ],
  "summary": "Jenkins GitHub Pull Request Builder Plugin ",
  "details": "GitHub Pull Request Builder Plugin stored the webhook secret shared between Jenkins and GitHub in plain text. This allowed users with Jenkins controller local file system access and Jenkins administrators to retrieve the stored password. The latter could result in exposure of the passwords through browser extensions, cross-site scripting vulnerabilities, and similar situations. GitHub Pull Request Builder Plugin 1.32.1 and newer stores the webhook secret encrypted on disk.",
  "severity": [
    {
      "type": "CVSS_V3",
      "score": "CVSS:3.0/AV:N/AC:H/PR:N/UI:R/S:U/C:L/I:N/A:N"
    }
  ],
  "affected": [
    {
      "package": {
        "ecosystem": "Maven",
        "name": "org.jenkins-ci.plugins:ghprb"
      },
      "ranges": [
        {
          "type": "ECOSYSTEM",
          "events": [
            {
              "introduced": "0"
            },
            {
              "fixed": "1.32.1"
            }
          ]
        }
      ]
    }
  ],
  "references": [
    {
      "type": "ADVISORY",
      "url": "https://nvd.nist.gov/vuln/detail/CVE-2018-1000143"
    },
    {
      "type": "WEB",
      "url": "https://jenkins.io/security/advisory/2018-03-26/#SECURITY-262"
    }
  ],
  "database_specific": {
    "cwe_ids": [
      "CWE-200"
    ],
    "severity": "LOW",
    "github_reviewed": true,
    "github_reviewed_at": "2022-12-12T21:08:02Z",
    "nvd_published_at": "2018-04-05T13:29:00Z"
  }
}