{
  "schema_version": "1.4.0",
  "id": "GHSA-33p6-fx42-7rf5",
  "modified": "2021-05-24T19:08:11Z",
  "published": "2022-02-11T23:17:02Z",
  "aliases": [
    "CVE-2020-13788"
  ],
  "summary": "Harbor is vulnerable to a limited Server-Side Request Forgery (SSRF) (CVE-2020-13788)",
  "details": "# Impact\nMatt Hamilton from Soluble has discovered a limited Server-Side Request Forgery (SSRF) that allowed Harbor project owners to scan the TCP ports of hosts on the Harbor server's internal network. \n\nThe vulnerability was immediately fixed by the Harbor team.  \n\n# Issue \nThe \u201cTest Endpoint\u201d API, part of the functionality for ensuring a project Webhook is accessible and functional, is vulnerable to a limited SSRF attack. A malicious user that is also a project administrator can use this API for internal port scanning.\n\n# Known Attack Vectors\nSuccessful exploitation of this issue will lead to bad actors identifying open TCP ports on any network that is accessible by the Harbor core services\n\n# Patches\nIf your product uses the affected releases of Harbor, update to version 2.0.1 to patch this issue immediately.\n\nhttps://github.com/goharbor/harbor/releases/tag/v2.0.1\n\n# Workarounds\nSince only project administrators (the user that created the project) are allowed to test the webhook endpoints configured in Harbor, a Harbor system administrator can control who is a project admin. In addition, Harbor system administrators can enforce a setting where only an administrator is allowed to create new projects instead of the default Everyone. This further restricts who can be a project administrator in Harbor.\n\n# For more information\nIf you have any questions or comments about this advisory, contact cncf-harbor-security@lists.cncf.io\nView our security policy at https://github.com/goharbor/harbor/security/policy\nhttps://nvd.nist.gov/vuln/detail/CVE-2020-13788\nhttps://www.soluble.ai/blog/harbor-ssrf-cve-2020-13788",
  "severity": [
    {
      "type": "CVSS_V3",
      "score": "CVSS:3.1/AV:N/AC:H/PR:H/UI:N/S:U/C:H/I:N/A:N/E:P/RL:O/RC:C"
    }
  ],
  "affected": [
    {
      "package": {
        "ecosystem": "Go",
        "name": "github.com/goharbor/harbor"
      },
      "ranges": [
        {
          "type": "ECOSYSTEM",
          "events": [
            {
              "introduced": "1.8.0"
            },
            {
              "fixed": "2.0.1"
            }
          ]
        }
      ]
    }
  ],
  "references": [
    {
      "type": "WEB",
      "url": "https://github.com/goharbor/harbor/security/advisories/GHSA-33p6-fx42-7rf5"
    },
    {
      "type": "ADVISORY",
      "url": "https://nvd.nist.gov/vuln/detail/CVE-2020-13788"
    },
    {
      "type": "WEB",
      "url": "https://github.com/goharbor/harbor/releases"
    },
    {
      "type": "WEB",
      "url": "https://www.soluble.ai/blog/harbor-ssrf-cve-2020-13788"
    },
    {
      "type": "WEB",
      "url": "https://www.youtube.com/watch?v=v8Isqy4yR3Q"
    }
  ],
  "database_specific": {
    "cwe_ids": [
      "CWE-918"
    ],
    "severity": "LOW",
    "github_reviewed": true,
    "github_reviewed_at": "2021-05-24T19:08:11Z",
    "nvd_published_at": null
  }
}