{
  "schema_version": "1.4.0",
  "id": "GHSA-g2qj-pmxm-9f8f",
  "modified": "2021-10-08T21:21:12Z",
  "published": "2021-05-17T20:52:32Z",
  "aliases": [],
  "summary": "User enumeration in authentication mechanisms",
  "details": "Description\n-----------\n\nThe ability to enumerate users was possible without relevant permissions due to different exception messages depending on whether the user existed or not. It was also possible to enumerate users by using a timing attack, by comparing time elapsed when authenticating an existing user and authenticating a non-existing user.\n\nResolution\n----------\n\nWe now ensure that 403s are returned whether the user exists or not if the password is invalid or if the user does not exist.\n\nThe patch for this issue is available [here](https://github.com/symfony/symfony/commit/2a581d22cc621b33d5464ed65c4bc2057f72f011) for branch 3.4.\n\nCredits\n-------\n\nI would like to thank James Isaac and Mathias Brodala for reporting the issue and Robin Chalas for fixing the issue.",
  "severity": [],
  "affected": [
    {
      "package": {
        "ecosystem": "Packagist",
        "name": "symfony/security-http"
      },
      "ranges": [
        {
          "type": "ECOSYSTEM",
          "events": [
            {
              "introduced": "5.1.0"
            },
            {
              "fixed": "5.2.8"
            }
          ]
        }
      ]
    },
    {
      "package": {
        "ecosystem": "Packagist",
        "name": "symfony/symfony"
      },
      "ranges": [
        {
          "type": "ECOSYSTEM",
          "events": [
            {
              "introduced": "5.1.0"
            },
            {
              "fixed": "5.2.8"
            }
          ]
        }
      ]
    }
  ],
  "references": [
    {
      "type": "WEB",
      "url": "https://github.com/symfony/symfony/security/advisories/GHSA-g2qj-pmxm-9f8f"
    },
    {
      "type": "WEB",
      "url": "https://github.com/symfony/symfony/commit/2a581d22cc621b33d5464ed65c4bc2057f72f011"
    },
    {
      "type": "PACKAGE",
      "url": "https://github.com/symfony/symfony"
    }
  ],
  "database_specific": {
    "cwe_ids": [
      "CWE-200"
    ],
    "severity": "LOW",
    "github_reviewed": true,
    "github_reviewed_at": "2021-05-17T19:21:54Z",
    "nvd_published_at": null
  }
}