{
  "schema_version": "1.4.0",
  "id": "GHSA-j4mr-vc54-h5pc",
  "modified": "2024-01-24T21:27:09Z",
  "published": "2022-05-13T01:12:41Z",
  "aliases": [
    "CVE-2014-7830"
  ],
  "summary": "Moodle cross-site scripting (XSS) vulnerability",
  "details": "Cross-site scripting (XSS) vulnerability in mod/feedback/mapcourse.php in the Feedback module in Moodle through 2.4.11, 2.5.x before 2.5.9, 2.6.x before 2.6.6, and 2.7.x before 2.7.3 allows remote authenticated users to inject arbitrary web script or HTML by leveraging the mod/feedback:mapcourse capability to provide a searchcourse parameter.",
  "severity": [],
  "affected": [
    {
      "package": {
        "ecosystem": "Packagist",
        "name": "moodle/moodle"
      },
      "ranges": [
        {
          "type": "ECOSYSTEM",
          "events": [
            {
              "introduced": "0"
            },
            {
              "fixed": "2.5.9"
            }
          ]
        }
      ]
    },
    {
      "package": {
        "ecosystem": "Packagist",
        "name": "moodle/moodle"
      },
      "ranges": [
        {
          "type": "ECOSYSTEM",
          "events": [
            {
              "introduced": "2.6.0"
            },
            {
              "fixed": "2.6.6"
            }
          ]
        }
      ]
    },
    {
      "package": {
        "ecosystem": "Packagist",
        "name": "moodle/moodle"
      },
      "ranges": [
        {
          "type": "ECOSYSTEM",
          "events": [
            {
              "introduced": "2.7.0"
            },
            {
              "fixed": "2.7.3"
            }
          ]
        }
      ]
    }
  ],
  "references": [
    {
      "type": "ADVISORY",
      "url": "https://nvd.nist.gov/vuln/detail/CVE-2014-7830"
    },
    {
      "type": "WEB",
      "url": "https://github.com/moodle/moodle/commit/7bb6b84cfd308bad89dc0c3f95ad2fa55b7d25f8"
    },
    {
      "type": "WEB",
      "url": "https://github.com/moodle/moodle/commit/8bf49b7377438a7f259750e2f076c612c0a5d84e"
    },
    {
      "type": "WEB",
      "url": "https://github.com/moodle/moodle/commit/b7f75a9c05c65fb1d2f6391f5dd852f9e923a183"
    },
    {
      "type": "WEB",
      "url": "https://github.com/moodle/moodle/commit/c6b6e5decee4c452b8667f82d7c64f137b687d7c"
    },
    {
      "type": "PACKAGE",
      "url": "https://github.com/moodle/moodle"
    },
    {
      "type": "WEB",
      "url": "https://moodle.org/mod/forum/discuss.php?d=275147"
    },
    {
      "type": "WEB",
      "url": "https://web.archive.org/web/20200228175348/http://www.securityfocus.com/bid/71119"
    },
    {
      "type": "WEB",
      "url": "http://git.moodle.org/gw?p=moodle.git&a=search&h=HEAD&st=commit&s=MDL-47865"
    },
    {
      "type": "WEB",
      "url": "http://openwall.com/lists/oss-security/2014/11/17/11"
    },
    {
      "type": "WEB",
      "url": "http://www.securitytracker.com/id/1031215"
    }
  ],
  "database_specific": {
    "cwe_ids": [
      "CWE-79"
    ],
    "severity": "LOW",
    "github_reviewed": true,
    "github_reviewed_at": "2024-01-24T21:27:09Z",
    "nvd_published_at": "2014-11-24T11:59:00Z"
  }
}