{
  "schema_version": "1.4.0",
  "id": "GHSA-v2qh-f584-6hj8",
  "modified": "2024-11-05T21:37:20Z",
  "published": "2024-11-05T17:34:47Z",
  "aliases": [
    "CVE-2024-51753"
  ],
  "summary": "@workos-inc/authkit-remix refresh tokens are logged when the debug flag is enabled",
  "details": "### Impact\nRefresh tokens are logged to the console when the disabled by default `debug` flag, is enabled.\n\n### Patches\nPatched in [https://github.com/workos/authkit-remix/releases/tag/v0.4.1](https://github.com/workos/authkit-remix/releases/tag/v0.4.1)",
  "severity": [
    {
      "type": "CVSS_V4",
      "score": "CVSS:4.0/AV:L/AC:L/AT:P/PR:L/UI:N/VC:L/VI:N/VA:N/SC:N/SI:N/SA:N/E:U"
    }
  ],
  "affected": [
    {
      "package": {
        "ecosystem": "npm",
        "name": "@workos-inc/authkit-remix"
      },
      "ranges": [
        {
          "type": "ECOSYSTEM",
          "events": [
            {
              "introduced": "0"
            },
            {
              "fixed": "0.4.1"
            }
          ]
        }
      ]
    }
  ],
  "references": [
    {
      "type": "WEB",
      "url": "https://github.com/workos/authkit-remix/security/advisories/GHSA-v2qh-f584-6hj8"
    },
    {
      "type": "ADVISORY",
      "url": "https://nvd.nist.gov/vuln/detail/CVE-2024-51753"
    },
    {
      "type": "WEB",
      "url": "https://github.com/workos/authkit-remix/commit/32d5bcd54c795c1e2a3204f8e3977ab9ad57ec06"
    },
    {
      "type": "PACKAGE",
      "url": "https://github.com/workos/authkit-remix"
    },
    {
      "type": "WEB",
      "url": "https://github.com/workos/authkit-remix/releases/tag/v0.4.1"
    }
  ],
  "database_specific": {
    "cwe_ids": [
      "CWE-532"
    ],
    "severity": "LOW",
    "github_reviewed": true,
    "github_reviewed_at": "2024-11-05T17:34:47Z",
    "nvd_published_at": "2024-11-05T20:15:15Z"
  }
}