{
  "schema_version": "1.4.0",
  "id": "GHSA-4cx5-89vm-833x",
  "modified": "2025-01-10T13:54:15Z",
  "published": "2024-12-02T17:15:24Z",
  "aliases": [
    "CVE-2024-52800"
  ],
  "summary": "veraPDF CLI has potential XXE (XML External Entity Injection) vulnerability",
  "details": "### Impact\nExecuting policy checks using custom schematron files via the CLI invokes an XSL transformation that may theoretically lead to a remote code execution (RCE) vulnerability.\n\n### Patches\nWe are currently working on a patch that will be released when ready.\n\n### Workarounds\nThis doesn't affect the standard validation and policy checks functionality, veraPDF's common use cases. Most veraPDF users don't insert any custom XSLT code into policy profiles, which are based on Schematron syntax rather than direct XSL transforms. For users who do, only load custom policy files from sources you trust.\n\n### References\nOriginal issue: #1488",
  "severity": [
    {
      "type": "CVSS_V4",
      "score": "CVSS:4.0/AV:N/AC:L/AT:P/PR:N/UI:P/VC:L/VI:L/VA:N/SC:N/SI:N/SA:N"
    }
  ],
  "affected": [
    {
      "package": {
        "ecosystem": "Maven",
        "name": "org.verapdf:core"
      },
      "ranges": [
        {
          "type": "ECOSYSTEM",
          "events": [
            {
              "introduced": "0"
            },
            {
              "fixed": "1.26.2"
            }
          ]
        }
      ],
      "database_specific": {
        "last_known_affected_version_range": "<= 1.26.1"
      }
    },
    {
      "package": {
        "ecosystem": "Maven",
        "name": "org.verapdf:core-jakarta"
      },
      "ranges": [
        {
          "type": "ECOSYSTEM",
          "events": [
            {
              "introduced": "0"
            },
            {
              "fixed": "1.26.2"
            }
          ]
        }
      ],
      "database_specific": {
        "last_known_affected_version_range": "<= 1.26.1"
      }
    },
    {
      "package": {
        "ecosystem": "Maven",
        "name": "org.verapdf:core-arlington"
      },
      "ranges": [
        {
          "type": "ECOSYSTEM",
          "events": [
            {
              "introduced": "0"
            },
            {
              "fixed": "1.26.2"
            }
          ]
        }
      ],
      "database_specific": {
        "last_known_affected_version_range": "<= 1.26.1"
      }
    },
    {
      "package": {
        "ecosystem": "Maven",
        "name": "org.verapdf:verapdf-library"
      },
      "ranges": [
        {
          "type": "ECOSYSTEM",
          "events": [
            {
              "introduced": "0"
            },
            {
              "fixed": "1.26.2"
            }
          ]
        }
      ],
      "database_specific": {
        "last_known_affected_version_range": "<= 1.26.1"
      }
    },
    {
      "package": {
        "ecosystem": "Maven",
        "name": "org.verapdf:verapdf-library-jakarta"
      },
      "ranges": [
        {
          "type": "ECOSYSTEM",
          "events": [
            {
              "introduced": "0"
            },
            {
              "fixed": "1.26.2"
            }
          ]
        }
      ],
      "database_specific": {
        "last_known_affected_version_range": "<= 1.26.1"
      }
    },
    {
      "package": {
        "ecosystem": "Maven",
        "name": "org.verapdf:verapdf-library-arlington"
      },
      "ranges": [
        {
          "type": "ECOSYSTEM",
          "events": [
            {
              "introduced": "0"
            },
            {
              "fixed": "1.26.2"
            }
          ]
        }
      ],
      "database_specific": {
        "last_known_affected_version_range": "<= 1.26.1"
      }
    }
  ],
  "references": [
    {
      "type": "WEB",
      "url": "https://github.com/veraPDF/veraPDF-library/security/advisories/GHSA-4cx5-89vm-833x"
    },
    {
      "type": "ADVISORY",
      "url": "https://nvd.nist.gov/vuln/detail/CVE-2024-52800"
    },
    {
      "type": "WEB",
      "url": "https://github.com/veraPDF/veraPDF-library/issues/1488"
    },
    {
      "type": "PACKAGE",
      "url": "https://github.com/veraPDF/veraPDF-library"
    }
  ],
  "database_specific": {
    "cwe_ids": [
      "CWE-611"
    ],
    "severity": "LOW",
    "github_reviewed": true,
    "github_reviewed_at": "2024-12-02T17:15:24Z",
    "nvd_published_at": "2024-11-29T19:15:08Z"
  }
}