{
  "schema_version": "1.4.0",
  "id": "GHSA-7jjx-3qw9-j6h6",
  "modified": "2024-11-12T20:53:00Z",
  "published": "2024-11-12T20:53:00Z",
  "aliases": [],
  "summary": "cggmp21-keygen has ambiguous challenge derivation",
  "details": "Challenge derivation in non-interactive ZK proofs was ambiguous and that could lead to security vulnerability (however, it's unknown if it could be exploited).\n",
  "severity": [
    {
      "type": "CVSS_V4",
      "score": "CVSS:4.0/AV:N/AC:L/AT:N/PR:N/UI:N/VC:N/VI:L/VA:N/SC:N/SI:N/SA:N/E:U"
    }
  ],
  "affected": [
    {
      "package": {
        "ecosystem": "crates.io",
        "name": "cggmp21-keygen"
      },
      "ranges": [
        {
          "type": "ECOSYSTEM",
          "events": [
            {
              "introduced": "0"
            },
            {
              "fixed": "0.3.0"
            }
          ]
        }
      ]
    }
  ],
  "references": [
    {
      "type": "WEB",
      "url": "https://github.com/dfns/cggmp21/pull/103"
    },
    {
      "type": "PACKAGE",
      "url": "https://github.com/dfns/cggmp21"
    },
    {
      "type": "WEB",
      "url": "https://rustsec.org/advisories/RUSTSEC-2024-0392.html"
    }
  ],
  "database_specific": {
    "cwe_ids": [
      "CWE-327"
    ],
    "severity": "LOW",
    "github_reviewed": true,
    "github_reviewed_at": "2024-11-12T20:53:00Z",
    "nvd_published_at": null
  }
}