{
  "schema_version": "1.4.0",
  "id": "GHSA-g3rh-rrhp-jhh9",
  "modified": "2024-11-06T23:40:08Z",
  "published": "2024-11-06T15:21:08Z",
  "aliases": [
    "CVE-2024-50343"
  ],
  "summary": "Symfony has an incorrect response from Validator when input ends with `\\n`",
  "details": "### Description\n\nIt is possible to trick a `Validator` configured with a regular expression using the `$` metacharacters, with an input ending with `\\n`.\n\n### Resolution\n\nSymfony now uses the `D` regex modifier to match the entire input.\n\nThe patch for this issue is available [here](https://github.com/symfony/symfony/commit/7d1032bbead9a4229b32fa6ebca32681c80cb76f) for branch 5.4.\n\n### Credits\n\nWe would like to thank Offscript for reporting the issue and Alexandre Daubois for providing the fix.",
  "severity": [
    {
      "type": "CVSS_V3",
      "score": "CVSS:3.1/AV:N/AC:H/PR:L/UI:N/S:U/C:L/I:N/A:N"
    },
    {
      "type": "CVSS_V4",
      "score": "CVSS:4.0/AV:N/AC:L/AT:P/PR:L/UI:N/VC:L/VI:N/VA:N/SC:N/SI:N/SA:N"
    }
  ],
  "affected": [
    {
      "package": {
        "ecosystem": "Packagist",
        "name": "symfony/symfony"
      },
      "ranges": [
        {
          "type": "ECOSYSTEM",
          "events": [
            {
              "introduced": "0"
            },
            {
              "fixed": "5.4.43"
            }
          ]
        }
      ]
    },
    {
      "package": {
        "ecosystem": "Packagist",
        "name": "symfony/symfony"
      },
      "ranges": [
        {
          "type": "ECOSYSTEM",
          "events": [
            {
              "introduced": "6.0.0"
            },
            {
              "fixed": "6.4.11"
            }
          ]
        }
      ]
    },
    {
      "package": {
        "ecosystem": "Packagist",
        "name": "symfony/symfony"
      },
      "ranges": [
        {
          "type": "ECOSYSTEM",
          "events": [
            {
              "introduced": "7.0.0"
            },
            {
              "fixed": "7.1.4"
            }
          ]
        }
      ]
    },
    {
      "package": {
        "ecosystem": "Packagist",
        "name": "symfony/validator"
      },
      "ranges": [
        {
          "type": "ECOSYSTEM",
          "events": [
            {
              "introduced": "0"
            },
            {
              "fixed": "5.4.43"
            }
          ]
        }
      ]
    },
    {
      "package": {
        "ecosystem": "Packagist",
        "name": "symfony/validator"
      },
      "ranges": [
        {
          "type": "ECOSYSTEM",
          "events": [
            {
              "introduced": "6.0.0"
            },
            {
              "fixed": "6.4.11"
            }
          ]
        }
      ]
    },
    {
      "package": {
        "ecosystem": "Packagist",
        "name": "symfony/validator"
      },
      "ranges": [
        {
          "type": "ECOSYSTEM",
          "events": [
            {
              "introduced": "7.0.0"
            },
            {
              "fixed": "7.1.4"
            }
          ]
        }
      ]
    }
  ],
  "references": [
    {
      "type": "WEB",
      "url": "https://github.com/symfony/symfony/security/advisories/GHSA-g3rh-rrhp-jhh9"
    },
    {
      "type": "ADVISORY",
      "url": "https://nvd.nist.gov/vuln/detail/CVE-2024-50343"
    },
    {
      "type": "WEB",
      "url": "https://github.com/symfony/symfony/commit/7d1032bbead9a4229b32fa6ebca32681c80cb76f"
    },
    {
      "type": "WEB",
      "url": "https://github.com/FriendsOfPHP/security-advisories/blob/master/symfony/symfony/CVE-2024-50343.yaml"
    },
    {
      "type": "WEB",
      "url": "https://github.com/FriendsOfPHP/security-advisories/blob/master/symfony/validator/CVE-2024-50343.yaml"
    },
    {
      "type": "PACKAGE",
      "url": "https://github.com/symfony/symfony"
    },
    {
      "type": "WEB",
      "url": "https://symfony.com/cve-2024-50343"
    }
  ],
  "database_specific": {
    "cwe_ids": [
      "CWE-20"
    ],
    "severity": "LOW",
    "github_reviewed": true,
    "github_reviewed_at": "2024-11-06T15:21:08Z",
    "nvd_published_at": "2024-11-06T21:15:06Z"
  }
}