{
  "schema_version": "1.4.0",
  "id": "GHSA-w942-fw92-mqm2",
  "modified": "2024-01-10T20:47:20Z",
  "published": "2022-05-24T19:13:21Z",
  "aliases": [
    "CVE-2021-28566"
  ],
  "summary": "Magento Information Disclosure vulnerability",
  "details": "Magento versions 2.4.2 (and earlier), 2.4.1-p1 (and earlier) and 2.3.6-p1 (and earlier) are vulnerable to an Information Disclosure vulnerability when uploading a modified png file to a product image. Successful exploitation could lead to the disclosure of document root path by an unauthenticated attacker. Access to the admin console is required for successful exploitation.",
  "severity": [
    {
      "type": "CVSS_V3",
      "score": "CVSS:3.1/AV:N/AC:H/PR:N/UI:N/S:U/C:L/I:N/A:N"
    }
  ],
  "affected": [
    {
      "package": {
        "ecosystem": "Packagist",
        "name": "magento/community-edition"
      },
      "ranges": [
        {
          "type": "ECOSYSTEM",
          "events": [
            {
              "introduced": "2.4.0"
            },
            {
              "fixed": "2.4.2-p1"
            }
          ]
        }
      ]
    },
    {
      "package": {
        "ecosystem": "Packagist",
        "name": "magento/community-edition"
      },
      "ranges": [
        {
          "type": "ECOSYSTEM",
          "events": [
            {
              "introduced": "2.3.0"
            },
            {
              "fixed": "2.3.7"
            }
          ]
        }
      ]
    }
  ],
  "references": [
    {
      "type": "ADVISORY",
      "url": "https://nvd.nist.gov/vuln/detail/CVE-2021-28566"
    },
    {
      "type": "WEB",
      "url": "https://github.com/magento/magento2/commit/1bd5cb8c065e44779526c0b044ce19b884707695"
    },
    {
      "type": "PACKAGE",
      "url": "https://github.com/magento/magento2"
    },
    {
      "type": "WEB",
      "url": "https://helpx.adobe.com/security/products/magento/apsb21-30.html"
    }
  ],
  "database_specific": {
    "cwe_ids": [
      "CWE-200"
    ],
    "severity": "LOW",
    "github_reviewed": true,
    "github_reviewed_at": "2024-01-10T20:47:20Z",
    "nvd_published_at": "2021-09-08T17:15:00Z"
  }
}