{
  "schema_version": "1.4.0",
  "id": "GHSA-mr8q-7f5j-wc79",
  "modified": "2024-01-11T17:40:12Z",
  "published": "2022-05-24T17:33:56Z",
  "aliases": [
    "CVE-2020-24406"
  ],
  "summary": "Magento information disclosure vulnerability",
  "details": "When in maintenance mode, Magento version 2.4.0 and 2.3.4 (and earlier) are affected by an information disclosure vulnerability that could expose the installation path during build deployments. This information could be helpful to attackers if they are able to identify other exploitable vulnerabilities in the environment.",
  "severity": [
    {
      "type": "CVSS_V3",
      "score": "CVSS:3.1/AV:N/AC:H/PR:N/UI:N/S:U/C:L/I:N/A:N"
    }
  ],
  "affected": [
    {
      "package": {
        "ecosystem": "Packagist",
        "name": "magento/community-edition"
      },
      "ranges": [
        {
          "type": "ECOSYSTEM",
          "events": [
            {
              "introduced": "0"
            },
            {
              "fixed": "2.3.6"
            }
          ]
        }
      ]
    },
    {
      "package": {
        "ecosystem": "Packagist",
        "name": "magento/community-edition"
      },
      "ranges": [
        {
          "type": "ECOSYSTEM",
          "events": [
            {
              "introduced": "2.4.0"
            },
            {
              "fixed": "2.4.1"
            }
          ]
        }
      ],
      "versions": [
        "2.4.0"
      ]
    }
  ],
  "references": [
    {
      "type": "ADVISORY",
      "url": "https://nvd.nist.gov/vuln/detail/CVE-2020-24406"
    },
    {
      "type": "PACKAGE",
      "url": "https://github.com/magento/magento2"
    },
    {
      "type": "WEB",
      "url": "https://helpx.adobe.com/security/products/magento/apsb20-59.html"
    }
  ],
  "database_specific": {
    "cwe_ids": [
      "CWE-200"
    ],
    "severity": "LOW",
    "github_reviewed": true,
    "github_reviewed_at": "2024-01-11T17:40:12Z",
    "nvd_published_at": "2020-11-09T01:15:00Z"
  }
}