{
  "schema_version": "1.4.0",
  "id": "GHSA-whgv-6j78-5rh2",
  "modified": "2023-12-13T19:22:00Z",
  "published": "2023-12-13T15:30:57Z",
  "aliases": [
    "CVE-2023-47320"
  ],
  "summary": "Broken access control in Silverpeas",
  "details": "Silverpeas Core 6.3.1 is vulnerable to Incorrect Access Control. An attacker with low privileges is able to execute the administrator-only function of putting the application in \"Maintenance Mode\" due to broken access control. This makes the application unavailable to all users. This affects Silverpeas Core 6.3.1 and below.",
  "severity": [],
  "affected": [
    {
      "package": {
        "ecosystem": "Maven",
        "name": "org.silverpeas.core:silverpeas-core-war"
      },
      "ranges": [
        {
          "type": "ECOSYSTEM",
          "events": [
            {
              "introduced": "0"
            },
            {
              "fixed": "6.3.2"
            }
          ]
        }
      ]
    },
    {
      "package": {
        "ecosystem": "Maven",
        "name": "org.silverpeas.core:silverpeas-core-web"
      },
      "ranges": [
        {
          "type": "ECOSYSTEM",
          "events": [
            {
              "introduced": "0"
            },
            {
              "fixed": "6.3.2"
            }
          ]
        }
      ]
    }
  ],
  "references": [
    {
      "type": "ADVISORY",
      "url": "https://nvd.nist.gov/vuln/detail/CVE-2023-47320"
    },
    {
      "type": "WEB",
      "url": "https://github.com/Silverpeas/Silverpeas-Core/commit/fcb4a9740b6c80859e435045b549290a82ae84a2"
    },
    {
      "type": "WEB",
      "url": "https://github.com/RhinoSecurityLabs/CVEs/tree/master/CVE-2023-47320"
    },
    {
      "type": "PACKAGE",
      "url": "https://github.com/Silverpeas/Silverpeas-Core"
    },
    {
      "type": "WEB",
      "url": "http://silverpeas.com"
    }
  ],
  "database_specific": {
    "cwe_ids": [
      "CWE-284"
    ],
    "severity": "LOW",
    "github_reviewed": true,
    "github_reviewed_at": "2023-12-13T19:22:00Z",
    "nvd_published_at": "2023-12-13T14:15:44Z"
  }
}