{
  "schema_version": "1.4.0",
  "id": "GHSA-mqgf-4rw4-2cq2",
  "modified": "2025-03-13T17:56:55Z",
  "published": "2022-05-14T02:13:37Z",
  "aliases": [
    "CVE-2012-6073"
  ],
  "summary": "Jenkins affected by Open Redirect Vulnerability",
  "details": "Open redirect vulnerability in Jenkins before 1.491, Jenkins LTS before 1.480.1, and Jenkins Enterprise 1.424.x before 1.424.6.13, 1.447.x before 1.447.4.1, and 1.466.x before 1.466.10.1 allows remote attackers to redirect users to arbitrary web sites and conduct phishing attacks via unspecified vectors.",
  "severity": [
    {
      "type": "CVSS_V4",
      "score": "CVSS:4.0/AV:N/AC:L/AT:P/PR:N/UI:A/VC:L/VI:L/VA:N/SC:N/SI:N/SA:N"
    }
  ],
  "affected": [
    {
      "package": {
        "ecosystem": "Maven",
        "name": "org.jenkins-ci.main:jenkins-core"
      },
      "ranges": [
        {
          "type": "ECOSYSTEM",
          "events": [
            {
              "introduced": "0"
            },
            {
              "fixed": "1.480.1"
            }
          ]
        }
      ]
    },
    {
      "package": {
        "ecosystem": "Maven",
        "name": "org.jenkins-ci.main:jenkins-core"
      },
      "ranges": [
        {
          "type": "ECOSYSTEM",
          "events": [
            {
              "introduced": "1.481"
            },
            {
              "fixed": "1.491"
            }
          ]
        }
      ]
    }
  ],
  "references": [
    {
      "type": "ADVISORY",
      "url": "https://nvd.nist.gov/vuln/detail/CVE-2012-6073"
    },
    {
      "type": "WEB",
      "url": "https://bugzilla.redhat.com/show_bug.cgi?id=890608"
    },
    {
      "type": "PACKAGE",
      "url": "https://github.com/jenkinsci/jenkins"
    },
    {
      "type": "WEB",
      "url": "https://wiki.jenkins-ci.org/display/SECURITY/Jenkins+Security+Advisory+2012-11-20"
    },
    {
      "type": "WEB",
      "url": "http://rhn.redhat.com/errata/RHSA-2013-0220.html"
    },
    {
      "type": "WEB",
      "url": "http://www.cloudbees.com/jenkins-advisory/jenkins-security-advisory-2012-11-20.cb"
    },
    {
      "type": "WEB",
      "url": "http://www.openwall.com/lists/oss-security/2012/12/28/1"
    }
  ],
  "database_specific": {
    "cwe_ids": [
      "CWE-20",
      "CWE-601"
    ],
    "severity": "LOW",
    "github_reviewed": true,
    "github_reviewed_at": "2025-03-13T17:56:55Z",
    "nvd_published_at": "2013-02-24T22:55:00Z"
  }
}