{
  "schema_version": "1.4.0",
  "id": "GHSA-5mwr-jg3r-jv66",
  "modified": "2025-03-13T17:52:57Z",
  "published": "2022-05-13T01:30:06Z",
  "aliases": [
    "CVE-2015-5326"
  ],
  "summary": "Jenkins allows Cross-Site Scripting (XSS)",
  "details": "Cross-site scripting (XSS) vulnerability in the slave overview page in Jenkins before 1.638 and LTS before 1.625.2 allows remote authenticated users with certain permissions to inject arbitrary web script or HTML via the slave offline status message.",
  "severity": [
    {
      "type": "CVSS_V4",
      "score": "CVSS:4.0/AV:N/AC:L/AT:P/PR:N/UI:A/VC:N/VI:L/VA:N/SC:N/SI:N/SA:N"
    }
  ],
  "affected": [
    {
      "package": {
        "ecosystem": "Maven",
        "name": "org.jenkins-ci.main:jenkins-core"
      },
      "ranges": [
        {
          "type": "ECOSYSTEM",
          "events": [
            {
              "introduced": "0"
            },
            {
              "fixed": "1.625.2"
            }
          ]
        }
      ]
    },
    {
      "package": {
        "ecosystem": "Maven",
        "name": "org.jenkins-ci.main:jenkins-core"
      },
      "ranges": [
        {
          "type": "ECOSYSTEM",
          "events": [
            {
              "introduced": "1.626"
            },
            {
              "fixed": "1.638"
            }
          ]
        }
      ]
    }
  ],
  "references": [
    {
      "type": "ADVISORY",
      "url": "https://nvd.nist.gov/vuln/detail/CVE-2015-5326"
    },
    {
      "type": "WEB",
      "url": "https://github.com/jenkinsci/jenkins/commit/abe561499bbba2e725804c1117fc957028bbd608"
    },
    {
      "type": "WEB",
      "url": "https://access.redhat.com/errata/RHSA-2016:0070"
    },
    {
      "type": "PACKAGE",
      "url": "https://github.com/jenkinsci/jenkins"
    },
    {
      "type": "WEB",
      "url": "https://wiki.jenkins-ci.org/display/SECURITY/Jenkins+Security+Advisory+2015-11-11"
    },
    {
      "type": "WEB",
      "url": "http://rhn.redhat.com/errata/RHSA-2016-0489.html"
    }
  ],
  "database_specific": {
    "cwe_ids": [
      "CWE-79"
    ],
    "severity": "LOW",
    "github_reviewed": true,
    "github_reviewed_at": "2025-03-13T17:52:57Z",
    "nvd_published_at": "2015-11-25T20:59:00Z"
  }
}