{
  "schema_version": "1.4.0",
  "id": "GHSA-7xp8-7wqx-5hqx",
  "modified": "2022-12-19T21:14:28Z",
  "published": "2022-05-24T17:07:41Z",
  "aliases": [
    "CVE-2020-2105"
  ],
  "summary": "Jenkins REST APIs vulnerable to clickjacking",
  "details": "Jenkins 2.218 and earlier, LTS 2.204.1 and earlier does not serve the `X-Frame-Options: deny` HTTP header on REST API responses to protect against clickjacking attacks. An attacker could exploit this by routing the victim through a specially crafted web page that embeds a REST API endpoint in an iframe and tricking the user into performing an action which would allow for the attacker to learn the content of that REST API endpoint.\n\nJenkins 2.219, LTS 2.204.2 now adds the `X-Frame-Options: deny` HTTP header to REST API responses, which prevents these types of clickjacking attacks.",
  "severity": [
    {
      "type": "CVSS_V3",
      "score": "CVSS:3.0/AV:N/AC:H/PR:N/UI:R/S:U/C:L/I:N/A:N"
    }
  ],
  "affected": [
    {
      "package": {
        "ecosystem": "Maven",
        "name": "org.jenkins-ci.main:jenkins-core"
      },
      "ranges": [
        {
          "type": "ECOSYSTEM",
          "events": [
            {
              "introduced": "0"
            },
            {
              "fixed": "2.204.2"
            }
          ]
        }
      ],
      "database_specific": {
        "last_known_affected_version_range": "<= 2.204.1"
      }
    },
    {
      "package": {
        "ecosystem": "Maven",
        "name": "org.jenkins-ci.main:jenkins-core"
      },
      "ranges": [
        {
          "type": "ECOSYSTEM",
          "events": [
            {
              "introduced": "2.205"
            },
            {
              "fixed": "2.219"
            }
          ]
        }
      ],
      "database_specific": {
        "last_known_affected_version_range": "<= 2.218"
      }
    }
  ],
  "references": [
    {
      "type": "ADVISORY",
      "url": "https://nvd.nist.gov/vuln/detail/CVE-2020-2105"
    },
    {
      "type": "WEB",
      "url": "https://github.com/jenkinsci/jenkins/commit/639ade55caa05324c60d15b2fa8df27ee0111b76"
    },
    {
      "type": "WEB",
      "url": "https://access.redhat.com/errata/RHBA-2020:0402"
    },
    {
      "type": "WEB",
      "url": "https://access.redhat.com/errata/RHBA-2020:0675"
    },
    {
      "type": "WEB",
      "url": "https://access.redhat.com/errata/RHSA-2020:0681"
    },
    {
      "type": "WEB",
      "url": "https://access.redhat.com/errata/RHSA-2020:0683"
    },
    {
      "type": "PACKAGE",
      "url": "https://github.com/jenkinsci/jenkins"
    },
    {
      "type": "WEB",
      "url": "https://jenkins.io/security/advisory/2020-01-29/#SECURITY-1704"
    },
    {
      "type": "WEB",
      "url": "http://www.openwall.com/lists/oss-security/2020/01/29/1"
    }
  ],
  "database_specific": {
    "cwe_ids": [
      "CWE-1021"
    ],
    "severity": "LOW",
    "github_reviewed": true,
    "github_reviewed_at": "2022-12-19T21:14:28Z",
    "nvd_published_at": "2020-01-29T16:15:00Z"
  }
}