{
  "schema_version": "1.4.0",
  "id": "GHSA-vv6p-63g8-m8fw",
  "modified": "2023-10-26T14:17:47Z",
  "published": "2022-05-13T01:17:42Z",
  "aliases": [
    "CVE-2019-1003075"
  ],
  "summary": "Jenkins Audit to Database Plugin stores credentials in plain text ",
  "details": "Jenkins Audit to Database Plugin stores database credentials unencrypted in its global configuration file `audit2db.xml` on the Jenkins controller. These credentials can be viewed by users with access to the Jenkins controller file system.",
  "severity": [
    {
      "type": "CVSS_V3",
      "score": "CVSS:3.0/AV:L/AC:L/PR:L/UI:N/S:U/C:L/I:N/A:N"
    }
  ],
  "affected": [
    {
      "package": {
        "ecosystem": "Maven",
        "name": "org.jenkins-ci.plugins:audit2db"
      },
      "ranges": [
        {
          "type": "ECOSYSTEM",
          "events": [
            {
              "introduced": "0"
            },
            {
              "last_affected": "0.5"
            }
          ]
        }
      ]
    }
  ],
  "references": [
    {
      "type": "ADVISORY",
      "url": "https://nvd.nist.gov/vuln/detail/CVE-2019-1003075"
    },
    {
      "type": "WEB",
      "url": "https://jenkins.io/security/advisory/2019-04-03/#SECURITY-966"
    },
    {
      "type": "WEB",
      "url": "https://web.archive.org/web/20200227082017/http://www.securityfocus.com/bid/107790"
    },
    {
      "type": "WEB",
      "url": "http://www.openwall.com/lists/oss-security/2019/04/12/2"
    }
  ],
  "database_specific": {
    "cwe_ids": [
      "CWE-311"
    ],
    "severity": "LOW",
    "github_reviewed": true,
    "github_reviewed_at": "2023-10-26T14:17:47Z",
    "nvd_published_at": "2019-04-04T16:29:00Z"
  }
}