{
  "schema_version": "1.4.0",
  "id": "GHSA-r798-qx7r-v3gw",
  "modified": "2023-10-25T23:23:04Z",
  "published": "2022-05-13T01:17:42Z",
  "aliases": [
    "CVE-2019-1003071"
  ],
  "summary": "Jenkins Octopus Deploy Plugin stores credentials in plain text",
  "details": "Jenkins Octopus Deploy Plugin stores credentials unencrypted in its global configuration file `hudson.plugins.octopusdeploy.OctopusDeployPlugin.xml` on the Jenkins controller. These credentials can be viewed by users with access to the Jenkins controller file system.",
  "severity": [
    {
      "type": "CVSS_V3",
      "score": "CVSS:3.0/AV:L/AC:L/PR:L/UI:N/S:U/C:L/I:N/A:N"
    }
  ],
  "affected": [
    {
      "package": {
        "ecosystem": "Maven",
        "name": "hudson.plugins.octopusdeploy:octopusdeploy"
      },
      "ranges": [
        {
          "type": "ECOSYSTEM",
          "events": [
            {
              "introduced": "0"
            },
            {
              "fixed": "1.9.0"
            }
          ]
        }
      ],
      "database_specific": {
        "last_known_affected_version_range": "<= 1.8.1"
      }
    }
  ],
  "references": [
    {
      "type": "ADVISORY",
      "url": "https://nvd.nist.gov/vuln/detail/CVE-2019-1003071"
    },
    {
      "type": "WEB",
      "url": "https://jenkins.io/security/advisory/2019-04-03/#SECURITY-957"
    },
    {
      "type": "WEB",
      "url": "https://web.archive.org/web/20200227082017/http://www.securityfocus.com/bid/107790"
    },
    {
      "type": "WEB",
      "url": "http://www.openwall.com/lists/oss-security/2019/04/12/2"
    }
  ],
  "database_specific": {
    "cwe_ids": [
      "CWE-311"
    ],
    "severity": "LOW",
    "github_reviewed": true,
    "github_reviewed_at": "2023-10-25T23:23:04Z",
    "nvd_published_at": "2019-04-04T16:29:00Z"
  }
}