{
  "schema_version": "1.4.0",
  "id": "GHSA-wphq-j78p-fhgp",
  "modified": "2022-12-21T00:21:31Z",
  "published": "2022-05-24T17:27:06Z",
  "aliases": [
    "CVE-2020-2239"
  ],
  "summary": "Secret stored in plain text by Jenkins Parameterized Remote Trigger Plugin",
  "details": "Parameterized Remote Trigger Plugin 3.1.3 and earlier stores a secret unencrypted in its global configuration file `org.jenkinsci.plugins.ParameterizedRemoteTrigger.RemoteBuildConfiguration.xml` on the Jenkins controller as part of its configuration. This secret can be viewed by attackers with access to the Jenkins controller file system.\n\nParameterized Remote Trigger Plugin 3.1.4 stores the secret encrypted once its configuration is saved again.",
  "severity": [
    {
      "type": "CVSS_V3",
      "score": "CVSS:3.1/AV:L/AC:L/PR:L/UI:N/S:U/C:L/I:N/A:N"
    }
  ],
  "affected": [
    {
      "package": {
        "ecosystem": "Maven",
        "name": "org.jenkins-ci.plugins:Parameterized-Remote-Trigger"
      },
      "ranges": [
        {
          "type": "ECOSYSTEM",
          "events": [
            {
              "introduced": "0"
            },
            {
              "fixed": "3.1.4"
            }
          ]
        }
      ],
      "database_specific": {
        "last_known_affected_version_range": "<= 3.1.3"
      }
    }
  ],
  "references": [
    {
      "type": "ADVISORY",
      "url": "https://nvd.nist.gov/vuln/detail/CVE-2020-2239"
    },
    {
      "type": "WEB",
      "url": "https://github.com/jenkinsci/parameterized-remote-trigger-plugin/commit/2902ef5ea6eb077f43fd25c880e4920faea4e828"
    },
    {
      "type": "PACKAGE",
      "url": "https://github.com/jenkinsci/parameterized-remote-trigger-plugin"
    },
    {
      "type": "WEB",
      "url": "https://jenkins.io/security/advisory/2020-09-01/#SECURITY-1625"
    },
    {
      "type": "WEB",
      "url": "http://www.openwall.com/lists/oss-security/2020/09/01/3"
    }
  ],
  "database_specific": {
    "cwe_ids": [
      "CWE-256",
      "CWE-311"
    ],
    "severity": "LOW",
    "github_reviewed": true,
    "github_reviewed_at": "2022-12-21T00:21:31Z",
    "nvd_published_at": "2020-09-01T14:15:00Z"
  }
}