{
  "schema_version": "1.4.0",
  "id": "GHSA-m365-98j8-w96w",
  "modified": "2023-01-06T17:03:57Z",
  "published": "2022-05-24T17:10:29Z",
  "aliases": [
    "CVE-2020-2154"
  ],
  "summary": "Jenkins Zephyr for JIRA Test Management Plugin stores credentials in plain text",
  "details": "Zephyr for JIRA Test Management Plugin 1.5 and earlier stores Jira credentials unencrypted in its global configuration file `com.thed.zephyr.jenkins.reporter.ZfjReporter.xml` on the Jenkins controller. These credentials can be viewed by users with access to the Jenkins controller file system.",
  "severity": [
    {
      "type": "CVSS_V3",
      "score": "CVSS:3.1/AV:L/AC:L/PR:L/UI:N/S:U/C:L/I:N/A:N"
    }
  ],
  "affected": [
    {
      "package": {
        "ecosystem": "Maven",
        "name": "org.jenkins-ci.plugins:zephyr-for-jira-test-management"
      },
      "ranges": [
        {
          "type": "ECOSYSTEM",
          "events": [
            {
              "introduced": "0"
            },
            {
              "last_affected": "1.5"
            }
          ]
        }
      ]
    }
  ],
  "references": [
    {
      "type": "ADVISORY",
      "url": "https://nvd.nist.gov/vuln/detail/CVE-2020-2154"
    },
    {
      "type": "PACKAGE",
      "url": "https://github.com/jenkinsci/zephyr-for-jira-test-management-plugin"
    },
    {
      "type": "WEB",
      "url": "https://jenkins.io/security/advisory/2020-03-09/#SECURITY-1550"
    },
    {
      "type": "WEB",
      "url": "http://www.openwall.com/lists/oss-security/2020/03/09/1"
    }
  ],
  "database_specific": {
    "cwe_ids": [
      "CWE-256",
      "CWE-312"
    ],
    "severity": "LOW",
    "github_reviewed": true,
    "github_reviewed_at": "2023-01-06T17:03:57Z",
    "nvd_published_at": "2020-03-09T16:15:00Z"
  }
}