{
  "schema_version": "1.4.0",
  "id": "GHSA-w4x9-4f5x-8jj8",
  "modified": "2020-06-16T21:59:37Z",
  "published": "2018-11-21T22:23:29Z",
  "aliases": [
    "CVE-2014-0228"
  ],
  "summary": "Low severity vulnerability that affects      org.apache.hive:hive-exec, org.apache.hive:hive, and org.apache.hive:hive-service",
  "details": "Apache Hive before 0.13.1, when in SQL standards based authorization mode, does not properly check the file permissions for (1) import and (2) export statements, which allows remote authenticated users to obtain sensitive information via a crafted URI.",
  "severity": [],
  "affected": [
    {
      "package": {
        "ecosystem": "Maven",
        "name": "org.apache.hive:hive"
      },
      "ranges": [
        {
          "type": "ECOSYSTEM",
          "events": [
            {
              "introduced": "0"
            },
            {
              "fixed": "0.13.1"
            }
          ]
        }
      ]
    },
    {
      "package": {
        "ecosystem": "Maven",
        "name": "org.apache.hive:hive-exec"
      },
      "ranges": [
        {
          "type": "ECOSYSTEM",
          "events": [
            {
              "introduced": "0"
            },
            {
              "fixed": "0.13.1"
            }
          ]
        }
      ]
    },
    {
      "package": {
        "ecosystem": "Maven",
        "name": "org.apache.hive:hive-service"
      },
      "ranges": [
        {
          "type": "ECOSYSTEM",
          "events": [
            {
              "introduced": "0"
            },
            {
              "fixed": "0.13.1"
            }
          ]
        }
      ]
    }
  ],
  "references": [
    {
      "type": "ADVISORY",
      "url": "https://nvd.nist.gov/vuln/detail/CVE-2014-0228"
    },
    {
      "type": "ADVISORY",
      "url": "https://github.com/advisories/GHSA-w4x9-4f5x-8jj8"
    },
    {
      "type": "WEB",
      "url": "http://mail-archives.apache.org/mod_mbox/hive-user/201406.mbox/%3CCABgNGzeN7E+9d=YV5yvnKA7wmSx1op_avtUjPcPtDaR6DLJM6g@mail.gmail.com%3E"
    },
    {
      "type": "WEB",
      "url": "http://packetstormsecurity.com/files/127091/Apache-Hive-0.13.0-Authorization-Failure.html"
    },
    {
      "type": "WEB",
      "url": "http://www.securityfocus.com/archive/1/532418/100/0/threaded"
    }
  ],
  "database_specific": {
    "cwe_ids": [
      "CWE-284"
    ],
    "severity": "LOW",
    "github_reviewed": true,
    "github_reviewed_at": "2020-06-16T21:59:37Z",
    "nvd_published_at": null
  }
}