{
  "schema_version": "1.4.0",
  "id": "GHSA-6g2w-257v-3c9f",
  "modified": "2023-07-19T10:49:18Z",
  "published": "2023-07-10T18:30:49Z",
  "aliases": [
    "CVE-2023-34442"
  ],
  "summary": "Apache Camel information exposure vulnerability",
  "details": "Exposure of Sensitive Information to an Unauthorized Actor vulnerability in Apache Software Foundation Apache Camel. This issue affects Apache Camel from 3.X through <=3.14.8, from 3.18.X through <=3.18.7, from 3.20.X through <= 3.20.5, from 4.X through <= 4.0.0-M3.\n\nUsers should upgrade to 3.14.9, 3.18.8, 3.20.6 or 3.21.0 and for users on Camel 4.x update to 4.0.0-RC1\n",
  "severity": [
    {
      "type": "CVSS_V3",
      "score": "CVSS:3.1/AV:L/AC:L/PR:L/UI:N/S:U/C:L/I:N/A:N"
    }
  ],
  "affected": [
    {
      "package": {
        "ecosystem": "Maven",
        "name": "org.apache.camel:camel-jira"
      },
      "ranges": [
        {
          "type": "ECOSYSTEM",
          "events": [
            {
              "introduced": "3.0.0-M3"
            },
            {
              "fixed": "3.14.9"
            }
          ]
        }
      ]
    },
    {
      "package": {
        "ecosystem": "Maven",
        "name": "org.apache.camel:camel-jira"
      },
      "ranges": [
        {
          "type": "ECOSYSTEM",
          "events": [
            {
              "introduced": "3.15.0"
            },
            {
              "fixed": "3.18.8"
            }
          ]
        }
      ]
    },
    {
      "package": {
        "ecosystem": "Maven",
        "name": "org.apache.camel:camel-jira"
      },
      "ranges": [
        {
          "type": "ECOSYSTEM",
          "events": [
            {
              "introduced": "3.20.0"
            },
            {
              "fixed": "3.20.6"
            }
          ]
        }
      ]
    },
    {
      "package": {
        "ecosystem": "Maven",
        "name": "org.apache.camel:camel-jira"
      },
      "ranges": [
        {
          "type": "ECOSYSTEM",
          "events": [
            {
              "introduced": "4.0.0-M1"
            },
            {
              "fixed": "4.0.0-RC1"
            }
          ]
        }
      ],
      "database_specific": {
        "last_known_affected_version_range": "<= 4.0.0-M3"
      }
    }
  ],
  "references": [
    {
      "type": "ADVISORY",
      "url": "https://nvd.nist.gov/vuln/detail/CVE-2023-34442"
    },
    {
      "type": "WEB",
      "url": "https://github.com/apache/camel/commit/b61d5b6be4f98b673dc977ad1bc6f004642644ab"
    },
    {
      "type": "WEB",
      "url": "https://camel.apache.org/security/CVE-2023-34442.html"
    },
    {
      "type": "PACKAGE",
      "url": "https://github.com/apache/camel"
    },
    {
      "type": "WEB",
      "url": "https://issues.apache.org/jira/browse/CAMEL-19421"
    },
    {
      "type": "WEB",
      "url": "https://lists.apache.org/thread/x4vy2hhbltb1xrvy1g6m8hpjgj2k7wgh"
    }
  ],
  "database_specific": {
    "cwe_ids": [
      "CWE-200"
    ],
    "severity": "LOW",
    "github_reviewed": true,
    "github_reviewed_at": "2023-07-10T21:53:06Z",
    "nvd_published_at": "2023-07-10T16:15:52Z"
  }
}