{
  "schema_version": "1.4.0",
  "id": "GHSA-h934-f4m4-wc8x",
  "modified": "2024-06-05T17:21:19Z",
  "published": "2024-06-05T17:21:19Z",
  "aliases": [],
  "summary": "Typo3 Information Disclosure in Page Tree",
  "details": "It has been discovered backend users not having read access to specific pages still could see them in the page tree which actually should be disallowed. A valid backend user account is needed in order to exploit this vulnerability.",
  "severity": [],
  "affected": [
    {
      "package": {
        "ecosystem": "Packagist",
        "name": "typo3/cms"
      },
      "ranges": [
        {
          "type": "ECOSYSTEM",
          "events": [
            {
              "introduced": "9.0.0"
            },
            {
              "fixed": "9.5.6"
            }
          ]
        }
      ]
    }
  ],
  "references": [
    {
      "type": "WEB",
      "url": "https://github.com/FriendsOfPHP/security-advisories/blob/master/typo3/cms/2019-05-07-4.yaml"
    },
    {
      "type": "PACKAGE",
      "url": "https://github.com/TYPO3/typo3"
    },
    {
      "type": "WEB",
      "url": "https://typo3.org/security/advisory/typo3-core-sa-2019-009"
    }
  ],
  "database_specific": {
    "cwe_ids": [],
    "severity": "LOW",
    "github_reviewed": true,
    "github_reviewed_at": "2024-06-05T17:21:19Z",
    "nvd_published_at": null
  }
}