{
  "schema_version": "1.4.0",
  "id": "GHSA-g5q2-cxgq-h2rw",
  "modified": "2024-01-09T21:44:57Z",
  "published": "2022-05-24T17:35:58Z",
  "aliases": [
    "CVE-2020-8920"
  ],
  "summary": "Information leak in Gerrit",
  "details": "An information leak vulnerability exists in Gerrit versions prior to 2.14.22, 2.15.21, 2.16.25, 3.0.15, 3.1.10, 3.2.5 where an overoptimization with the FilteredRepository wrapper skips the verification of access on All-Users repositories, allowing an attacker to get read access to all users' personal information associated with their accounts.",
  "severity": [],
  "affected": [
    {
      "package": {
        "ecosystem": "Maven",
        "name": "com.google.gerrit:gerrit-plugin-api"
      },
      "ranges": [
        {
          "type": "ECOSYSTEM",
          "events": [
            {
              "introduced": "0"
            },
            {
              "fixed": "2.14.22"
            }
          ]
        }
      ]
    },
    {
      "package": {
        "ecosystem": "Maven",
        "name": "com.google.gerrit:gerrit-plugin-api"
      },
      "ranges": [
        {
          "type": "ECOSYSTEM",
          "events": [
            {
              "introduced": "2.15.0"
            },
            {
              "fixed": "2.15.21"
            }
          ]
        }
      ]
    },
    {
      "package": {
        "ecosystem": "Maven",
        "name": "com.google.gerrit:gerrit-plugin-api"
      },
      "ranges": [
        {
          "type": "ECOSYSTEM",
          "events": [
            {
              "introduced": "2.16.0"
            },
            {
              "fixed": "2.16.25"
            }
          ]
        }
      ]
    },
    {
      "package": {
        "ecosystem": "Maven",
        "name": "com.google.gerrit:gerrit-plugin-api"
      },
      "ranges": [
        {
          "type": "ECOSYSTEM",
          "events": [
            {
              "introduced": "3.0.0"
            },
            {
              "fixed": "3.0.15"
            }
          ]
        }
      ]
    },
    {
      "package": {
        "ecosystem": "Maven",
        "name": "com.google.gerrit:gerrit-plugin-api"
      },
      "ranges": [
        {
          "type": "ECOSYSTEM",
          "events": [
            {
              "introduced": "3.1.0"
            },
            {
              "fixed": "3.1.10"
            }
          ]
        }
      ]
    },
    {
      "package": {
        "ecosystem": "Maven",
        "name": "com.google.gerrit:gerrit-plugin-api"
      },
      "ranges": [
        {
          "type": "ECOSYSTEM",
          "events": [
            {
              "introduced": "3.2.0"
            },
            {
              "fixed": "3.2.5"
            }
          ]
        }
      ]
    }
  ],
  "references": [
    {
      "type": "ADVISORY",
      "url": "https://nvd.nist.gov/vuln/detail/CVE-2020-8920"
    },
    {
      "type": "WEB",
      "url": "https://gerrit.googlesource.com/gerrit/+/45071d6977932bca5a1427c8abad24710fed2e33"
    },
    {
      "type": "WEB",
      "url": "https://issues.gerritcodereview.com/issues/40012986"
    },
    {
      "type": "WEB",
      "url": "https://www.gerritcodereview.com/2.14.html#21422"
    },
    {
      "type": "WEB",
      "url": "https://www.gerritcodereview.com/2.15.html#21521"
    },
    {
      "type": "WEB",
      "url": "https://www.gerritcodereview.com/2.16.html#21625"
    },
    {
      "type": "WEB",
      "url": "https://www.gerritcodereview.com/3.0.html#3015"
    },
    {
      "type": "WEB",
      "url": "https://www.gerritcodereview.com/3.1.html#3110"
    },
    {
      "type": "WEB",
      "url": "https://www.gerritcodereview.com/3.2.html#325"
    }
  ],
  "database_specific": {
    "cwe_ids": [
      "CWE-863"
    ],
    "severity": "LOW",
    "github_reviewed": true,
    "github_reviewed_at": "2024-01-09T21:44:57Z",
    "nvd_published_at": "2020-12-10T11:15:00Z"
  }
}