{
  "schema_version": "1.4.0",
  "id": "GHSA-992f-wf4w-x36v",
  "modified": "2020-08-31T18:33:09Z",
  "published": "2020-09-01T21:16:13Z",
  "aliases": [],
  "summary": "Prototype Pollution in merge-objects",
  "details": "All versions of `merge-objects` are vulnerable to Prototype Pollution.\n\n\n## Recommendation\n\nNo fix is available for this vulnerability at this time. It is our recommendation to use an alternative package.",
  "severity": [],
  "affected": [
    {
      "package": {
        "ecosystem": "npm",
        "name": "merge-objects"
      },
      "ranges": [
        {
          "type": "ECOSYSTEM",
          "events": [
            {
              "introduced": "0.0.0"
            }
          ]
        }
      ]
    }
  ],
  "references": [
    {
      "type": "WEB",
      "url": "https://hackerone.com/reports/310706"
    },
    {
      "type": "WEB",
      "url": "https://www.npmjs.com/advisories/716"
    }
  ],
  "database_specific": {
    "cwe_ids": [
      "CWE-1321"
    ],
    "severity": "LOW",
    "github_reviewed": true,
    "github_reviewed_at": "2020-08-31T18:33:09Z",
    "nvd_published_at": null
  }
}