{
  "schema_version": "1.4.0",
  "id": "GHSA-2v42-xp3j-47m4",
  "modified": "2024-04-08T15:42:15Z",
  "published": "2024-04-06T12:30:56Z",
  "aliases": [
    "CVE-2024-3366"
  ],
  "summary": "Xuxueli xxl-job template injection vulnerability",
  "details": "A vulnerability classified as problematic was found in Xuxueli xxl-job version 2.4.0. This vulnerability affects the function `deserialize` of the file `com/xxl/job/core/util/JdkSerializeTool.java` of the component `Template Handler`. The manipulation leads to injection. The exploit has been disclosed to the public and may be used. The identifier of this vulnerability is VDB-259480.",
  "severity": [
    {
      "type": "CVSS_V3",
      "score": "CVSS:3.1/AV:A/AC:L/PR:L/UI:N/S:U/C:N/I:L/A:N"
    }
  ],
  "affected": [
    {
      "package": {
        "ecosystem": "Maven",
        "name": "com.xuxueli:xxl-job-core"
      },
      "ranges": [
        {
          "type": "ECOSYSTEM",
          "events": [
            {
              "introduced": "0"
            },
            {
              "last_affected": "2.4.0"
            }
          ]
        }
      ]
    }
  ],
  "references": [
    {
      "type": "ADVISORY",
      "url": "https://nvd.nist.gov/vuln/detail/CVE-2024-3366"
    },
    {
      "type": "WEB",
      "url": "https://github.com/xuxueli/xxl-job/issues/3391"
    },
    {
      "type": "PACKAGE",
      "url": "https://github.com/xuxueli/xxl-job"
    },
    {
      "type": "WEB",
      "url": "https://github.com/xuxueli/xxl-job/blob/761de38a0b2a39706e2008e7914fba13bf4ca184/xxl-job-core/src/main/java/com/xxl/job/core/util/JdkSerializeTool.java#L4"
    },
    {
      "type": "WEB",
      "url": "https://vuldb.com/?ctiid.259480"
    },
    {
      "type": "WEB",
      "url": "https://vuldb.com/?id.259480"
    },
    {
      "type": "WEB",
      "url": "https://vuldb.com/?submit.308180"
    }
  ],
  "database_specific": {
    "cwe_ids": [
      "CWE-74"
    ],
    "severity": "LOW",
    "github_reviewed": true,
    "github_reviewed_at": "2024-04-08T15:42:15Z",
    "nvd_published_at": "2024-04-06T11:15:08Z"
  }
}