{
  "schema_version": "1.4.0",
  "id": "GHSA-mmmm-chjf-jmvw",
  "modified": "2023-01-24T18:35:04Z",
  "published": "2022-05-24T17:34:24Z",
  "aliases": [
    "CVE-2020-13353"
  ],
  "summary": "Gitaly Insufficient Session Expiration vulnerability",
  "details": "When importing repos via URL, one time use git credentials were persisted beyond the expected time window in Gitaly 1.79.0 or above. Affected versions are: >=1.79.0, <13.3.9,>=13.4, <13.4.5,>=13.5, <13.5.2.",
  "severity": [
    {
      "type": "CVSS_V3",
      "score": "CVSS:3.1/AV:L/AC:L/PR:H/UI:N/S:C/C:L/I:N/A:N"
    }
  ],
  "affected": [
    {
      "package": {
        "ecosystem": "RubyGems",
        "name": "gitaly"
      },
      "ranges": [
        {
          "type": "ECOSYSTEM",
          "events": [
            {
              "introduced": "1.79.0"
            },
            {
              "fixed": "13.3.9"
            }
          ]
        }
      ]
    },
    {
      "package": {
        "ecosystem": "RubyGems",
        "name": "gitaly"
      },
      "ranges": [
        {
          "type": "ECOSYSTEM",
          "events": [
            {
              "introduced": "13.4"
            },
            {
              "fixed": "13.4.5"
            }
          ]
        }
      ]
    },
    {
      "package": {
        "ecosystem": "RubyGems",
        "name": "gitaly"
      },
      "ranges": [
        {
          "type": "ECOSYSTEM",
          "events": [
            {
              "introduced": "13.5"
            },
            {
              "fixed": "13.5.2"
            }
          ]
        }
      ]
    }
  ],
  "references": [
    {
      "type": "ADVISORY",
      "url": "https://nvd.nist.gov/vuln/detail/CVE-2020-13353"
    },
    {
      "type": "WEB",
      "url": "https://github.com/rubysec/ruby-advisory-db/blob/master/gems/gitaly/CVE-2020-13353.yml"
    },
    {
      "type": "WEB",
      "url": "https://gitlab.com/gitlab-org/cves/-/blob/master/2020/CVE-2020-13353.json"
    },
    {
      "type": "PACKAGE",
      "url": "https://gitlab.com/gitlab-org/gitaly"
    },
    {
      "type": "WEB",
      "url": "https://gitlab.com/gitlab-org/gitaly/-/issues/2882"
    }
  ],
  "database_specific": {
    "cwe_ids": [
      "CWE-613"
    ],
    "severity": "LOW",
    "github_reviewed": true,
    "github_reviewed_at": "2023-01-24T18:35:04Z",
    "nvd_published_at": "2020-11-17T01:15:00Z"
  }
}