{
  "schema_version": "1.4.0",
  "id": "GHSA-hm57-4qpx-f734",
  "modified": "2023-01-05T20:44:08Z",
  "published": "2022-05-24T17:10:29Z",
  "aliases": [
    "CVE-2020-2156"
  ],
  "summary": "Credentials transmitted in plain text by Jenkins DeployHub Plugin",
  "details": "DeployHub Plugin stores credentials in job `config.xml` files as part of its configuration.\n\nWhile the credentials are stored encrypted on disk, they are transmitted in plain text as part of the configuration form by DeployHub Plugin 8.0.14 and earlier. These credentials could be viewed by users with Extended Read permission.",
  "severity": [
    {
      "type": "CVSS_V3",
      "score": "CVSS:3.1/AV:N/AC:H/PR:N/UI:R/S:U/C:L/I:N/A:N"
    }
  ],
  "affected": [
    {
      "package": {
        "ecosystem": "Maven",
        "name": "com.openmake:deployhub"
      },
      "ranges": [
        {
          "type": "ECOSYSTEM",
          "events": [
            {
              "introduced": "0"
            },
            {
              "last_affected": "8.0.14"
            }
          ]
        }
      ]
    }
  ],
  "references": [
    {
      "type": "ADVISORY",
      "url": "https://nvd.nist.gov/vuln/detail/CVE-2020-2156"
    },
    {
      "type": "PACKAGE",
      "url": "https://github.com/jenkinsci/deployhub-plugin"
    },
    {
      "type": "WEB",
      "url": "https://jenkins.io/security/advisory/2020-03-09/#SECURITY-1511"
    },
    {
      "type": "WEB",
      "url": "http://www.openwall.com/lists/oss-security/2020/03/09/1"
    }
  ],
  "database_specific": {
    "cwe_ids": [
      "CWE-319"
    ],
    "severity": "LOW",
    "github_reviewed": true,
    "github_reviewed_at": "2023-01-05T20:44:08Z",
    "nvd_published_at": "2020-03-09T16:15:00Z"
  }
}