{
  "schema_version": "1.4.0",
  "id": "GHSA-2cc5-429x-p387",
  "modified": "2024-10-02T22:35:24Z",
  "published": "2024-10-02T21:30:35Z",
  "aliases": [
    "CVE-2024-45964"
  ],
  "summary": "Zenario Cross Site Scripting in the Image library",
  "details": "Zenario 9.7.61188 is vulnerable to Cross Site Scripting (XSS) in the Image library via the \"Organizer tags\" field.",
  "severity": [
    {
      "type": "CVSS_V3",
      "score": "CVSS:3.1/AV:N/AC:L/PR:L/UI:R/S:C/C:L/I:L/A:N"
    },
    {
      "type": "CVSS_V4",
      "score": "CVSS:4.0/AV:N/AC:L/AT:N/PR:L/UI:A/VC:N/VI:N/VA:N/SC:L/SI:L/SA:N/E:P"
    }
  ],
  "affected": [
    {
      "package": {
        "ecosystem": "Packagist",
        "name": "tribalsystems/zenario"
      },
      "ranges": [
        {
          "type": "ECOSYSTEM",
          "events": [
            {
              "introduced": "0"
            },
            {
              "last_affected": "9.7.61188"
            }
          ]
        }
      ]
    }
  ],
  "references": [
    {
      "type": "ADVISORY",
      "url": "https://nvd.nist.gov/vuln/detail/CVE-2024-45964"
    },
    {
      "type": "PACKAGE",
      "url": "https://github.com/TribalSystems/Zenario"
    },
    {
      "type": "WEB",
      "url": "https://grimthereaperteam.medium.com/zenario-9-7-61188-reflect-xss-bee4ab9187e7"
    }
  ],
  "database_specific": {
    "cwe_ids": [
      "CWE-79"
    ],
    "severity": "LOW",
    "github_reviewed": true,
    "github_reviewed_at": "2024-10-02T22:35:24Z",
    "nvd_published_at": "2024-10-02T20:15:11Z"
  }
}