{
  "schema_version": "1.4.0",
  "id": "GHSA-7jmr-43qj-pw47",
  "modified": "2025-02-28T02:45:02Z",
  "published": "2025-02-11T18:31:42Z",
  "aliases": [
    "CVE-2025-24432"
  ],
  "summary": "Magento Time-of-check Time-of-use (TOCTOU) Race Condition vulnerability",
  "details": "Adobe Commerce versions 2.4.7-beta1, 2.4.7-p3, 2.4.6-p8, 2.4.5-p10, 2.4.4-p11 and earlier are affected by a Time-of-check Time-of-use (TOCTOU) Race Condition vulnerability that could result in a security feature bypass. An attacker could exploit this race condition to alter a condition after it has been checked but before it is used, potentially bypassing security mechanisms. Exploitation of this issue requires user interaction.",
  "severity": [
    {
      "type": "CVSS_V3",
      "score": "CVSS:3.1/AV:N/AC:H/PR:N/UI:N/S:U/C:N/I:L/A:N"
    }
  ],
  "affected": [
    {
      "package": {
        "ecosystem": "Packagist",
        "name": "magento/community-edition"
      },
      "ranges": [
        {
          "type": "ECOSYSTEM",
          "events": [
            {
              "introduced": "2.4.7-beta1"
            },
            {
              "fixed": "2.4.7-p4"
            }
          ]
        }
      ]
    },
    {
      "package": {
        "ecosystem": "Packagist",
        "name": "magento/community-edition"
      },
      "ranges": [
        {
          "type": "ECOSYSTEM",
          "events": [
            {
              "introduced": "2.4.6-p1"
            },
            {
              "fixed": "2.4.6-p9"
            }
          ]
        }
      ]
    },
    {
      "package": {
        "ecosystem": "Packagist",
        "name": "magento/community-edition"
      },
      "ranges": [
        {
          "type": "ECOSYSTEM",
          "events": [
            {
              "introduced": "2.4.5-p1"
            },
            {
              "fixed": "2.4.5-p11"
            }
          ]
        }
      ]
    },
    {
      "package": {
        "ecosystem": "Packagist",
        "name": "magento/community-edition"
      },
      "ranges": [
        {
          "type": "ECOSYSTEM",
          "events": [
            {
              "introduced": "0"
            },
            {
              "fixed": "2.4.4-p12"
            }
          ]
        }
      ]
    },
    {
      "package": {
        "ecosystem": "Packagist",
        "name": "magento/community-edition"
      },
      "versions": [
        "2.4.7"
      ]
    },
    {
      "package": {
        "ecosystem": "Packagist",
        "name": "magento/community-edition"
      },
      "versions": [
        "2.4.6"
      ]
    },
    {
      "package": {
        "ecosystem": "Packagist",
        "name": "magento/community-edition"
      },
      "versions": [
        "2.4.5"
      ]
    },
    {
      "package": {
        "ecosystem": "Packagist",
        "name": "magento/community-edition"
      },
      "versions": [
        "2.4.4"
      ]
    },
    {
      "package": {
        "ecosystem": "Packagist",
        "name": "magento/community-edition"
      },
      "versions": [
        "2.4.8-beta1"
      ]
    },
    {
      "package": {
        "ecosystem": "Packagist",
        "name": "magento/project-community-edition"
      },
      "ranges": [
        {
          "type": "ECOSYSTEM",
          "events": [
            {
              "introduced": "0"
            },
            {
              "last_affected": "2.0.2"
            }
          ]
        }
      ]
    }
  ],
  "references": [
    {
      "type": "ADVISORY",
      "url": "https://nvd.nist.gov/vuln/detail/CVE-2025-24432"
    },
    {
      "type": "PACKAGE",
      "url": "https://github.com/magento/magento2"
    },
    {
      "type": "WEB",
      "url": "https://helpx.adobe.com/security/products/magento/apsb25-08.html"
    }
  ],
  "database_specific": {
    "cwe_ids": [
      "CWE-367"
    ],
    "severity": "LOW",
    "github_reviewed": true,
    "github_reviewed_at": "2025-02-28T02:45:01Z",
    "nvd_published_at": "2025-02-11T18:15:45Z"
  }
}