{
  "schema_version": "1.4.0",
  "id": "GHSA-63jg-5wv6-7ghv",
  "modified": "2022-12-12T16:53:31Z",
  "published": "2022-05-14T02:45:30Z",
  "aliases": [
    "CVE-2018-1999037"
  ],
  "summary": "Jenkins Resource Disposer Plugin allows attacker to stop tracking specified resource",
  "details": "A data modification vulnerability exists in Jenkins Resource Disposer Plugin 0.11 and earlier in AsyncResourceDisposer.java that allows attackers to stop tracking a specified resource. Additionally, this API endpoint did not require POST requests, resulting in a CSRF vulnerability. As of version 0.12, this API endpoint requires POST requests and Overall/Administer permissions.",
  "severity": [
    {
      "type": "CVSS_V3",
      "score": "CVSS:3.0/AV:N/AC:H/PR:L/UI:N/S:U/C:N/I:N/A:L"
    }
  ],
  "affected": [
    {
      "package": {
        "ecosystem": "Maven",
        "name": "org.jenkins-ci.plugins:resource-disposer"
      },
      "ranges": [
        {
          "type": "ECOSYSTEM",
          "events": [
            {
              "introduced": "0"
            },
            {
              "fixed": "0.12"
            }
          ]
        }
      ],
      "database_specific": {
        "last_known_affected_version_range": "<= 0.11"
      }
    }
  ],
  "references": [
    {
      "type": "ADVISORY",
      "url": "https://nvd.nist.gov/vuln/detail/CVE-2018-1999037"
    },
    {
      "type": "WEB",
      "url": "https://github.com/jenkinsci/resource-disposer-plugin/commit/d826a99b06cc46c5dfadfd526b519ef0f65c8682"
    },
    {
      "type": "PACKAGE",
      "url": "https://github.com/jenkinsci/resource-disposer-plugin"
    },
    {
      "type": "WEB",
      "url": "https://jenkins.io/security/advisory/2018-07-30/#SECURITY-997"
    }
  ],
  "database_specific": {
    "cwe_ids": [
      "CWE-20"
    ],
    "severity": "LOW",
    "github_reviewed": true,
    "github_reviewed_at": "2022-12-12T16:53:31Z",
    "nvd_published_at": "2018-08-01T13:29:00Z"
  }
}