{
  "schema_version": "1.4.0",
  "id": "GHSA-3p5r-7cw3-2m67",
  "modified": "2022-07-08T19:07:33Z",
  "published": "2022-05-17T02:44:28Z",
  "aliases": [
    "CVE-2013-2071"
  ],
  "summary": "Exposure of Sensitive Information to an Unauthorized Actor in Apache Tomcat",
  "details": "java/org/apache/catalina/core/AsyncContextImpl.java in Apache Tomcat 7.x before 7.0.40 does not properly handle the throwing of a RuntimeException in an AsyncListener in an application, which allows context-dependent attackers to obtain sensitive request information intended for other applications in opportunistic circumstances via an application that records the requests that it processes.",
  "severity": [],
  "affected": [
    {
      "package": {
        "ecosystem": "Maven",
        "name": "org.apache.tomcat:tomcat"
      },
      "ranges": [
        {
          "type": "ECOSYSTEM",
          "events": [
            {
              "introduced": "7.0.0"
            },
            {
              "fixed": "7.0.40"
            }
          ]
        }
      ]
    }
  ],
  "references": [
    {
      "type": "ADVISORY",
      "url": "https://nvd.nist.gov/vuln/detail/CVE-2013-2071"
    },
    {
      "type": "WEB",
      "url": "https://issues.apache.org/bugzilla/show_bug.cgi?id=54178"
    },
    {
      "type": "WEB",
      "url": "http://archives.neohapsis.com/archives/bugtraq/2013-05/0040.html"
    },
    {
      "type": "WEB",
      "url": "http://lists.fedoraproject.org/pipermail/package-announce/2013-May/105855.html"
    },
    {
      "type": "WEB",
      "url": "http://lists.fedoraproject.org/pipermail/package-announce/2013-May/105886.html"
    },
    {
      "type": "WEB",
      "url": "http://lists.fedoraproject.org/pipermail/package-announce/2013-May/106342.html"
    },
    {
      "type": "WEB",
      "url": "http://lists.opensuse.org/opensuse-updates/2013-08/msg00013.html"
    },
    {
      "type": "WEB",
      "url": "http://marc.info/?l=bugtraq&m=139344248911289&w=2"
    },
    {
      "type": "WEB",
      "url": "http://svn.apache.org/viewvc/tomcat/tc7.0.x/trunk/java/org/apache/catalina/core/AsyncContextImpl.java?r1=1471372&r2=1471371&pathrev=1471372"
    },
    {
      "type": "WEB",
      "url": "http://svn.apache.org/viewvc?view=revision&revision=1471372"
    },
    {
      "type": "WEB",
      "url": "http://tomcat.apache.org/security-7.html"
    },
    {
      "type": "WEB",
      "url": "http://www.oracle.com/technetwork/topics/security/cpujan2014-1972949.html"
    },
    {
      "type": "WEB",
      "url": "http://www.ubuntu.com/usn/USN-1841-1"
    }
  ],
  "database_specific": {
    "cwe_ids": [
      "CWE-200"
    ],
    "severity": "LOW",
    "github_reviewed": true,
    "github_reviewed_at": "2022-07-08T19:07:33Z",
    "nvd_published_at": "2013-06-01T14:21:00Z"
  }
}