{
  "schema_version": "1.4.0",
  "id": "GHSA-9w97-9rqx-8v4j",
  "modified": "2024-07-08T19:43:52Z",
  "published": "2024-01-02T12:30:18Z",
  "aliases": [
    "CVE-2023-50333"
  ],
  "summary": "Mattermost allows demoted guests to change group names",
  "details": "Mattermost fails to update the permissions of the current session for a user who was just demoted to guest, allowing\u00a0freshly demoted guests to change group names.\n\n",
  "severity": [
    {
      "type": "CVSS_V3",
      "score": "CVSS:3.1/AV:N/AC:H/PR:L/UI:R/S:U/C:N/I:L/A:L"
    },
    {
      "type": "CVSS_V4",
      "score": "CVSS:4.0/AV:N/AC:H/AT:N/PR:L/UI:P/VC:N/VI:L/VA:L/SC:N/SI:N/SA:N"
    }
  ],
  "affected": [
    {
      "package": {
        "ecosystem": "Go",
        "name": "github.com/mattermost/mattermost/server/v8"
      },
      "ranges": [
        {
          "type": "ECOSYSTEM",
          "events": [
            {
              "introduced": "0"
            },
            {
              "fixed": "8.1.7"
            }
          ]
        }
      ],
      "database_specific": {
        "last_known_affected_version_range": "<= 8.1.6"
      }
    }
  ],
  "references": [
    {
      "type": "ADVISORY",
      "url": "https://nvd.nist.gov/vuln/detail/CVE-2023-50333"
    },
    {
      "type": "WEB",
      "url": "https://github.com/mattermost/mattermost/commit/61dd452fb2fcd3ac6f7b2e050f7f0a93a92d95fc"
    },
    {
      "type": "PACKAGE",
      "url": "https://github.com/mattermost/mattermost"
    },
    {
      "type": "WEB",
      "url": "https://mattermost.com/security-updates"
    }
  ],
  "database_specific": {
    "cwe_ids": [
      "CWE-284"
    ],
    "severity": "LOW",
    "github_reviewed": true,
    "github_reviewed_at": "2024-01-03T21:42:57Z",
    "nvd_published_at": "2024-01-02T10:15:08Z"
  }
}