{
  "schema_version": "1.4.0",
  "id": "GHSA-x7g2-wrrp-r6h3",
  "modified": "2024-02-05T15:50:17Z",
  "published": "2021-09-01T18:41:06Z",
  "aliases": [
    "CVE-2021-27913"
  ],
  "summary": "Use of a Broken or Risky Cryptographic Algorithm",
  "details": "## \u270d\ufe0f Description\nThe function mt_rand is used to generate session tokens, this function is cryptographically flawed due to its nature being one pseudorandomness, an attacker can take advantage of the cryptographically insecure nature of this function to enumerate session tokens for accounts that are not under his/her control\n\n## \ud83d\udd75\ufe0f\u200d\u2642\ufe0f Proof of Concept\nNumerous examples and attack implementations can be found in this paper . If you're looking for a practical tool that can crack your mt_rand implementation's seed value, see this project and run the following commands in a console with php5 and OpenWall's tool installed:\n\n`root$ php -r 'mt_srand(13333337); echo mt_rand( ), \"\\n\";'`\nAfter that, copy the output (1863134308) and execute the following commands:\n\n`root$ gcc php_mt_seed.c -o php_mt_seedroot$ ./php_mt_seed 1863134308`\nAfter waiting ~1 minute you should have a few possible seeds corresponding to their PHP versions, next to your installed PHP version you should see something akin to:\n\nseed = 0x00cb7359 = 13333337 (PHP 7.1.0+)\nHey, that's your seed!\n\n## \ud83d\udca5 Impact\nAn attacker could takeover accounts at random by enumerating and using access tokens.\n\n## \ud83d\udcdd References\n\n- https://openwall.com/php_mt_seedhttps://crypto.di.uoa.gr/CRYPTO.SEC/Randomness_Attacks_files/paper.pdf\n- https://github.com/mautic/mautic/blob/5213e320b4ef4d0c51bb84c1d46a1071e8e4f7fc/app/bundles/PointBundle/Controller/TriggerController.php#L187\n- https://github.com/mautic/mautic/releases/tag/3.3.4\n- https://github.com/mautic/mautic/releases/tag/4.0.0",
  "severity": [
    {
      "type": "CVSS_V3",
      "score": "CVSS:3.1/AV:N/AC:L/PR:L/UI:R/S:U/C:N/I:N/A:L"
    }
  ],
  "affected": [
    {
      "package": {
        "ecosystem": "Packagist",
        "name": "mautic/core"
      },
      "ranges": [
        {
          "type": "ECOSYSTEM",
          "events": [
            {
              "introduced": "0"
            },
            {
              "fixed": "3.3.4"
            }
          ]
        }
      ]
    },
    {
      "package": {
        "ecosystem": "Packagist",
        "name": "mautic/core"
      },
      "ranges": [
        {
          "type": "ECOSYSTEM",
          "events": [
            {
              "introduced": "4.0.0-alpha1"
            },
            {
              "fixed": "4.0.0"
            }
          ]
        }
      ]
    }
  ],
  "references": [
    {
      "type": "WEB",
      "url": "https://github.com/mautic/mautic/security/advisories/GHSA-x7g2-wrrp-r6h3"
    },
    {
      "type": "ADVISORY",
      "url": "https://nvd.nist.gov/vuln/detail/CVE-2021-27913"
    },
    {
      "type": "WEB",
      "url": "https://github.com/mautic/mautic/commit/d1cad766a2de74e6c6b89d6d78c2a5f2e36ba91c"
    },
    {
      "type": "WEB",
      "url": "https://github.com/FriendsOfPHP/security-advisories/blob/master/mautic/core/CVE-2021-27913.yaml"
    },
    {
      "type": "PACKAGE",
      "url": "https://github.com/mautic/mautic"
    }
  ],
  "database_specific": {
    "cwe_ids": [
      "CWE-327"
    ],
    "severity": "LOW",
    "github_reviewed": true,
    "github_reviewed_at": "2021-08-30T18:02:40Z",
    "nvd_published_at": "2021-08-30T16:15:00Z"
  }
}