{
  "schema_version": "1.4.0",
  "id": "GHSA-93pm-5p5f-3ghx",
  "modified": "2023-10-23T19:18:08Z",
  "published": "2023-01-18T18:24:40Z",
  "aliases": [
    "CVE-2022-44571"
  ],
  "summary": "Denial of Service Vulnerability in Rack Content-Disposition parsing",
  "details": "There is a denial of service vulnerability in the Content-Disposition parsing component of Rack. This vulnerability has been assigned the CVE identifier CVE-2022-44571.\n\nVersions Affected: >= 2.0.0 Not affected: None. Fixed Versions: 2.0.9.2, 2.1.4.2, 2.2.6.1, 3.0.0.1\nImpact\n\nCarefully crafted input can cause Content-Disposition header parsing in Rack to take an unexpected amount of time, possibly resulting in a denial of service attack vector. This header is used typically used in multipart parsing. Any applications that parse multipart posts using Rack (virtually all Rails applications) are impacted.\nReleases\n\nThe fixed releases are available at the normal locations.\nWorkarounds\n\nThere are no feasible workarounds for this issue.\nPatches\n\nTo aid users who aren\u2019t able to upgrade immediately we have provided patches for the two supported release series. They are in git-am format and consist of a single changeset.\n\n    2-0-Fix-ReDoS-vulnerability-in-multipart-parser - Patch for 2.0 series\n    2-1-Fix-ReDoS-vulnerability-in-multipart-parser - Patch for 2.1 series\n    2-2-Fix-ReDoS-vulnerability-in-multipart-parser - Patch for 2.2 series\n    3-0-Fix-ReDoS-vulnerability-in-multipart-parser - Patch for 3.0 series\n",
  "severity": [],
  "affected": [
    {
      "package": {
        "ecosystem": "RubyGems",
        "name": "rack"
      },
      "ranges": [
        {
          "type": "ECOSYSTEM",
          "events": [
            {
              "introduced": "2.0.0"
            },
            {
              "fixed": "2.0.9.2"
            }
          ]
        }
      ]
    },
    {
      "package": {
        "ecosystem": "RubyGems",
        "name": "rack"
      },
      "ranges": [
        {
          "type": "ECOSYSTEM",
          "events": [
            {
              "introduced": "2.1.0"
            },
            {
              "fixed": "2.1.4.2"
            }
          ]
        }
      ]
    },
    {
      "package": {
        "ecosystem": "RubyGems",
        "name": "rack"
      },
      "ranges": [
        {
          "type": "ECOSYSTEM",
          "events": [
            {
              "introduced": "2.2.0"
            },
            {
              "fixed": "2.2.6.1"
            }
          ]
        }
      ]
    },
    {
      "package": {
        "ecosystem": "RubyGems",
        "name": "rack"
      },
      "ranges": [
        {
          "type": "ECOSYSTEM",
          "events": [
            {
              "introduced": "3.0.0.0"
            },
            {
              "fixed": "3.0.4.1"
            }
          ]
        }
      ]
    }
  ],
  "references": [
    {
      "type": "ADVISORY",
      "url": "https://nvd.nist.gov/vuln/detail/CVE-2022-44571"
    },
    {
      "type": "WEB",
      "url": "https://discuss.rubyonrails.org/t/cve-2022-44571-possible-denial-of-service-vulnerability-in-rack-content-disposition-parsing/82126"
    },
    {
      "type": "PACKAGE",
      "url": "https://github.com/rack/rack"
    },
    {
      "type": "WEB",
      "url": "https://github.com/rack/rack/releases/tag/v3.0.4.1"
    },
    {
      "type": "WEB",
      "url": "https://github.com/rubysec/ruby-advisory-db/blob/master/gems/rack/CVE-2022-44571.yml"
    },
    {
      "type": "WEB",
      "url": "https://www.debian.org/security/2023/dsa-5530"
    }
  ],
  "database_specific": {
    "cwe_ids": [
      "CWE-1333",
      "CWE-400"
    ],
    "severity": "LOW",
    "github_reviewed": true,
    "github_reviewed_at": "2023-01-18T18:24:40Z",
    "nvd_published_at": "2023-02-09T20:15:00Z"
  }
}