{
  "schema_version": "1.4.0",
  "id": "GHSA-64jr-ggw8-h9jc",
  "modified": "2023-01-14T05:28:50Z",
  "published": "2022-05-24T17:08:47Z",
  "aliases": [
    "CVE-2020-2125"
  ],
  "summary": "Credentials stored in plain text by debian-package-builder Plugin",
  "details": "debian-package-builder Plugin 1.6.11 and earlier stores a GPG passphrase unencrypted in its global configuration file `ru.yandex.jenkins.plugins.debuilder.DebianPackageBuilder.xml` on the Jenkins controller. This credential can be viewed by users with access to the Jenkins controller file system.",
  "severity": [
    {
      "type": "CVSS_V3",
      "score": "CVSS:3.1/AV:L/AC:L/PR:L/UI:N/S:U/C:L/I:N/A:N"
    }
  ],
  "affected": [
    {
      "package": {
        "ecosystem": "Maven",
        "name": "ru.yandex.jenkins.plugins.debuilder:debian-package-builder"
      },
      "ranges": [
        {
          "type": "ECOSYSTEM",
          "events": [
            {
              "introduced": "0"
            },
            {
              "last_affected": "1.6.11"
            }
          ]
        }
      ]
    }
  ],
  "references": [
    {
      "type": "ADVISORY",
      "url": "https://nvd.nist.gov/vuln/detail/CVE-2020-2125"
    },
    {
      "type": "PACKAGE",
      "url": "https://github.com/jenkinsci/debian-package-builder-plugin"
    },
    {
      "type": "WEB",
      "url": "https://jenkins.io/security/advisory/2020-02-12/#SECURITY-1558"
    },
    {
      "type": "WEB",
      "url": "http://www.openwall.com/lists/oss-security/2020/02/12/3"
    }
  ],
  "database_specific": {
    "cwe_ids": [
      "CWE-256",
      "CWE-522"
    ],
    "severity": "LOW",
    "github_reviewed": true,
    "github_reviewed_at": "2023-01-14T05:28:50Z",
    "nvd_published_at": "2020-02-12T15:15:00Z"
  }
}