{
  "schema_version": "1.4.0",
  "id": "GHSA-v2wx-jj66-2hp7",
  "modified": "2021-05-21T17:58:38Z",
  "published": "2021-05-25T18:45:05Z",
  "aliases": [
    "CVE-2021-3536"
  ],
  "summary": "Cross-site Scripting in Wildfly",
  "details": "A flaw was found in Wildfly in versions before 23.0.2.Final while creating a new role in domain mode via the admin console, it is possible to add a payload in the name field, leading to XSS. This affects Confidentiality and Integrity.",
  "severity": [
    {
      "type": "CVSS_V3",
      "score": "CVSS:3.1/AV:N/AC:L/PR:H/UI:N/S:U/C:L/I:L/A:N"
    }
  ],
  "affected": [
    {
      "package": {
        "ecosystem": "Maven",
        "name": "org.wildfly:wildfly-parent"
      },
      "ranges": [
        {
          "type": "ECOSYSTEM",
          "events": [
            {
              "introduced": "0"
            },
            {
              "fixed": "23.0.2.Final"
            }
          ]
        }
      ],
      "database_specific": {
        "last_known_affected_version_range": "<= 23.0.1.Final"
      }
    }
  ],
  "references": [
    {
      "type": "ADVISORY",
      "url": "https://nvd.nist.gov/vuln/detail/CVE-2021-3536"
    },
    {
      "type": "WEB",
      "url": "https://bugzilla.redhat.com/show_bug.cgi?id=1948001"
    }
  ],
  "database_specific": {
    "cwe_ids": [
      "CWE-79"
    ],
    "severity": "LOW",
    "github_reviewed": true,
    "github_reviewed_at": "2021-05-21T17:58:38Z",
    "nvd_published_at": "2021-05-20T13:15:00Z"
  }
}