{
  "schema_version": "1.4.0",
  "id": "GHSA-w563-rq37-cvq5",
  "modified": "2024-01-12T17:59:22Z",
  "published": "2022-05-17T01:37:41Z",
  "aliases": [
    "CVE-2012-6145"
  ],
  "summary": "Typo3 Backend History Module Vulnerable to XSS",
  "details": "Cross-site scripting (XSS) vulnerability in the Backend History module in TYPO3 4.5.x before 4.5.21, 4.6.x before 4.6.14, and 4.7.x before 4.7.6 allows remote authenticated backend users to inject arbitrary web script or HTML via unspecified vectors.",
  "severity": [],
  "affected": [
    {
      "package": {
        "ecosystem": "Packagist",
        "name": "typo3/cms"
      },
      "ranges": [
        {
          "type": "ECOSYSTEM",
          "events": [
            {
              "introduced": "4.5.0"
            },
            {
              "fixed": "4.5.21"
            }
          ]
        }
      ]
    },
    {
      "package": {
        "ecosystem": "Packagist",
        "name": "typo3/cms"
      },
      "ranges": [
        {
          "type": "ECOSYSTEM",
          "events": [
            {
              "introduced": "4.6.0"
            },
            {
              "fixed": "4.6.14"
            }
          ]
        }
      ]
    },
    {
      "package": {
        "ecosystem": "Packagist",
        "name": "typo3/cms"
      },
      "ranges": [
        {
          "type": "ECOSYSTEM",
          "events": [
            {
              "introduced": "4.7.0"
            },
            {
              "fixed": "4.7.6"
            }
          ]
        }
      ]
    }
  ],
  "references": [
    {
      "type": "ADVISORY",
      "url": "https://nvd.nist.gov/vuln/detail/CVE-2012-6145"
    },
    {
      "type": "WEB",
      "url": "https://exchange.xforce.ibmcloud.com/vulnerabilities/79965"
    },
    {
      "type": "WEB",
      "url": "http://typo3.org/teams/security/security-bulletins/typo3-core/typo3-core-sa-2012-005"
    },
    {
      "type": "WEB",
      "url": "http://www.openwall.com/lists/oss-security/2013/06/19/4"
    }
  ],
  "database_specific": {
    "cwe_ids": [
      "CWE-79"
    ],
    "severity": "LOW",
    "github_reviewed": true,
    "github_reviewed_at": "2024-01-12T17:59:22Z",
    "nvd_published_at": "2013-07-01T21:55:00Z"
  }
}