{
  "schema_version": "1.4.0",
  "id": "GHSA-g3hh-q55f-9g3w",
  "modified": "2023-06-09T22:42:22Z",
  "published": "2023-06-08T15:30:20Z",
  "aliases": [
    "CVE-2023-3163"
  ],
  "summary": "RuoYi Uncontrolled Resource Consumption vulnerability",
  "details": "A vulnerability was found in y_project RuoYi up to 4.7.7. It has been classified as problematic. Affected is the function filterKeyword. The manipulation of the argument value leads to resource consumption. VDB-231090 is the identifier assigned to this vulnerability.",
  "severity": [
    {
      "type": "CVSS_V3",
      "score": "CVSS:3.0/AV:A/AC:L/PR:L/UI:N/S:U/C:N/I:N/A:L"
    }
  ],
  "affected": [
    {
      "package": {
        "ecosystem": "Maven",
        "name": "com.ruoyi:ruoyi"
      },
      "ranges": [
        {
          "type": "ECOSYSTEM",
          "events": [
            {
              "introduced": "0"
            },
            {
              "last_affected": "4.7.7"
            }
          ]
        }
      ]
    }
  ],
  "references": [
    {
      "type": "ADVISORY",
      "url": "https://nvd.nist.gov/vuln/detail/CVE-2023-3163"
    },
    {
      "type": "PACKAGE",
      "url": "https://gitee.com/y_project/RuoYi"
    },
    {
      "type": "WEB",
      "url": "https://gitee.com/y_project/RuoYi/issues/I78DOR"
    },
    {
      "type": "WEB",
      "url": "https://vuldb.com/?ctiid.231090"
    },
    {
      "type": "WEB",
      "url": "https://vuldb.com/?id.231090"
    }
  ],
  "database_specific": {
    "cwe_ids": [
      "CWE-400",
      "CWE-89"
    ],
    "severity": "LOW",
    "github_reviewed": true,
    "github_reviewed_at": "2023-06-09T22:42:22Z",
    "nvd_published_at": "2023-06-08T14:15:15Z"
  }
}