{
  "schema_version": "1.4.0",
  "id": "GHSA-g5x8-v2ch-gj2g",
  "modified": "2025-01-09T23:13:14Z",
  "published": "2025-01-09T21:31:32Z",
  "aliases": [
    "CVE-2024-55224"
  ],
  "summary": "Vaultwarden HTML injection vulnerability",
  "details": "An HTML injection vulnerability in Vaultwarden prior to v1.32.5 allows attackers to execute arbitrary code via injecting a crafted payload into the username field of an e-mail message.",
  "severity": [
    {
      "type": "CVSS_V4",
      "score": "CVSS:4.0/AV:N/AC:L/AT:N/PR:N/UI:P/VC:N/VI:N/VA:N/SC:L/SI:L/SA:N/E:U"
    }
  ],
  "affected": [
    {
      "package": {
        "ecosystem": "crates.io",
        "name": "vaultwarden"
      },
      "ranges": [
        {
          "type": "ECOSYSTEM",
          "events": [
            {
              "introduced": "0"
            },
            {
              "fixed": "1.32.5"
            }
          ]
        }
      ]
    }
  ],
  "references": [
    {
      "type": "ADVISORY",
      "url": "https://nvd.nist.gov/vuln/detail/CVE-2024-55224"
    },
    {
      "type": "PACKAGE",
      "url": "https://github.com/dani-garcia/vaultwarden"
    },
    {
      "type": "WEB",
      "url": "https://github.com/dani-garcia/vaultwarden/releases/tag/1.32.4"
    },
    {
      "type": "WEB",
      "url": "https://github.com/dani-garcia/vaultwarden/releases/tag/1.32.5"
    },
    {
      "type": "WEB",
      "url": "https://insinuator.net/2024/11/vulnerability-disclosure-authentication-bypass-in-vaultwarden-versions-1-32-5"
    }
  ],
  "database_specific": {
    "cwe_ids": [
      "CWE-79"
    ],
    "severity": "LOW",
    "github_reviewed": true,
    "github_reviewed_at": "2025-01-09T23:13:14Z",
    "nvd_published_at": "2025-01-09T21:15:29Z"
  }
}