{
  "schema_version": "1.4.0",
  "id": "GHSA-gj3p-j74v-3x57",
  "modified": "2024-10-08T18:56:10Z",
  "published": "2024-09-27T15:30:35Z",
  "aliases": [
    "CVE-2024-9283"
  ],
  "summary": "ReLaXed Cross-site Scripting vulnerability",
  "details": "A vulnerability classified as problematic has been found in RelaxedJS ReLaXed up to 0.2.2. Affected is an unknown function of the component Pug to PDF Converter. The manipulation leads to cross site scripting. An attack has to be approached locally. The exploit has been disclosed to the public and may be used.",
  "severity": [
    {
      "type": "CVSS_V3",
      "score": "CVSS:3.1/AV:L/AC:L/PR:L/UI:N/S:U/C:N/I:L/A:N"
    },
    {
      "type": "CVSS_V4",
      "score": "CVSS:4.0/AV:L/AC:L/AT:N/PR:L/UI:N/VC:N/VI:L/VA:N/SC:N/SI:N/SA:N/E:P"
    }
  ],
  "affected": [
    {
      "package": {
        "ecosystem": "npm",
        "name": "relaxedjs"
      },
      "ranges": [
        {
          "type": "ECOSYSTEM",
          "events": [
            {
              "introduced": "0"
            },
            {
              "last_affected": "0.2.5"
            }
          ]
        }
      ]
    }
  ],
  "references": [
    {
      "type": "ADVISORY",
      "url": "https://nvd.nist.gov/vuln/detail/CVE-2024-9283"
    },
    {
      "type": "WEB",
      "url": "https://drive.google.com/file/d/1Ll1dRwQds8987S-l5o2iJu4MQRG-p4-A/view?usp=sharing"
    },
    {
      "type": "PACKAGE",
      "url": "https://github.com/RelaxedJS/ReLaXed"
    },
    {
      "type": "WEB",
      "url": "https://vuldb.com/?ctiid.278676"
    },
    {
      "type": "WEB",
      "url": "https://vuldb.com/?id.278676"
    },
    {
      "type": "WEB",
      "url": "https://vuldb.com/?submit.411185"
    }
  ],
  "database_specific": {
    "cwe_ids": [
      "CWE-79"
    ],
    "severity": "LOW",
    "github_reviewed": true,
    "github_reviewed_at": "2024-10-08T18:56:10Z",
    "nvd_published_at": "2024-09-27T14:15:05Z"
  }
}