{
  "schema_version": "1.4.0",
  "id": "GHSA-qfh9-8p57-mjjj",
  "modified": "2023-06-12T18:55:56Z",
  "published": "2023-06-12T15:30:28Z",
  "aliases": [
    "CVE-2023-33290"
  ],
  "summary": "git-url-parse crate vulnerable to Regular Expression Denial of Service",
  "details": "The git-url-parse crate through 0.4.4 for Rust allows Regular Expression Denial of Service (ReDos) via a crafted URL to `normalize_url` in `lib.rs`, a similar issue to CVE-2023-32758 (Python).",
  "severity": [],
  "affected": [
    {
      "package": {
        "ecosystem": "crates.io",
        "name": "git-url-parse"
      },
      "ranges": [
        {
          "type": "ECOSYSTEM",
          "events": [
            {
              "introduced": "0"
            },
            {
              "last_affected": "0.4.4"
            }
          ]
        }
      ]
    }
  ],
  "references": [
    {
      "type": "ADVISORY",
      "url": "https://nvd.nist.gov/vuln/detail/CVE-2023-33290"
    },
    {
      "type": "WEB",
      "url": "https://github.com/tjtelan/git-url-parse-rs/issues/51"
    },
    {
      "type": "PACKAGE",
      "url": "https://github.com/tjtelan/git-url-parse-rs"
    },
    {
      "type": "WEB",
      "url": "https://github.com/tjtelan/git-url-parse-rs/blob/main/src/lib.rs#L396"
    }
  ],
  "database_specific": {
    "cwe_ids": [
      "CWE-1333"
    ],
    "severity": "LOW",
    "github_reviewed": true,
    "github_reviewed_at": "2023-06-12T18:55:56Z",
    "nvd_published_at": "2023-06-12T13:15:10Z"
  }
}