{
  "schema_version": "1.4.0",
  "id": "GHSA-4rcq-jv2f-898j",
  "modified": "2024-10-16T21:01:54Z",
  "published": "2020-05-08T19:05:05Z",
  "aliases": [
    "CVE-2020-11054"
  ],
  "summary": "Incorrect Provision of Specified Functionality in qutebrowser",
  "details": "# Description\n\nAfter a certificate error was overridden by the user, qutebrowser displays the URL as yellow (`colors.statusbar.url.warn.fg`). However, when the affected website was subsequently loaded again, the URL was mistakenly displayed as green (`colors.statusbar.url.success_https`). While the user already has seen a certificate error prompt at this point (or set `content.ssl_strict` to `false` which is not recommended), this could still provide a false sense of security.\n\n# Affected versions and patches\n\nAll versions of qutebrowser are believed to be affected, though versions before v0.11.x couldn't be tested.\n\nThe issue is fixed in qutebrowser v1.11.1 (pending release) and v1.12.0 (unreleased). Backported patches for older versions are available, but no further releases are planned.\n\n# Mitigation\n\nIf you are unable to upgrade:\n\n- Treat any host with a certificate exception as insecure, ignoring the URL color\n- Or set `content.ssl_strict` to `True` (instead of `'ask'`), preventing certificate exceptions\n\n# References\n\n- qutebrowser issue: https://github.com/qutebrowser/qutebrowser/issues/5403\n- Fix (master branch): https://github.com/qutebrowser/qutebrowser/commit/021ab572a319ca3db5907a33a59774f502b3b975\n- Related issue for KDE Falkon: https://bugs.kde.org/show_bug.cgi?id=420902\n- Related issue for eric6 Web Browser: https://tracker.die-offenbachs.homelinux.org/eric/issue328 (fixed in eric6 20.6)",
  "severity": [
    {
      "type": "CVSS_V3",
      "score": "CVSS:3.1/AV:N/AC:L/PR:L/UI:R/S:U/C:L/I:N/A:N"
    }
  ],
  "affected": [
    {
      "package": {
        "ecosystem": "PyPI",
        "name": "qutebrowser"
      },
      "ranges": [
        {
          "type": "ECOSYSTEM",
          "events": [
            {
              "introduced": "0"
            },
            {
              "fixed": "1.11.1"
            }
          ]
        }
      ]
    }
  ],
  "references": [
    {
      "type": "WEB",
      "url": "https://github.com/qutebrowser/qutebrowser/security/advisories/GHSA-4rcq-jv2f-898j"
    },
    {
      "type": "ADVISORY",
      "url": "https://nvd.nist.gov/vuln/detail/CVE-2020-11054"
    },
    {
      "type": "WEB",
      "url": "https://github.com/qutebrowser/qutebrowser/issues/5403"
    },
    {
      "type": "WEB",
      "url": "https://github.com/qutebrowser/qutebrowser/commit/021ab572a319ca3db5907a33a59774f502b3b975"
    },
    {
      "type": "WEB",
      "url": "https://github.com/qutebrowser/qutebrowser/commit/19f01bb42d02da539446a52a25bb0c1232b86327"
    },
    {
      "type": "WEB",
      "url": "https://github.com/qutebrowser/qutebrowser/commit/1b7946ed14b386a24db050f2d6dba81ba6518755"
    },
    {
      "type": "WEB",
      "url": "https://github.com/qutebrowser/qutebrowser/commit/2281a205c3e70ec20f35ec8fafecee0d5c4f3478"
    },
    {
      "type": "WEB",
      "url": "https://github.com/qutebrowser/qutebrowser/commit/4020210b193f77cf1785b21717f6ef7c5de5f0f8"
    },
    {
      "type": "WEB",
      "url": "https://github.com/qutebrowser/qutebrowser/commit/6821c236f9ae23adf21d46ce0d56768ac8d0c467"
    },
    {
      "type": "WEB",
      "url": "https://github.com/qutebrowser/qutebrowser/commit/9bd1cf585fccdfe8318fff7af793730e74a04db3"
    },
    {
      "type": "WEB",
      "url": "https://github.com/qutebrowser/qutebrowser/commit/a45ca9c788f648d10cccce2af41405bf25ee2948"
    },
    {
      "type": "WEB",
      "url": "https://github.com/qutebrowser/qutebrowser/commit/d28ed758d077a5bf19ddac4da468f7224114df23"
    },
    {
      "type": "WEB",
      "url": "https://github.com/qutebrowser/qutebrowser/commit/f5d801251aa5436aff44660c87d7013e29ac5864"
    },
    {
      "type": "WEB",
      "url": "https://tracker.die-offenbachs.homelinux.org/eric/issue328"
    },
    {
      "type": "WEB",
      "url": "https://lists.fedoraproject.org/archives/list/package-announce@lists.fedoraproject.org/message/MKAZOOTJ2MBHTYVYQQ52NL53F5CB2XAP"
    },
    {
      "type": "WEB",
      "url": "https://lists.fedoraproject.org/archives/list/package-announce@lists.fedoraproject.org/message/7YWJ5QNHXKTGG5NLV7EGEOKPBVZBA5GS"
    },
    {
      "type": "PACKAGE",
      "url": "https://github.com/qutebrowser/qutebrowser"
    },
    {
      "type": "WEB",
      "url": "https://github.com/pypa/advisory-database/tree/main/vulns/qutebrowser/PYSEC-2020-97.yaml"
    }
  ],
  "database_specific": {
    "cwe_ids": [
      "CWE-684"
    ],
    "severity": "LOW",
    "github_reviewed": true,
    "github_reviewed_at": "2020-05-08T19:04:30Z",
    "nvd_published_at": "2020-05-07T21:15:00Z"
  }
}