{
  "schema_version": "1.4.0",
  "id": "GHSA-978j-88f3-p5j3",
  "modified": "2022-06-17T00:18:43Z",
  "published": "2022-06-17T00:18:43Z",
  "aliases": [],
  "summary": "Threshold value is ignored (all shares are n=3)",
  "details": "Affected versions of this crate did not properly calculate secret shares requirements.\n\nThis reduces the security of the algorithm by restricting the crate to always\nusing a threshold value of three, rather than a configurable limit.\n\nThe flaw was corrected by correctly configuring the threshold.\n",
  "severity": [],
  "affected": [
    {
      "package": {
        "ecosystem": "crates.io",
        "name": "shamir"
      },
      "ranges": [
        {
          "type": "ECOSYSTEM",
          "events": [
            {
              "introduced": "0"
            },
            {
              "fixed": "2.0.0"
            }
          ]
        }
      ]
    }
  ],
  "references": [
    {
      "type": "WEB",
      "url": "https://github.com/Nebulosus/shamir/issues/3"
    },
    {
      "type": "PACKAGE",
      "url": "https://github.com/Nebulosus/shamir"
    },
    {
      "type": "WEB",
      "url": "https://rustsec.org/advisories/RUSTSEC-2020-0160.html"
    }
  ],
  "database_specific": {
    "cwe_ids": [],
    "severity": "LOW",
    "github_reviewed": true,
    "github_reviewed_at": "2022-06-17T00:18:43Z",
    "nvd_published_at": null
  }
}