{
  "schema_version": "1.4.0",
  "id": "GHSA-9r6p-hg4g-5gxp",
  "modified": "2023-12-08T15:11:14Z",
  "published": "2023-12-08T00:30:31Z",
  "aliases": [
    "CVE-2023-6599"
  ],
  "summary": "Microweber missing standardized error handling mechanism",
  "details": "Missing Standardized Error Handling Mechanism in GitHub repository microweber/microweber prior to 2.0.0.",
  "severity": [
    {
      "type": "CVSS_V3",
      "score": "CVSS:3.0/AV:N/AC:H/PR:L/UI:N/S:U/C:L/I:N/A:N"
    }
  ],
  "affected": [
    {
      "package": {
        "ecosystem": "Packagist",
        "name": "microweber/microweber"
      },
      "ranges": [
        {
          "type": "ECOSYSTEM",
          "events": [
            {
              "introduced": "0"
            },
            {
              "fixed": "2.0.0"
            }
          ]
        }
      ]
    }
  ],
  "references": [
    {
      "type": "ADVISORY",
      "url": "https://nvd.nist.gov/vuln/detail/CVE-2023-6599"
    },
    {
      "type": "WEB",
      "url": "https://github.com/microweber/microweber/commit/f7eb9e1c6e801346f07f3b0164a01ac5f2ca5cfd"
    },
    {
      "type": "PACKAGE",
      "url": "https://github.com/microweber/microweber"
    },
    {
      "type": "WEB",
      "url": "https://huntr.com/bounties/6198785c-bf60-422e-9b80-68a6e658a10e"
    }
  ],
  "database_specific": {
    "cwe_ids": [
      "CWE-544",
      "CWE-755"
    ],
    "severity": "LOW",
    "github_reviewed": true,
    "github_reviewed_at": "2023-12-08T15:11:14Z",
    "nvd_published_at": "2023-12-08T00:15:08Z"
  }
}