{
  "schema_version": "1.4.0",
  "id": "GHSA-4x7c-cx64-49w8",
  "modified": "2020-08-19T22:06:03Z",
  "published": "2020-08-19T22:06:03Z",
  "withdrawn": "2020-08-19T22:06:03Z",
  "aliases": [],
  "summary": "Regular Expression Denial of Service in is-my-json-valid",
  "details": "Withdrawn: Duplicate of GHSA-f522-ffg8-j8r6",
  "severity": [],
  "affected": [
    {
      "package": {
        "ecosystem": "npm",
        "name": "is-my-json-valid"
      },
      "ranges": [
        {
          "type": "ECOSYSTEM",
          "events": [
            {
              "introduced": "2.0.0"
            },
            {
              "fixed": "2.17.2"
            }
          ]
        }
      ]
    },
    {
      "package": {
        "ecosystem": "npm",
        "name": "is-my-json-valid"
      },
      "ranges": [
        {
          "type": "ECOSYSTEM",
          "events": [
            {
              "introduced": "0"
            },
            {
              "fixed": "1.4.1"
            }
          ]
        }
      ]
    }
  ],
  "references": [
    {
      "type": "WEB",
      "url": "https://github.com/mafintosh/is-my-json-valid/pull/159"
    },
    {
      "type": "WEB",
      "url": "https://github.com/mafintosh/is-my-json-valid/commit/b3051b277f7caa08cd2edc6f74f50aeda65d2976"
    }
  ],
  "database_specific": {
    "cwe_ids": [],
    "severity": "LOW",
    "github_reviewed": true,
    "github_reviewed_at": "2019-06-12T16:28:24Z",
    "nvd_published_at": null
  }
}