{
  "schema_version": "1.4.0",
  "id": "GHSA-vmxg-wx6c-4f3r",
  "modified": "2023-06-28T16:28:27Z",
  "published": "2023-06-23T15:30:43Z",
  "aliases": [
    "CVE-2023-3303"
  ],
  "summary": "Admidio Improper Access Control vulnerability",
  "details": "Admidio prior to 4.2.9 is vulnerable to Improper Access Control.",
  "severity": [
    {
      "type": "CVSS_V3",
      "score": "CVSS:3.1/AV:N/AC:L/PR:L/UI:R/S:U/C:L/I:N/A:N"
    }
  ],
  "affected": [
    {
      "package": {
        "ecosystem": "Packagist",
        "name": "admidio/admidio"
      },
      "ranges": [
        {
          "type": "ECOSYSTEM",
          "events": [
            {
              "introduced": "0"
            },
            {
              "fixed": "4.2.9"
            }
          ]
        }
      ]
    }
  ],
  "references": [
    {
      "type": "ADVISORY",
      "url": "https://nvd.nist.gov/vuln/detail/CVE-2023-3303"
    },
    {
      "type": "WEB",
      "url": "https://github.com/admidio/admidio/commit/3d8bafaa4e9b7a314ffdf548622a8c7b38faee8a"
    },
    {
      "type": "PACKAGE",
      "url": "https://github.com/admidio/admidio"
    },
    {
      "type": "WEB",
      "url": "https://huntr.dev/bounties/65d260cc-55a9-4e71-888d-cb2f66c071af"
    }
  ],
  "database_specific": {
    "cwe_ids": [
      "CWE-284"
    ],
    "severity": "LOW",
    "github_reviewed": true,
    "github_reviewed_at": "2023-06-23T17:00:55Z",
    "nvd_published_at": "2023-06-23T13:15:10Z"
  }
}