{
  "schema_version": "1.4.0",
  "id": "GHSA-q594-2475-8v9f",
  "modified": "2021-02-24T19:33:17Z",
  "published": "2021-02-24T19:33:17Z",
  "withdrawn": "2021-02-24T19:33:17Z",
  "aliases": [],
  "summary": "Unencrypted passwords",
  "details": "A vulnerability found in Apache NIFI before v0.4.0-RC2. Passwords of InvokeHTTP weren?t encrypted.",
  "severity": [],
  "affected": [
    {
      "package": {
        "ecosystem": "Maven",
        "name": "org.apache.nifi:nifi-standard-processors"
      },
      "ranges": [
        {
          "type": "ECOSYSTEM",
          "events": [
            {
              "introduced": "0"
            },
            {
              "fixed": "0.4.0"
            }
          ]
        }
      ]
    }
  ],
  "references": [
    {
      "type": "WEB",
      "url": "https://github.com/apache/nifi/commit/b4bfcc1f21fed3209bf4a8f187616cdbb3d1a5c9"
    }
  ],
  "database_specific": {
    "cwe_ids": [],
    "severity": "LOW",
    "github_reviewed": true,
    "github_reviewed_at": "2019-10-25T17:13:12Z",
    "nvd_published_at": null
  }
}