{
  "schema_version": "1.4.0",
  "id": "GHSA-wjpv-frf2-3r58",
  "modified": "2024-04-25T20:40:58Z",
  "published": "2022-09-28T00:00:16Z",
  "aliases": [
    "CVE-2022-40199"
  ],
  "summary": "EC-CUBE Directory traversal vulnerability",
  "details": "Directory traversal vulnerability in EC-CUBE 3 series (EC-CUBE 3.0.0 to 3.0.18-p4 ) and EC-CUBE 4 series (EC-CUBE 4.0.0 to 4.1.2) allows a remote authenticated attacker with an administrative privilege to obtain the product's directory structure information.",
  "severity": [
    {
      "type": "CVSS_V3",
      "score": "CVSS:3.1/AV:N/AC:L/PR:H/UI:N/S:U/C:L/I:N/A:N"
    }
  ],
  "affected": [
    {
      "package": {
        "ecosystem": "Packagist",
        "name": "ec-cube/ec-cube"
      },
      "ranges": [
        {
          "type": "ECOSYSTEM",
          "events": [
            {
              "introduced": "3.0.0"
            },
            {
              "last_affected": "3.0.18-p4"
            }
          ]
        }
      ]
    },
    {
      "package": {
        "ecosystem": "Packagist",
        "name": "ec-cube/ec-cube"
      },
      "ranges": [
        {
          "type": "ECOSYSTEM",
          "events": [
            {
              "introduced": "4.0.0"
            },
            {
              "last_affected": "4.1.2"
            }
          ]
        }
      ]
    }
  ],
  "references": [
    {
      "type": "ADVISORY",
      "url": "https://nvd.nist.gov/vuln/detail/CVE-2022-40199"
    },
    {
      "type": "PACKAGE",
      "url": "https://github.com/EC-CUBE/ec-cube"
    },
    {
      "type": "WEB",
      "url": "https://jvn.jp/en/jp/JVN21213852/index.html"
    },
    {
      "type": "WEB",
      "url": "https://www.ec-cube.net/info/weakness/20220909"
    }
  ],
  "database_specific": {
    "cwe_ids": [
      "CWE-22"
    ],
    "severity": "LOW",
    "github_reviewed": true,
    "github_reviewed_at": "2024-04-25T20:40:58Z",
    "nvd_published_at": "2022-09-27T23:15:00Z"
  }
}