{
  "schema_version": "1.4.0",
  "id": "GHSA-mwm4-5qwr-g9pf",
  "modified": "2022-04-28T21:00:31Z",
  "published": "2022-04-28T21:00:31Z",
  "aliases": [],
  "summary": "Keycloak is vulnerable to IDN homograph attack",
  "details": "A flaw was found in keycloak, where IDN homograph attacks are possible. This flaw allows a malicious user to register a name that already exists and then tricking an admin to grant extra privileges. The highest threat from this vulnerability is to integrity.",
  "severity": [],
  "affected": [
    {
      "package": {
        "ecosystem": "Maven",
        "name": "org.keycloak:keycloak-services"
      },
      "ranges": [
        {
          "type": "ECOSYSTEM",
          "events": [
            {
              "introduced": "0"
            },
            {
              "fixed": "18.0.0"
            }
          ]
        }
      ]
    }
  ],
  "references": [
    {
      "type": "WEB",
      "url": "https://github.com/keycloak/keycloak/security/advisories/GHSA-mwm4-5qwr-g9pf"
    },
    {
      "type": "WEB",
      "url": "https://github.com/keycloak/keycloak/commit/ac79fd0c23c6947a04073afc61e30d341498438e"
    },
    {
      "type": "PACKAGE",
      "url": "https://github.com/keycloak/keycloak"
    }
  ],
  "database_specific": {
    "cwe_ids": [
      "CWE-284"
    ],
    "severity": "LOW",
    "github_reviewed": true,
    "github_reviewed_at": "2022-04-28T21:00:31Z",
    "nvd_published_at": null
  }
}