{
  "schema_version": "1.4.0",
  "id": "GHSA-c5gj-w4hx-gvmx",
  "modified": "2022-02-25T19:18:15Z",
  "published": "2022-02-21T00:00:21Z",
  "aliases": [
    "CVE-2022-0688"
  ],
  "summary": "Business Logic Errors in microweber",
  "details": "Microweber prior to 1.2.11 can suffer from insecure direct object reference(s). A malicious actor can remove items from a victim's cart.",
  "severity": [
    {
      "type": "CVSS_V3",
      "score": "CVSS:3.1/AV:N/AC:L/PR:H/UI:N/S:U/C:N/I:L/A:N"
    }
  ],
  "affected": [
    {
      "package": {
        "ecosystem": "Packagist",
        "name": "microweber/microweber"
      },
      "ranges": [
        {
          "type": "ECOSYSTEM",
          "events": [
            {
              "introduced": "0"
            },
            {
              "fixed": "1.2.11"
            }
          ]
        }
      ]
    }
  ],
  "references": [
    {
      "type": "ADVISORY",
      "url": "https://nvd.nist.gov/vuln/detail/CVE-2022-0688"
    },
    {
      "type": "WEB",
      "url": "https://github.com/microweber/microweber/commit/a41f0fddaf08ff12b2b82506b1ca9490c93ab605"
    },
    {
      "type": "PACKAGE",
      "url": "https://github.com/microweber/microweber"
    },
    {
      "type": "WEB",
      "url": "https://huntr.dev/bounties/051ec6d4-0b0a-41bf-9ded-27813037c9c9"
    }
  ],
  "database_specific": {
    "cwe_ids": [],
    "severity": "LOW",
    "github_reviewed": true,
    "github_reviewed_at": "2022-02-25T19:17:23Z",
    "nvd_published_at": "2022-02-20T15:15:00Z"
  }
}