{
  "schema_version": "1.4.0",
  "id": "GHSA-4q47-ph87-fq4f",
  "modified": "2022-12-22T13:54:52Z",
  "published": "2022-05-24T17:12:40Z",
  "aliases": [
    "CVE-2020-2164"
  ],
  "summary": "Passwords stored in plain text by Jenkins Artifactory Plugin",
  "details": "Artifactory Plugin 3.5.0 and earlier stores its Artifactory server password in plain text in the global configuration file `org.jfrog.hudson.ArtifactoryBuilder.xml`. This password can be viewed by users with access to the Jenkins controller file system.\n\nArtifactory Plugin 3.6.0 now stores the Artifactory server password encrypted. This change is effective once the global configuration is saved the next time.",
  "severity": [
    {
      "type": "CVSS_V3",
      "score": "CVSS:3.1/AV:L/AC:L/PR:L/UI:N/S:U/C:L/I:N/A:N"
    }
  ],
  "affected": [
    {
      "package": {
        "ecosystem": "Maven",
        "name": "org.jenkins-ci.plugins:artifactory"
      },
      "ranges": [
        {
          "type": "ECOSYSTEM",
          "events": [
            {
              "introduced": "0"
            },
            {
              "fixed": "3.6.0"
            }
          ]
        }
      ]
    }
  ],
  "references": [
    {
      "type": "ADVISORY",
      "url": "https://nvd.nist.gov/vuln/detail/CVE-2020-2164"
    },
    {
      "type": "PACKAGE",
      "url": "https://github.com/jenkinsci/artifactory-plugin"
    },
    {
      "type": "WEB",
      "url": "https://jenkins.io/security/advisory/2020-03-25/#SECURITY-1542%20(1)"
    },
    {
      "type": "WEB",
      "url": "http://www.openwall.com/lists/oss-security/2020/03/25/2"
    }
  ],
  "database_specific": {
    "cwe_ids": [
      "CWE-312",
      "CWE-522"
    ],
    "severity": "LOW",
    "github_reviewed": true,
    "github_reviewed_at": "2022-12-22T13:54:52Z",
    "nvd_published_at": "2020-03-25T17:15:00Z"
  }
}