{
  "schema_version": "1.4.0",
  "id": "GHSA-h6jq-w432-j26w",
  "modified": "2024-08-19T16:01:12Z",
  "published": "2024-08-16T21:32:36Z",
  "aliases": [
    "CVE-2024-42850"
  ],
  "summary": "Silverpeas vulnerable to password complexity rule bypass",
  "details": "An issue in the password change function of Silverpeas v6.4.2 and lower allows for the bypassing of password complexity requirements.",
  "severity": [
    {
      "type": "CVSS_V3",
      "score": "CVSS:3.1/AV:N/AC:L/PR:L/UI:N/S:U/C:N/I:L/A:N"
    },
    {
      "type": "CVSS_V4",
      "score": "CVSS:4.0/AV:N/AC:L/AT:N/PR:L/UI:N/VC:N/VI:L/VA:N/SC:N/SI:N/SA:N/E:U"
    }
  ],
  "affected": [
    {
      "package": {
        "ecosystem": "Maven",
        "name": "org.silverpeas.core:silverpeas-core"
      },
      "ranges": [
        {
          "type": "ECOSYSTEM",
          "events": [
            {
              "introduced": "0"
            },
            {
              "last_affected": "6.4.2"
            }
          ]
        }
      ]
    }
  ],
  "references": [
    {
      "type": "ADVISORY",
      "url": "https://nvd.nist.gov/vuln/detail/CVE-2024-42850"
    },
    {
      "type": "PACKAGE",
      "url": "https://github.com/Silverpeas/Silverpeas-Core"
    },
    {
      "type": "WEB",
      "url": "https://github.com/njmbb8/CVE-2024-42850"
    },
    {
      "type": "WEB",
      "url": "http://silverpeas.com"
    }
  ],
  "database_specific": {
    "cwe_ids": [
      "CWE-521"
    ],
    "severity": "LOW",
    "github_reviewed": true,
    "github_reviewed_at": "2024-08-19T16:01:12Z",
    "nvd_published_at": "2024-08-16T19:15:10Z"
  }
}