{
  "schema_version": "1.4.0",
  "id": "GHSA-9xxv-q6pp-96wq",
  "modified": "2024-12-16T21:31:54Z",
  "published": "2024-02-29T03:33:14Z",
  "aliases": [
    "CVE-2023-49337"
  ],
  "summary": "Concrete CMS Stored XSS",
  "details": "Concrete CMS before 9.2.3 allows Stored XSS on the Admin Dashboard via /dashboard/system/basics/name. (8.5 and earlier are unaffected.)",
  "severity": [
    {
      "type": "CVSS_V3",
      "score": "CVSS:3.1/AV:N/AC:L/PR:H/UI:R/S:U/C:N/I:L/A:N"
    }
  ],
  "affected": [
    {
      "package": {
        "ecosystem": "Packagist",
        "name": "concrete5/concrete5"
      },
      "ranges": [
        {
          "type": "ECOSYSTEM",
          "events": [
            {
              "introduced": "9.0.0"
            },
            {
              "fixed": "9.2.3"
            }
          ]
        }
      ]
    }
  ],
  "references": [
    {
      "type": "ADVISORY",
      "url": "https://nvd.nist.gov/vuln/detail/CVE-2023-49337"
    },
    {
      "type": "WEB",
      "url": "https://github.com/concretecms/concretecms/commit/07b433799b888c4eb854e052ca58b032ebc6d36f"
    },
    {
      "type": "WEB",
      "url": "https://hackerone.com/reports/2232594"
    },
    {
      "type": "WEB",
      "url": "https://documentation.concretecms.org/developers/introduction/version-history/923-release-notes"
    },
    {
      "type": "PACKAGE",
      "url": "https://github.com/concretecms/concretecms"
    },
    {
      "type": "WEB",
      "url": "https://www.concretecms.org/about/project-news/security/2023-12-05-concrete-cms-new-cves-and-cve-updates"
    }
  ],
  "database_specific": {
    "cwe_ids": [
      "CWE-79"
    ],
    "severity": "LOW",
    "github_reviewed": true,
    "github_reviewed_at": "2024-02-29T20:10:31Z",
    "nvd_published_at": "2024-02-29T01:41:37Z"
  }
}