{
  "schema_version": "1.4.0",
  "id": "GHSA-r3rr-wph6-9638",
  "modified": "2022-11-29T21:26:23Z",
  "published": "2022-01-13T00:00:53Z",
  "aliases": [
    "CVE-2022-23114"
  ],
  "summary": "Password stored in plain text by Jenkins Publish Over SSH Plugin",
  "details": "Jenkins Publish Over SSH Plugin 1.22 and earlier stores password unencrypted in its global configuration file on the Jenkins controller where it can be viewed by users with access to the Jenkins controller file system.",
  "severity": [
    {
      "type": "CVSS_V3",
      "score": "CVSS:3.1/AV:L/AC:L/PR:L/UI:N/S:U/C:L/I:N/A:N"
    }
  ],
  "affected": [
    {
      "package": {
        "ecosystem": "Maven",
        "name": "org.jenkins-ci.plugins:publish-over-ssh"
      },
      "ranges": [
        {
          "type": "ECOSYSTEM",
          "events": [
            {
              "introduced": "0"
            },
            {
              "fixed": "1.23"
            }
          ]
        }
      ]
    }
  ],
  "references": [
    {
      "type": "ADVISORY",
      "url": "https://nvd.nist.gov/vuln/detail/CVE-2022-23114"
    },
    {
      "type": "WEB",
      "url": "https://github.com/jenkinsci/publish-over-ssh-plugin/commit/2b4b9b2dfab5c001669f9a74c0e6078b0a27b928"
    },
    {
      "type": "WEB",
      "url": "https://github.com/jenkinsci/publish-over-ssh-plugin/commit/70b7689bf6fc894f4dc6c0ff34dd72808840760e"
    },
    {
      "type": "PACKAGE",
      "url": "https://github.com/jenkinsci/publish-over-ssh-plugin"
    },
    {
      "type": "WEB",
      "url": "https://github.com/jenkinsci/publish-over-ssh-plugin/releases/tag/publish-over-ssh-1.23"
    },
    {
      "type": "WEB",
      "url": "https://www.jenkins.io/security/advisory/2022-01-12/#SECURITY-2291"
    },
    {
      "type": "WEB",
      "url": "http://www.openwall.com/lists/oss-security/2022/01/12/6"
    }
  ],
  "database_specific": {
    "cwe_ids": [
      "CWE-522"
    ],
    "severity": "LOW",
    "github_reviewed": true,
    "github_reviewed_at": "2022-11-29T21:26:23Z",
    "nvd_published_at": "2022-01-12T20:15:00Z"
  }
}