{
  "schema_version": "1.4.0",
  "id": "GHSA-cvcc-5x92-gmhc",
  "modified": "2024-10-22T14:56:28Z",
  "published": "2022-03-30T00:00:20Z",
  "aliases": [
    "CVE-2022-22935"
  ],
  "summary": "SaltStack Salt Improper Authentication via Man in the Middle Attack",
  "details": "An issue was discovered in SaltStack Salt in versions before 3002.8, 3003.4, 3004.1. A minion authentication denial of service can cause a MiTM attacker to force a minion process to stop by impersonating a master.",
  "severity": [
    {
      "type": "CVSS_V3",
      "score": "CVSS:3.1/AV:N/AC:H/PR:N/UI:N/S:U/C:N/I:N/A:L"
    }
  ],
  "affected": [
    {
      "package": {
        "ecosystem": "PyPI",
        "name": "salt"
      },
      "ranges": [
        {
          "type": "ECOSYSTEM",
          "events": [
            {
              "introduced": "0"
            },
            {
              "fixed": "3002.8"
            }
          ]
        }
      ]
    },
    {
      "package": {
        "ecosystem": "PyPI",
        "name": "salt"
      },
      "ranges": [
        {
          "type": "ECOSYSTEM",
          "events": [
            {
              "introduced": "3003"
            },
            {
              "fixed": "3003.4"
            }
          ]
        }
      ]
    },
    {
      "package": {
        "ecosystem": "PyPI",
        "name": "salt"
      },
      "ranges": [
        {
          "type": "ECOSYSTEM",
          "events": [
            {
              "introduced": "3004"
            },
            {
              "fixed": "3004.1"
            }
          ]
        }
      ]
    }
  ],
  "references": [
    {
      "type": "ADVISORY",
      "url": "https://nvd.nist.gov/vuln/detail/CVE-2022-22935"
    },
    {
      "type": "WEB",
      "url": "https://github.com/pypa/advisory-database/tree/main/vulns/salt/PYSEC-2022-172.yaml"
    },
    {
      "type": "PACKAGE",
      "url": "https://github.com/saltstack/salt"
    },
    {
      "type": "WEB",
      "url": "https://github.com/saltstack/salt/blob/8f9405cf8e6f7d7776d5000841c886dec6d96250/doc/topics/releases/3002.8.rst#L31"
    },
    {
      "type": "WEB",
      "url": "https://github.com/saltstack/salt/blob/8f9405cf8e6f7d7776d5000841c886dec6d96250/doc/topics/releases/3003.4.rst#L31"
    },
    {
      "type": "WEB",
      "url": "https://github.com/saltstack/salt/blob/8f9405cf8e6f7d7776d5000841c886dec6d96250/doc/topics/releases/3004.1.rst#L29"
    },
    {
      "type": "WEB",
      "url": "https://saltproject.io/security_announcements/salt-security-advisory-release"
    },
    {
      "type": "WEB",
      "url": "https://security.gentoo.org/glsa/202310-22"
    }
  ],
  "database_specific": {
    "cwe_ids": [
      "CWE-287"
    ],
    "severity": "LOW",
    "github_reviewed": true,
    "github_reviewed_at": "2024-04-22T21:13:23Z",
    "nvd_published_at": "2022-03-29T17:15:00Z"
  }
}