{
  "schema_version": "1.4.0",
  "id": "GHSA-p2wg-8h29-874v",
  "modified": "2025-04-02T17:15:52Z",
  "published": "2025-04-01T00:30:35Z",
  "aliases": [
    "CVE-2025-31695"
  ],
  "summary": "Drupal Link field display mode formatter Cross-Site Scripting (XSS) vulnerability",
  "details": "Improper Neutralization of Input During Web Page Generation ('Cross-site Scripting') vulnerability in Drupal Link field display mode formatter allows Cross-Site Scripting (XSS). This issue affects Link field display mode formatter: from 0.0.0 before 1.6.0.",
  "severity": [
    {
      "type": "CVSS_V4",
      "score": "CVSS:4.0/AV:N/AC:L/AT:N/PR:L/UI:P/VC:N/VI:N/VA:N/SC:L/SI:L/SA:N/E:U"
    }
  ],
  "affected": [
    {
      "package": {
        "ecosystem": "Packagist",
        "name": "drupal/link_field_display_mode_formatter"
      },
      "ranges": [
        {
          "type": "ECOSYSTEM",
          "events": [
            {
              "introduced": "0"
            },
            {
              "fixed": "1.6.0"
            }
          ]
        }
      ]
    }
  ],
  "references": [
    {
      "type": "ADVISORY",
      "url": "https://nvd.nist.gov/vuln/detail/CVE-2025-31695"
    },
    {
      "type": "PACKAGE",
      "url": "https://git.drupalcode.org/project/link_field_display_mode_formatter"
    },
    {
      "type": "WEB",
      "url": "https://www.drupal.org/sa-contrib-2025-024"
    }
  ],
  "database_specific": {
    "cwe_ids": [
      "CWE-79"
    ],
    "severity": "LOW",
    "github_reviewed": true,
    "github_reviewed_at": "2025-04-02T17:15:52Z",
    "nvd_published_at": "2025-03-31T22:15:22Z"
  }
}