{
  "schema_version": "1.4.0",
  "id": "GHSA-qh87-2qvh-5jf8",
  "modified": "2022-11-29T21:47:43Z",
  "published": "2022-08-24T00:00:28Z",
  "aliases": [
    "CVE-2022-38665"
  ],
  "summary": "RabbitMQ password stored in plain text by Jenkins CollabNet Plugins Plugin",
  "details": "Jenkins CollabNet Plugins Plugin 2.0.8 and earlier stores a RabbitMQ password unencrypted in its global configuration file on the Jenkins controller where it can be viewed by users with access to the Jenkins controller file system.",
  "severity": [
    {
      "type": "CVSS_V3",
      "score": "CVSS:3.1/AV:L/AC:L/PR:L/UI:N/S:U/C:L/I:N/A:N"
    }
  ],
  "affected": [
    {
      "package": {
        "ecosystem": "Maven",
        "name": "org.jenkins-ci.plugins:collabnet"
      },
      "ranges": [
        {
          "type": "ECOSYSTEM",
          "events": [
            {
              "introduced": "0"
            },
            {
              "fixed": "2.0.9"
            }
          ]
        }
      ]
    }
  ],
  "references": [
    {
      "type": "ADVISORY",
      "url": "https://nvd.nist.gov/vuln/detail/CVE-2022-38665"
    },
    {
      "type": "PACKAGE",
      "url": "https://github.com/jenkinsci/collabnet-plugin"
    },
    {
      "type": "WEB",
      "url": "https://www.jenkins.io/security/advisory/2022-08-23/#SECURITY-2157"
    },
    {
      "type": "WEB",
      "url": "http://www.openwall.com/lists/oss-security/2022/08/23/2"
    }
  ],
  "database_specific": {
    "cwe_ids": [
      "CWE-256",
      "CWE-522"
    ],
    "severity": "LOW",
    "github_reviewed": true,
    "github_reviewed_at": "2022-11-29T21:47:43Z",
    "nvd_published_at": "2022-08-23T17:15:00Z"
  }
}