{
  "schema_version": "1.4.0",
  "id": "GHSA-7j52-6fjp-58gr",
  "modified": "2022-03-14T23:22:27Z",
  "published": "2022-03-14T23:22:27Z",
  "aliases": [],
  "summary": "Inconsistent storage layout for ERC2771ContextUpgradeable",
  "details": "### Impact\n\nThe storage layout of the ERC2771ContextUpgradeable is not constant between versions. \n- versions `4.0.0`, `4.1.0` and `4.2.0`, the contract has a length of 51 slots. \n- since `4.3.0`, the contract has a length of 50 slots\n- future versions will continue using 50 slots. \n\nThis difference in layout could result in breaking upgrades if someone upgrades from an affected version to a non-affected version. It is thus recommended to be extremely careful when upgrading from a contract that uses ERC2771ContextUpgradeable `<4.3.0` to a newer version that uses `>=4.3.0`.\n\nWe've assessed the instances of this contract found on chain (with publicly verified source code) and notified the corresponding teams of the risk that an upgrade could cause.\n\n### Workarounds\n\nPotentially breaking upgrades would be caught by the OpenZeppelin Upgrades Plugins for Hardhat and Truffle. It is recommended to use this tooling for all your upgrades.\n\nIf you need to upgrade to a newer version of the Upgradeable Contracts library, we recommend copying the previous implementation ERC2771ContextUpgradeable (available in the `release-4.2` branch) and packaging it with your code.\n\n### Reference\n\nhttps://github.com/OpenZeppelin/openzeppelin-transpiler/pull/86\n\n### For more information\n\nIf you have any questions, comments, or need assistance regarding this advisory, email us at [security@openzeppelin.com](mailto:security@openzeppelin.com).\n\nTo submit security reports please use [our bug bounty on Immunefi](https://immunefi.com/bounty/openzeppelin/).\n",
  "severity": [],
  "affected": [
    {
      "package": {
        "ecosystem": "npm",
        "name": "@openzeppelin/contracts-upgradeable"
      },
      "ranges": [
        {
          "type": "ECOSYSTEM",
          "events": [
            {
              "introduced": "4.0.0"
            },
            {
              "fixed": "4.3.0"
            }
          ]
        }
      ]
    }
  ],
  "references": [
    {
      "type": "WEB",
      "url": "https://github.com/OpenZeppelin/openzeppelin-contracts-upgradeable/security/advisories/GHSA-7j52-6fjp-58gr"
    },
    {
      "type": "WEB",
      "url": "https://github.com/OpenZeppelin/openzeppelin-transpiler/pull/86"
    },
    {
      "type": "PACKAGE",
      "url": "https://github.com/OpenZeppelin/openzeppelin-contracts-upgradeable"
    }
  ],
  "database_specific": {
    "cwe_ids": [],
    "severity": "LOW",
    "github_reviewed": true,
    "github_reviewed_at": "2022-03-14T23:22:27Z",
    "nvd_published_at": null
  }
}