{
  "schema_version": "1.4.0",
  "id": "GHSA-m4v8-wqvr-p9f7",
  "modified": "2025-02-13T19:02:14Z",
  "published": "2024-04-04T14:20:39Z",
  "aliases": [
    "CVE-2024-30260"
  ],
  "summary": "Undici's Proxy-Authorization header not cleared on cross-origin redirect for dispatch, request, stream, pipeline",
  "details": "### Impact\n\nUndici cleared Authorization and Proxy-Authorization headers for `fetch()`, but did not clear them for `undici.request()`.\n\n### Patches\n\nThis has been patched in https://github.com/nodejs/undici/commit/6805746680d27a5369d7fb67bc05f95a28247d75.\nFixes has been released in v5.28.4 and v6.11.1.\n\n### Workarounds\n\nuse `fetch()` or disable `maxRedirections`.\n\n### References\n\nLinzi Shang reported this.\n\n* https://hackerone.com/reports/2408074\n* https://github.com/nodejs/undici/security/advisories/GHSA-3787-6prv-h9w3",
  "severity": [
    {
      "type": "CVSS_V3",
      "score": "CVSS:3.1/AV:N/AC:H/PR:H/UI:R/S:U/C:L/I:L/A:L"
    }
  ],
  "affected": [
    {
      "package": {
        "ecosystem": "npm",
        "name": "undici"
      },
      "ranges": [
        {
          "type": "ECOSYSTEM",
          "events": [
            {
              "introduced": "0"
            },
            {
              "fixed": "5.28.4"
            }
          ]
        }
      ]
    },
    {
      "package": {
        "ecosystem": "npm",
        "name": "undici"
      },
      "ranges": [
        {
          "type": "ECOSYSTEM",
          "events": [
            {
              "introduced": "6.0.0"
            },
            {
              "fixed": "6.11.1"
            }
          ]
        }
      ]
    }
  ],
  "references": [
    {
      "type": "WEB",
      "url": "https://github.com/nodejs/undici/security/advisories/GHSA-m4v8-wqvr-p9f7"
    },
    {
      "type": "ADVISORY",
      "url": "https://nvd.nist.gov/vuln/detail/CVE-2024-30260"
    },
    {
      "type": "WEB",
      "url": "https://github.com/nodejs/undici/commit/64e3402da4e032e68de46acb52800c9a06aaea3f"
    },
    {
      "type": "WEB",
      "url": "https://github.com/nodejs/undici/commit/6805746680d27a5369d7fb67bc05f95a28247d75"
    },
    {
      "type": "WEB",
      "url": "https://hackerone.com/reports/2408074"
    },
    {
      "type": "PACKAGE",
      "url": "https://github.com/nodejs/undici"
    },
    {
      "type": "WEB",
      "url": "https://lists.fedoraproject.org/archives/list/package-announce@lists.fedoraproject.org/message/HQVHWAS6WDXXIU7F72XI55VZ2LTZUB33"
    },
    {
      "type": "WEB",
      "url": "https://lists.fedoraproject.org/archives/list/package-announce@lists.fedoraproject.org/message/NC3V3HFZ5MOJRZDY5ZELL6REIRSPFROJ"
    },
    {
      "type": "WEB",
      "url": "https://lists.fedoraproject.org/archives/list/package-announce@lists.fedoraproject.org/message/P6Q4RGETHVYVHDIQGTJGU5AV6NJEI67E"
    }
  ],
  "database_specific": {
    "cwe_ids": [
      "CWE-200",
      "CWE-285",
      "CWE-863"
    ],
    "severity": "LOW",
    "github_reviewed": true,
    "github_reviewed_at": "2024-04-04T14:20:39Z",
    "nvd_published_at": "2024-04-04T16:15:08Z"
  }
}