{
  "schema_version": "1.4.0",
  "id": "GHSA-896v-ph5w-379h",
  "modified": "2023-10-03T21:13:36Z",
  "published": "2023-09-28T06:30:20Z",
  "aliases": [
    "CVE-2023-38872"
  ],
  "summary": "Economizzer Insecure Direct Object Reference vulnerability",
  "details": "An Insecure Direct Object Reference (IDOR) vulnerability in gugoan Economizzer commit 3730880 (April 2023) and v.0.9-beta1 allows any unauthenticated attacker to access cash book entry attachments of any other user, if they know the Id of the attachment.",
  "severity": [
    {
      "type": "CVSS_V3",
      "score": "CVSS:3.1/AV:N/AC:H/PR:N/UI:N/S:U/C:L/I:N/A:N"
    }
  ],
  "affected": [
    {
      "package": {
        "ecosystem": "Packagist",
        "name": "gugoan/economizzer"
      },
      "ranges": [
        {
          "type": "ECOSYSTEM",
          "events": [
            {
              "introduced": "0"
            },
            {
              "last_affected": "0.9-beta1"
            }
          ]
        }
      ]
    }
  ],
  "references": [
    {
      "type": "ADVISORY",
      "url": "https://nvd.nist.gov/vuln/detail/CVE-2023-38872"
    },
    {
      "type": "WEB",
      "url": "https://github.com/gugoan/economizzer/commit/37308802dfe00d43df396a8afaa2096ece8b7b57"
    },
    {
      "type": "WEB",
      "url": "https://github.com/dub-flow/vulnerability-research/tree/main/CVE-2023-38872"
    },
    {
      "type": "PACKAGE",
      "url": "https://github.com/gugoan/economizzer"
    },
    {
      "type": "WEB",
      "url": "https://www.economizzer.org"
    }
  ],
  "database_specific": {
    "cwe_ids": [
      "CWE-639"
    ],
    "severity": "LOW",
    "github_reviewed": true,
    "github_reviewed_at": "2023-09-28T16:49:40Z",
    "nvd_published_at": "2023-09-28T04:15:12Z"
  }
}