{
  "schema_version": "1.4.0",
  "id": "GHSA-m86m-5m44-pc93",
  "modified": "2020-08-31T18:47:07Z",
  "published": "2020-09-03T19:05:46Z",
  "aliases": [],
  "summary": "Denial of Service in grpc-ts-health-check",
  "details": "Versions of `grpc-ts-health-check` prior to 2.0.0 are vulnerable to Denial of Service. The package exposes an API endpoint that may allow attackers to set the service's health status to failing. This can lead to Denial of Service as Kubernetes blocks traffic to services with a failing status.\n\n\n## Recommendation\n\nUpgrade to version 2.0.0 or later.",
  "severity": [],
  "affected": [
    {
      "package": {
        "ecosystem": "npm",
        "name": "grpc-ts-health-check"
      },
      "ranges": [
        {
          "type": "ECOSYSTEM",
          "events": [
            {
              "introduced": "0"
            },
            {
              "fixed": "2.0.0"
            }
          ]
        }
      ]
    }
  ],
  "references": [
    {
      "type": "WEB",
      "url": "https://www.npmjs.com/advisories/1097"
    }
  ],
  "database_specific": {
    "cwe_ids": [],
    "severity": "LOW",
    "github_reviewed": true,
    "github_reviewed_at": "2020-08-31T18:47:07Z",
    "nvd_published_at": null
  }
}