{
  "schema_version": "1.4.0",
  "id": "GHSA-7gg8-3r6j-5g55",
  "modified": "2024-01-12T18:12:27Z",
  "published": "2022-05-17T01:43:54Z",
  "aliases": [
    "CVE-2012-3529"
  ],
  "summary": "Typo3 Backend Configuration XSS Vulnerability",
  "details": "The configuration module in the backend in TYPO3 4.5.x before 4.5.19, 4.6.x before 4.6.12 and 4.7.x before 4.7.4 allows remote authenticated backend users to obtain the encryption key via unspecified vectors.",
  "severity": [],
  "affected": [
    {
      "package": {
        "ecosystem": "Packagist",
        "name": "typo3/cms"
      },
      "ranges": [
        {
          "type": "ECOSYSTEM",
          "events": [
            {
              "introduced": "4.5"
            },
            {
              "fixed": "4.5.19"
            }
          ]
        }
      ]
    },
    {
      "package": {
        "ecosystem": "Packagist",
        "name": "typo3/cms"
      },
      "ranges": [
        {
          "type": "ECOSYSTEM",
          "events": [
            {
              "introduced": "4.6"
            },
            {
              "fixed": "4.6.12"
            }
          ]
        }
      ]
    },
    {
      "package": {
        "ecosystem": "Packagist",
        "name": "typo3/cms"
      },
      "ranges": [
        {
          "type": "ECOSYSTEM",
          "events": [
            {
              "introduced": "4.7"
            },
            {
              "fixed": "4.7.4"
            }
          ]
        }
      ]
    }
  ],
  "references": [
    {
      "type": "ADVISORY",
      "url": "https://nvd.nist.gov/vuln/detail/CVE-2012-3529"
    },
    {
      "type": "WEB",
      "url": "https://exchange.xforce.ibmcloud.com/vulnerabilities/77793"
    },
    {
      "type": "WEB",
      "url": "http://typo3.org/teams/security/security-bulletins/typo3-core/typo3-core-sa-2012-004"
    },
    {
      "type": "WEB",
      "url": "http://www.debian.org/security/2012/dsa-2537"
    },
    {
      "type": "WEB",
      "url": "http://www.openwall.com/lists/oss-security/2012/08/22/8"
    }
  ],
  "database_specific": {
    "cwe_ids": [
      "CWE-200"
    ],
    "severity": "LOW",
    "github_reviewed": true,
    "github_reviewed_at": "2024-01-12T18:12:27Z",
    "nvd_published_at": "2012-09-05T23:55:00Z"
  }
}