{
  "schema_version": "1.4.0",
  "id": "GHSA-6gjm-6wj6-4px5",
  "modified": "2022-08-06T05:20:52Z",
  "published": "2022-08-06T05:20:52Z",
  "aliases": [
    "CVE-2022-35921"
  ],
  "summary": "Byobu user preference to prevent private discussions being started are not respected",
  "details": "### Impact\nUsers electing to prevent others starting private discussions with themselves.\n\n> Please note that admins and others with appropriate permissions can always bypass this preference, as was the case before.\n\n### Patches\nUsers of Byobu should update the extension to version 1.1.7, where this has been patched. **This version is only supported on v1.2.0 and later of Flarum Core.**\n\nUsers of Byobu with Flarum 1.0 or 1.1 should upgrade to Flarum 1.2 or later, or evaluate the impact this issue has on your forum's users and choose to disable the extension if needed.\n\n### Workarounds\nThere are no workarounds for this issue.",
  "severity": [
    {
      "type": "CVSS_V3",
      "score": "CVSS:3.1/AV:N/AC:L/PR:L/UI:R/S:U/C:N/I:L/A:N"
    }
  ],
  "affected": [
    {
      "package": {
        "ecosystem": "Packagist",
        "name": "fof/byobu"
      },
      "ranges": [
        {
          "type": "ECOSYSTEM",
          "events": [
            {
              "introduced": "0.3.0-beta.2"
            },
            {
              "fixed": "1.1.7"
            }
          ]
        }
      ]
    }
  ],
  "references": [
    {
      "type": "WEB",
      "url": "https://github.com/FriendsOfFlarum/byobu/security/advisories/GHSA-6gjm-6wj6-4px5"
    },
    {
      "type": "ADVISORY",
      "url": "https://nvd.nist.gov/vuln/detail/CVE-2022-35921"
    },
    {
      "type": "WEB",
      "url": "https://github.com/FriendsOfFlarum/byobu/commit/23dcf93a30f948d30c678a96681f7fdefeba5171"
    },
    {
      "type": "PACKAGE",
      "url": "https://github.com/FriendsOfFlarum/byobu"
    }
  ],
  "database_specific": {
    "cwe_ids": [
      "CWE-269",
      "CWE-863"
    ],
    "severity": "LOW",
    "github_reviewed": true,
    "github_reviewed_at": "2022-08-06T05:20:52Z",
    "nvd_published_at": "2022-08-01T22:15:00Z"
  }
}