{
  "schema_version": "1.4.0",
  "id": "GHSA-hrfh-fp4x-crrq",
  "modified": "2020-11-13T18:00:57Z",
  "published": "2020-11-13T18:26:06Z",
  "aliases": [],
  "summary": "Persistent XSS in newsletter module in Shopware",
  "details": "### Impact\nPersistent XSS in newsletter module\n\n### Patches\n\nWe recommend updating to the current version 5.6.9. You can get the update to 5.6.9 regularly via the Auto-Updater or directly via the download overview.\n\nFor older versions you can use the Security Plugin:\nhttps://store.shopware.com/en/swag575294366635f/shopware-security-plugin.html\n\n### References\nhttps://docs.shopware.com/en/shopware-5-en/security-updates/security-update-11-2020",
  "severity": [],
  "affected": [
    {
      "package": {
        "ecosystem": "Packagist",
        "name": "shopware/shopware"
      },
      "ranges": [
        {
          "type": "ECOSYSTEM",
          "events": [
            {
              "introduced": "0"
            },
            {
              "fixed": "5.6.9"
            }
          ]
        }
      ]
    }
  ],
  "references": [
    {
      "type": "WEB",
      "url": "https://github.com/shopware/shopware/security/advisories/GHSA-hrfh-fp4x-crrq"
    },
    {
      "type": "WEB",
      "url": "https://docs.shopware.com/en/shopware-5-en/security-updates/security-update-11-2020"
    }
  ],
  "database_specific": {
    "cwe_ids": [
      "CWE-79"
    ],
    "severity": "LOW",
    "github_reviewed": true,
    "github_reviewed_at": "2020-11-13T18:00:57Z",
    "nvd_published_at": null
  }
}