{
  "schema_version": "1.4.0",
  "id": "GHSA-3j6m-m5v5-9785",
  "modified": "2024-04-23T17:28:28Z",
  "published": "2022-05-24T17:36:05Z",
  "aliases": [
    "CVE-2020-28838"
  ],
  "summary": "OpenCart Cross-Site Request Forgery (CSRF)",
  "details": "Cross Site Request Forgery (CSRF) in CART option in OpenCart Ltd. Opencart CMS 3.0.3.6 allows attacker to add cart items via Add to cart.",
  "severity": [
    {
      "type": "CVSS_V3",
      "score": "CVSS:3.1/AV:N/AC:L/PR:L/UI:R/S:U/C:N/I:L/A:N"
    }
  ],
  "affected": [
    {
      "package": {
        "ecosystem": "Packagist",
        "name": "opencart/opencart"
      },
      "versions": [
        "3.0.3.6"
      ]
    }
  ],
  "references": [
    {
      "type": "ADVISORY",
      "url": "https://nvd.nist.gov/vuln/detail/CVE-2020-28838"
    },
    {
      "type": "PACKAGE",
      "url": "https://github.com/opencart/opencart"
    },
    {
      "type": "WEB",
      "url": "https://www.exploit-db.com/exploits/49228"
    },
    {
      "type": "WEB",
      "url": "https://www.opencart.com"
    }
  ],
  "database_specific": {
    "cwe_ids": [
      "CWE-352"
    ],
    "severity": "LOW",
    "github_reviewed": true,
    "github_reviewed_at": "2024-04-23T17:28:28Z",
    "nvd_published_at": "2020-12-11T15:15:00Z"
  }
}