{
  "schema_version": "1.4.0",
  "id": "GHSA-4vr3-9v7h-5f8v",
  "modified": "2021-12-03T14:36:23Z",
  "published": "2019-06-18T15:38:41Z",
  "aliases": [],
  "summary": "Low severity vulnerability that affects Gw2Sharp",
  "details": "## Leaking cached authenticated requests\n\n### Impact\nIf you've been using one `MemoryCacheMethod` object in multiple instances of `Gw2WebApiClient` and are requesting authenticated endpoints with different access tokens, then you are likely to run into this bug.\n\nWhen using an instance of `MemoryCacheMethod` and using it with multiple instances of `Gw2WebApiClient`, there's a possibility that cached authenticated responses are leaking to another request to the same endpoint, but with a different Guild Wars 2 access token. The latter request wouldn't start however, and would return the first cached response immediately. This means that the second response (or later responses) may contain the same data as the first response, therefore leaking data from another authenticated endpoint.\n\nThe occurence of this is limited however. The Guild Wars 2 API doesn't use the `Expires` header on most (if not all) authenticated endpoints. This header is checked when caching responses. If this header isn't available, the response isn't cached at all. You should still update to at least version 0.3.1 in order to be certain that it won't happen.\n\n### Patches\nThis bug has been fixed in version 0.3.1. When using an authenticated endpoint, it will prepend the SHA-1 hash of the access token to the cache id.\n\n### Workarounds\nFor version 0.3.0 and lower, you can use one separate instance of `MemoryCacheMethod` per `Gw2WebApiClient` if you need to use it.\n\n### For more information\nIf you have any questions or comments about this advisory, you can open an issue in [the Gw2Sharp repository](https://github.com/Archomeda/Gw2Sharp) or contact me on [Discord](https://discord.gg/hNcpDT3).\n",
  "severity": [],
  "affected": [
    {
      "package": {
        "ecosystem": "NuGet",
        "name": "Gw2Sharp"
      },
      "ranges": [
        {
          "type": "ECOSYSTEM",
          "events": [
            {
              "introduced": "0"
            },
            {
              "fixed": "0.3.1"
            }
          ]
        }
      ]
    }
  ],
  "references": [
    {
      "type": "WEB",
      "url": "https://github.com/Archomeda/Gw2Sharp/security/advisories/GHSA-4vr3-9v7h-5f8v"
    },
    {
      "type": "PACKAGE",
      "url": "https://github.com/Archomeda/Gw2Sharp"
    },
    {
      "type": "ADVISORY",
      "url": "https://github.com/advisories/GHSA-4vr3-9v7h-5f8v"
    }
  ],
  "database_specific": {
    "cwe_ids": [],
    "severity": "LOW",
    "github_reviewed": true,
    "github_reviewed_at": "2020-06-16T20:59:21Z",
    "nvd_published_at": null
  }
}