{
  "schema_version": "1.4.0",
  "id": "GHSA-g468-qj8g-vcjc",
  "modified": "2022-09-16T21:22:51Z",
  "published": "2022-09-16T21:22:51Z",
  "aliases": [
    "CVE-2022-36016"
  ],
  "summary": "TensorFlow vulnerable to `CHECK`-fail in `tensorflow::full_type::SubstituteFromAttrs`",
  "details": "### Impact\nWhen [`tensorflow::full_type::SubstituteFromAttrs`](https://github.com/tensorflow/tensorflow/blob/master/tensorflow/core/ops/math_ops.cc) receives a `FullTypeDef& t` that is not exactly three args, it triggers a `CHECK`-fail instead of returning a status.\n```cpp\nStatus SubstituteForEach(AttrMap& attrs, FullTypeDef& t) {\n  DCHECK_EQ(t.args_size(), 3);\n\n  const auto& cont = t.args(0);\n  const auto& tmpl = t.args(1);\n  const auto& t_var = t.args(2);\n```\n\n### Patches\nWe have patched the issue in GitHub commit [6104f0d4091c260ce9352f9155f7e9b725eab012](https://github.com/tensorflow/tensorflow/commit/6104f0d4091c260ce9352f9155f7e9b725eab012).\nThe fix will be included in TensorFlow 2.10.0. We will also cherrypick this commit on TensorFlow 2.9.1, TensorFlow 2.8.1, and TensorFlow 2.7.2, as these are also affected and still in supported range.\n\n\n### For more information\nPlease consult [our security guide](https://github.com/tensorflow/tensorflow/blob/master/SECURITY.md) for more information regarding the security model and how to contact us with issues and questions.\n",
  "severity": [],
  "affected": [
    {
      "package": {
        "ecosystem": "PyPI",
        "name": "tensorflow"
      },
      "ranges": [
        {
          "type": "ECOSYSTEM",
          "events": [
            {
              "introduced": "0"
            },
            {
              "fixed": "2.7.2"
            }
          ]
        }
      ]
    },
    {
      "package": {
        "ecosystem": "PyPI",
        "name": "tensorflow"
      },
      "ranges": [
        {
          "type": "ECOSYSTEM",
          "events": [
            {
              "introduced": "2.8.0"
            },
            {
              "fixed": "2.8.1"
            }
          ]
        }
      ]
    },
    {
      "package": {
        "ecosystem": "PyPI",
        "name": "tensorflow"
      },
      "ranges": [
        {
          "type": "ECOSYSTEM",
          "events": [
            {
              "introduced": "2.9.0"
            },
            {
              "fixed": "2.9.1"
            }
          ]
        }
      ]
    },
    {
      "package": {
        "ecosystem": "PyPI",
        "name": "tensorflow-cpu"
      },
      "ranges": [
        {
          "type": "ECOSYSTEM",
          "events": [
            {
              "introduced": "0"
            },
            {
              "fixed": "2.7.2"
            }
          ]
        }
      ]
    },
    {
      "package": {
        "ecosystem": "PyPI",
        "name": "tensorflow-cpu"
      },
      "ranges": [
        {
          "type": "ECOSYSTEM",
          "events": [
            {
              "introduced": "2.8.0"
            },
            {
              "fixed": "2.8.1"
            }
          ]
        }
      ]
    },
    {
      "package": {
        "ecosystem": "PyPI",
        "name": "tensorflow-cpu"
      },
      "ranges": [
        {
          "type": "ECOSYSTEM",
          "events": [
            {
              "introduced": "2.9.0"
            },
            {
              "fixed": "2.9.1"
            }
          ]
        }
      ]
    },
    {
      "package": {
        "ecosystem": "PyPI",
        "name": "tensorflow-gpu"
      },
      "ranges": [
        {
          "type": "ECOSYSTEM",
          "events": [
            {
              "introduced": "0"
            },
            {
              "fixed": "2.7.2"
            }
          ]
        }
      ]
    },
    {
      "package": {
        "ecosystem": "PyPI",
        "name": "tensorflow-gpu"
      },
      "ranges": [
        {
          "type": "ECOSYSTEM",
          "events": [
            {
              "introduced": "2.8.0"
            },
            {
              "fixed": "2.8.1"
            }
          ]
        }
      ]
    },
    {
      "package": {
        "ecosystem": "PyPI",
        "name": "tensorflow-gpu"
      },
      "ranges": [
        {
          "type": "ECOSYSTEM",
          "events": [
            {
              "introduced": "2.9.0"
            },
            {
              "fixed": "2.9.1"
            }
          ]
        }
      ]
    }
  ],
  "references": [
    {
      "type": "WEB",
      "url": "https://github.com/tensorflow/tensorflow/security/advisories/GHSA-g468-qj8g-vcjc"
    },
    {
      "type": "ADVISORY",
      "url": "https://nvd.nist.gov/vuln/detail/CVE-2022-36016"
    },
    {
      "type": "WEB",
      "url": "https://github.com/tensorflow/tensorflow/commit/6104f0d4091c260ce9352f9155f7e9b725eab012"
    },
    {
      "type": "PACKAGE",
      "url": "https://github.com/tensorflow/tensorflow"
    },
    {
      "type": "WEB",
      "url": "https://github.com/tensorflow/tensorflow/blob/master/tensorflow/core/ops/math_ops.cc"
    },
    {
      "type": "WEB",
      "url": "https://github.com/tensorflow/tensorflow/releases/tag/v2.10.0"
    }
  ],
  "database_specific": {
    "cwe_ids": [
      "CWE-617"
    ],
    "severity": "LOW",
    "github_reviewed": true,
    "github_reviewed_at": "2022-09-16T21:22:51Z",
    "nvd_published_at": "2022-09-16T23:15:00Z"
  }
}