{
  "schema_version": "1.4.0",
  "id": "GHSA-2hr5-cvwp-jr5w",
  "modified": "2024-12-20T21:37:23Z",
  "published": "2024-12-20T18:31:32Z",
  "aliases": [
    "CVE-2024-55186"
  ],
  "summary": "Oqtane Framework Insecure Direct Object Reference vulnerability",
  "details": "An IDOR (Insecure Direct Object Reference) vulnerability exists in Oqtane Framework 6.0.0, allowing a logged-in user to access inbox messages of other users by manipulating the notification ID in the request URL. By changing the notification ID, an attacker can view sensitive mail details belonging to other users.",
  "severity": [
    {
      "type": "CVSS_V3",
      "score": "CVSS:3.1/AV:N/AC:L/PR:L/UI:N/S:U/C:L/I:N/A:N"
    },
    {
      "type": "CVSS_V4",
      "score": "CVSS:4.0/AV:N/AC:L/AT:N/PR:L/UI:N/VC:L/VI:N/VA:N/SC:N/SI:N/SA:N/E:P"
    }
  ],
  "affected": [
    {
      "package": {
        "ecosystem": "NuGet",
        "name": "Oqtane.Framework"
      },
      "ranges": [
        {
          "type": "ECOSYSTEM",
          "events": [
            {
              "introduced": "0"
            },
            {
              "last_affected": "6.0.0"
            }
          ]
        }
      ]
    },
    {
      "package": {
        "ecosystem": "NuGet",
        "name": "Oqtane.Client"
      },
      "ranges": [
        {
          "type": "ECOSYSTEM",
          "events": [
            {
              "introduced": "0"
            },
            {
              "last_affected": "6.0.0"
            }
          ]
        }
      ]
    },
    {
      "package": {
        "ecosystem": "NuGet",
        "name": "Oqtane.Server"
      },
      "ranges": [
        {
          "type": "ECOSYSTEM",
          "events": [
            {
              "introduced": "0"
            },
            {
              "last_affected": "6.0.0"
            }
          ]
        }
      ]
    },
    {
      "package": {
        "ecosystem": "NuGet",
        "name": "Oqtane.Shared"
      },
      "ranges": [
        {
          "type": "ECOSYSTEM",
          "events": [
            {
              "introduced": "0"
            },
            {
              "last_affected": "6.0.0"
            }
          ]
        }
      ]
    }
  ],
  "references": [
    {
      "type": "ADVISORY",
      "url": "https://nvd.nist.gov/vuln/detail/CVE-2024-55186"
    },
    {
      "type": "WEB",
      "url": "https://github.com/oqtane/oqtane.framework/pull/4876/files"
    },
    {
      "type": "WEB",
      "url": "https://gist.github.com/SmitShah1518/00de9ecc46c1a8e2b189185c9d92afb0"
    },
    {
      "type": "PACKAGE",
      "url": "https://github.com/oqtane/oqtane.framework"
    }
  ],
  "database_specific": {
    "cwe_ids": [
      "CWE-639",
      "CWE-863"
    ],
    "severity": "LOW",
    "github_reviewed": true,
    "github_reviewed_at": "2024-12-20T19:40:59Z",
    "nvd_published_at": "2024-12-20T16:15:23Z"
  }
}