{
  "schema_version": "1.4.0",
  "id": "GHSA-3mq5-fq9h-gj7j",
  "modified": "2023-03-03T23:04:23Z",
  "published": "2022-09-17T00:00:41Z",
  "withdrawn": "2023-03-03T23:04:23Z",
  "aliases": [],
  "summary": "Duplicate Advisory: Denial of Service due to parser crash",
  "details": "## Duplicate Advisory\nThis advisory has been withdrawn because it is a duplicate of [GHSA-f8cc-g7j8-xxpm](https://github.com/advisories/GHSA-f8cc-g7j8-xxpm). This link is maintained to preserve external references.\n\n## Original Description\nThose using Xstream to seralize XML data may be vulnerable to Denial of Service attacks (DOS). If the parser is running on user supplied input, an attacker may supply content that causes the parser to crash by stackoverflow. This effect may support a denial of service attack.",
  "severity": [],
  "affected": [
    {
      "package": {
        "ecosystem": "Maven",
        "name": "com.thoughtworks.xstream:xstream"
      },
      "ranges": [
        {
          "type": "ECOSYSTEM",
          "events": [
            {
              "introduced": "0"
            },
            {
              "last_affected": "1.4.19"
            }
          ]
        }
      ]
    }
  ],
  "references": [
    {
      "type": "ADVISORY",
      "url": "https://nvd.nist.gov/vuln/detail/CVE-2022-40151"
    },
    {
      "type": "WEB",
      "url": "https://github.com/x-stream/xstream/issues/304"
    },
    {
      "type": "WEB",
      "url": "https://github.com/x-stream/xstream/issues/314"
    },
    {
      "type": "WEB",
      "url": "https://bugs.chromium.org/p/oss-fuzz/issues/detail?id=47367"
    },
    {
      "type": "PACKAGE",
      "url": "https://github.com/x-stream/xstream"
    }
  ],
  "database_specific": {
    "cwe_ids": [],
    "severity": "LOW",
    "github_reviewed": true,
    "github_reviewed_at": "2022-09-20T21:21:26Z",
    "nvd_published_at": "2022-09-16T10:15:00Z"
  }
}