{
  "schema_version": "1.4.0",
  "id": "GHSA-rvjg-gxwx-j5gf",
  "modified": "2022-04-28T17:13:58Z",
  "published": "2022-04-28T17:13:58Z",
  "aliases": [
    "CVE-2020-10734"
  ],
  "summary": "OIDC Logout redirect in keycloak",
  "details": "A flaw was found in keycloak. The OIDC logout endpoint does not have CSRF protection. The highest threat from this vulnerability is to system availability.",
  "severity": [
    {
      "type": "CVSS_V3",
      "score": "CVSS:3.1/AV:L/AC:L/PR:L/UI:N/S:U/C:N/I:N/A:L"
    }
  ],
  "affected": [
    {
      "package": {
        "ecosystem": "Maven",
        "name": "org.keycloak:keycloak-oidc-client-adapter-pom"
      },
      "ranges": [
        {
          "type": "ECOSYSTEM",
          "events": [
            {
              "introduced": "0"
            },
            {
              "fixed": "18.0.0"
            }
          ]
        }
      ]
    }
  ],
  "references": [
    {
      "type": "WEB",
      "url": "https://github.com/keycloak/keycloak/security/advisories/GHSA-rvjg-gxwx-j5gf"
    },
    {
      "type": "ADVISORY",
      "url": "https://nvd.nist.gov/vuln/detail/CVE-2020-10734"
    },
    {
      "type": "WEB",
      "url": "https://bugzilla.redhat.com/show_bug.cgi?id=1831662"
    },
    {
      "type": "PACKAGE",
      "url": "https://github.com/keycloak/keycloak"
    },
    {
      "type": "WEB",
      "url": "https://issues.redhat.com/browse/KEYCLOAK-13653"
    }
  ],
  "database_specific": {
    "cwe_ids": [
      "CWE-601"
    ],
    "severity": "LOW",
    "github_reviewed": true,
    "github_reviewed_at": "2022-04-28T17:13:58Z",
    "nvd_published_at": "2021-02-11T18:15:00Z"
  }
}