{
  "schema_version": "1.4.0",
  "id": "GHSA-gg8r-24qm-qfch",
  "modified": "2023-10-26T21:54:02Z",
  "published": "2022-05-24T16:44:55Z",
  "aliases": [
    "CVE-2019-10316"
  ],
  "summary": "Jenkins Aqua MicroScanner Plugin stored credentials in plain text ",
  "details": "Jenkins Aqua MicroScanner Plugin stored credentials unencrypted in its global configuration file on the Jenkins controller. These credentials could be viewed by users with access to the Jenkins controller file system.\n\nAqua MicroScanner Plugin now stores credentials encrypted.",
  "severity": [
    {
      "type": "CVSS_V3",
      "score": "CVSS:3.0/AV:L/AC:L/PR:L/UI:N/S:U/C:L/I:N/A:N"
    }
  ],
  "affected": [
    {
      "package": {
        "ecosystem": "Maven",
        "name": "org.jenkins-ci.plugins:aqua-microscanner"
      },
      "ranges": [
        {
          "type": "ECOSYSTEM",
          "events": [
            {
              "introduced": "0"
            },
            {
              "fixed": "1.0.6"
            }
          ]
        }
      ],
      "database_specific": {
        "last_known_affected_version_range": "<= 1.0.5"
      }
    }
  ],
  "references": [
    {
      "type": "ADVISORY",
      "url": "https://nvd.nist.gov/vuln/detail/CVE-2019-10316"
    },
    {
      "type": "WEB",
      "url": "https://jenkins.io/security/advisory/2019-04-30/#SECURITY-1380"
    },
    {
      "type": "WEB",
      "url": "https://web.archive.org/web/20200227073756/http://www.securityfocus.com/bid/108159"
    },
    {
      "type": "WEB",
      "url": "http://www.openwall.com/lists/oss-security/2019/04/30/5"
    }
  ],
  "database_specific": {
    "cwe_ids": [
      "CWE-522"
    ],
    "severity": "LOW",
    "github_reviewed": true,
    "github_reviewed_at": "2023-10-26T21:54:02Z",
    "nvd_published_at": "2019-04-30T13:29:00Z"
  }
}