{
  "schema_version": "1.4.0",
  "id": "GHSA-f889-wfwm-6p7m",
  "modified": "2024-04-08T19:04:48Z",
  "published": "2022-05-17T04:50:52Z",
  "aliases": [
    "CVE-2013-4477"
  ],
  "summary": "OpenStack Identity Keystone Privilege Escalation vulnerability",
  "details": "The LDAP backend in OpenStack Identity (Keystone) Grizzly and Havana, when removing a role on a tenant for a user who does not have that role, adds the role to the user, which allows local users to gain privileges.",
  "severity": [],
  "affected": [
    {
      "package": {
        "ecosystem": "PyPI",
        "name": "keystone"
      },
      "ranges": [
        {
          "type": "ECOSYSTEM",
          "events": [
            {
              "introduced": "0"
            },
            {
              "fixed": "8.0.0a0"
            }
          ]
        }
      ]
    }
  ],
  "references": [
    {
      "type": "ADVISORY",
      "url": "https://nvd.nist.gov/vuln/detail/CVE-2013-4477"
    },
    {
      "type": "WEB",
      "url": "https://github.com/openstack/keystone/commit/b17e7bec768bd53d3977352486378698a3db3cfa"
    },
    {
      "type": "WEB",
      "url": "https://github.com/openstack/keystone/commit/c6800ca1ac984c879e75826df6694d6199444ea0"
    },
    {
      "type": "WEB",
      "url": "https://bugs.launchpad.net/keystone/+bug/1242855"
    },
    {
      "type": "PACKAGE",
      "url": "https://github.com/openstack/keystone"
    },
    {
      "type": "WEB",
      "url": "http://rhn.redhat.com/errata/RHSA-2014-0113.html"
    },
    {
      "type": "WEB",
      "url": "http://www.openwall.com/lists/oss-security/2013/10/30/6"
    },
    {
      "type": "WEB",
      "url": "http://www.ubuntu.com/usn/USN-2034-1"
    }
  ],
  "database_specific": {
    "cwe_ids": [],
    "severity": "LOW",
    "github_reviewed": true,
    "github_reviewed_at": "2024-04-08T19:04:48Z",
    "nvd_published_at": "2013-11-02T19:55:00Z"
  }
}