{
  "schema_version": "1.4.0",
  "id": "GHSA-9722-rr68-rfpg",
  "modified": "2021-03-04T18:26:59Z",
  "published": "2020-06-03T21:58:27Z",
  "aliases": [
    "CVE-2020-5297"
  ],
  "summary": "Upload whitelisted files to any directory in OctoberCMS",
  "details": "### Impact\nAn attacker can exploit this vulnerability to upload jpg, jpeg, bmp, png, webp, gif, ico, css, js, woff, woff2, svg, ttf, eot, json, md, less, sass, scss, xml files to any directory of an October CMS server. The vulnerability is only exploitable by an authenticated backend user with the `cms.manage_assets` permission.\n\n### Patches\nIssue has been patched in Build 466 (v1.0.466).\n\n### Workarounds\nApply https://github.com/octobercms/october/commit/6711dae8ef70caf0e94cec434498012a2ccd86b8 to your installation manually if unable to upgrade to Build 466.\n\n### References\nReported by [Sivanesh Ashok](https://stazot.com/)\n\n### For more information\nIf you have any questions or comments about this advisory:\n* Email us at [hello@octobercms.com](mailto:hello@octobercms.com)\n\n### Threat assessment:\n<img width=\"1241\" alt=\"Screen Shot 2020-03-31 at 12 21 10 PM\" src=\"https://user-images.githubusercontent.com/7253840/78061230-255f5400-734a-11ea-92b4-1120f6960505.png\">",
  "severity": [
    {
      "type": "CVSS_V3",
      "score": "CVSS:3.1/AV:N/AC:L/PR:H/UI:R/S:C/C:N/I:L/A:N"
    }
  ],
  "affected": [
    {
      "package": {
        "ecosystem": "Packagist",
        "name": "october/cms"
      },
      "ranges": [
        {
          "type": "ECOSYSTEM",
          "events": [
            {
              "introduced": "1.0.319"
            },
            {
              "fixed": "1.0.466"
            }
          ]
        }
      ]
    }
  ],
  "references": [
    {
      "type": "WEB",
      "url": "https://github.com/octobercms/october/security/advisories/GHSA-9722-rr68-rfpg"
    },
    {
      "type": "ADVISORY",
      "url": "https://nvd.nist.gov/vuln/detail/CVE-2020-5297"
    },
    {
      "type": "WEB",
      "url": "https://github.com/octobercms/october/commit/6711dae8ef70caf0e94cec434498012a2ccd86b8"
    },
    {
      "type": "WEB",
      "url": "http://packetstormsecurity.com/files/158730/October-CMS-Build-465-XSS-File-Read-File-Deletion-CSV-Injection.html"
    },
    {
      "type": "WEB",
      "url": "http://seclists.org/fulldisclosure/2020/Aug/2"
    }
  ],
  "database_specific": {
    "cwe_ids": [
      "CWE-610",
      "CWE-73"
    ],
    "severity": "LOW",
    "github_reviewed": true,
    "github_reviewed_at": "2020-06-03T21:26:41Z",
    "nvd_published_at": "2020-06-03T22:15:00Z"
  }
}