{
  "schema_version": "1.4.0",
  "id": "GHSA-qq45-cqhg-jwx5",
  "modified": "2025-04-02T17:12:32Z",
  "published": "2025-04-01T00:30:34Z",
  "aliases": [
    "CVE-2025-31688"
  ],
  "summary": "Drupal Configuration Split Cross-Site Request Forgery (CSRF) vulnerability",
  "details": "Cross-Site Request Forgery (CSRF) vulnerability in Drupal Configuration Split allows Cross Site Request Forgery. This issue affects Configuration Split: from 0.0.0 before 1.10.0, from 2.0.0 before 2.0.2.",
  "severity": [
    {
      "type": "CVSS_V4",
      "score": "CVSS:4.0/AV:N/AC:H/AT:N/PR:N/UI:N/VC:N/VI:L/VA:N/SC:N/SI:N/SA:N/E:U"
    }
  ],
  "affected": [
    {
      "package": {
        "ecosystem": "Packagist",
        "name": "drupal/config_split"
      },
      "ranges": [
        {
          "type": "ECOSYSTEM",
          "events": [
            {
              "introduced": "0"
            },
            {
              "fixed": "1.10.0"
            }
          ]
        }
      ]
    },
    {
      "package": {
        "ecosystem": "Packagist",
        "name": "drupal/config_split"
      },
      "ranges": [
        {
          "type": "ECOSYSTEM",
          "events": [
            {
              "introduced": "2.0.0"
            },
            {
              "fixed": "2.0.2"
            }
          ]
        }
      ]
    }
  ],
  "references": [
    {
      "type": "ADVISORY",
      "url": "https://nvd.nist.gov/vuln/detail/CVE-2025-31688"
    },
    {
      "type": "PACKAGE",
      "url": "https://git.drupalcode.org/project/config_split"
    },
    {
      "type": "WEB",
      "url": "https://www.drupal.org/sa-contrib-2025-017"
    }
  ],
  "database_specific": {
    "cwe_ids": [
      "CWE-352"
    ],
    "severity": "LOW",
    "github_reviewed": true,
    "github_reviewed_at": "2025-04-02T17:12:32Z",
    "nvd_published_at": "2025-03-31T22:15:21Z"
  }
}