{
  "schema_version": "1.4.0",
  "id": "GHSA-v5p2-vg3c-pmrr",
  "modified": "2024-01-08T22:09:35Z",
  "published": "2022-05-01T18:33:34Z",
  "aliases": [
    "CVE-2007-5461"
  ],
  "summary": "Apache Tomcat Path Traversal Vulnerability",
  "details": "Absolute path traversal vulnerability in Apache Tomcat 4.0.0 through 4.0.6, 4.1.0, 5.0.0, 5.5.0 through 5.5.25, and 6.0.0 through 6.0.14, under certain configurations, allows remote authenticated users to read arbitrary files via a WebDAV write request that specifies an entity with a SYSTEM tag.",
  "severity": [],
  "affected": [
    {
      "package": {
        "ecosystem": "Maven",
        "name": "org.apache.tomcat:tomcat"
      },
      "ranges": [
        {
          "type": "ECOSYSTEM",
          "events": [
            {
              "introduced": "4.0.0"
            },
            {
              "last_affected": "4.0.6"
            }
          ]
        }
      ]
    },
    {
      "package": {
        "ecosystem": "Maven",
        "name": "org.apache.tomcat:tomcat"
      },
      "versions": [
        "4.1.0"
      ]
    },
    {
      "package": {
        "ecosystem": "Maven",
        "name": "org.apache.tomcat:tomcat"
      },
      "versions": [
        "5.0.0"
      ]
    },
    {
      "package": {
        "ecosystem": "Maven",
        "name": "org.apache.tomcat:tomcat"
      },
      "ranges": [
        {
          "type": "ECOSYSTEM",
          "events": [
            {
              "introduced": "5.5.0"
            },
            {
              "last_affected": "5.5.25"
            }
          ]
        }
      ]
    },
    {
      "package": {
        "ecosystem": "Maven",
        "name": "org.apache.tomcat:tomcat"
      },
      "ranges": [
        {
          "type": "ECOSYSTEM",
          "events": [
            {
              "introduced": "6.0.0"
            },
            {
              "last_affected": "6.0.14"
            }
          ]
        }
      ]
    }
  ],
  "references": [
    {
      "type": "ADVISORY",
      "url": "https://nvd.nist.gov/vuln/detail/CVE-2007-5461"
    },
    {
      "type": "WEB",
      "url": "https://github.com/apache/tomcat/commit/1e7b31e24801777f4de45d565f6a20a5377dd22c"
    },
    {
      "type": "WEB",
      "url": "https://github.com/apache/tomcat/commit/901292cf9d7d8225f8a3b96c7583e2bd8b41772d"
    },
    {
      "type": "WEB",
      "url": "https://exchange.xforce.ibmcloud.com/vulnerabilities/37243"
    },
    {
      "type": "WEB",
      "url": "https://github.com/apache/tomcat"
    },
    {
      "type": "WEB",
      "url": "https://lists.apache.org/thread.html/06cfb634bc7bf37af7d8f760f118018746ad8efbd519c4b789ac9c2e@%3Cdev.tomcat.apache.org%3E"
    },
    {
      "type": "WEB",
      "url": "https://lists.apache.org/thread.html/29dc6c2b625789e70a9c4756b5a327e6547273ff8bde7e0327af48c5@%3Cdev.tomcat.apache.org%3E"
    },
    {
      "type": "WEB",
      "url": "https://lists.apache.org/thread.html/8dcaf7c3894d66cb717646ea1504ea6e300021c85bb4e677dc16b1aa@%3Cdev.tomcat.apache.org%3E"
    },
    {
      "type": "WEB",
      "url": "https://lists.apache.org/thread.html/c62b0e3a7bf23342352a5810c640a94b6db69957c5c19db507004d74@%3Cdev.tomcat.apache.org%3E"
    },
    {
      "type": "WEB",
      "url": "https://lists.apache.org/thread.html/r3aacc40356defc3f248aa504b1e48e819dd0471a0a83349080c6bcbf@%3Cdev.tomcat.apache.org%3E"
    },
    {
      "type": "WEB",
      "url": "https://lists.apache.org/thread.html/r584a714f141eff7b1c358d4679288177bd4ca4558e9999d15867d4b5@%3Cdev.tomcat.apache.org%3E"
    },
    {
      "type": "WEB",
      "url": "https://lists.apache.org/thread.html/rb71997f506c6cc8b530dd845c084995a9878098846c7b4eacfae8db3@%3Cdev.tomcat.apache.org%3E"
    },
    {
      "type": "WEB",
      "url": "https://www.redhat.com/archives/fedora-package-announce/2007-November/msg00525.html"
    },
    {
      "type": "WEB",
      "url": "http://geronimo.apache.org/2007/10/18/potential-vulnerability-in-apache-tomcat-webdav-servlet.html"
    },
    {
      "type": "WEB",
      "url": "http://issues.apache.org/jira/browse/GERONIMO-3549"
    },
    {
      "type": "WEB",
      "url": "http://lists.apple.com/archives/security-announce/2008//Jun/msg00002.html"
    },
    {
      "type": "WEB",
      "url": "http://lists.apple.com/archives/security-announce/2008/Oct/msg00001.html"
    },
    {
      "type": "WEB",
      "url": "http://lists.opensuse.org/opensuse-security-announce/2008-03/msg00001.html"
    },
    {
      "type": "WEB",
      "url": "http://lists.opensuse.org/opensuse-security-announce/2009-02/msg00002.html"
    },
    {
      "type": "WEB",
      "url": "http://mail-archives.apache.org/mod_mbox/tomcat-users/200710.mbox/%3C47135C2D.1000705@apache.org%3E"
    },
    {
      "type": "WEB",
      "url": "http://marc.info/?l=bugtraq&m=139344343412337&w=2"
    },
    {
      "type": "WEB",
      "url": "http://marc.info/?l=full-disclosure&m=119239530508382"
    },
    {
      "type": "WEB",
      "url": "http://rhn.redhat.com/errata/RHSA-2008-0630.html"
    },
    {
      "type": "WEB",
      "url": "http://security.gentoo.org/glsa/glsa-200804-10.xml"
    },
    {
      "type": "WEB",
      "url": "http://support.apple.com/kb/HT2163"
    },
    {
      "type": "WEB",
      "url": "http://support.apple.com/kb/HT3216"
    },
    {
      "type": "WEB",
      "url": "http://tomcat.apache.org/security-4.html"
    },
    {
      "type": "WEB",
      "url": "http://tomcat.apache.org/security-5.html"
    },
    {
      "type": "WEB",
      "url": "http://tomcat.apache.org/security-6.html"
    },
    {
      "type": "WEB",
      "url": "http://www.debian.org/security/2008/dsa-1447"
    },
    {
      "type": "WEB",
      "url": "http://www.debian.org/security/2008/dsa-1453"
    },
    {
      "type": "WEB",
      "url": "http://www.redhat.com/support/errata/RHSA-2008-0042.html"
    },
    {
      "type": "WEB",
      "url": "http://www.redhat.com/support/errata/RHSA-2008-0195.html"
    },
    {
      "type": "WEB",
      "url": "http://www.redhat.com/support/errata/RHSA-2008-0261.html"
    },
    {
      "type": "WEB",
      "url": "http://www.redhat.com/support/errata/RHSA-2008-0862.html"
    }
  ],
  "database_specific": {
    "cwe_ids": [
      "CWE-22"
    ],
    "severity": "LOW",
    "github_reviewed": true,
    "github_reviewed_at": "2023-09-22T21:08:02Z",
    "nvd_published_at": "2007-10-15T18:17:00Z"
  }
}