{
  "schema_version": "1.4.0",
  "id": "GHSA-5c4v-vh95-c67c",
  "modified": "2022-12-20T20:29:16Z",
  "published": "2022-05-24T17:25:24Z",
  "aliases": [
    "CVE-2020-2232"
  ],
  "summary": "Jenkins Email Extension Plugin SMTP password transmitted and displayed in plain text",
  "details": "Email Extension Plugin stores an SMTP password in its global configuration file `hudson.plugins.emailext.ExtendedEmailPublisher.xml` on the Jenkins controller as part of its configuration.\n\nWhile this password is stored encrypted on disk, it is transmitted and displayed in plain text as part of the configuration form by Email Extension Plugin 2.72 and 2.73. This can result in exposure of the password.\n\nEmail Extension Plugin 2.74 transmits the SMTP password in its global configuration encrypted and masks it using a password field.",
  "severity": [
    {
      "type": "CVSS_V3",
      "score": "CVSS:3.1/AV:N/AC:H/PR:N/UI:N/S:U/C:L/I:N/A:N"
    }
  ],
  "affected": [
    {
      "package": {
        "ecosystem": "Maven",
        "name": "org.jenkins-ci.plugins:email-ext"
      },
      "ranges": [
        {
          "type": "ECOSYSTEM",
          "events": [
            {
              "introduced": "2.72"
            },
            {
              "fixed": "2.74"
            }
          ]
        }
      ]
    }
  ],
  "references": [
    {
      "type": "ADVISORY",
      "url": "https://nvd.nist.gov/vuln/detail/CVE-2020-2232"
    },
    {
      "type": "WEB",
      "url": "https://github.com/jenkinsci/email-ext-plugin/commit/b51497d044e36e950d698a79bb781ef4c83a251c"
    },
    {
      "type": "PACKAGE",
      "url": "https://github.com/jenkinsci/email-ext-plugin"
    },
    {
      "type": "WEB",
      "url": "https://jenkins.io/security/advisory/2020-08-12/#SECURITY-1975"
    },
    {
      "type": "WEB",
      "url": "http://www.openwall.com/lists/oss-security/2020/08/12/4"
    }
  ],
  "database_specific": {
    "cwe_ids": [
      "CWE-319"
    ],
    "severity": "LOW",
    "github_reviewed": true,
    "github_reviewed_at": "2022-12-20T20:29:16Z",
    "nvd_published_at": "2020-08-12T14:15:00Z"
  }
}