{
  "schema_version": "1.4.0",
  "id": "GHSA-h2x7-2ff6-v32p",
  "modified": "2023-08-30T18:02:56Z",
  "published": "2022-02-11T23:39:57Z",
  "aliases": [],
  "summary": "gobase subject to Incorrect routing of some HTTP requests when using httpauth due to a race condition",
  "details": "### Impact\nIncorrect routing of some HTTP requests when using httpauth due to a race condition\n\n### Patches\nUpgrade to version 0.7.2 for fix\n\n### Workarounds\nNone\n\n### For more information\nIf you have any questions or comments about this advisory:\n* Email us at [nbosscher@blue-giraffe.ca](mailto:nbosscher@blue-giraffe.ca)",
  "severity": [
    {
      "type": "CVSS_V3",
      "score": "CVSS:3.1/AV:N/AC:H/PR:N/UI:N/S:U/C:N/I:L/A:N"
    }
  ],
  "affected": [
    {
      "package": {
        "ecosystem": "Go",
        "name": "github.com/ntbosscher/gobase"
      },
      "ranges": [
        {
          "type": "ECOSYSTEM",
          "events": [
            {
              "introduced": "0"
            },
            {
              "fixed": "0.7.2"
            }
          ]
        }
      ]
    }
  ],
  "references": [
    {
      "type": "WEB",
      "url": "https://github.com/ntbosscher/gobase/security/advisories/GHSA-h2x7-2ff6-v32p"
    },
    {
      "type": "ADVISORY",
      "url": "https://nvd.nist.gov/vuln/detail/CVE-2022-2583"
    },
    {
      "type": "WEB",
      "url": "https://github.com/ntbosscher/gobase/commit/a8d40bce9c429d324122d18c446924dab809e812"
    },
    {
      "type": "WEB",
      "url": "https://pkg.go.dev/vuln/GO-2022-0400"
    }
  ],
  "database_specific": {
    "cwe_ids": [
      "CWE-362"
    ],
    "severity": "LOW",
    "github_reviewed": true,
    "github_reviewed_at": "2021-05-21T22:08:26Z",
    "nvd_published_at": null
  }
}