{
  "schema_version": "1.4.0",
  "id": "GHSA-8pfh-mm2g-hmc3",
  "modified": "2020-12-21T17:46:22Z",
  "published": "2020-12-21T18:01:24Z",
  "aliases": [],
  "summary": "Authenticated Server Side Request Forgery",
  "details": "### Impact\nAuthenticated Server Side Request Forgery\n\n### Patches\nWe recommend to update to the current version 6.3.4.1. You can get the update to 6.3.4.1 regularly via the Auto-Updater or directly via the download overview.\n\nhttps://www.shopware.com/en/download/#shopware-6\n\n### Workarounds\nFor older versions of 6.1 and 6.2 the corresponding changes are also available via plugin:\n\nhttps://store.shopware.com/en/detail/index/sArticle/518463/number/Swag136939272659\n\n### For more information\nhttps://docs.shopware.com/en/shopware-6-en/security-updates/security-update-12-2020\n\n### Credits\nWe would like to thank <a rel=\"noopener\" href=\"https://reqon.nl\">REQON B.V.</a> for reporting this issue.",
  "severity": [],
  "affected": [
    {
      "package": {
        "ecosystem": "Packagist",
        "name": "shopware/platform"
      },
      "ranges": [
        {
          "type": "ECOSYSTEM",
          "events": [
            {
              "introduced": "0"
            },
            {
              "fixed": "6.3.4.1"
            }
          ]
        }
      ],
      "database_specific": {
        "last_known_affected_version_range": "<= 6.3.4.0"
      }
    },
    {
      "package": {
        "ecosystem": "Packagist",
        "name": "shopware/core"
      },
      "ranges": [
        {
          "type": "ECOSYSTEM",
          "events": [
            {
              "introduced": "0"
            },
            {
              "fixed": "6.3.4.1"
            }
          ]
        }
      ],
      "database_specific": {
        "last_known_affected_version_range": "<= 6.3.4.0"
      }
    }
  ],
  "references": [
    {
      "type": "WEB",
      "url": "https://github.com/shopware/platform/security/advisories/GHSA-8pfh-mm2g-hmc3"
    }
  ],
  "database_specific": {
    "cwe_ids": [
      "CWE-918"
    ],
    "severity": "LOW",
    "github_reviewed": true,
    "github_reviewed_at": "2020-12-21T17:46:22Z",
    "nvd_published_at": null
  }
}