{
  "schema_version": "1.4.0",
  "id": "GHSA-pjmx-4gc6-hwv8",
  "modified": "2024-02-08T15:36:31Z",
  "published": "2022-05-17T05:48:23Z",
  "aliases": [
    "CVE-2010-3094"
  ],
  "summary": "Drupal cross-site scripting vulnerability via actions feature and trigger module",
  "details": "Multiple cross-site scripting (XSS) vulnerabilities in Drupal 6.x before 6.18 allow remote authenticated users with certain privileges to inject arbitrary web script or HTML via (1) an action description, (2) an action message, (3) a node, or (4) a taxonomy term, related to the actions feature and the trigger module.",
  "severity": [],
  "affected": [
    {
      "package": {
        "ecosystem": "Packagist",
        "name": "drupal/drupal"
      },
      "ranges": [
        {
          "type": "ECOSYSTEM",
          "events": [
            {
              "introduced": "6.0"
            },
            {
              "fixed": "6.18"
            }
          ]
        }
      ]
    }
  ],
  "references": [
    {
      "type": "ADVISORY",
      "url": "https://nvd.nist.gov/vuln/detail/CVE-2010-3094"
    },
    {
      "type": "WEB",
      "url": "https://github.com/drupal/drupal/commit/4e8e0454b3bfc3b846cf4b7bcaca0e8f42f0c17a"
    },
    {
      "type": "PACKAGE",
      "url": "https://github.com/drupal/drupal"
    },
    {
      "type": "WEB",
      "url": "https://web.archive.org/web/20120915000000*/http://www.securityfocus.com/bid/42391"
    },
    {
      "type": "WEB",
      "url": "http://drupal.org/node/880476"
    },
    {
      "type": "WEB",
      "url": "http://marc.info/?l=oss-security&m=128418560705305&w=2"
    },
    {
      "type": "WEB",
      "url": "http://marc.info/?l=oss-security&m=128440896914512&w=2"
    },
    {
      "type": "WEB",
      "url": "http://www.debian.org/security/2010/dsa-2113"
    }
  ],
  "database_specific": {
    "cwe_ids": [
      "CWE-79"
    ],
    "severity": "LOW",
    "github_reviewed": true,
    "github_reviewed_at": "2024-02-08T15:36:31Z",
    "nvd_published_at": "2010-09-21T20:00:00Z"
  }
}