{
  "schema_version": "1.4.0",
  "id": "GHSA-9h79-5m2f-mqj2",
  "modified": "2022-12-05T21:39:19Z",
  "published": "2022-06-24T00:00:32Z",
  "aliases": [
    "CVE-2022-34213"
  ],
  "summary": "Squash TM Publisher (Squash4Jenkins) Plugin stores passwords stored in plain text",
  "details": "Squash TM Publisher (Squash4Jenkins) Plugin 1.0.0 and earlier stores passwords unencrypted in its global configuration file `org.jenkinsci.squashtm.core.SquashTMPublisher.xml` on the Jenkins controller as part of its configuration.\n\nThese passwords can be viewed by users with access to the Jenkins controller file system.",
  "severity": [
    {
      "type": "CVSS_V3",
      "score": "CVSS:3.1/AV:L/AC:L/PR:L/UI:N/S:U/C:L/I:N/A:N"
    }
  ],
  "affected": [
    {
      "package": {
        "ecosystem": "Maven",
        "name": "org.jenkins-ci.plugins:squashtm-publisher"
      },
      "ranges": [
        {
          "type": "ECOSYSTEM",
          "events": [
            {
              "introduced": "0"
            },
            {
              "last_affected": "1.0.0"
            }
          ]
        }
      ]
    }
  ],
  "references": [
    {
      "type": "ADVISORY",
      "url": "https://nvd.nist.gov/vuln/detail/CVE-2022-34213"
    },
    {
      "type": "PACKAGE",
      "url": "https://github.com/jenkinsci/squashtm-publisher-plugin"
    },
    {
      "type": "WEB",
      "url": "https://www.jenkins.io/security/advisory/2022-06-22/#SECURITY-2089"
    }
  ],
  "database_specific": {
    "cwe_ids": [
      "CWE-522"
    ],
    "severity": "LOW",
    "github_reviewed": true,
    "github_reviewed_at": "2022-07-27T21:14:56Z",
    "nvd_published_at": "2022-06-23T17:15:00Z"
  }
}