{
  "schema_version": "1.4.0",
  "id": "GHSA-rxvj-5mv6-j5mc",
  "modified": "2023-07-28T20:44:06Z",
  "published": "2023-07-28T09:30:29Z",
  "aliases": [
    "CVE-2023-3990"
  ],
  "summary": "Cross-site Scripting in Mingsoft MCMS",
  "details": "A Cross-site Scripting vulnerability has been found in Mingsoft MCMS up to 5.3.1. This affects an unknown part of the file search.do of the component HTTP POST Request Handler. The manipulation of the argument style leads to cross site scripting. It is possible to initiate the attack remotely. The exploit has been disclosed to the public and may be used. It is recommended to apply a patch to fix this issue. The associated identifier of this vulnerability is VDB-235611.",
  "severity": [
    {
      "type": "CVSS_V3",
      "score": "CVSS:3.0/AV:N/AC:L/PR:L/UI:R/S:U/C:N/I:L/A:N"
    }
  ],
  "affected": [
    {
      "package": {
        "ecosystem": "Maven",
        "name": "net.mingsoft:ms-mcms"
      },
      "ranges": [
        {
          "type": "ECOSYSTEM",
          "events": [
            {
              "introduced": "0"
            },
            {
              "fixed": "5.3.2"
            }
          ]
        }
      ],
      "database_specific": {
        "last_known_affected_version_range": "<= 5.3.1"
      }
    }
  ],
  "references": [
    {
      "type": "ADVISORY",
      "url": "https://nvd.nist.gov/vuln/detail/CVE-2023-3990"
    },
    {
      "type": "WEB",
      "url": "https://gitee.com/mingSoft/MCMS/issues/I7K4DQ"
    },
    {
      "type": "PACKAGE",
      "url": "https://github.com/ming-soft/MCMS"
    },
    {
      "type": "WEB",
      "url": "https://vuldb.com/?ctiid.235611"
    },
    {
      "type": "WEB",
      "url": "https://vuldb.com/?id.235611"
    }
  ],
  "database_specific": {
    "cwe_ids": [
      "CWE-79"
    ],
    "severity": "LOW",
    "github_reviewed": true,
    "github_reviewed_at": "2023-07-28T20:44:06Z",
    "nvd_published_at": "2023-07-28T07:15:09Z"
  }
}