{
  "schema_version": "1.4.0",
  "id": "GHSA-w7rg-7wq2-pjrw",
  "modified": "2024-12-12T19:34:27Z",
  "published": "2024-10-10T12:31:13Z",
  "aliases": [
    "CVE-2024-45149"
  ],
  "summary": "Magento Open Source Improper Access Control vulnerability",
  "details": "Magento Open Source versions 2.4.7-p2, 2.4.6-p7, 2.4.5-p9, 2.4.4-p10 and earlier are affected by an Improper Access Control vulnerability that could result in a Security feature bypass. A high-privileged attacker could leverage this vulnerability to bypass security measures and have a low impact on confidentiality. Exploitation of this issue does not require user interaction.",
  "severity": [
    {
      "type": "CVSS_V3",
      "score": "CVSS:3.1/AV:N/AC:L/PR:H/UI:N/S:U/C:L/I:N/A:N"
    }
  ],
  "affected": [
    {
      "package": {
        "ecosystem": "Packagist",
        "name": "magento/community-edition"
      },
      "ranges": [
        {
          "type": "ECOSYSTEM",
          "events": [
            {
              "introduced": "2.4.7-beta1"
            },
            {
              "fixed": "2.4.7-p3"
            }
          ]
        }
      ]
    },
    {
      "package": {
        "ecosystem": "Packagist",
        "name": "magento/community-edition"
      },
      "ranges": [
        {
          "type": "ECOSYSTEM",
          "events": [
            {
              "introduced": "2.4.6-p1"
            },
            {
              "fixed": "2.4.6-p8"
            }
          ]
        }
      ]
    },
    {
      "package": {
        "ecosystem": "Packagist",
        "name": "magento/community-edition"
      },
      "ranges": [
        {
          "type": "ECOSYSTEM",
          "events": [
            {
              "introduced": "2.4.5-p1"
            },
            {
              "fixed": "2.4.5-p10"
            }
          ]
        }
      ]
    },
    {
      "package": {
        "ecosystem": "Packagist",
        "name": "magento/community-edition"
      },
      "ranges": [
        {
          "type": "ECOSYSTEM",
          "events": [
            {
              "introduced": "0"
            },
            {
              "fixed": "2.4.4-p11"
            }
          ]
        }
      ]
    },
    {
      "package": {
        "ecosystem": "Packagist",
        "name": "magento/community-edition"
      },
      "versions": [
        "2.4.7"
      ]
    },
    {
      "package": {
        "ecosystem": "Packagist",
        "name": "magento/community-edition"
      },
      "versions": [
        "2.4.6"
      ]
    },
    {
      "package": {
        "ecosystem": "Packagist",
        "name": "magento/community-edition"
      },
      "versions": [
        "2.4.5"
      ]
    },
    {
      "package": {
        "ecosystem": "Packagist",
        "name": "magento/community-edition"
      },
      "versions": [
        "2.4.4"
      ]
    }
  ],
  "references": [
    {
      "type": "ADVISORY",
      "url": "https://nvd.nist.gov/vuln/detail/CVE-2024-45149"
    },
    {
      "type": "PACKAGE",
      "url": "https://github.com/magento/magento2"
    },
    {
      "type": "WEB",
      "url": "https://helpx.adobe.com/security/products/magento/apsb24-73.html"
    }
  ],
  "database_specific": {
    "cwe_ids": [
      "CWE-284"
    ],
    "severity": "LOW",
    "github_reviewed": true,
    "github_reviewed_at": "2024-10-11T17:09:26Z",
    "nvd_published_at": "2024-10-10T10:15:08Z"
  }
}