{
  "schema_version": "1.4.0",
  "id": "GHSA-89f3-74m6-g27g",
  "modified": "2023-08-17T22:18:44Z",
  "published": "2022-05-13T01:12:59Z",
  "aliases": [
    "CVE-2013-1833"
  ],
  "summary": "Moodle Multiple cross-site scripting (XSS) vulnerabilities in the File Picker module",
  "details": "Multiple cross-site scripting (XSS) vulnerabilities in the File Picker module in Moodle 2.x through 2.1.10, 2.2.x before 2.2.8, 2.3.x before 2.3.5, and 2.4.x before 2.4.2 allow remote authenticated users to inject arbitrary web script or HTML via a crafted filename.",
  "severity": [],
  "affected": [
    {
      "package": {
        "ecosystem": "Packagist",
        "name": "moodle/moodle"
      },
      "ranges": [
        {
          "type": "ECOSYSTEM",
          "events": [
            {
              "introduced": "2.0.0"
            },
            {
              "last_affected": "2.1.10"
            }
          ]
        }
      ]
    },
    {
      "package": {
        "ecosystem": "Packagist",
        "name": "moodle/moodle"
      },
      "ranges": [
        {
          "type": "ECOSYSTEM",
          "events": [
            {
              "introduced": "2.2.0"
            },
            {
              "fixed": "2.2.8"
            }
          ]
        }
      ]
    },
    {
      "package": {
        "ecosystem": "Packagist",
        "name": "moodle/moodle"
      },
      "ranges": [
        {
          "type": "ECOSYSTEM",
          "events": [
            {
              "introduced": "2.3.0"
            },
            {
              "fixed": "2.3.5"
            }
          ]
        }
      ]
    },
    {
      "package": {
        "ecosystem": "Packagist",
        "name": "moodle/moodle"
      },
      "ranges": [
        {
          "type": "ECOSYSTEM",
          "events": [
            {
              "introduced": "2.4.0"
            },
            {
              "fixed": "2.4.2"
            }
          ]
        }
      ]
    }
  ],
  "references": [
    {
      "type": "ADVISORY",
      "url": "https://nvd.nist.gov/vuln/detail/CVE-2013-1833"
    },
    {
      "type": "WEB",
      "url": "https://github.com/moodle/moodle/commit/75822af579ec07cca1c6781a7c989625dcdd5463"
    },
    {
      "type": "WEB",
      "url": "https://github.com/moodle/moodle/commit/93e9ea9989ec6e91153d9651c9a4bc7dac1cf9ce"
    },
    {
      "type": "WEB",
      "url": "https://github.com/moodle/moodle/commit/954b35451112c333c0ae77dff25dafbf41587c26"
    },
    {
      "type": "WEB",
      "url": "https://github.com/moodle/moodle/commit/ca2a7956b2957d8495e154409694d205bb4ae3ef"
    },
    {
      "type": "PACKAGE",
      "url": "https://github.com/moodle/moodle"
    },
    {
      "type": "WEB",
      "url": "https://moodle.org/mod/forum/discuss.php?d=225344"
    },
    {
      "type": "WEB",
      "url": "http://git.moodle.org/gw?p=moodle.git&a=search&h=HEAD&st=commit&s=MDL-37507"
    },
    {
      "type": "WEB",
      "url": "http://lists.fedoraproject.org/pipermail/package-announce/2013-April/101310.html"
    },
    {
      "type": "WEB",
      "url": "http://lists.fedoraproject.org/pipermail/package-announce/2013-April/101358.html"
    },
    {
      "type": "WEB",
      "url": "http://openwall.com/lists/oss-security/2013/03/25/2"
    }
  ],
  "database_specific": {
    "cwe_ids": [
      "CWE-79"
    ],
    "severity": "LOW",
    "github_reviewed": true,
    "github_reviewed_at": "2023-08-17T22:18:44Z",
    "nvd_published_at": "2013-03-25T21:55:00Z"
  }
}