{
  "schema_version": "1.4.0",
  "id": "GHSA-c7j7-p5jq-26ff",
  "modified": "2023-07-05T18:49:05Z",
  "published": "2018-10-10T17:29:20Z",
  "aliases": [
    "CVE-2014-1831"
  ],
  "summary": "Insecure use of temporary files in passenger",
  "details": "Phusion Passenger before 4.0.38 allows local users to write to certain files and directories via a symlink attack on \n1. `control_process.pid` or \n2. a generation-* file.",
  "severity": [],
  "affected": [
    {
      "package": {
        "ecosystem": "RubyGems",
        "name": "passenger"
      },
      "ranges": [
        {
          "type": "ECOSYSTEM",
          "events": [
            {
              "introduced": "0"
            },
            {
              "fixed": "4.0.38"
            }
          ]
        }
      ]
    }
  ],
  "references": [
    {
      "type": "ADVISORY",
      "url": "https://nvd.nist.gov/vuln/detail/CVE-2014-1831"
    },
    {
      "type": "WEB",
      "url": "https://github.com/phusion/passenger/commit/34b1087870c2"
    },
    {
      "type": "WEB",
      "url": "https://bugs.debian.org/cgi-bin/bugreport.cgi?bug=736958"
    },
    {
      "type": "WEB",
      "url": "https://bugzilla.redhat.com/show_bug.cgi?id=1058992"
    },
    {
      "type": "ADVISORY",
      "url": "https://github.com/advisories/GHSA-c7j7-p5jq-26ff"
    },
    {
      "type": "PACKAGE",
      "url": "https://github.com/phusion/passenger"
    },
    {
      "type": "WEB",
      "url": "https://github.com/rubysec/ruby-advisory-db/blob/master/gems/passenger/CVE-2014-1831.yml"
    },
    {
      "type": "WEB",
      "url": "http://lists.fedoraproject.org/pipermail/package-announce/2015-February/149032.html"
    },
    {
      "type": "WEB",
      "url": "http://openwall.com/lists/oss-security/2014/01/28/8"
    },
    {
      "type": "WEB",
      "url": "http://openwall.com/lists/oss-security/2014/01/30/3"
    }
  ],
  "database_specific": {
    "cwe_ids": [],
    "severity": "LOW",
    "github_reviewed": true,
    "github_reviewed_at": "2020-06-16T21:30:30Z",
    "nvd_published_at": "2015-02-19T15:59:00Z"
  }
}