{
  "schema_version": "1.4.0",
  "id": "GHSA-c4qr-gmr9-v23w",
  "modified": "2021-03-02T03:32:25Z",
  "published": "2021-03-03T02:18:08Z",
  "aliases": [
    "CVE-2021-21322"
  ],
  "summary": "Prefix escape",
  "details": "### Impact\n\nBy crafting a specific URL, it is possible to escape the prefix of the proxied backend service.\nIf the base url of the proxied server is `/pub/`, a user expect that accessing `/priv` on the target service would not be possible. Unfortunately, it is.\n\n[CVSS:3.1/AV:N/AC:L/PR:N/UI:N/S:C/C:H/I:H/A:N](https://www.first.org/cvss/calculator/3.1#CVSS:3.1/AV:N/AC:L/PR:N/UI:N/S:C/C:H/I:H/A:N)\n\n### Patches\n\nAll releases after v4.3.1 include the fix.\n\n### Workarounds\n\nThere are no workaround available.\n\n### For more information\nIf you have any questions or comments about this advisory:\n* Open an issue in [fastify-reply-from](https://github.com/fastify/fastify-reply-from)\n* Email us at [hello@matteocollina.com](mailto:hello@matteocollina.com)",
  "severity": [
    {
      "type": "CVSS_V3",
      "score": "CVSS:3.1/AV:N/AC:L/PR:N/UI:N/S:C/C:H/I:H/A:N"
    }
  ],
  "affected": [
    {
      "package": {
        "ecosystem": "npm",
        "name": "fastify-http-proxy"
      },
      "ranges": [
        {
          "type": "ECOSYSTEM",
          "events": [
            {
              "introduced": "0"
            },
            {
              "fixed": "4.3.1"
            }
          ]
        }
      ]
    }
  ],
  "references": [
    {
      "type": "WEB",
      "url": "https://github.com/fastify/fastify-http-proxy/security/advisories/GHSA-c4qr-gmr9-v23w"
    },
    {
      "type": "ADVISORY",
      "url": "https://nvd.nist.gov/vuln/detail/CVE-2021-21322"
    },
    {
      "type": "WEB",
      "url": "https://github.com/fastify/fastify-http-proxy/commit/02d9b43c770aa16bc44470edecfaeb7c17985016"
    },
    {
      "type": "WEB",
      "url": "https://www.npmjs.com/package/fastify-http-proxy"
    }
  ],
  "database_specific": {
    "cwe_ids": [
      "CWE-20"
    ],
    "severity": "LOW",
    "github_reviewed": true,
    "github_reviewed_at": "2021-03-02T03:32:25Z",
    "nvd_published_at": "2021-03-02T04:15:00Z"
  }
}