{
  "schema_version": "1.4.0",
  "id": "GHSA-99hm-86h7-gr3g",
  "modified": "2024-07-22T13:16:40Z",
  "published": "2024-06-08T21:30:38Z",
  "aliases": [
    "CVE-2024-4680"
  ],
  "summary": "zenml-io/zenml does not expire the session after password reset",
  "details": "A vulnerability in zenml-io/zenml version 0.56.3 allows attackers to reuse old session credentials or session IDs due to insufficient session expiration. Specifically, the session does not expire after a password change, enabling an attacker to maintain access to a compromised account without the victim's ability to revoke this access. This issue was observed in a self-hosted ZenML deployment via Docker, where after changing the password from one browser, the session remained active and usable in another browser without requiring re-authentication.",
  "severity": [
    {
      "type": "CVSS_V3",
      "score": "CVSS:3.0/AV:N/AC:H/PR:H/UI:R/S:U/C:L/I:L/A:L"
    },
    {
      "type": "CVSS_V4",
      "score": "CVSS:4.0/AV:N/AC:L/AT:P/PR:H/UI:P/VC:L/VI:L/VA:L/SC:N/SI:N/SA:N"
    }
  ],
  "affected": [
    {
      "package": {
        "ecosystem": "PyPI",
        "name": "zenml"
      },
      "ranges": [
        {
          "type": "ECOSYSTEM",
          "events": [
            {
              "introduced": "0"
            },
            {
              "last_affected": "0.56.3"
            }
          ]
        }
      ]
    }
  ],
  "references": [
    {
      "type": "ADVISORY",
      "url": "https://nvd.nist.gov/vuln/detail/CVE-2024-4680"
    },
    {
      "type": "PACKAGE",
      "url": "https://github.com/zenml-io/zenml"
    },
    {
      "type": "WEB",
      "url": "https://huntr.com/bounties/c88f6bd2-490d-4930-98dd-03651b20230a"
    }
  ],
  "database_specific": {
    "cwe_ids": [
      "CWE-613"
    ],
    "severity": "LOW",
    "github_reviewed": true,
    "github_reviewed_at": "2024-06-10T18:36:32Z",
    "nvd_published_at": "2024-06-08T20:15:52Z"
  }
}