{
  "schema_version": "1.4.0",
  "id": "GHSA-9pf7-f47q-mwpq",
  "modified": "2022-07-05T21:19:07Z",
  "published": "2022-05-24T17:01:50Z",
  "aliases": [
    "CVE-2019-11291"
  ],
  "summary": "Cross-site Scripting in RabbitMQ",
  "details": "Pivotal RabbitMQ, 3.7 versions prior to v3.7.20 and 3.8 version prior to v3.8.1, and RabbitMQ for PCF, 1.16.x versions prior to 1.16.7 and 1.17.x versions prior to 1.17.4, contain two endpoints, federation and shovel, which do not properly sanitize user input. A remote authenticated malicious user with administrative access could craft a cross site scripting attack via the vhost or node name fields that could grant access to virtual hosts and policy management information.",
  "severity": [
    {
      "type": "CVSS_V3",
      "score": "CVSS:3.1/AV:N/AC:L/PR:H/UI:R/S:U/C:L/I:L/A:N"
    }
  ],
  "affected": [
    {
      "package": {
        "ecosystem": "Hex",
        "name": "rabbit_common"
      },
      "ranges": [
        {
          "type": "ECOSYSTEM",
          "events": [
            {
              "introduced": "3.7.0"
            },
            {
              "fixed": "3.7.20"
            }
          ]
        }
      ]
    },
    {
      "package": {
        "ecosystem": "Hex",
        "name": "rabbit_common"
      },
      "ranges": [
        {
          "type": "ECOSYSTEM",
          "events": [
            {
              "introduced": "3.8.0"
            },
            {
              "fixed": "3.8.1"
            }
          ]
        }
      ]
    }
  ],
  "references": [
    {
      "type": "ADVISORY",
      "url": "https://nvd.nist.gov/vuln/detail/CVE-2019-11291"
    },
    {
      "type": "WEB",
      "url": "https://access.redhat.com/errata/RHSA-2020:0553"
    },
    {
      "type": "PACKAGE",
      "url": "https://github.com/rabbitmq/rabbitmq-server"
    },
    {
      "type": "WEB",
      "url": "https://pivotal.io/security/cve-2019-11291"
    }
  ],
  "database_specific": {
    "cwe_ids": [
      "CWE-79"
    ],
    "severity": "LOW",
    "github_reviewed": true,
    "github_reviewed_at": "2022-07-05T21:19:07Z",
    "nvd_published_at": "2019-11-22T23:15:00Z"
  }
}