{
  "schema_version": "1.4.0",
  "id": "GHSA-phwr-pmh3-m8g2",
  "modified": "2023-10-26T14:02:26Z",
  "published": "2022-05-13T01:17:44Z",
  "aliases": [
    "CVE-2019-1003064"
  ],
  "summary": "Jenkins aws-device-farm Plugin stores credentials in plain text",
  "details": "Jenkins aws-device-farm Plugin stores credentials unencrypted in its global configuration file `org.jenkinsci.plugins.awsdevicefarm.AWSDeviceFarmRecorder.xml` on the Jenkins controller. These credentials can be viewed by users with access to the Jenkins controller file system.",
  "severity": [
    {
      "type": "CVSS_V3",
      "score": "CVSS:3.0/AV:L/AC:L/PR:L/UI:N/S:U/C:L/I:N/A:N"
    }
  ],
  "affected": [
    {
      "package": {
        "ecosystem": "Maven",
        "name": "org.jenkins-ci.plugins:aws-device-farm"
      },
      "ranges": [
        {
          "type": "ECOSYSTEM",
          "events": [
            {
              "introduced": "0"
            },
            {
              "fixed": "1.26"
            }
          ]
        }
      ]
    }
  ],
  "references": [
    {
      "type": "ADVISORY",
      "url": "https://nvd.nist.gov/vuln/detail/CVE-2019-1003064"
    },
    {
      "type": "WEB",
      "url": "https://github.com/jenkinsci/aws-device-farm-plugin/commit/2d8cfe3cdd299c152ca5d13aada51cb69d0fec88"
    },
    {
      "type": "PACKAGE",
      "url": "https://github.com/jenkinsci/aws-device-farm-plugin"
    },
    {
      "type": "WEB",
      "url": "https://jenkins.io/security/advisory/2019-04-03/#SECURITY-835"
    },
    {
      "type": "WEB",
      "url": "http://www.openwall.com/lists/oss-security/2019/04/12/2"
    }
  ],
  "database_specific": {
    "cwe_ids": [
      "CWE-311"
    ],
    "severity": "LOW",
    "github_reviewed": true,
    "github_reviewed_at": "2023-10-26T14:02:26Z",
    "nvd_published_at": "2019-04-04T16:29:00Z"
  }
}