{
  "schema_version": "1.4.0",
  "id": "GHSA-4fh7-m2wx-6wfm",
  "modified": "2024-12-05T19:06:20Z",
  "published": "2024-12-04T21:30:52Z",
  "aliases": [
    "CVE-2024-51210"
  ],
  "summary": "Firepad allows insecure document access",
  "details": "Firepad through 1.5.11 allows remote attackers, who have knowledge of a pad ID, to retrieve both the current text of a document and all content that has previously been pasted into the document. NOTE: in several similar products, this is the intentional behavior for anyone who knows the full document ID and corresponding URL. NOTE: This vulnerability only affects products that are no longer supported by the maintainer.",
  "severity": [
    {
      "type": "CVSS_V3",
      "score": "CVSS:3.1/AV:N/AC:L/PR:N/UI:N/S:U/C:L/I:N/A:N"
    },
    {
      "type": "CVSS_V4",
      "score": "CVSS:4.0/AV:N/AC:L/AT:P/PR:N/UI:N/VC:L/VI:N/VA:N/SC:N/SI:N/SA:N/E:P"
    }
  ],
  "affected": [
    {
      "package": {
        "ecosystem": "npm",
        "name": "firepad"
      },
      "ranges": [
        {
          "type": "ECOSYSTEM",
          "events": [
            {
              "introduced": "0"
            },
            {
              "last_affected": "1.5.11"
            }
          ]
        }
      ]
    }
  ],
  "references": [
    {
      "type": "ADVISORY",
      "url": "https://nvd.nist.gov/vuln/detail/CVE-2024-51210"
    },
    {
      "type": "WEB",
      "url": "https://firebase.blog/posts/2013/04/announcing-firepad-our-open-source"
    },
    {
      "type": "PACKAGE",
      "url": "https://github.com/FirebaseExtended/firepad"
    },
    {
      "type": "WEB",
      "url": "https://github.com/FirebaseExtended/firepad/releases/tag/v1.5.11"
    },
    {
      "type": "WEB",
      "url": "https://medium.com/@adityaahuja.work/accessing-full-history-of-firepad-users-ddc889e73936"
    }
  ],
  "database_specific": {
    "cwe_ids": [
      "CWE-125",
      "CWE-200"
    ],
    "severity": "LOW",
    "github_reviewed": true,
    "github_reviewed_at": "2024-12-04T22:37:05Z",
    "nvd_published_at": "2024-12-04T21:15:24Z"
  }
}