{
  "schema_version": "1.4.0",
  "id": "GHSA-3j7w-jp46-9752",
  "modified": "2025-03-04T18:24:16Z",
  "published": "2023-10-13T09:30:22Z",
  "aliases": [
    "CVE-2023-38219"
  ],
  "summary": "Magento Open Source allows Cross-Site Scripting (XSS)",
  "details": "Adobe Commerce versions 2.4.7-beta1 (and earlier), 2.4.6-p2 (and earlier), 2.4.5-p4 (and earlier) and 2.4.4-p5 (and earlier) are affected by a stored Cross-Site Scripting (XSS) vulnerability that could be abused by a low-privileged attacker to inject malicious scripts into vulnerable form fields. Malicious JavaScript may be executed in a victim\u2019s browser when they browse to the page containing the vulnerable field. Payload is stored in an admin area, resulting in high confidentiality and integrity impact.",
  "severity": [
    {
      "type": "CVSS_V3",
      "score": "CVSS:3.1/AV:N/AC:L/PR:L/UI:R/S:C/C:H/I:H/A:N"
    },
    {
      "type": "CVSS_V4",
      "score": "CVSS:4.0/AV:N/AC:L/AT:N/PR:L/UI:P/VC:N/VI:N/VA:N/SC:H/SI:H/SA:N/E:U"
    }
  ],
  "affected": [
    {
      "package": {
        "ecosystem": "Packagist",
        "name": "magento/community-edition"
      },
      "ranges": [
        {
          "type": "ECOSYSTEM",
          "events": [
            {
              "introduced": "2.4.7-beta1"
            },
            {
              "fixed": "2.4.7-beta2"
            }
          ]
        }
      ],
      "versions": [
        "2.4.7-beta1"
      ]
    },
    {
      "package": {
        "ecosystem": "Packagist",
        "name": "magento/community-edition"
      },
      "versions": [
        "2.4.6"
      ]
    },
    {
      "package": {
        "ecosystem": "Packagist",
        "name": "magento/community-edition"
      },
      "versions": [
        "2.4.5"
      ]
    },
    {
      "package": {
        "ecosystem": "Packagist",
        "name": "magento/community-edition"
      },
      "versions": [
        "2.4.4"
      ]
    },
    {
      "package": {
        "ecosystem": "Packagist",
        "name": "magento/community-edition"
      },
      "ranges": [
        {
          "type": "ECOSYSTEM",
          "events": [
            {
              "introduced": "2.4.6-p1"
            },
            {
              "fixed": "2.4.6-p3"
            }
          ]
        }
      ]
    },
    {
      "package": {
        "ecosystem": "Packagist",
        "name": "magento/community-edition"
      },
      "ranges": [
        {
          "type": "ECOSYSTEM",
          "events": [
            {
              "introduced": "2.4.5-p1"
            },
            {
              "fixed": "2.4.5-p5"
            }
          ]
        }
      ]
    },
    {
      "package": {
        "ecosystem": "Packagist",
        "name": "magento/community-edition"
      },
      "ranges": [
        {
          "type": "ECOSYSTEM",
          "events": [
            {
              "introduced": "2.4.4-p1"
            },
            {
              "fixed": "2.4.4-p6"
            }
          ]
        }
      ]
    },
    {
      "package": {
        "ecosystem": "Packagist",
        "name": "magento/project-community-edition"
      },
      "ranges": [
        {
          "type": "ECOSYSTEM",
          "events": [
            {
              "introduced": "0"
            },
            {
              "last_affected": "2.0.2"
            }
          ]
        }
      ]
    }
  ],
  "references": [
    {
      "type": "ADVISORY",
      "url": "https://nvd.nist.gov/vuln/detail/CVE-2023-38219"
    },
    {
      "type": "PACKAGE",
      "url": "https://github.com/magento/magento2"
    },
    {
      "type": "WEB",
      "url": "https://helpx.adobe.com/security/products/magento/apsb23-50.html"
    }
  ],
  "database_specific": {
    "cwe_ids": [
      "CWE-79"
    ],
    "severity": "LOW",
    "github_reviewed": true,
    "github_reviewed_at": "2025-03-04T18:24:16Z",
    "nvd_published_at": "2023-10-13T07:15:40Z"
  }
}