{
  "schema_version": "1.4.0",
  "id": "GHSA-qpxm-689r-3849",
  "modified": "2024-10-31T16:57:20Z",
  "published": "2024-02-26T18:30:30Z",
  "aliases": [
    "CVE-2024-22371"
  ],
  "summary": "Apache Camel data exposure vulnerability",
  "details": "Exposure of sensitive data by by crafting a malicious EventFactory and providing a custom ExchangeCreatedEvent that exposes sensitive data. Vulnerability in Apache Camel. This issue affects Apache Camel: from 3.0.0 through 3.21.3, from 3.22.X through 3.22.0, from 4.0.X through 4.0.3, from 4.X through 4.3.0.\n\nUsers are recommended to upgrade to version 3.21.4, 3.22.1, 4.0.4 or 4.4.0, which fixes the issue.\n\n",
  "severity": [
    {
      "type": "CVSS_V3",
      "score": "CVSS:3.1/AV:L/AC:H/PR:N/UI:N/S:U/C:L/I:N/A:N"
    }
  ],
  "affected": [
    {
      "package": {
        "ecosystem": "Maven",
        "name": "org.apache.camel:camel-core"
      },
      "ranges": [
        {
          "type": "ECOSYSTEM",
          "events": [
            {
              "introduced": "3.0.0"
            },
            {
              "fixed": "3.21.4"
            }
          ]
        }
      ]
    },
    {
      "package": {
        "ecosystem": "Maven",
        "name": "org.apache.camel:camel-core"
      },
      "ranges": [
        {
          "type": "ECOSYSTEM",
          "events": [
            {
              "introduced": "3.22.0"
            },
            {
              "fixed": "3.22.1"
            }
          ]
        }
      ],
      "versions": [
        "3.22.0"
      ]
    },
    {
      "package": {
        "ecosystem": "Maven",
        "name": "org.apache.camel:camel-core"
      },
      "ranges": [
        {
          "type": "ECOSYSTEM",
          "events": [
            {
              "introduced": "4.0.0"
            },
            {
              "fixed": "4.0.4"
            }
          ]
        }
      ]
    },
    {
      "package": {
        "ecosystem": "Maven",
        "name": "org.apache.camel:camel-core"
      },
      "ranges": [
        {
          "type": "ECOSYSTEM",
          "events": [
            {
              "introduced": "4.1.0"
            },
            {
              "fixed": "4.4.0"
            }
          ]
        }
      ]
    }
  ],
  "references": [
    {
      "type": "ADVISORY",
      "url": "https://nvd.nist.gov/vuln/detail/CVE-2024-22371"
    },
    {
      "type": "WEB",
      "url": "https://camel.apache.org/security/CVE-2024-22371.html"
    },
    {
      "type": "PACKAGE",
      "url": "https://github.com/apache/camel"
    },
    {
      "type": "WEB",
      "url": "https://issues.apache.org/jira/browse/CAMEL-20305"
    }
  ],
  "database_specific": {
    "cwe_ids": [
      "CWE-200",
      "CWE-922"
    ],
    "severity": "LOW",
    "github_reviewed": true,
    "github_reviewed_at": "2024-02-26T21:30:37Z",
    "nvd_published_at": "2024-02-26T16:27:56Z"
  }
}