{
  "schema_version": "1.4.0",
  "id": "GHSA-cc94-hwj3-rf65",
  "modified": "2024-01-23T14:37:24Z",
  "published": "2022-05-13T01:12:59Z",
  "aliases": [
    "CVE-2013-1835"
  ],
  "summary": "Moodle's login_as feature leaks information from external repositories",
  "details": "Moodle 2.x through 2.1.10, 2.2.x before 2.2.8, 2.3.x before 2.3.5, and 2.4.x before 2.4.2 allows remote authenticated administrators to obtain sensitive information from the external repositories of arbitrary users by leveraging the login_as feature.",
  "severity": [],
  "affected": [
    {
      "package": {
        "ecosystem": "Packagist",
        "name": "moodle/moodle"
      },
      "ranges": [
        {
          "type": "ECOSYSTEM",
          "events": [
            {
              "introduced": "2.0.0"
            },
            {
              "fixed": "2.2.8"
            }
          ]
        }
      ]
    },
    {
      "package": {
        "ecosystem": "Packagist",
        "name": "moodle/moodle"
      },
      "ranges": [
        {
          "type": "ECOSYSTEM",
          "events": [
            {
              "introduced": "2.3.0"
            },
            {
              "fixed": "2.3.5"
            }
          ]
        }
      ]
    },
    {
      "package": {
        "ecosystem": "Packagist",
        "name": "moodle/moodle"
      },
      "ranges": [
        {
          "type": "ECOSYSTEM",
          "events": [
            {
              "introduced": "2.4.0"
            },
            {
              "fixed": "2.4.2"
            }
          ]
        }
      ]
    }
  ],
  "references": [
    {
      "type": "ADVISORY",
      "url": "https://nvd.nist.gov/vuln/detail/CVE-2013-1835"
    },
    {
      "type": "WEB",
      "url": "https://github.com/moodle/moodle/commit/31581ae65df05ea64031ac24c8b8f817414f1379"
    },
    {
      "type": "WEB",
      "url": "https://github.com/moodle/moodle/commit/6153c8040dd6ecdf03070ad6b538845c263bf722"
    },
    {
      "type": "WEB",
      "url": "https://github.com/moodle/moodle/commit/ded4050f1bb050770df3bc8e78dcfadf815011ea"
    },
    {
      "type": "PACKAGE",
      "url": "https://github.com/moodle/moodle"
    },
    {
      "type": "WEB",
      "url": "https://moodle.org/mod/forum/discuss.php?d=225347"
    },
    {
      "type": "WEB",
      "url": "http://git.moodle.org/gw?p=moodle.git&a=search&h=HEAD&st=commit&s=MDL-36426"
    },
    {
      "type": "WEB",
      "url": "http://lists.fedoraproject.org/pipermail/package-announce/2013-April/101310.html"
    },
    {
      "type": "WEB",
      "url": "http://lists.fedoraproject.org/pipermail/package-announce/2013-April/101358.html"
    },
    {
      "type": "WEB",
      "url": "http://openwall.com/lists/oss-security/2013/03/25/2"
    }
  ],
  "database_specific": {
    "cwe_ids": [
      "CWE-200"
    ],
    "severity": "LOW",
    "github_reviewed": true,
    "github_reviewed_at": "2024-01-23T14:37:24Z",
    "nvd_published_at": "2013-03-25T21:55:00Z"
  }
}