{
  "schema_version": "1.4.0",
  "id": "GHSA-584m-7r4m-8j6v",
  "modified": "2024-01-04T12:13:22Z",
  "published": "2023-03-10T21:30:19Z",
  "aliases": [
    "CVE-2023-27903"
  ],
  "summary": "Incorrect Authorization in Jenkins Core",
  "details": "When triggering a build from the Jenkins CLI, Jenkins creates a temporary file on the controller if a file parameter is provided through the CLI\u2019s standard input.\n\nJenkins 2.393 and earlier, LTS 2.375.3 and earlier, and , and LTS prior to 2.387.1 creates this temporary file in the default temporary directory with the default permissions for newly created files.\n\nIf these permissions are overly permissive, they may allow attackers with access to the Jenkins controller file system to read and write the file before it is used in the build.\n\nThis vulnerability only affects operating systems using a shared temporary directory for all users (typically Linux). Additionally, the default permissions for newly created files generally only allows attackers to read the temporary file.\nJenkins 2.394, LTS 2.375.4, and LTS 2.387.1 creates the temporary file with more restrictive permissions.\n\nAs a workaround, you can set a different path as your default temporary directory using the Java system property java.io.tmpdir, if you\u2019re concerned about this issue but unable to immediately update Jenkins.",
  "severity": [
    {
      "type": "CVSS_V3",
      "score": "CVSS:3.1/AV:L/AC:H/PR:L/UI:N/S:U/C:L/I:L/A:N"
    }
  ],
  "affected": [
    {
      "package": {
        "ecosystem": "Maven",
        "name": "org.jenkins-ci.main:jenkins-core"
      },
      "ranges": [
        {
          "type": "ECOSYSTEM",
          "events": [
            {
              "introduced": "2.376"
            },
            {
              "fixed": "2.387.1"
            }
          ]
        }
      ]
    },
    {
      "package": {
        "ecosystem": "Maven",
        "name": "org.jenkins-ci.main:jenkins-core"
      },
      "ranges": [
        {
          "type": "ECOSYSTEM",
          "events": [
            {
              "introduced": "0"
            },
            {
              "fixed": "2.375.4"
            }
          ]
        }
      ]
    },
    {
      "package": {
        "ecosystem": "Maven",
        "name": "org.jenkins-ci.main:jenkins-core"
      },
      "ranges": [
        {
          "type": "ECOSYSTEM",
          "events": [
            {
              "introduced": "2.388"
            },
            {
              "fixed": "2.394"
            }
          ]
        }
      ]
    }
  ],
  "references": [
    {
      "type": "ADVISORY",
      "url": "https://nvd.nist.gov/vuln/detail/CVE-2023-27903"
    },
    {
      "type": "WEB",
      "url": "https://github.com/jenkinsci/jenkins/commit/554587b06db553ce35fa362d7a0b0aef33a57afb"
    },
    {
      "type": "WEB",
      "url": "https://github.com/CVEProject/cvelist/blob/master/2023/27xxx/CVE-2023-27903.json"
    },
    {
      "type": "WEB",
      "url": "https://www.jenkins.io/security/advisory/2023-03-08/#SECURITY-3058"
    }
  ],
  "database_specific": {
    "cwe_ids": [
      "CWE-863"
    ],
    "severity": "LOW",
    "github_reviewed": true,
    "github_reviewed_at": "2023-03-16T16:00:59Z",
    "nvd_published_at": "2023-03-10T21:15:00Z"
  }
}