{
  "schema_version": "1.4.0",
  "id": "GHSA-4fpg-j5mp-783g",
  "modified": "2024-09-13T15:57:09Z",
  "published": "2022-05-13T01:49:46Z",
  "aliases": [
    "CVE-2018-13390"
  ],
  "summary": "Cloudtoken Insufficiently Protects Credentials",
  "details": "Unauthenticated access to cloudtoken daemon on Linux via network from version 0.1.1 before version 0.1.24 allows attackers on the same subnet to gain temporary AWS credentials for the users' roles.",
  "severity": [
    {
      "type": "CVSS_V3",
      "score": "CVSS:3.0/AV:A/AC:L/PR:N/UI:N/S:C/C:L/I:L/A:N"
    },
    {
      "type": "CVSS_V4",
      "score": "CVSS:4.0/AV:A/AC:L/AT:N/PR:N/UI:N/VC:N/VI:N/VA:N/SC:L/SI:L/SA:N/E:U"
    }
  ],
  "affected": [
    {
      "package": {
        "ecosystem": "PyPI",
        "name": "cloudtoken"
      },
      "ranges": [
        {
          "type": "ECOSYSTEM",
          "events": [
            {
              "introduced": "0.1.1"
            },
            {
              "fixed": "0.1.24"
            }
          ]
        }
      ]
    }
  ],
  "references": [
    {
      "type": "ADVISORY",
      "url": "https://nvd.nist.gov/vuln/detail/CVE-2018-13390"
    },
    {
      "type": "WEB",
      "url": "https://bitbucket.org/atlassian/cloudtoken/wiki/CVE-2018-13390%20-%20Exposed%20credentials%20in%20daemon%20mode%20on%20Linux"
    },
    {
      "type": "WEB",
      "url": "https://github.com/pypa/advisory-database/tree/main/vulns/cloudtoken/PYSEC-2018-1.yaml"
    }
  ],
  "database_specific": {
    "cwe_ids": [
      "CWE-522"
    ],
    "severity": "LOW",
    "github_reviewed": true,
    "github_reviewed_at": "2024-04-22T22:45:45Z",
    "nvd_published_at": "2018-08-10T15:29:00Z"
  }
}