{
  "schema_version": "1.4.0",
  "id": "GHSA-2c28-m2m7-mf55",
  "modified": "2024-03-01T14:35:04Z",
  "published": "2023-10-16T00:30:26Z",
  "aliases": [
    "CVE-2023-5588"
  ],
  "summary": "Pleroma Path Traversal vulnerability",
  "details": "A vulnerability was found in kphrx pleroma. It has been classified as problematic. This affects the function `Pleroma.Emoji.Pack` of the file `lib/pleroma/emoji/pack.ex`. The manipulation of the argument name leads to path traversal. The complexity of an attack is rather high. The exploitability is told to be difficult. This product does not use versioning. This is why information about affected and unaffected releases are unavailable. The patch is named 2c795094535537a8607cc0d3b7f076a609636f40. It is recommended to apply a patch to fix this issue. The associated identifier of this vulnerability is VDB-242187.",
  "severity": [
    {
      "type": "CVSS_V3",
      "score": "CVSS:3.0/AV:A/AC:H/PR:L/UI:N/S:U/C:L/I:N/A:N"
    }
  ],
  "affected": [
    {
      "package": {
        "ecosystem": "Hex",
        "name": "pleroma"
      },
      "ranges": [
        {
          "type": "ECOSYSTEM",
          "events": [
            {
              "introduced": "0"
            },
            {
              "fixed": "2.5.3"
            }
          ]
        }
      ]
    }
  ],
  "references": [
    {
      "type": "ADVISORY",
      "url": "https://nvd.nist.gov/vuln/detail/CVE-2023-5588"
    },
    {
      "type": "WEB",
      "url": "https://github.com/kphrx/pleroma/pull/197"
    },
    {
      "type": "WEB",
      "url": "https://github.com/kphrx/pleroma/commit/2c795094535537a8607cc0d3b7f076a609636f40"
    },
    {
      "type": "PACKAGE",
      "url": "https://github.com/kphrx/pleroma"
    },
    {
      "type": "WEB",
      "url": "https://github.com/kphrx/pleroma/commits/v2.5.3"
    },
    {
      "type": "WEB",
      "url": "https://vuldb.com/?ctiid.242187"
    },
    {
      "type": "WEB",
      "url": "https://vuldb.com/?id.242187"
    }
  ],
  "database_specific": {
    "cwe_ids": [
      "CWE-22"
    ],
    "severity": "LOW",
    "github_reviewed": true,
    "github_reviewed_at": "2023-10-19T20:01:32Z",
    "nvd_published_at": "2023-10-15T22:15:15Z"
  }
}