{
  "schema_version": "1.4.0",
  "id": "GHSA-xxc6-35r7-796w",
  "modified": "2024-01-12T16:27:29Z",
  "published": "2023-12-13T13:17:37Z",
  "aliases": [
    "CVE-2023-38694"
  ],
  "summary": "Possible injection of HTML into user invite mails",
  "details": "#### Impact\nA user with access to a specific part of the backoffice is able to inject HTML code into a form where it is not intended.\n\n#### Explanation of the vulnerability \nA person with access to the backoffice and the \"users\" section could send a user invite and inject HTML code into the invite message.",
  "severity": [
    {
      "type": "CVSS_V3",
      "score": "CVSS:3.1/AV:N/AC:L/PR:H/UI:R/S:U/C:N/I:N/A:N"
    }
  ],
  "affected": [
    {
      "package": {
        "ecosystem": "NuGet",
        "name": "Umbraco.CMS"
      },
      "ranges": [
        {
          "type": "ECOSYSTEM",
          "events": [
            {
              "introduced": "8.0.0"
            },
            {
              "fixed": "8.18.10"
            }
          ]
        }
      ]
    },
    {
      "package": {
        "ecosystem": "NuGet",
        "name": "Umbraco.CMS"
      },
      "ranges": [
        {
          "type": "ECOSYSTEM",
          "events": [
            {
              "introduced": "9.0.0"
            },
            {
              "fixed": "10.7.0"
            }
          ]
        }
      ]
    },
    {
      "package": {
        "ecosystem": "NuGet",
        "name": "Umbraco.CMS"
      },
      "ranges": [
        {
          "type": "ECOSYSTEM",
          "events": [
            {
              "introduced": "11.0.0"
            },
            {
              "fixed": "12.1.0"
            }
          ]
        }
      ]
    }
  ],
  "references": [
    {
      "type": "WEB",
      "url": "https://github.com/umbraco/Umbraco-CMS/security/advisories/GHSA-xxc6-35r7-796w"
    },
    {
      "type": "ADVISORY",
      "url": "https://nvd.nist.gov/vuln/detail/CVE-2023-38694"
    },
    {
      "type": "PACKAGE",
      "url": "https://github.com/umbraco/Umbraco-CMS"
    }
  ],
  "database_specific": {
    "cwe_ids": [
      "CWE-79"
    ],
    "severity": "LOW",
    "github_reviewed": true,
    "github_reviewed_at": "2023-12-13T13:17:37Z",
    "nvd_published_at": "2023-12-12T17:15:07Z"
  }
}