{
  "schema_version": "1.4.0",
  "id": "GHSA-f5fw-25gw-5m92",
  "modified": "2024-09-25T14:31:09Z",
  "published": "2024-09-25T09:30:46Z",
  "aliases": [
    "CVE-2024-23454"
  ],
  "summary": "Apache Hadoop: Temporary File Local Information Disclosure",
  "details": "Apache Hadoop\u2019s `RunJar.run()`\u00a0does not set permissions for temporary directory\u00a0by default. If sensitive data will be present in this file, all the other local users may be able to view the content. This is because, on unix-like systems, the system temporary directory is shared between all local users. As such, files written in this directory, without setting the correct posix permissions explicitly, may be viewable by all other local users.",
  "severity": [
    {
      "type": "CVSS_V3",
      "score": "CVSS:3.1/AV:L/AC:L/PR:L/UI:N/S:U/C:L/I:N/A:N"
    },
    {
      "type": "CVSS_V4",
      "score": "CVSS:4.0/AV:L/AC:L/AT:P/PR:L/UI:N/VC:L/VI:N/VA:N/SC:N/SI:N/SA:N"
    }
  ],
  "affected": [
    {
      "package": {
        "ecosystem": "Maven",
        "name": "org.apache.hadoop:hadoop-common"
      },
      "ranges": [
        {
          "type": "ECOSYSTEM",
          "events": [
            {
              "introduced": "0"
            },
            {
              "fixed": "3.4.0"
            }
          ]
        }
      ]
    }
  ],
  "references": [
    {
      "type": "ADVISORY",
      "url": "https://nvd.nist.gov/vuln/detail/CVE-2024-23454"
    },
    {
      "type": "WEB",
      "url": "https://github.com/apache/hadoop/commit/8c2836402fbb2f619f1fef4ef625a8542e853a64"
    },
    {
      "type": "PACKAGE",
      "url": "https://github.com/apache/hadoop"
    },
    {
      "type": "WEB",
      "url": "https://issues.apache.org/jira/browse/HADOOP-19031"
    },
    {
      "type": "WEB",
      "url": "https://lists.apache.org/thread/xlo7q8kn4tsjvx059r789oz19hzgfkfs"
    }
  ],
  "database_specific": {
    "cwe_ids": [
      "CWE-269"
    ],
    "severity": "LOW",
    "github_reviewed": true,
    "github_reviewed_at": "2024-09-25T14:31:09Z",
    "nvd_published_at": "2024-09-25T08:15:04Z"
  }
}