{
  "schema_version": "1.4.0",
  "id": "GHSA-h5h5-m2mc-j2pv",
  "modified": "2022-12-09T04:51:40Z",
  "published": "2022-07-01T00:01:08Z",
  "aliases": [
    "CVE-2022-34807"
  ],
  "summary": "Plaintext Storage of a Password in Jenkins Elasticsearch Query Plugin",
  "details": "Jenkins Elasticsearch Query Plugin 1.2 and earlier stores a password unencrypted in its global configuration file `org.jenkinsci.plugins.elasticsearchquery.ElasticsearchQueryBuilder.xml` on the Jenkins controller where it can be viewed by users with access to the Jenkins controller file system.",
  "severity": [
    {
      "type": "CVSS_V3",
      "score": "CVSS:3.1/AV:L/AC:L/PR:L/UI:N/S:U/C:L/I:N/A:N"
    }
  ],
  "affected": [
    {
      "package": {
        "ecosystem": "Maven",
        "name": "org.jenkins-ci.plugins:elasticsearch-query"
      },
      "ranges": [
        {
          "type": "ECOSYSTEM",
          "events": [
            {
              "introduced": "0"
            },
            {
              "last_affected": "1.2"
            }
          ]
        }
      ]
    }
  ],
  "references": [
    {
      "type": "ADVISORY",
      "url": "https://nvd.nist.gov/vuln/detail/CVE-2022-34807"
    },
    {
      "type": "PACKAGE",
      "url": "https://github.com/jenkinsci/elasticsearch-query-plugin"
    },
    {
      "type": "WEB",
      "url": "https://www.jenkins.io/security/advisory/2022-06-30/#SECURITY-2073"
    }
  ],
  "database_specific": {
    "cwe_ids": [
      "CWE-256",
      "CWE-522"
    ],
    "severity": "LOW",
    "github_reviewed": true,
    "github_reviewed_at": "2022-07-12T18:19:07Z",
    "nvd_published_at": "2022-06-30T18:15:00Z"
  }
}