{
  "schema_version": "1.4.0",
  "id": "GHSA-j436-h7hm-rx46",
  "modified": "2023-06-07T15:07:38Z",
  "published": "2022-05-14T00:56:48Z",
  "aliases": [
    "CVE-2015-1426"
  ],
  "summary": "Puppet Labs Facter allows local users to obtain sensitive Amazon EC2 IAM instance metadata",
  "details": "Puppet Labs Facter 1.6.0 through 2.4.0 allows local users to obtains sensitive Amazon EC2 IAM instance metadata by reading a fact for an Amazon EC2 node.",
  "severity": [],
  "affected": [
    {
      "package": {
        "ecosystem": "RubyGems",
        "name": "facter"
      },
      "ranges": [
        {
          "type": "ECOSYSTEM",
          "events": [
            {
              "introduced": "1.6.0"
            },
            {
              "fixed": "2.4.1"
            }
          ]
        }
      ]
    }
  ],
  "references": [
    {
      "type": "ADVISORY",
      "url": "https://nvd.nist.gov/vuln/detail/CVE-2015-1426"
    },
    {
      "type": "PACKAGE",
      "url": "https://github.com/puppetlabs/facter"
    },
    {
      "type": "WEB",
      "url": "https://github.com/rubysec/ruby-advisory-db/blob/master/gems/facter/CVE-2015-1426.yml"
    },
    {
      "type": "WEB",
      "url": "https://web.archive.org/web/20150906195742/http://puppetlabs.com/security/cve/cve-2015-1426"
    },
    {
      "type": "WEB",
      "url": "https://www.puppet.com/security/cve/cve-2015-1426-potential-sensitive-information-leakage-facters-amazon-ec2-metadata"
    }
  ],
  "database_specific": {
    "cwe_ids": [
      "CWE-200"
    ],
    "severity": "LOW",
    "github_reviewed": true,
    "github_reviewed_at": "2023-06-07T15:07:38Z",
    "nvd_published_at": "2015-02-23T17:59:00Z"
  }
}