{
  "schema_version": "1.4.0",
  "id": "GHSA-rvfc-g8j5-9ccf",
  "modified": "2024-04-22T19:47:34Z",
  "published": "2022-02-09T00:59:06Z",
  "aliases": [
    "CVE-2020-1717"
  ],
  "summary": "Generation of Error Message Containing Sensitive Information in Keycloak",
  "details": "A flaw was found in Keycloak 7.0.1. A logged in user can do an account email enumeration attack.",
  "severity": [
    {
      "type": "CVSS_V3",
      "score": "CVSS:3.1/AV:N/AC:L/PR:H/UI:N/S:U/C:L/I:N/A:N"
    }
  ],
  "affected": [
    {
      "package": {
        "ecosystem": "Maven",
        "name": "org.keycloak:keycloak-parent"
      },
      "ranges": [
        {
          "type": "ECOSYSTEM",
          "events": [
            {
              "introduced": "0"
            },
            {
              "last_affected": "7.0.1"
            }
          ]
        }
      ]
    }
  ],
  "references": [
    {
      "type": "ADVISORY",
      "url": "https://nvd.nist.gov/vuln/detail/CVE-2020-1717"
    },
    {
      "type": "WEB",
      "url": "https://bugzilla.redhat.com/show_bug.cgi?id=1796281"
    },
    {
      "type": "WEB",
      "url": "https://issues.jboss.org/browse/KEYCLOAK-12014"
    }
  ],
  "database_specific": {
    "cwe_ids": [
      "CWE-209"
    ],
    "severity": "LOW",
    "github_reviewed": true,
    "github_reviewed_at": "2021-04-01T16:29:50Z",
    "nvd_published_at": "2021-02-11T18:15:00Z"
  }
}