{
  "schema_version": "1.4.0",
  "id": "GHSA-jj54-5q2m-q7pj",
  "modified": "2024-05-21T20:34:18Z",
  "published": "2024-05-14T22:03:51Z",
  "aliases": [
    "CVE-2021-32026"
  ],
  "summary": "NATS server TLS missing ciphersuite settings when CLI flags used",
  "details": "(This advisory is canonically <https://advisories.nats.io/CVE/CVE-2021-32026.txt>)\n\n### Problem Description\n\nThe NATS server by default uses a restricted set of modern ciphersuites for TLS.  This selection can be overridden through configuration. The defaults include just RSA and ECDSA with either AES/GCM with a SHA2 digest or ChaCha20/Poly1305.\n\nThe configuration system allows for extensive use of CLI options to override configuration settings.  When using these to set a key/cert for TLS, the restricted ciphersuite settings were lost, enabling all ciphersuites supported by Go by default.\n\nNone of these additional ciphersuites are broken, so the NATS maintainers have fixed this in public git and the next release is not being hurried, nor is this security advisory embargoed.\n\n\n### Affected versions\n\nNATS Server:\n * All versions prior to 2.2.3\n * fixed with nats-io/nats-server commit ffccc2e1bd (2021-04-29)\n\n\n### Impact\n\nIf a server administrator chooses to start the nats-server with TLS configuration parameters provided on the command-line, then clients can negotiate TLS ciphersuites which were not expected.\n\n\n### Workaround\n\nUse a configuration file to set the TLS parameters instead of command-line options.\n\n\n### Solution\n\nUpgrade the NATS server.\n\n\n### Credits\n\nThis issue was identified and reported by SimCorp.",
  "severity": [],
  "affected": [
    {
      "package": {
        "ecosystem": "Go",
        "name": "github.com/nats-io/nats-server/v2"
      },
      "ranges": [
        {
          "type": "ECOSYSTEM",
          "events": [
            {
              "introduced": "0"
            },
            {
              "fixed": "2.2.3"
            }
          ]
        }
      ]
    }
  ],
  "references": [
    {
      "type": "WEB",
      "url": "https://github.com/nats-io/nats-server/security/advisories/GHSA-jj54-5q2m-q7pj"
    },
    {
      "type": "WEB",
      "url": "https://github.com/nats-io/nats-server/commit/ffccc2e1bd7aa2466bd9e631e976bfd7ca46f225"
    },
    {
      "type": "WEB",
      "url": "https://advisories.nats.io"
    },
    {
      "type": "WEB",
      "url": "https://advisories.nats.io/CVE/CVE-2021-32026.txt"
    },
    {
      "type": "PACKAGE",
      "url": "https://github.com/nats-io/nats-server"
    }
  ],
  "database_specific": {
    "cwe_ids": [],
    "severity": "LOW",
    "github_reviewed": true,
    "github_reviewed_at": "2024-05-14T22:03:51Z",
    "nvd_published_at": null
  }
}