{
  "schema_version": "1.4.0",
  "id": "GHSA-4ppg-2mx6-fqx9",
  "modified": "2024-01-26T01:10:53Z",
  "published": "2022-05-13T01:12:45Z",
  "aliases": [
    "CVE-2015-3179"
  ],
  "summary": "Moodle allows attackers to bypass intended login restrictions",
  "details": "login/confirm.php in Moodle through 2.5.9, 2.6.x before 2.6.11, 2.7.x before 2.7.8, and 2.8.x before 2.8.6 allows remote authenticated users to bypass intended login restrictions by leveraging access to an unconfirmed suspended account.",
  "severity": [],
  "affected": [
    {
      "package": {
        "ecosystem": "Packagist",
        "name": "moodle/moodle"
      },
      "ranges": [
        {
          "type": "ECOSYSTEM",
          "events": [
            {
              "introduced": "0"
            },
            {
              "fixed": "2.6.11"
            }
          ]
        }
      ]
    },
    {
      "package": {
        "ecosystem": "Packagist",
        "name": "moodle/moodle"
      },
      "ranges": [
        {
          "type": "ECOSYSTEM",
          "events": [
            {
              "introduced": "2.7.0"
            },
            {
              "fixed": "2.7.8"
            }
          ]
        }
      ]
    },
    {
      "package": {
        "ecosystem": "Packagist",
        "name": "moodle/moodle"
      },
      "ranges": [
        {
          "type": "ECOSYSTEM",
          "events": [
            {
              "introduced": "2.8.0"
            },
            {
              "fixed": "2.8.6"
            }
          ]
        }
      ]
    }
  ],
  "references": [
    {
      "type": "ADVISORY",
      "url": "https://nvd.nist.gov/vuln/detail/CVE-2015-3179"
    },
    {
      "type": "WEB",
      "url": "https://github.com/moodle/moodle/commit/78ec6751fc57bb17bb67c26870fea396390b9937"
    },
    {
      "type": "WEB",
      "url": "https://github.com/moodle/moodle/commit/811ae9f082697495248c6c87ec80aeaf88c851fc"
    },
    {
      "type": "WEB",
      "url": "https://github.com/moodle/moodle/commit/98c38993fd6cbd78bf5819c68c55fcfded6467c0"
    },
    {
      "type": "WEB",
      "url": "https://github.com/moodle/moodle/commit/f236dcc35c3595dfcc77932d84660056e982a310"
    },
    {
      "type": "PACKAGE",
      "url": "https://github.com/moodle/moodle"
    },
    {
      "type": "WEB",
      "url": "https://moodle.org/mod/forum/discuss.php?d=313686"
    },
    {
      "type": "WEB",
      "url": "https://web.archive.org/web/20200228054915/http://www.securityfocus.com/bid/74725"
    },
    {
      "type": "WEB",
      "url": "https://web.archive.org/web/20200501000000*/http://www.securitytracker.com/id/1032358"
    },
    {
      "type": "WEB",
      "url": "http://git.moodle.org/gw?p=moodle.git&a=search&h=HEAD&st=commit&s=MDL-50090"
    },
    {
      "type": "WEB",
      "url": "http://openwall.com/lists/oss-security/2015/05/18/1"
    }
  ],
  "database_specific": {
    "cwe_ids": [],
    "severity": "LOW",
    "github_reviewed": true,
    "github_reviewed_at": "2024-01-26T01:10:53Z",
    "nvd_published_at": "2015-06-01T19:59:00Z"
  }
}