{
  "schema_version": "1.4.0",
  "id": "GHSA-gvmr-mp5q-9wvw",
  "modified": "2022-12-09T04:54:35Z",
  "published": "2022-07-01T00:01:08Z",
  "aliases": [
    "CVE-2022-34805"
  ],
  "summary": "Plaintext Storage of a Password in Jenkins Skype notifier Plugin",
  "details": "Skype notifier Plugin 1.1.0 and earlier stores a password unencrypted in its global configuration file `hudson.plugins.skype.im.transport.SkypePublisher.xml` on the Jenkins controller as part of its configuration. This password can be viewed by users with access to the Jenkins controller file system.",
  "severity": [
    {
      "type": "CVSS_V3",
      "score": "CVSS:3.1/AV:L/AC:L/PR:L/UI:N/S:U/C:L/I:N/A:N"
    }
  ],
  "affected": [
    {
      "package": {
        "ecosystem": "Maven",
        "name": "org.jenkins-ci.plugins:skype-notifier"
      },
      "ranges": [
        {
          "type": "ECOSYSTEM",
          "events": [
            {
              "introduced": "0"
            },
            {
              "last_affected": "1.1.0"
            }
          ]
        }
      ]
    }
  ],
  "references": [
    {
      "type": "ADVISORY",
      "url": "https://nvd.nist.gov/vuln/detail/CVE-2022-34805"
    },
    {
      "type": "PACKAGE",
      "url": "https://github.com/jenkinsci/skype-im-plugin"
    },
    {
      "type": "WEB",
      "url": "https://www.jenkins.io/security/advisory/2022-06-30/#SECURITY-2160"
    }
  ],
  "database_specific": {
    "cwe_ids": [
      "CWE-256",
      "CWE-522"
    ],
    "severity": "LOW",
    "github_reviewed": true,
    "github_reviewed_at": "2022-07-13T15:42:18Z",
    "nvd_published_at": "2022-06-30T18:15:00Z"
  }
}