{
  "schema_version": "1.4.0",
  "id": "GHSA-6324-52pr-h4p5",
  "modified": "2024-01-12T16:28:06Z",
  "published": "2023-12-13T13:24:53Z",
  "aliases": [
    "CVE-2023-49089"
  ],
  "summary": "Using the directory back payload (\u201c/../\u201d) in a package name allows placement of package in other folders.",
  "details": "#### Impact\nBackoffice users with permissions to create packages can use path traversal and thereby write outside of the expected location.\n\n#### Explanation of the vulnerability \nThe \u201cPackage\u201d section in Umbraco Backoffice allows a logged in user to write folders outside of the default package directory.",
  "severity": [
    {
      "type": "CVSS_V3",
      "score": "CVSS:3.1/AV:N/AC:L/PR:L/UI:N/S:C/C:N/I:N/A:N"
    }
  ],
  "affected": [
    {
      "package": {
        "ecosystem": "NuGet",
        "name": "Umbraco.CMS"
      },
      "ranges": [
        {
          "type": "ECOSYSTEM",
          "events": [
            {
              "introduced": "8.0.0"
            },
            {
              "fixed": "8.18.10"
            }
          ]
        }
      ]
    },
    {
      "package": {
        "ecosystem": "NuGet",
        "name": "Umbraco.CMS"
      },
      "ranges": [
        {
          "type": "ECOSYSTEM",
          "events": [
            {
              "introduced": "9.0.0"
            },
            {
              "fixed": "10.8.1"
            }
          ]
        }
      ]
    },
    {
      "package": {
        "ecosystem": "NuGet",
        "name": "Umbraco.CMS"
      },
      "ranges": [
        {
          "type": "ECOSYSTEM",
          "events": [
            {
              "introduced": "11.0.0"
            },
            {
              "fixed": "12.3.4"
            }
          ]
        }
      ]
    }
  ],
  "references": [
    {
      "type": "WEB",
      "url": "https://github.com/umbraco/Umbraco-CMS/security/advisories/GHSA-6324-52pr-h4p5"
    },
    {
      "type": "ADVISORY",
      "url": "https://nvd.nist.gov/vuln/detail/CVE-2023-49089"
    },
    {
      "type": "PACKAGE",
      "url": "https://github.com/umbraco/Umbraco-CMS"
    }
  ],
  "database_specific": {
    "cwe_ids": [
      "CWE-22"
    ],
    "severity": "LOW",
    "github_reviewed": true,
    "github_reviewed_at": "2023-12-13T13:24:53Z",
    "nvd_published_at": "2023-12-12T19:15:07Z"
  }
}