{
  "schema_version": "1.4.0",
  "id": "GHSA-hxf5-99xg-86hw",
  "modified": "2024-11-06T14:28:24Z",
  "published": "2024-11-05T22:19:59Z",
  "aliases": [
    "CVE-2024-51756"
  ],
  "summary": "cap-std doesn't fully sandbox all the Windows device filenames",
  "details": "### Impact\n\ncap-std's filesystem sandbox implementation on Windows blocks access to special device filenames such as \"COM1\", \"COM2\", \"LPT0\", \"LPT1\", and so on, however it did not block access to the special device filenames which use superscript digits, such as \"COM\u00b9\", \"COM\u00b2\", \"LPT\u2070\", \"LPT\u00b9\", and so on. Untrusted filesystem paths could bypass the sandbox and access devices through those special device filenames with superscript digits, and through them provide access peripheral devices connected to the computer, or network resources mapped to those devices. This can include modems, printers, network printers, and any other device connected to a serial or parallel port, including emulated USB serial ports.\n\n### Patches\n\nThe bug is fixed in https://github.com/bytecodealliance/cap-std/pull/371, which is published in cap-primitives 3.4.1, cap-std 3.4.1, and cap-async-std 3.4.1.\n\n### Workarounds\n\nThere are no known workarounds for this issue. Affected Windows users are recommended to upgrade.\n\n### References\n\n - [Microsoft's documentation](https://learn.microsoft.com/en-us/windows/win32/fileio/naming-a-file#naming-conventions) of the special device filenames\n - [ISO-8859-1](https://en.wikipedia.org/wiki/ISO/IEC_8859-1)\n - https://github.com/bytecodealliance/cap-std/pull/371\n",
  "severity": [
    {
      "type": "CVSS_V4",
      "score": "CVSS:4.0/AV:N/AC:L/AT:P/PR:L/UI:N/VC:L/VI:L/VA:L/SC:N/SI:N/SA:N"
    }
  ],
  "affected": [
    {
      "package": {
        "ecosystem": "crates.io",
        "name": "cap-std"
      },
      "ranges": [
        {
          "type": "ECOSYSTEM",
          "events": [
            {
              "introduced": "0"
            },
            {
              "fixed": "3.4.1"
            }
          ]
        }
      ]
    },
    {
      "package": {
        "ecosystem": "crates.io",
        "name": "cap-async-std"
      },
      "ranges": [
        {
          "type": "ECOSYSTEM",
          "events": [
            {
              "introduced": "0"
            },
            {
              "fixed": "3.4.1"
            }
          ]
        }
      ]
    },
    {
      "package": {
        "ecosystem": "crates.io",
        "name": "cap-primitives"
      },
      "ranges": [
        {
          "type": "ECOSYSTEM",
          "events": [
            {
              "introduced": "0"
            },
            {
              "fixed": "3.4.1"
            }
          ]
        }
      ]
    }
  ],
  "references": [
    {
      "type": "WEB",
      "url": "https://github.com/bytecodealliance/cap-std/security/advisories/GHSA-hxf5-99xg-86hw"
    },
    {
      "type": "ADVISORY",
      "url": "https://nvd.nist.gov/vuln/detail/CVE-2024-51756"
    },
    {
      "type": "WEB",
      "url": "https://github.com/bytecodealliance/cap-std/pull/371"
    },
    {
      "type": "WEB",
      "url": "https://github.com/bytecodealliance/cap-std/commit/dcc3818039761331fbeacbb3a40c542b65b5ebf7"
    },
    {
      "type": "WEB",
      "url": "https://en.wikipedia.org/wiki/ISO/IEC_8859-1"
    },
    {
      "type": "PACKAGE",
      "url": "https://github.com/bytecodealliance/cap-std"
    },
    {
      "type": "WEB",
      "url": "https://learn.microsoft.com/en-us/windows/win32/fileio/naming-a-file#naming-conventions"
    }
  ],
  "database_specific": {
    "cwe_ids": [
      "CWE-22"
    ],
    "severity": "LOW",
    "github_reviewed": true,
    "github_reviewed_at": "2024-11-05T22:19:59Z",
    "nvd_published_at": "2024-11-05T22:15:21Z"
  }
}