{
  "schema_version": "1.4.0",
  "id": "GHSA-6v67-2wr5-gvf4",
  "modified": "2025-01-03T19:06:48Z",
  "published": "2024-12-19T18:31:37Z",
  "aliases": [
    "CVE-2024-12801"
  ],
  "summary": "QOS.CH logback-core Server-Side Request Forgery vulnerability",
  "details": "Server-Side Request Forgery (SSRF) in SaxEventRecorder by QOS.CH logback version 1.5.12 on the Java platform, allows an attacker to forge requests by compromising logback configuration files in XML.\n \nThe attacks involves the modification of DOCTYPE declaration in\u00a0 XML configuration files.",
  "severity": [
    {
      "type": "CVSS_V4",
      "score": "CVSS:4.0/AV:L/AC:L/AT:P/PR:L/UI:P/VC:L/VI:N/VA:L/SC:H/SI:H/SA:H/V:D/U:Clear"
    }
  ],
  "affected": [
    {
      "package": {
        "ecosystem": "Maven",
        "name": "ch.qos.logback:logback-core"
      },
      "ranges": [
        {
          "type": "ECOSYSTEM",
          "events": [
            {
              "introduced": "1.4.0"
            },
            {
              "fixed": "1.5.13"
            }
          ]
        }
      ]
    },
    {
      "package": {
        "ecosystem": "Maven",
        "name": "ch.qos.logback:logback-core"
      },
      "ranges": [
        {
          "type": "ECOSYSTEM",
          "events": [
            {
              "introduced": "0"
            },
            {
              "fixed": "1.3.15"
            }
          ]
        }
      ]
    }
  ],
  "references": [
    {
      "type": "ADVISORY",
      "url": "https://nvd.nist.gov/vuln/detail/CVE-2024-12801"
    },
    {
      "type": "WEB",
      "url": "https://github.com/qos-ch/logback/commit/5f05041cba4c4ac0a62748c5c527a2da48999f2d"
    },
    {
      "type": "PACKAGE",
      "url": "https://github.com/qos-ch/logback"
    },
    {
      "type": "WEB",
      "url": "https://logback.qos.ch/news.html#1.3.15"
    },
    {
      "type": "WEB",
      "url": "https://logback.qos.ch/news.html#1.5.13"
    }
  ],
  "database_specific": {
    "cwe_ids": [
      "CWE-918"
    ],
    "severity": "LOW",
    "github_reviewed": true,
    "github_reviewed_at": "2024-12-19T22:22:44Z",
    "nvd_published_at": "2024-12-19T17:15:08Z"
  }
}