{
  "schema_version": "1.4.0",
  "id": "GHSA-vm69-474v-7q2w",
  "modified": "2022-07-08T18:59:32Z",
  "published": "2022-05-05T02:48:41Z",
  "aliases": [
    "CVE-2013-0248"
  ],
  "summary": "Incorrect Default Permissions in Apache Commons FileUpload",
  "details": "The default configuration of javax.servlet.context.tempdir in Apache Commons FileUpload 1.0 through 1.2.2 uses the /tmp directory for uploaded files, which allows local users to overwrite arbitrary files via an unspecified symlink attack.",
  "severity": [],
  "affected": [
    {
      "package": {
        "ecosystem": "Maven",
        "name": "commons-fileupload:commons-fileupload"
      },
      "ranges": [
        {
          "type": "ECOSYSTEM",
          "events": [
            {
              "introduced": "1.0"
            },
            {
              "fixed": "1.2.2"
            }
          ]
        }
      ]
    }
  ],
  "references": [
    {
      "type": "ADVISORY",
      "url": "https://nvd.nist.gov/vuln/detail/CVE-2013-0248"
    },
    {
      "type": "WEB",
      "url": "https://security.gentoo.org/glsa/202107-39"
    },
    {
      "type": "WEB",
      "url": "http://archives.neohapsis.com/archives/bugtraq/2013-03/0035.html"
    },
    {
      "type": "WEB",
      "url": "http://marc.info/?l=bugtraq&m=144050155601375&w=2"
    },
    {
      "type": "WEB",
      "url": "http://www.oracle.com/technetwork/security-advisory/cpuoct2017-3236626.html"
    },
    {
      "type": "WEB",
      "url": "http://www.osvdb.org/90906"
    }
  ],
  "database_specific": {
    "cwe_ids": [
      "CWE-276"
    ],
    "severity": "LOW",
    "github_reviewed": true,
    "github_reviewed_at": "2022-07-08T18:59:32Z",
    "nvd_published_at": "2013-03-15T20:55:00Z"
  }
}