{
  "schema_version": "1.4.0",
  "id": "GHSA-q586-xpwr-jc3j",
  "modified": "2023-08-16T22:21:01Z",
  "published": "2022-05-14T02:05:29Z",
  "aliases": [
    "CVE-2014-5274"
  ],
  "summary": "phpMyAdmin cross-site scripting vulnerability in crafted view name",
  "details": "A cross-site scripting (XSS) vulnerability in the view operations page in phpMyAdmin 4.1.x before 4.1.14.3 and 4.2.x before 4.2.7.1 allows remote authenticated users to inject arbitrary web script or HTML via a crafted view name, related to `js/functions.js`.",
  "severity": [],
  "affected": [
    {
      "package": {
        "ecosystem": "Packagist",
        "name": "phpmyadmin/phpmyadmin"
      },
      "ranges": [
        {
          "type": "ECOSYSTEM",
          "events": [
            {
              "introduced": "4.1.0"
            },
            {
              "fixed": "4.1.14.3"
            }
          ]
        }
      ]
    },
    {
      "package": {
        "ecosystem": "Packagist",
        "name": "phpmyadmin/phpmyadmin"
      },
      "ranges": [
        {
          "type": "ECOSYSTEM",
          "events": [
            {
              "introduced": "4.2.0"
            },
            {
              "fixed": "4.2.7.1"
            }
          ]
        }
      ]
    }
  ],
  "references": [
    {
      "type": "ADVISORY",
      "url": "https://nvd.nist.gov/vuln/detail/CVE-2014-5274"
    },
    {
      "type": "WEB",
      "url": "https://github.com/phpmyadmin/phpmyadmin/commit/0cd293f5e13aa245e4a57b8d373597cc0e421b6f"
    },
    {
      "type": "WEB",
      "url": "http://lists.opensuse.org/opensuse-updates/2014-08/msg00045.html"
    },
    {
      "type": "WEB",
      "url": "http://www.phpmyadmin.net/home_page/security/PMASA-2014-9.php"
    }
  ],
  "database_specific": {
    "cwe_ids": [
      "CWE-79"
    ],
    "severity": "LOW",
    "github_reviewed": true,
    "github_reviewed_at": "2023-08-16T22:21:01Z",
    "nvd_published_at": "2014-08-22T01:55:00Z"
  }
}