{
  "schema_version": "1.4.0",
  "id": "GHSA-6chf-hhqf-749c",
  "modified": "2025-04-02T17:10:48Z",
  "published": "2025-04-01T00:30:34Z",
  "aliases": [
    "CVE-2025-31684"
  ],
  "summary": "Drupal OAuth2 Client Cross-Site Request Forgery (CSRF)",
  "details": "Cross-Site Request Forgery (CSRF) vulnerability in Drupal OAuth2 Client allows Cross Site Request Forgery. This issue affects OAuth2 Client: from 0.0.0 before 4.1.3.",
  "severity": [
    {
      "type": "CVSS_V4",
      "score": "CVSS:4.0/AV:N/AC:H/AT:N/PR:N/UI:N/VC:N/VI:L/VA:N/SC:N/SI:N/SA:N/E:U"
    }
  ],
  "affected": [
    {
      "package": {
        "ecosystem": "Packagist",
        "name": "drupal/oauth2_client"
      },
      "ranges": [
        {
          "type": "ECOSYSTEM",
          "events": [
            {
              "introduced": "0"
            },
            {
              "fixed": "4.1.3"
            }
          ]
        }
      ]
    }
  ],
  "references": [
    {
      "type": "ADVISORY",
      "url": "https://nvd.nist.gov/vuln/detail/CVE-2025-31684"
    },
    {
      "type": "PACKAGE",
      "url": "https://git.drupalcode.org/project/oauth2_client"
    },
    {
      "type": "WEB",
      "url": "https://www.drupal.org/sa-contrib-2025-013"
    }
  ],
  "database_specific": {
    "cwe_ids": [
      "CWE-352"
    ],
    "severity": "LOW",
    "github_reviewed": true,
    "github_reviewed_at": "2025-04-02T17:10:48Z",
    "nvd_published_at": "2025-03-31T22:15:20Z"
  }
}