{
  "schema_version": "1.4.0",
  "id": "GHSA-cvp7-c586-cmf4",
  "modified": "2022-02-01T15:17:33Z",
  "published": "2022-01-28T22:01:45Z",
  "withdrawn": "2022-02-01T15:17:33Z",
  "aliases": [
    "CVE-2022-0329"
  ],
  "summary": "Withdrawn: Code Injection in loguru",
  "details": "# Withdrawn\n\nThis advisory has been withdrawn after the maintainers of loguru noted this issue is not a security vulnerability and the CVE has been revoked. We have [stopped](https://github.com/Delgan/loguru/issues/563#issuecomment-1025223732) Dependabot alerts regarding this issue.\n\n## Original Description\n\nIn versions of loguru up to and including 0.5.3 a lack of sanitization on log serialization can lead to arbitrary code execution. The maintainer disputes the issue, but has altered behavior of the library in commit 4b0070a4f30cbf6d5e12e6274b242b62ea11c81b. See https://github.com/Delgan/loguru/issues/563 for further discussion of the issue. The function in question is intended for internal use only, but is not restricted. This has been patched in version 0.6.0.",
  "severity": [],
  "affected": [
    {
      "package": {
        "ecosystem": "PyPI",
        "name": "loguru"
      },
      "ranges": [
        {
          "type": "ECOSYSTEM",
          "events": [
            {
              "introduced": "0"
            },
            {
              "fixed": "0.6.0"
            }
          ]
        }
      ],
      "database_specific": {
        "last_known_affected_version_range": "<= 0.5.3"
      }
    }
  ],
  "references": [
    {
      "type": "ADVISORY",
      "url": "https://nvd.nist.gov/vuln/detail/CVE-2022-0329"
    },
    {
      "type": "WEB",
      "url": "https://github.com/Delgan/loguru/issues/563"
    },
    {
      "type": "WEB",
      "url": "https://github.com/delgan/loguru/commit/4b0070a4f30cbf6d5e12e6274b242b62ea11c81b"
    },
    {
      "type": "PACKAGE",
      "url": "https://github.com/delgan/loguru"
    },
    {
      "type": "WEB",
      "url": "https://huntr.dev/bounties/1-pypi-loguru"
    },
    {
      "type": "WEB",
      "url": "https://tomforb.es/cve-2022-0329-and-the-problems-with-automated-vulnerability-management"
    }
  ],
  "database_specific": {
    "cwe_ids": [
      "CWE-94"
    ],
    "severity": "LOW",
    "github_reviewed": true,
    "github_reviewed_at": "2022-01-25T23:33:20Z",
    "nvd_published_at": "2022-01-21T11:15:00Z"
  }
}