{
  "schema_version": "1.4.0",
  "id": "GHSA-9fwf-46g9-45rx",
  "modified": "2022-12-06T13:41:12Z",
  "published": "2022-09-17T00:00:41Z",
  "withdrawn": "2022-12-06T13:41:12Z",
  "aliases": [
    "CVE-2022-40154"
  ],
  "summary": "Denial of Service via stack overflow",
  "details": "## Withdrawn\n\nThis advisory has been withdrawn because it has been found to be a duplicate. Please see the issue [here](https://github.com/x-stream/xstream/issues/304#issuecomment-1293654236) for more information.\n\n## Original Despcription \n\nThose using FasterXML/woodstox to serialise XML data may be vulnerable to Denial of Service attacks (DOS). If the parser is running on user supplied input, an attacker may supply content that causes the parser to crash by stack overflow. This effect may support a denial of service attack.\n\nThis vulnerability is only relevant for users making use of the DTD parsing functionality. ",
  "severity": [],
  "affected": [
    {
      "package": {
        "ecosystem": "Maven",
        "name": "com.fasterxml.woodstox:woodstox-core"
      },
      "ranges": [
        {
          "type": "ECOSYSTEM",
          "events": [
            {
              "introduced": "6.0.0"
            },
            {
              "fixed": "6.4.0"
            }
          ]
        }
      ]
    },
    {
      "package": {
        "ecosystem": "Maven",
        "name": "com.fasterxml.woodstox:woodstox-core"
      },
      "ranges": [
        {
          "type": "ECOSYSTEM",
          "events": [
            {
              "introduced": "0"
            },
            {
              "fixed": "5.4.0"
            }
          ]
        }
      ]
    }
  ],
  "references": [
    {
      "type": "ADVISORY",
      "url": "https://nvd.nist.gov/vuln/detail/CVE-2022-40154"
    },
    {
      "type": "WEB",
      "url": "https://github.com/FasterXML/woodstox/issues/157"
    },
    {
      "type": "WEB",
      "url": "https://github.com/FasterXML/woodstox/issues/160"
    },
    {
      "type": "WEB",
      "url": "https://github.com/x-stream/xstream/issues/304"
    },
    {
      "type": "WEB",
      "url": "https://github.com/FasterXML/woodstox/pull/159"
    },
    {
      "type": "WEB",
      "url": "https://bugs.chromium.org/p/oss-fuzz/issues/detail?id=50393"
    },
    {
      "type": "PACKAGE",
      "url": "https://github.com/FasterXML/woodstox"
    }
  ],
  "database_specific": {
    "cwe_ids": [
      "CWE-787"
    ],
    "severity": "LOW",
    "github_reviewed": true,
    "github_reviewed_at": "2022-09-21T20:50:31Z",
    "nvd_published_at": "2022-09-16T10:15:00Z"
  }
}