{
  "schema_version": "1.4.0",
  "id": "GHSA-jj78-5fmv-mv28",
  "modified": "2024-10-09T23:46:55Z",
  "published": "2024-10-03T21:31:05Z",
  "aliases": [
    "CVE-2024-9266"
  ],
  "summary": "Express Open Redirect vulnerability",
  "details": "URL Redirection to Untrusted Site ('Open Redirect') vulnerability in Express. This vulnerability affects the use of the Express Response object. This issue impacts Express: from 3.4.5 before 4.0.0-rc1.",
  "severity": [
    {
      "type": "CVSS_V3",
      "score": "CVSS:3.1/AV:N/AC:L/PR:N/UI:R/S:C/C:L/I:N/A:N"
    },
    {
      "type": "CVSS_V4",
      "score": "CVSS:4.0/AV:N/AC:L/AT:N/PR:N/UI:P/VC:N/VI:N/VA:N/SC:L/SI:N/SA:N/E:P"
    }
  ],
  "affected": [
    {
      "package": {
        "ecosystem": "npm",
        "name": "express"
      },
      "ranges": [
        {
          "type": "ECOSYSTEM",
          "events": [
            {
              "introduced": "3.4.5"
            },
            {
              "fixed": "4.0.0-rc1"
            }
          ]
        }
      ]
    }
  ],
  "references": [
    {
      "type": "ADVISORY",
      "url": "https://nvd.nist.gov/vuln/detail/CVE-2024-9266"
    },
    {
      "type": "PACKAGE",
      "url": "https://github.com/expressjs/express"
    },
    {
      "type": "WEB",
      "url": "https://github.com/expressjs/express/compare/3.4.4...3.4.5"
    },
    {
      "type": "WEB",
      "url": "https://www.herodevs.com/vulnerability-directory/cve-2024-9266"
    }
  ],
  "database_specific": {
    "cwe_ids": [
      "CWE-601"
    ],
    "severity": "LOW",
    "github_reviewed": true,
    "github_reviewed_at": "2024-10-09T17:03:12Z",
    "nvd_published_at": "2024-10-03T19:15:05Z"
  }
}