{
  "schema_version": "1.4.0",
  "id": "GHSA-r657-33vp-gp22",
  "modified": "2022-09-21T20:43:57Z",
  "published": "2022-09-21T20:43:57Z",
  "aliases": [
    "CVE-2022-39231"
  ],
  "summary": "parse-server auth adapter app ID validation can be circumvented",
  "details": "### Impact\n\nValidation of the authentication adapter app ID for _Facebook_ and _Spotify_ may be circumvented.\n\nThis fixes a vulnerability that affects configurations which allow users to authenticate using the Parse Server authentication adapter for _Facebook_ or _Spotify_ and where the server-side authentication adapter configuration `appIds` is set as a string (e.g. `abc`) instead of an array of strings (e.g. `[\"abc\"]`). The vulnerability makes it possible to authenticate requests which are coming from a _Facebook_ or _Spotify_ app with a different app ID than the one specified in the `appIds` configuration.\n\nBoth adapters still validate the access token with the respective authentication provider. An app ID is automatically assigned by the authentication provider. For this vulnerability to be exploited, an attacker would have to be assigned an app ID by the authentication provider which is a sub-set of the server-side configured app ID.\n\nThe documentation did not explicitly specify that the parameter `appIds` must be set as an array of strings and setting a string also worked. Therefore, there is a possibility that there are deployments where `appIds` is set as a string, making them vulnerable.\n\n### Patches\n\nThe fix makes Parse Server check the type of the value set for `appIds` and throws an error if the value is not an array.\n\n### Workarounds\n\nNo known workarounds.\n\n### References\n\n- GitHub advisory [GHSA-r657-33vp-gp22](https://github.com/parse-community/parse-server/security/advisories/GHSA-r657-33vp-gp22)",
  "severity": [
    {
      "type": "CVSS_V3",
      "score": "CVSS:3.1/AV:N/AC:H/PR:N/UI:N/S:U/C:N/I:L/A:N"
    }
  ],
  "affected": [
    {
      "package": {
        "ecosystem": "npm",
        "name": "parse-server"
      },
      "ranges": [
        {
          "type": "ECOSYSTEM",
          "events": [
            {
              "introduced": "0"
            },
            {
              "fixed": "4.10.16"
            }
          ]
        }
      ]
    },
    {
      "package": {
        "ecosystem": "npm",
        "name": "parse-server"
      },
      "ranges": [
        {
          "type": "ECOSYSTEM",
          "events": [
            {
              "introduced": "5.0.0"
            },
            {
              "fixed": "5.2.7"
            }
          ]
        }
      ]
    }
  ],
  "references": [
    {
      "type": "WEB",
      "url": "https://github.com/parse-community/parse-server/security/advisories/GHSA-r657-33vp-gp22"
    },
    {
      "type": "ADVISORY",
      "url": "https://nvd.nist.gov/vuln/detail/CVE-2022-39231"
    },
    {
      "type": "WEB",
      "url": "https://github.com/parse-community/parse-server/commit/8c8ec715739e0f851338cfed794409ebac66c51b"
    },
    {
      "type": "PACKAGE",
      "url": "https://github.com/parse-community/parse-server"
    },
    {
      "type": "WEB",
      "url": "https://github.com/parse-community/parse-server/releases/tag/4.10.16"
    },
    {
      "type": "WEB",
      "url": "https://github.com/parse-community/parse-server/releases/tag/5.2.7"
    }
  ],
  "database_specific": {
    "cwe_ids": [
      "CWE-287"
    ],
    "severity": "LOW",
    "github_reviewed": true,
    "github_reviewed_at": "2022-09-21T20:43:57Z",
    "nvd_published_at": "2022-09-23T08:15:00Z"
  }
}