{
  "schema_version": "1.4.0",
  "id": "GHSA-8jh9-wqpf-q52c",
  "modified": "2022-11-23T15:49:51Z",
  "published": "2022-11-23T15:49:51Z",
  "aliases": [],
  "summary": "sweetalert2 v8.19.1 and above contains hidden functionality",
  "details": "`sweetalert2` versions 8.19.1 and up until 9.0.0 are vulnerable to hidden functionality that was introduced by the maintainer. The package outputs audio and/or video messages that do not pertain to the functionality of the package and is not included in versions below 8.19.1.\n\n### Workaround\nUse a version < 8.19.1 of the package until the maintainer releases a fix.",
  "severity": [],
  "affected": [
    {
      "package": {
        "ecosystem": "npm",
        "name": "sweetalert2"
      },
      "ranges": [
        {
          "type": "ECOSYSTEM",
          "events": [
            {
              "introduced": "8.19.1"
            }
          ]
        }
      ],
      "database_specific": {
        "last_known_affected_version_range": "< 9.0.0"
      }
    }
  ],
  "references": [
    {
      "type": "PACKAGE",
      "url": "https://github.com/sweetalert2/sweetalert2"
    },
    {
      "type": "WEB",
      "url": "https://github.com/sweetalert2/sweetalert2/releases/tag/v11.4.9"
    },
    {
      "type": "WEB",
      "url": "https://www.npmjs.com/package/sweetalert2"
    }
  ],
  "database_specific": {
    "cwe_ids": [
      "CWE-912"
    ],
    "severity": "LOW",
    "github_reviewed": true,
    "github_reviewed_at": "2022-11-23T15:49:51Z",
    "nvd_published_at": null
  }
}