{
  "schema_version": "1.4.0",
  "id": "GHSA-7qm4-p377-fr2r",
  "modified": "2022-11-22T19:42:50Z",
  "published": "2022-05-13T01:11:29Z",
  "aliases": [
    "CVE-2017-15709"
  ],
  "summary": "ActiveMQ's OpenWire protocol exposes certain system details as plain text",
  "details": "When using the OpenWire protocol in ActiveMQ versions 5.14.0 to 5.15.2 it was found that certain system details (such as the OS and kernel version) are exposed as plain text.",
  "severity": [
    {
      "type": "CVSS_V3",
      "score": "CVSS:3.0/AV:N/AC:H/PR:N/UI:N/S:U/C:L/I:N/A:N"
    }
  ],
  "affected": [
    {
      "package": {
        "ecosystem": "Maven",
        "name": "org.apache.activemq:activemq-openwire-generator"
      },
      "ranges": [
        {
          "type": "ECOSYSTEM",
          "events": [
            {
              "introduced": "5.14.0"
            },
            {
              "fixed": "5.15.3"
            }
          ]
        }
      ]
    },
    {
      "package": {
        "ecosystem": "Maven",
        "name": "org.apache.activemq:activemq-parent"
      },
      "ranges": [
        {
          "type": "ECOSYSTEM",
          "events": [
            {
              "introduced": "5.15.0"
            },
            {
              "fixed": "5.15.3"
            }
          ]
        }
      ]
    },
    {
      "package": {
        "ecosystem": "Maven",
        "name": "org.apache.activemq:activemq-parent"
      },
      "ranges": [
        {
          "type": "ECOSYSTEM",
          "events": [
            {
              "introduced": "5.14.0"
            },
            {
              "fixed": "5.14.6"
            }
          ]
        }
      ]
    }
  ],
  "references": [
    {
      "type": "ADVISORY",
      "url": "https://nvd.nist.gov/vuln/detail/CVE-2017-15709"
    },
    {
      "type": "WEB",
      "url": "https://github.com/apache/activemq/commit/8ff18c5e254bf43395f2e0d7e3a1092b33ec646"
    },
    {
      "type": "WEB",
      "url": "https://github.com/apache/activemq/commit/d2e49be3a8f21d862726c1f6bc9e1caa6ee8b58"
    },
    {
      "type": "PACKAGE",
      "url": "https://github.com/apache/activemq"
    },
    {
      "type": "WEB",
      "url": "https://issues.apache.org/jira/browse/AMQ-6871"
    },
    {
      "type": "WEB",
      "url": "https://lists.apache.org/thread.html/03f91b1fb85686a848cee6b90112cf6059bd1b21b23bacaa11a962e1@%3Cdev.activemq.apache.org%3E"
    },
    {
      "type": "WEB",
      "url": "https://lists.apache.org/thread.html/2b5c0039197a4949f29e1e2c9441ab38d242946b966f61c110808bcc@%3Ccommits.activemq.apache.org%3E"
    },
    {
      "type": "WEB",
      "url": "https://lists.apache.org/thread.html/2b6f04a552c6ec2de6563c2df3bba813f0fe9c7e22cce27b7829db89@%3Cdev.activemq.apache.org%3E"
    },
    {
      "type": "WEB",
      "url": "https://lists.apache.org/thread.html/3f1e41bc9153936e065ca3094bd89ff8167ad2d39ac0b410f24382d2@%3Cgitbox.activemq.apache.org%3E"
    },
    {
      "type": "WEB",
      "url": "https://lists.apache.org/thread.html/a859563f05fbe7c31916b3178c2697165bd9bbf5a65d1cf62aef27d2@%3Ccommits.activemq.apache.org%3E"
    },
    {
      "type": "WEB",
      "url": "https://lists.apache.org/thread.html/c0ec53b72b3240b187afb1cf67e4309a9e5f607282010aa196734814@%3Cgitbox.activemq.apache.org%3E"
    },
    {
      "type": "WEB",
      "url": "https://lists.apache.org/thread.html/fcbe6ad00f1de142148c20d813fae3765dc4274955e3e2f3ca19ff7b@%3Cdev.activemq.apache.org%3E"
    },
    {
      "type": "WEB",
      "url": "https://lists.debian.org/debian-lts-announce/2021/03/msg00005.html"
    }
  ],
  "database_specific": {
    "cwe_ids": [
      "CWE-200"
    ],
    "severity": "LOW",
    "github_reviewed": true,
    "github_reviewed_at": "2022-11-22T19:42:50Z",
    "nvd_published_at": "2018-02-13T20:29:00Z"
  }
}