{
  "schema_version": "1.4.0",
  "id": "GHSA-7hf6-hggp-vvp9",
  "modified": "2023-10-26T15:42:13Z",
  "published": "2022-05-13T01:15:03Z",
  "aliases": [
    "CVE-2019-10299"
  ],
  "summary": "Jenkins CloudCoreo DeployTime Plugin stores credentials in plain text",
  "details": "Jenkins CloudCoreo DeployTime Plugin stores credentials unencrypted in its global configuration file `com.cloudcoreo.plugins.jenkins.CloudCoreoBuildWrapper.xml` on the Jenkins controller. These credentials can be viewed by users with access to the Jenkins controller file system.",
  "severity": [
    {
      "type": "CVSS_V3",
      "score": "CVSS:3.0/AV:L/AC:L/PR:L/UI:N/S:U/C:L/I:N/A:N"
    }
  ],
  "affected": [
    {
      "package": {
        "ecosystem": "Maven",
        "name": "com.cloudcoreo.plugins:cloudcoreo-deploytime"
      },
      "ranges": [
        {
          "type": "ECOSYSTEM",
          "events": [
            {
              "introduced": "0"
            },
            {
              "last_affected": "0.2.3"
            }
          ]
        }
      ]
    }
  ],
  "references": [
    {
      "type": "ADVISORY",
      "url": "https://nvd.nist.gov/vuln/detail/CVE-2019-10299"
    },
    {
      "type": "WEB",
      "url": "https://jenkins.io/security/advisory/2019-04-03/#SECURITY-960"
    },
    {
      "type": "WEB",
      "url": "http://www.openwall.com/lists/oss-security/2019/04/12/2"
    }
  ],
  "database_specific": {
    "cwe_ids": [
      "CWE-522"
    ],
    "severity": "LOW",
    "github_reviewed": true,
    "github_reviewed_at": "2023-10-26T15:42:13Z",
    "nvd_published_at": "2019-04-04T16:29:00Z"
  }
}