{
  "schema_version": "1.4.0",
  "id": "GHSA-cg4h-cfjp-h3x2",
  "modified": "2022-12-22T13:50:16Z",
  "published": "2022-05-24T17:33:09Z",
  "aliases": [
    "CVE-2020-2319"
  ],
  "summary": "Password stored in plain text by Jenkins VMware Lab Manager Slaves Plugin",
  "details": "Jenkins VMware Lab Manager Slaves Plugin 0.2.8 and earlier stores a password unencrypted in the global `config.xml` file on the Jenkins controller, where it can be viewed by users with access to the Jenkins controller file system.",
  "severity": [
    {
      "type": "CVSS_V3",
      "score": "CVSS:3.1/AV:L/AC:L/PR:L/UI:N/S:U/C:L/I:N/A:N"
    }
  ],
  "affected": [
    {
      "package": {
        "ecosystem": "Maven",
        "name": "org.jenkins-ci.plugins:labmanager"
      },
      "ranges": [
        {
          "type": "ECOSYSTEM",
          "events": [
            {
              "introduced": "0"
            },
            {
              "last_affected": "0.2.8"
            }
          ]
        }
      ]
    }
  ],
  "references": [
    {
      "type": "ADVISORY",
      "url": "https://nvd.nist.gov/vuln/detail/CVE-2020-2319"
    },
    {
      "type": "PACKAGE",
      "url": "https://github.com/jenkinsci/labmanager-plugin"
    },
    {
      "type": "WEB",
      "url": "https://www.jenkins.io/security/advisory/2020-11-04/#SECURITY-2084"
    }
  ],
  "database_specific": {
    "cwe_ids": [
      "CWE-256",
      "CWE-522"
    ],
    "severity": "LOW",
    "github_reviewed": true,
    "github_reviewed_at": "2022-12-22T13:50:16Z",
    "nvd_published_at": "2020-11-04T15:15:00Z"
  }
}