{
  "schema_version": "1.4.0",
  "id": "GHSA-m3f4-957x-m785",
  "modified": "2024-03-01T14:41:48Z",
  "published": "2024-02-12T21:30:55Z",
  "aliases": [
    "CVE-2021-4437"
  ],
  "summary": "lambda-middleware Inefficient Regular Expression Complexity vulnerability",
  "details": "A vulnerability, which was classified as problematic, has been found in dbartholomae lambda-middleware frameguard up to 1.0.4. Affected by this issue is some unknown functionality of the file packages/json-deserializer/src/JsonDeserializer.ts of the component JSON Mime-Type Handler. The manipulation leads to inefficient regular expression complexity. Upgrading to version 1.1.0 is able to address this issue. The patch is identified as f689404d830cbc1edd6a1018d3334ff5f44dc6a6. It is recommended to upgrade the affected component. VDB-253406 is the identifier assigned to this vulnerability.",
  "severity": [
    {
      "type": "CVSS_V3",
      "score": "CVSS:3.1/AV:A/AC:L/PR:L/UI:N/S:U/C:N/I:N/A:L"
    }
  ],
  "affected": [
    {
      "package": {
        "ecosystem": "npm",
        "name": "@lambda-middleware/json-deserializer"
      },
      "ranges": [
        {
          "type": "ECOSYSTEM",
          "events": [
            {
              "introduced": "0"
            },
            {
              "fixed": "1.1.0"
            }
          ]
        }
      ]
    }
  ],
  "references": [
    {
      "type": "ADVISORY",
      "url": "https://nvd.nist.gov/vuln/detail/CVE-2021-4437"
    },
    {
      "type": "WEB",
      "url": "https://github.com/dbartholomae/lambda-middleware/pull/57"
    },
    {
      "type": "WEB",
      "url": "https://github.com/dbartholomae/lambda-middleware/commit/f689404d830cbc1edd6a1018d3334ff5f44dc6a6"
    },
    {
      "type": "PACKAGE",
      "url": "https://github.com/dbartholomae/lambda-middleware"
    },
    {
      "type": "WEB",
      "url": "https://github.com/dbartholomae/lambda-middleware/releases/tag/%40lambda-middleware%2Fframeguard_v1.1.0"
    },
    {
      "type": "WEB",
      "url": "https://github.com/dbartholomae/lambda-middleware/releases/tag/@lambda-middleware/frameguard_v1.1.0"
    },
    {
      "type": "WEB",
      "url": "https://vuldb.com/?ctiid.253406"
    },
    {
      "type": "WEB",
      "url": "https://vuldb.com/?id.253406"
    }
  ],
  "database_specific": {
    "cwe_ids": [
      "CWE-1333"
    ],
    "severity": "LOW",
    "github_reviewed": true,
    "github_reviewed_at": "2024-02-12T22:39:30Z",
    "nvd_published_at": "2024-02-12T20:15:07Z"
  }
}