{
  "schema_version": "1.4.0",
  "id": "GHSA-hxpp-g76m-qhvg",
  "modified": "2024-10-02T22:35:21Z",
  "published": "2024-10-02T21:30:35Z",
  "aliases": [
    "CVE-2024-45962"
  ],
  "summary": "October allows an admin account to upload PDF containing malicious JavaScript",
  "details": "October 3.6.30 allows an authenticated admin account to upload a PDF file containing malicious JavaScript into the target system. If the file is accessed through the website, it could lead to a Cross-Site Scripting (XSS) attack or execute arbitrary code via a crafted JavaScript to the target.",
  "severity": [
    {
      "type": "CVSS_V3",
      "score": "CVSS:3.1/AV:N/AC:L/PR:H/UI:R/S:C/C:L/I:L/A:N"
    },
    {
      "type": "CVSS_V4",
      "score": "CVSS:4.0/AV:N/AC:L/AT:N/PR:H/UI:A/VC:N/VI:N/VA:N/SC:L/SI:L/SA:N/E:P"
    }
  ],
  "affected": [
    {
      "package": {
        "ecosystem": "Packagist",
        "name": "october/october"
      },
      "ranges": [
        {
          "type": "ECOSYSTEM",
          "events": [
            {
              "introduced": "0"
            },
            {
              "last_affected": "3.6.4"
            }
          ]
        }
      ]
    }
  ],
  "references": [
    {
      "type": "ADVISORY",
      "url": "https://nvd.nist.gov/vuln/detail/CVE-2024-45962"
    },
    {
      "type": "PACKAGE",
      "url": "https://github.com/octobercms/october"
    },
    {
      "type": "WEB",
      "url": "https://grimthereaperteam.medium.com/october-cms-3-6-30-stored-xss-ddf2be7a226e"
    }
  ],
  "database_specific": {
    "cwe_ids": [
      "CWE-434",
      "CWE-79"
    ],
    "severity": "LOW",
    "github_reviewed": true,
    "github_reviewed_at": "2024-10-02T22:35:21Z",
    "nvd_published_at": "2024-10-02T20:15:11Z"
  }
}