{
  "schema_version": "1.4.0",
  "id": "GHSA-w429-xc55-hc48",
  "modified": "2024-11-26T18:36:08Z",
  "published": "2022-05-17T04:41:34Z",
  "aliases": [
    "CVE-2014-0134"
  ],
  "summary": "OpenStack Nova host data leak to vm instance in rescue mode",
  "details": "The instance rescue mode in OpenStack Compute (Nova) 2013.2 before 2013.2.3 and Icehouse before 2014.1, when using libvirt to spawn images and use_cow_images is set to false, allows remote authenticated users to read certain compute host files by overwriting an instance disk with a crafted image.",
  "severity": [
    {
      "type": "CVSS_V3",
      "score": "CVSS:3.1/AV:N/AC:H/PR:L/UI:N/S:U/C:L/I:N/A:N"
    },
    {
      "type": "CVSS_V4",
      "score": "CVSS:4.0/AV:N/AC:L/AT:P/PR:L/UI:N/VC:L/VI:N/VA:N/SC:N/SI:N/SA:N"
    }
  ],
  "affected": [
    {
      "package": {
        "ecosystem": "PyPI",
        "name": "nova"
      },
      "ranges": [
        {
          "type": "ECOSYSTEM",
          "events": [
            {
              "introduced": "0"
            },
            {
              "fixed": "12.0.0a0"
            }
          ]
        }
      ]
    }
  ],
  "references": [
    {
      "type": "ADVISORY",
      "url": "https://nvd.nist.gov/vuln/detail/CVE-2014-0134"
    },
    {
      "type": "WEB",
      "url": "https://github.com/openstack/nova/commit/25e761acd56d4c820273fc0245ada06c500c1637"
    },
    {
      "type": "WEB",
      "url": "https://github.com/openstack/nova/commit/d416f4310bb946b4b127201ec3c37e530d988714"
    },
    {
      "type": "WEB",
      "url": "https://github.com/openstack/nova/commit/dc8de426066969a3f0624fdc2a7b29371a2d55bf"
    },
    {
      "type": "WEB",
      "url": "https://bugs.launchpad.net/nova/+bug/1221190"
    },
    {
      "type": "PACKAGE",
      "url": "https://github.com/openstack/nova"
    },
    {
      "type": "WEB",
      "url": "https://github.com/pypa/advisory-database/tree/main/vulns/nova/PYSEC-2014-112.yaml"
    },
    {
      "type": "WEB",
      "url": "http://www.openwall.com/lists/oss-security/2014/03/27/6"
    },
    {
      "type": "WEB",
      "url": "http://www.ubuntu.com/usn/USN-2247-1"
    }
  ],
  "database_specific": {
    "cwe_ids": [
      "CWE-200"
    ],
    "severity": "LOW",
    "github_reviewed": true,
    "github_reviewed_at": "2024-05-14T21:13:59Z",
    "nvd_published_at": "2014-05-08T14:29:00Z"
  }
}