{
  "schema_version": "1.4.0",
  "id": "GHSA-c8q6-wp7v-46r9",
  "modified": "2025-04-02T17:05:50Z",
  "published": "2025-04-01T00:30:33Z",
  "aliases": [
    "CVE-2025-31678"
  ],
  "summary": "Drupal AI Missing Authorization vulnerability",
  "details": "Missing Authorization vulnerability in Drupal AI (Artificial Intelligence) allows Forceful Browsing. This issue affects AI (Artificial Intelligence): from 0.0.0 before 1.0.3.",
  "severity": [
    {
      "type": "CVSS_V4",
      "score": "CVSS:4.0/AV:N/AC:L/AT:N/PR:N/UI:N/VC:L/VI:N/VA:N/SC:N/SI:N/SA:N/E:U"
    }
  ],
  "affected": [
    {
      "package": {
        "ecosystem": "Packagist",
        "name": "drupal/ai"
      },
      "ranges": [
        {
          "type": "ECOSYSTEM",
          "events": [
            {
              "introduced": "0"
            },
            {
              "fixed": "1.0.3"
            }
          ]
        }
      ]
    }
  ],
  "references": [
    {
      "type": "ADVISORY",
      "url": "https://nvd.nist.gov/vuln/detail/CVE-2025-31678"
    },
    {
      "type": "PACKAGE",
      "url": "https://git.drupalcode.org/project/ai"
    },
    {
      "type": "WEB",
      "url": "https://www.drupal.org/sa-contrib-2025-004"
    }
  ],
  "database_specific": {
    "cwe_ids": [
      "CWE-862"
    ],
    "severity": "LOW",
    "github_reviewed": true,
    "github_reviewed_at": "2025-04-02T17:05:49Z",
    "nvd_published_at": "2025-03-31T22:15:20Z"
  }
}