{
  "schema_version": "1.4.0",
  "id": "GHSA-qjmg-77xh-7mjw",
  "modified": "2024-01-15T21:03:05Z",
  "published": "2022-05-17T02:01:56Z",
  "aliases": [
    "CVE-2011-0728"
  ],
  "summary": "Loggerhead XSS via filename",
  "details": "Cross-site scripting (XSS) vulnerability in `templatefunctions.py` in Loggerhead before 1.18.1 allows remote authenticated users to inject arbitrary web script or HTML via a filename, which is not properly handled in a revision view.",
  "severity": [],
  "affected": [
    {
      "package": {
        "ecosystem": "PyPI",
        "name": "loggerhead"
      },
      "ranges": [
        {
          "type": "ECOSYSTEM",
          "events": [
            {
              "introduced": "0"
            },
            {
              "fixed": "1.18.1"
            }
          ]
        }
      ]
    }
  ],
  "references": [
    {
      "type": "ADVISORY",
      "url": "https://nvd.nist.gov/vuln/detail/CVE-2011-0728"
    },
    {
      "type": "WEB",
      "url": "https://bugs.launchpad.net/loggerhead/+bug/740142"
    },
    {
      "type": "WEB",
      "url": "https://exchange.xforce.ibmcloud.com/vulnerabilities/66305"
    },
    {
      "type": "WEB",
      "url": "https://launchpad.net/loggerhead/1.18/1.18.1"
    },
    {
      "type": "WEB",
      "url": "https://web.archive.org/web/20200228162139/http://www.securityfocus.com/bid/47032"
    },
    {
      "type": "WEB",
      "url": "http://lists.fedoraproject.org/pipermail/package-announce/2011-April/057413.html"
    },
    {
      "type": "WEB",
      "url": "http://lists.fedoraproject.org/pipermail/package-announce/2011-April/057479.html"
    },
    {
      "type": "WEB",
      "url": "http://lists.fedoraproject.org/pipermail/package-announce/2011-April/057502.html"
    }
  ],
  "database_specific": {
    "cwe_ids": [
      "CWE-79"
    ],
    "severity": "LOW",
    "github_reviewed": true,
    "github_reviewed_at": "2024-01-15T21:03:05Z",
    "nvd_published_at": "2011-03-29T18:55:00Z"
  }
}