{
  "schema_version": "1.4.0",
  "id": "GHSA-v444-jggx-6v7f",
  "modified": "2024-01-05T15:27:09Z",
  "published": "2024-01-04T21:30:24Z",
  "withdrawn": "2024-01-05T15:27:09Z",
  "aliases": [],
  "summary": "Duplicate Advisory: Race Condition leading to logging errors",
  "details": "### Duplicate Advisory\nThis advisory has been withdrawn because it is a duplicate of GHSA-hjp3-5g2q-7jww. This link is maintained to preserve external references.\n\n### Original Description\nA race condition exists in Audited 4.0.0 to 5.3.3 that can result in an authenticated user to cause audit log entries to be attributed to another user.\n\n",
  "severity": [
    {
      "type": "CVSS_V3",
      "score": "CVSS:3.1/AV:N/AC:H/PR:L/UI:N/S:U/C:N/I:L/A:N"
    }
  ],
  "affected": [
    {
      "package": {
        "ecosystem": "RubyGems",
        "name": "audited"
      },
      "ranges": [
        {
          "type": "ECOSYSTEM",
          "events": [
            {
              "introduced": "4.0.0"
            }
          ]
        }
      ],
      "database_specific": {
        "last_known_affected_version_range": "< 5.3.3"
      }
    }
  ],
  "references": [
    {
      "type": "WEB",
      "url": "https://github.com/collectiveidea/audited/security/advisories/GHSA-hjp3-5g2q-7jww"
    },
    {
      "type": "ADVISORY",
      "url": "https://nvd.nist.gov/vuln/detail/CVE-2024-22047"
    },
    {
      "type": "WEB",
      "url": "https://github.com/collectiveidea/audited/issues/601"
    },
    {
      "type": "WEB",
      "url": "https://github.com/collectiveidea/audited/pull/669"
    },
    {
      "type": "WEB",
      "url": "https://github.com/collectiveidea/audited/pull/671"
    },
    {
      "type": "ADVISORY",
      "url": "https://github.com/advisories/GHSA-hjp3-5g2q-7jww"
    },
    {
      "type": "WEB",
      "url": "https://vulncheck.com/advisories/vc-advisory-GHSA-hjp3-5g2q-7jww"
    }
  ],
  "database_specific": {
    "cwe_ids": [
      "CWE-362"
    ],
    "severity": "LOW",
    "github_reviewed": true,
    "github_reviewed_at": "2024-01-05T15:27:09Z",
    "nvd_published_at": "2024-01-04T21:15:09Z"
  }
}