{
  "schema_version": "1.4.0",
  "id": "GHSA-gx7g-wjxg-jwwj",
  "modified": "2022-04-18T22:17:42Z",
  "published": "2022-04-04T00:00:55Z",
  "aliases": [
    "CVE-2022-0088"
  ],
  "summary": "Cross-Site Request Forgery in YOURLS",
  "details": "YOURLS versions 1.8.2 and prior are vulnerable to Cross-Site Request Forgery.",
  "severity": [
    {
      "type": "CVSS_V3",
      "score": "CVSS:3.0/AV:N/AC:L/PR:L/UI:R/S:U/C:L/I:N/A:N"
    }
  ],
  "affected": [
    {
      "package": {
        "ecosystem": "Packagist",
        "name": "yourls/yourls"
      },
      "ranges": [
        {
          "type": "ECOSYSTEM",
          "events": [
            {
              "introduced": "0"
            },
            {
              "last_affected": "1.8.2"
            }
          ]
        }
      ]
    }
  ],
  "references": [
    {
      "type": "ADVISORY",
      "url": "https://nvd.nist.gov/vuln/detail/CVE-2022-0088"
    },
    {
      "type": "WEB",
      "url": "https://github.com/YOURLS/YOURLS/issues/3170"
    },
    {
      "type": "WEB",
      "url": "https://github.com/YOURLS/YOURLS/pull/3264"
    },
    {
      "type": "WEB",
      "url": "https://github.com/yourls/yourls/commit/1de256d8694b0ec7d4df2ac1d5976d4055e09d59"
    },
    {
      "type": "PACKAGE",
      "url": "https://github.com/yourls/yourls"
    },
    {
      "type": "WEB",
      "url": "https://huntr.dev/bounties/d01f0726-1a0f-4575-ae17-4b5319b11c29"
    }
  ],
  "database_specific": {
    "cwe_ids": [
      "CWE-352"
    ],
    "severity": "LOW",
    "github_reviewed": true,
    "github_reviewed_at": "2022-04-05T18:02:00Z",
    "nvd_published_at": "2022-04-03T09:15:00Z"
  }
}