{
  "schema_version": "1.4.0",
  "id": "GHSA-vwgf-7f9h-h499",
  "modified": "2025-01-21T18:29:05Z",
  "published": "2024-06-06T21:30:36Z",
  "aliases": [
    "CVE-2024-2171"
  ],
  "summary": "Cross site scripting in zenml",
  "details": "A stored Cross-Site Scripting (XSS) vulnerability was identified in the zenml-io/zenml repository, specifically within the 'logo_url' field. By injecting malicious payloads into this field, an attacker could send harmful messages to other users, potentially compromising their accounts. The vulnerability affects version 0.55.3 and was fixed in version 0.56.2. The impact of exploiting this vulnerability could lead to user account compromise.",
  "severity": [
    {
      "type": "CVSS_V3",
      "score": "CVSS:3.1/AV:N/AC:L/PR:H/UI:R/S:C/C:L/I:N/A:N"
    }
  ],
  "affected": [
    {
      "package": {
        "ecosystem": "PyPI",
        "name": "zenml"
      },
      "ranges": [
        {
          "type": "ECOSYSTEM",
          "events": [
            {
              "introduced": "0"
            },
            {
              "fixed": "0.56.2"
            }
          ]
        }
      ]
    }
  ],
  "references": [
    {
      "type": "ADVISORY",
      "url": "https://nvd.nist.gov/vuln/detail/CVE-2024-2171"
    },
    {
      "type": "WEB",
      "url": "https://github.com/zenml-io/zenml/commit/68bcb3ba60cba9729c9713a49c39502d40fb945e"
    },
    {
      "type": "WEB",
      "url": "https://github.com/pypa/advisory-database/tree/main/vulns/zenml/PYSEC-2024-170.yaml"
    },
    {
      "type": "PACKAGE",
      "url": "https://github.com/zenml-io/zenml"
    },
    {
      "type": "WEB",
      "url": "https://huntr.com/bounties/cee06a28-7e3b-460b-b504-69add838ebe8"
    }
  ],
  "database_specific": {
    "cwe_ids": [
      "CWE-79"
    ],
    "severity": "LOW",
    "github_reviewed": true,
    "github_reviewed_at": "2024-06-06T22:28:34Z",
    "nvd_published_at": "2024-06-06T19:15:53Z"
  }
}