{
  "schema_version": "1.4.0",
  "id": "GHSA-qh54-9vc5-m9fg",
  "modified": "2021-10-11T21:16:02Z",
  "published": "2021-10-12T16:06:30Z",
  "aliases": [],
  "summary": "MD5 hash support in github.com/foxcpp/maddy",
  "details": "### Impact\n\nThis vulnerability affects maddy 0.5.1, 0.5.0 users using auth.shadow module\nand an extremely outdated system that still allows MD5 hashes in \n/etc/shadows.\n\n### Patches\n\nPatch is available as part of the 0.5.2 release.\n\n### Workarounds\n\nEnsure MD5 hashes are not present in /etc/shadow.\n",
  "severity": [
    {
      "type": "CVSS_V3",
      "score": "CVSS:3.1/AV:L/AC:H/PR:H/UI:N/S:U/C:L/I:L/A:N"
    }
  ],
  "affected": [
    {
      "package": {
        "ecosystem": "Go",
        "name": "github.com/foxcpp/maddy"
      },
      "ranges": [
        {
          "type": "ECOSYSTEM",
          "events": [
            {
              "introduced": "0.5.0"
            },
            {
              "fixed": "0.5.2"
            }
          ]
        }
      ]
    }
  ],
  "references": [
    {
      "type": "WEB",
      "url": "https://github.com/foxcpp/maddy/security/advisories/GHSA-qh54-9vc5-m9fg"
    },
    {
      "type": "PACKAGE",
      "url": "https://github.com/foxcpp/maddy"
    }
  ],
  "database_specific": {
    "cwe_ids": [
      "CWE-261"
    ],
    "severity": "LOW",
    "github_reviewed": true,
    "github_reviewed_at": "2021-10-11T21:16:02Z",
    "nvd_published_at": null
  }
}