{
  "schema_version": "1.4.0",
  "id": "GHSA-377p-g8gr-5wpg",
  "modified": "2024-11-22T20:26:56Z",
  "published": "2024-05-03T18:30:37Z",
  "aliases": [
    "CVE-2024-31636"
  ],
  "summary": "LIEF obtain sensitive information via the name parameter",
  "details": "An issue in LIEF v.0.14.1 allows a local attacker to obtain sensitive information via the name parameter of the machd_reader.c component.",
  "severity": [
    {
      "type": "CVSS_V3",
      "score": "CVSS:3.1/AV:L/AC:L/PR:L/UI:R/S:U/C:L/I:L/A:N"
    }
  ],
  "affected": [
    {
      "package": {
        "ecosystem": "PyPI",
        "name": "lief"
      },
      "ranges": [
        {
          "type": "ECOSYSTEM",
          "events": [
            {
              "introduced": "0"
            },
            {
              "fixed": "0.15.0"
            }
          ]
        }
      ]
    }
  ],
  "references": [
    {
      "type": "ADVISORY",
      "url": "https://nvd.nist.gov/vuln/detail/CVE-2024-31636"
    },
    {
      "type": "WEB",
      "url": "https://github.com/lief-project/LIEF/issues/1038"
    },
    {
      "type": "WEB",
      "url": "https://github.com/lief-project/LIEF/commit/307e113f8e00b034f0a5f1baa33e54d636c52ea3"
    },
    {
      "type": "PACKAGE",
      "url": "https://github.com/lief-project/LIEF"
    }
  ],
  "database_specific": {
    "cwe_ids": [
      "CWE-457"
    ],
    "severity": "LOW",
    "github_reviewed": true,
    "github_reviewed_at": "2024-11-22T20:26:56Z",
    "nvd_published_at": "2024-05-03T17:15:07Z"
  }
}