{
  "schema_version": "1.4.0",
  "id": "GHSA-9pr3-7449-977r",
  "modified": "2020-08-31T18:36:31Z",
  "published": "2020-09-02T18:21:26Z",
  "aliases": [],
  "summary": "Cross-Site Scripting in express-cart",
  "details": "All versions of `harp` are vulnerable to Cross-Site Scripting. In the admin page it is possible to inject arbitrary JavaScript as a new product option, allowing attackers to execute arbitrary code. This is limited to the admin page and does not affect other pages.\n\n\n## Recommendation\n\nNo fix is currently available. Consider using an alternative module until a fix is made available.\n",
  "severity": [],
  "affected": [
    {
      "package": {
        "ecosystem": "npm",
        "name": "express-cart"
      },
      "ranges": [
        {
          "type": "ECOSYSTEM",
          "events": [
            {
              "introduced": "0"
            }
          ]
        }
      ]
    }
  ],
  "references": [
    {
      "type": "WEB",
      "url": "https://hackerone.com/reports/395944"
    },
    {
      "type": "WEB",
      "url": "https://www.npmjs.com/advisories/808"
    }
  ],
  "database_specific": {
    "cwe_ids": [
      "CWE-79"
    ],
    "severity": "LOW",
    "github_reviewed": true,
    "github_reviewed_at": "2020-08-31T18:36:31Z",
    "nvd_published_at": null
  }
}