{
  "schema_version": "1.4.0",
  "id": "GHSA-jwfr-h6jp-9p2g",
  "modified": "2024-03-06T15:23:11Z",
  "published": "2022-05-05T02:48:30Z",
  "aliases": [
    "CVE-2013-0158"
  ],
  "summary": "Jenkins allows attackers to obtain the master cryptographic key",
  "details": "Unspecified vulnerability in Jenkins before 1.498, Jenkins LTS before 1.480.2, and Jenkins Enterprise 1.447.x before 1.447.6.1 and 1.466.x before 1.466.12.1, when a slave is attached and anonymous read access is enabled, allows remote attackers to obtain the master cryptographic key via unknown vectors.",
  "severity": [],
  "affected": [
    {
      "package": {
        "ecosystem": "Maven",
        "name": "org.jenkins-ci.main:jenkins-core"
      },
      "ranges": [
        {
          "type": "ECOSYSTEM",
          "events": [
            {
              "introduced": "1.481"
            },
            {
              "fixed": "1.498"
            }
          ]
        }
      ]
    },
    {
      "package": {
        "ecosystem": "Maven",
        "name": "org.jenkins-ci.main:jenkins-core"
      },
      "ranges": [
        {
          "type": "ECOSYSTEM",
          "events": [
            {
              "introduced": "0"
            },
            {
              "fixed": "1.480.2"
            }
          ]
        }
      ]
    }
  ],
  "references": [
    {
      "type": "ADVISORY",
      "url": "https://nvd.nist.gov/vuln/detail/CVE-2013-0158"
    },
    {
      "type": "WEB",
      "url": "https://github.com/jenkinsci/jenkins/commit/3dc13b957b14cec649036e8dd517f0f9cb21fb04"
    },
    {
      "type": "WEB",
      "url": "https://github.com/jenkinsci/jenkins/commit/4895eaafca468b7f0f1a3166b2fca7414f0d5da5"
    },
    {
      "type": "WEB",
      "url": "https://github.com/jenkinsci/jenkins/commit/48ecccc1669f325acf72953923f9d9620b2590e3"
    },
    {
      "type": "WEB",
      "url": "https://github.com/jenkinsci/jenkins/commit/56e4b6e287046e4ad2a02f8bd70225a86e74bd34"
    },
    {
      "type": "WEB",
      "url": "https://github.com/jenkinsci/jenkins/commit/7983ae3baea779df18862623d594744b8d285392"
    },
    {
      "type": "WEB",
      "url": "https://github.com/jenkinsci/jenkins/commit/94a8789b699132dd706021a6be1b78bc47f19602"
    },
    {
      "type": "WEB",
      "url": "https://github.com/jenkinsci/jenkins/commit/9fb6c2ca0c73b43cc2e6d08c09707ee67005e526"
    },
    {
      "type": "WEB",
      "url": "https://github.com/jenkinsci/jenkins/commit/a411b0c3b32eb314d5a26b64de1b3d5db2760443"
    },
    {
      "type": "WEB",
      "url": "https://github.com/jenkinsci/jenkins/commit/a9aff088f327278a8873aef47fa8f80d3c5932fd"
    },
    {
      "type": "WEB",
      "url": "https://github.com/jenkinsci/jenkins/commit/c3d8e05a1b3d58b6c4dcff97394cb3a79608b4b2"
    },
    {
      "type": "WEB",
      "url": "https://github.com/jenkinsci/jenkins/commit/e401c7cfe7b28b6ff9d0893e89c2568596b96915"
    },
    {
      "type": "WEB",
      "url": "https://bugzilla.redhat.com/show_bug.cgi?id=892795"
    },
    {
      "type": "PACKAGE",
      "url": "https://github.com/jenkinsci/jenkins"
    },
    {
      "type": "WEB",
      "url": "https://wiki.jenkins-ci.org/display/SECURITY/Jenkins+Security+Advisory+2013-01-04"
    },
    {
      "type": "WEB",
      "url": "http://rhn.redhat.com/errata/RHSA-2013-0220.html"
    },
    {
      "type": "WEB",
      "url": "http://www.cloudbees.com/jenkins-advisory/jenkins-security-advisory-2013-01-04.cb"
    },
    {
      "type": "WEB",
      "url": "http://www.openwall.com/lists/oss-security/2013/01/07/4"
    }
  ],
  "database_specific": {
    "cwe_ids": [],
    "severity": "LOW",
    "github_reviewed": true,
    "github_reviewed_at": "2024-03-06T15:23:11Z",
    "nvd_published_at": "2013-02-24T22:55:00Z"
  }
}