{
  "schema_version": "1.4.0",
  "id": "GHSA-6377-hfv9-hqf6",
  "modified": "2024-11-12T19:42:25Z",
  "published": "2024-11-06T19:52:31Z",
  "aliases": [
    "CVE-2024-51754"
  ],
  "summary": "Twig has unguarded calls to `__toString()` when nesting an object into an array",
  "details": "### Description\n\nIn a sandbox, an attacker can call `__toString()` on an object even if the `__toString()` method is not allowed by the security policy when the object is part of an array or an argument list (arguments to a function or a filter for instance).\n\n### Resolution\n\nThe sandbox mode now checks the `__toString()` method call on all objects.\n\nThe patch for this issue is available [here](https://github.com/twigphp/Twig/commit/cafc608ece310e62a35a76f17e25c04ab9ed05cc) for the 3.11.x branch, and [here](https://github.com/twigphp/Twig/commit/d4a302681bca9f7c6ce2835470d53609cdf3e23e) for the 3.x branch.\n\n### Credits\n\nWe would like to thank Jamie Schouten for reporting the issue and Fabien Potencier for providing the fix.\n",
  "severity": [
    {
      "type": "CVSS_V3",
      "score": "CVSS:3.1/AV:N/AC:H/PR:H/UI:N/S:U/C:L/I:N/A:N"
    },
    {
      "type": "CVSS_V4",
      "score": "CVSS:4.0/AV:N/AC:L/AT:P/PR:H/UI:N/VC:L/VI:N/VA:N/SC:N/SI:N/SA:N"
    }
  ],
  "affected": [
    {
      "package": {
        "ecosystem": "Packagist",
        "name": "twig/twig"
      },
      "ranges": [
        {
          "type": "ECOSYSTEM",
          "events": [
            {
              "introduced": "0"
            },
            {
              "fixed": "3.11.2"
            }
          ]
        }
      ]
    },
    {
      "package": {
        "ecosystem": "Packagist",
        "name": "twig/twig"
      },
      "ranges": [
        {
          "type": "ECOSYSTEM",
          "events": [
            {
              "introduced": "3.12"
            },
            {
              "fixed": "3.14.1"
            }
          ]
        }
      ]
    }
  ],
  "references": [
    {
      "type": "WEB",
      "url": "https://github.com/twigphp/Twig/security/advisories/GHSA-6377-hfv9-hqf6"
    },
    {
      "type": "ADVISORY",
      "url": "https://nvd.nist.gov/vuln/detail/CVE-2024-51754"
    },
    {
      "type": "WEB",
      "url": "https://github.com/twigphp/Twig/commit/2bb8c2460a2c519c498df9b643d5277117155a73"
    },
    {
      "type": "WEB",
      "url": "https://github.com/FriendsOfPHP/security-advisories/blob/master/twig/twig/CVE-2024-51754.yaml"
    },
    {
      "type": "PACKAGE",
      "url": "https://github.com/twigphp/Twig"
    },
    {
      "type": "WEB",
      "url": "https://symfony.com/blog/unguarded-calls-to-__tostring-when-nesting-an-object-into-an-array"
    }
  ],
  "database_specific": {
    "cwe_ids": [
      "CWE-668"
    ],
    "severity": "LOW",
    "github_reviewed": true,
    "github_reviewed_at": "2024-11-06T19:52:31Z",
    "nvd_published_at": "2024-11-06T20:15:05Z"
  }
}