{
  "schema_version": "1.4.0",
  "id": "GHSA-cfjx-w229-hgx5",
  "modified": "2024-12-03T18:50:33Z",
  "published": "2024-12-02T21:48:42Z",
  "aliases": [
    "CVE-2024-53988"
  ],
  "summary": "rails-html-sanitizer has XSS vulnerability with certain configurations",
  "details": "## Summary\n\nThere is a possible XSS vulnerability with certain configurations of Rails::HTML::Sanitizer 1.6.0 when used with Rails >= 7.1.0.\n\n* Versions affected: 1.6.0\n* Not affected: < 1.6.0\n* Fixed versions: 1.6.1\n\n## Impact\n\nA possible XSS vulnerability with certain configurations of Rails::HTML::Sanitizer may allow an attacker to inject content if HTML5 sanitization is enabled and the application developer has overridden the sanitizer's allowed tags in the following way:\n\n- the \"math\", \"mtext\", \"table\", and \"style\" elements are allowed\n- and either \"mglyph\" or \"malignmark\" are allowed\n\nCode is only impacted if Rails is configured to use HTML5 sanitization, please see documentation for [`config.action_view.sanitizer_vendor`](https://guides.rubyonrails.org/configuring.html#config-action-view-sanitizer-vendor) and [`config.action_text.sanitizer_vendor`](https://guides.rubyonrails.org/configuring.html#config-action-text-sanitizer-vendor) for more information on these configuration options.\n\nThe default configuration is to disallow all of these elements except for \"table\". Code is only impacted if allowed tags are being overridden. Applications may be doing this in a few different ways:\n\n1. using application configuration to configure Action View sanitizers' allowed tags:\n\n  ```ruby\n  # In config/application.rb\n  config.action_view.sanitized_allowed_tags = [\"math\", \"mtext\", \"table\", \"style\", \"mglyph\"]\n  # or\n  config.action_view.sanitized_allowed_tags = [\"math\", \"mtext\", \"table\", \"style\", \"malignmark\"]\n  ```\n\n  see https://guides.rubyonrails.org/configuring.html#configuring-action-view\n\n2. using a `:tags` option to the Action View helper `sanitize`:\n\n  ```\n  <%= sanitize @comment.body, tags: [\"math\", \"mtext\", \"table\", \"style\", \"mglyph\"] %>\n  <%# or %>\n  <%= sanitize @comment.body, tags: [\"math\", \"mtext\", \"table\", \"style\", \"malignmark\"] %>\n  ```\n\n  see https://api.rubyonrails.org/classes/ActionView/Helpers/SanitizeHelper.html#method-i-sanitize\n\n3. setting Rails::HTML5::SafeListSanitizer class attribute `allowed_tags`:\n\n  ```ruby\n  # class-level option\n  Rails::HTML5::SafeListSanitizer.allowed_tags = [\"math\", \"mtext\", \"table\", \"style\", \"mglyph\"]\n  # or\n  Rails::HTML5::SafeListSanitizer.allowed_tags = [\"math\", \"mtext\", \"table\", \"style\", \"malignmark\"]\n  ```\n\n  (note that this class may also be referenced as `Rails::Html::SafeListSanitizer`)\n\n4. using a `:tags` options to the Rails::HTML5::SafeListSanitizer instance method `sanitize`:\n\n  ```ruby\n  # instance-level option\n  Rails::HTML5::SafeListSanitizer.new.sanitize(@article.body, tags: [\"math\", \"mtext\", \"table\", \"style\", \"mglyph\"])\n  # or\n  Rails::HTML5::SafeListSanitizer.new.sanitize(@article.body, tags: [\"math\", \"mtext\", \"table\", \"style\", \"malignmark\"])\n  ```\n\n  (note that this class may also be referenced as `Rails::Html::SafeListSanitizer`)\n\n5. setting ActionText::ContentHelper module attribute `allowed_tags`:\n\n  ```ruby\n  ActionText::ContentHelper.allowed_tags = [\"math\", \"mtext\", \"table\", \"style\", \"mglyph\"]\n  # or\n  ActionText::ContentHelper.allowed_tags = [\"math\", \"mtext\", \"table\", \"style\", \"malignmark\"]\n  ```\n\nAll users overriding the allowed tags by any of the above mechanisms to include (\"math\" and \"mtext\" and \"table\" and \"style\" and (\"mglyph\" or \"malignmark\")) should either upgrade or use one of the workarounds.\n\n\n## Workarounds\n\nAny one of the following actions will work around this issue:\n\n- Remove \"mglyph\" and \"malignmark\" from the overridden allowed tags,\n- Or, downgrade sanitization to HTML4 (see documentation for [`config.action_view.sanitizer_vendor`](https://guides.rubyonrails.org/configuring.html#config-action-view-sanitizer-vendor) and [`config.action_text.sanitizer_vendor`](https://guides.rubyonrails.org/configuring.html#config-action-text-sanitizer-vendor) for more information).\n\n\n## References\n\n- [CWE - CWE-79: Improper Neutralization of Input During Web Page Generation ('Cross-site Scripting') (4.9)](https://cwe.mitre.org/data/definitions/79.html)\n- Original report: https://hackerone.com/reports/2519936\n\n## Credit\n\nThis vulnerability was responsibly reported by So Sakaguchi ([mokusou](https://hackerone.com/mokusou)) and [taise](https://hackerone.com/taise).\n",
  "severity": [
    {
      "type": "CVSS_V4",
      "score": "CVSS:4.0/AV:N/AC:L/AT:P/PR:N/UI:P/VC:N/VI:N/VA:N/SC:L/SI:L/SA:N"
    }
  ],
  "affected": [
    {
      "package": {
        "ecosystem": "RubyGems",
        "name": "rails-html-sanitizer"
      },
      "ranges": [
        {
          "type": "ECOSYSTEM",
          "events": [
            {
              "introduced": "1.6.0"
            },
            {
              "fixed": "1.6.1"
            }
          ]
        }
      ],
      "versions": [
        "1.6.0"
      ]
    }
  ],
  "references": [
    {
      "type": "WEB",
      "url": "https://github.com/rails/rails-html-sanitizer/security/advisories/GHSA-cfjx-w229-hgx5"
    },
    {
      "type": "ADVISORY",
      "url": "https://nvd.nist.gov/vuln/detail/CVE-2024-53988"
    },
    {
      "type": "WEB",
      "url": "https://github.com/rails/rails-html-sanitizer/commit/a0a3e8b76b696446ffc6bffcff3bc7b7c6393c72"
    },
    {
      "type": "PACKAGE",
      "url": "https://github.com/rails/rails-html-sanitizer"
    },
    {
      "type": "WEB",
      "url": "https://github.com/rubysec/ruby-advisory-db/blob/master/gems/rails-html-sanitizer/CVE-2024-53988.yml"
    }
  ],
  "database_specific": {
    "cwe_ids": [
      "CWE-79"
    ],
    "severity": "LOW",
    "github_reviewed": true,
    "github_reviewed_at": "2024-12-02T21:48:42Z",
    "nvd_published_at": "2024-12-02T22:15:11Z"
  }
}