{
  "schema_version": "1.4.0",
  "id": "GHSA-8r2q-865v-wm8j",
  "modified": "2025-04-02T17:12:06Z",
  "published": "2025-04-01T00:30:34Z",
  "aliases": [
    "CVE-2025-31687"
  ],
  "summary": "Drupal SpamSpan Cross-Site Scripting (XSS) vulnerability",
  "details": "Improper Neutralization of Input During Web Page Generation ('Cross-site Scripting') vulnerability in Drupal SpamSpan filter allows Cross-Site Scripting (XSS). This issue affects SpamSpan filter: from 0.0.0 before 3.2.1.",
  "severity": [
    {
      "type": "CVSS_V4",
      "score": "CVSS:4.0/AV:N/AC:L/AT:P/PR:L/UI:P/VC:N/VI:N/VA:N/SC:L/SI:L/SA:N"
    }
  ],
  "affected": [
    {
      "package": {
        "ecosystem": "Packagist",
        "name": "drupal/spamspan"
      },
      "ranges": [
        {
          "type": "ECOSYSTEM",
          "events": [
            {
              "introduced": "0"
            },
            {
              "fixed": "3.2.1"
            }
          ]
        }
      ]
    }
  ],
  "references": [
    {
      "type": "ADVISORY",
      "url": "https://nvd.nist.gov/vuln/detail/CVE-2025-31687"
    },
    {
      "type": "PACKAGE",
      "url": "https://git.drupalcode.org/project/spamspan"
    },
    {
      "type": "WEB",
      "url": "https://git.drupalcode.org/project/spamspan/-/commit/90d622211c8bb316080a3af1dcf253b0d7e90791"
    },
    {
      "type": "WEB",
      "url": "https://www.drupal.org/sa-contrib-2025-016"
    }
  ],
  "database_specific": {
    "cwe_ids": [
      "CWE-79"
    ],
    "severity": "LOW",
    "github_reviewed": true,
    "github_reviewed_at": "2025-04-02T17:12:06Z",
    "nvd_published_at": "2025-03-31T22:15:21Z"
  }
}