{
  "schema_version": "1.4.0",
  "id": "GHSA-52g6-pfrq-rxfv",
  "modified": "2025-03-13T19:11:25Z",
  "published": "2022-05-17T01:31:21Z",
  "aliases": [
    "CVE-2013-5573"
  ],
  "summary": "Jenkins allows Cross-Site Scripting (XSS) in User Configuration",
  "details": "Cross-site scripting (XSS) vulnerability in the default markup formatter in Jenkins 1.523 allows remote attackers to inject arbitrary web script or HTML via the Description field in the user configuration.",
  "severity": [
    {
      "type": "CVSS_V4",
      "score": "CVSS:4.0/AV:N/AC:L/AT:P/PR:N/UI:A/VC:N/VI:N/VA:N/SC:N/SI:L/SA:N"
    }
  ],
  "affected": [
    {
      "package": {
        "ecosystem": "Maven",
        "name": "org.jenkins-ci.main:jenkins-core"
      },
      "ranges": [
        {
          "type": "ECOSYSTEM",
          "events": [
            {
              "introduced": "0"
            },
            {
              "last_affected": "1.523"
            }
          ]
        }
      ]
    }
  ],
  "references": [
    {
      "type": "ADVISORY",
      "url": "https://nvd.nist.gov/vuln/detail/CVE-2013-5573"
    },
    {
      "type": "WEB",
      "url": "https://exchange.xforce.ibmcloud.com/vulnerabilities/89872"
    },
    {
      "type": "PACKAGE",
      "url": "https://github.com/jenkinsci/jenkins"
    },
    {
      "type": "WEB",
      "url": "https://web.archive.org/web/20200229071540/http://www.securityfocus.com/bid/64414"
    },
    {
      "type": "WEB",
      "url": "http://packetstormsecurity.com/files/124513"
    },
    {
      "type": "WEB",
      "url": "http://seclists.org/bugtraq/2013/Dec/104"
    },
    {
      "type": "WEB",
      "url": "http://seclists.org/fulldisclosure/2013/Dec/159"
    },
    {
      "type": "WEB",
      "url": "http://www.exploit-db.com/exploits/30408"
    }
  ],
  "database_specific": {
    "cwe_ids": [
      "CWE-79"
    ],
    "severity": "LOW",
    "github_reviewed": true,
    "github_reviewed_at": "2025-03-13T19:11:25Z",
    "nvd_published_at": "2013-12-31T16:04:00Z"
  }
}