{
  "schema_version": "1.4.0",
  "id": "GHSA-72fp-w44g-625q",
  "modified": "2023-11-09T16:02:51Z",
  "published": "2023-11-09T16:02:51Z",
  "aliases": [],
  "summary": "Signing DynamoDB Sets when using the AWS Database Encryption SDK.",
  "details": "### Impact\nThis advisory addresses an issue when a DynamoDB Set attribute is marked as SIGN_ONLY in the AWS Database Encryption SDK (DB-ESDK) for DynamoDB. This also includes when a Set is part of a List or a Map.\n\nDB-ESDK for DynamoDB supports `SIGN_ONLY` and `ENCRYPT_AND_SIGN` attribute actions. In version 3.1.0 and below, when a Set type is assigned a `SIGN_ONLY` attribute action, there is a chance that signature validation of the record containing a Set will fail on read, even if the Set attributes contain the same values. The probability of a failure depends on the order of the elements in the Set combined with how DynamoDB returns this data, which is undefined.\n\nThis update addresses the issue by ensuring that any Set values are canonicalized in the same order while written to DynamoDB as when read back from DynamoDB.\n\n### Patches\nFixed in version 3.1.1 \nWe recommend all users upgrade as soon as possible.\n\n### Workarounds\nNone\n\n### References\nFor more information on how to address records with Sets marked as `SIGN_ONLY` written by versions 3.1.0 and below of DB-ESDK, see [AWS Database Encryption SDK Decrypt with Permute](https://github.com/aws/aws-database-encryption-sdk-dynamodb-java/tree/v3.1.1/DecryptWithPermute)",
  "severity": [],
  "affected": [
    {
      "package": {
        "ecosystem": "Maven",
        "name": "software.amazon.cryptography:aws-database-encryption-sdk-dynamodb"
      },
      "ranges": [
        {
          "type": "ECOSYSTEM",
          "events": [
            {
              "introduced": "3.0.0"
            },
            {
              "fixed": "3.1.1"
            }
          ]
        }
      ]
    }
  ],
  "references": [
    {
      "type": "WEB",
      "url": "https://github.com/aws/aws-database-encryption-sdk-dynamodb-java/security/advisories/GHSA-72fp-w44g-625q"
    },
    {
      "type": "WEB",
      "url": "https://github.com/aws/aws-database-encryption-sdk-dynamodb-java/commit/e3aa016895a3e2533b9a3c1ec88458d6667b3245"
    },
    {
      "type": "PACKAGE",
      "url": "https://github.com/aws/aws-database-encryption-sdk-dynamodb-java"
    },
    {
      "type": "WEB",
      "url": "https://github.com/aws/aws-database-encryption-sdk-dynamodb-java/releases/tag/v3.1.1"
    }
  ],
  "database_specific": {
    "cwe_ids": [],
    "severity": "LOW",
    "github_reviewed": true,
    "github_reviewed_at": "2023-11-09T16:02:51Z",
    "nvd_published_at": null
  }
}