{
  "schema_version": "1.4.0",
  "id": "GHSA-w8vh-p74j-x9xp",
  "modified": "2023-12-22T22:23:51Z",
  "published": "2023-12-18T20:01:00Z",
  "aliases": [
    "CVE-2023-50708"
  ],
  "summary": "yii2-authclient vulnerable to possible timing attack on string comparison in OAuth1, OAuth2 and OpenID Connect implementation",
  "details": "### Impact\n_What kind of vulnerability is it? Who is impacted?_\n\nOriginal Report:\n\n> The Oauth1/2 \"state\" and OpenID Connect \"nonce\" is vulnerable for a \"timing attack\" since it's compared via regular string \n> comparison (instead of `Yii::$app->getSecurity()->compareString()`).\n\nAffected Code:\n\n1. OAuth 1 \"state\"\n\n    https://github.com/yiisoft/yii2-authclient/blob/0d1c3880f4d79e20aa1d77c012650b54e69695ff/src/OAuth1.php#L158\n\n3. OAuth 2 \"state\"\n    \n    https://github.com/yiisoft/yii2-authclient/blob/0d1c3880f4d79e20aa1d77c012650b54e69695ff/src/OAuth2.php#L121\n\n4. OpenID Connect \"nonce\"\n    \n    https://github.com/yiisoft/yii2-authclient/blob/0d1c3880f4d79e20aa1d77c012650b54e69695ff/src/OpenIdConnect.php#L420\n\n\n### Patches\n_Has the problem been patched? What versions should users upgrade to?_\n\nTBD: Replace strcmp with  `Yii::$app->getSecurity()->compareString()`).\n\n### Workarounds\n_Is there a way for users to fix or remediate the vulnerability without upgrading?_\n\nnot as far as I see.\n\n### References\n_Are there any links users can visit to find out more?_\n",
  "severity": [
    {
      "type": "CVSS_V3",
      "score": "CVSS:3.1/AV:N/AC:H/PR:N/UI:R/S:C/C:N/I:N/A:N"
    }
  ],
  "affected": [
    {
      "package": {
        "ecosystem": "Packagist",
        "name": "yiisoft/yii2-authclient"
      },
      "ranges": [
        {
          "type": "ECOSYSTEM",
          "events": [
            {
              "introduced": "0"
            },
            {
              "fixed": "2.2.15"
            }
          ]
        }
      ],
      "database_specific": {
        "last_known_affected_version_range": "<= 2.2.14"
      }
    }
  ],
  "references": [
    {
      "type": "WEB",
      "url": "https://github.com/yiisoft/yii2-authclient/security/advisories/GHSA-w8vh-p74j-x9xp"
    },
    {
      "type": "ADVISORY",
      "url": "https://nvd.nist.gov/vuln/detail/CVE-2023-50708"
    },
    {
      "type": "WEB",
      "url": "https://github.com/yiisoft/yii2-authclient/commit/dabddf2154ab7e7703740205a069202554089248"
    },
    {
      "type": "PACKAGE",
      "url": "https://github.com/yiisoft/yii2-authclient"
    },
    {
      "type": "WEB",
      "url": "https://github.com/yiisoft/yii2-authclient/blob/0d1c3880f4d79e20aa1d77c012650b54e69695ff/src/OAuth1.php#L158"
    },
    {
      "type": "WEB",
      "url": "https://github.com/yiisoft/yii2-authclient/blob/0d1c3880f4d79e20aa1d77c012650b54e69695ff/src/OAuth2.php#L121"
    },
    {
      "type": "WEB",
      "url": "https://github.com/yiisoft/yii2-authclient/blob/0d1c3880f4d79e20aa1d77c012650b54e69695ff/src/OpenIdConnect.php#L420"
    }
  ],
  "database_specific": {
    "cwe_ids": [
      "CWE-203"
    ],
    "severity": "LOW",
    "github_reviewed": true,
    "github_reviewed_at": "2023-12-18T20:01:00Z",
    "nvd_published_at": "2023-12-22T19:15:08Z"
  }
}