{
  "schema_version": "1.4.0",
  "id": "GHSA-hhr2-f668-ff2w",
  "modified": "2022-11-01T23:37:01Z",
  "published": "2022-05-24T16:56:18Z",
  "aliases": [
    "CVE-2019-16370"
  ],
  "summary": "Use of a weak cryptographic algorithm in Gradle",
  "details": "The PGP signing plugin in Gradle before 6.0 relies on the SHA-1 algorithm, which might allow an attacker to replace an artifact with a different one that has the same SHA-1 message digest, a related issue to CVE-2005-4900.",
  "severity": [],
  "affected": [
    {
      "package": {
        "ecosystem": "Maven",
        "name": "org.gradle:gradle-core"
      },
      "ranges": [
        {
          "type": "ECOSYSTEM",
          "events": [
            {
              "introduced": "0"
            },
            {
              "fixed": "6.0"
            }
          ]
        }
      ]
    }
  ],
  "references": [
    {
      "type": "ADVISORY",
      "url": "https://nvd.nist.gov/vuln/detail/CVE-2019-16370"
    },
    {
      "type": "WEB",
      "url": "https://github.com/gradle/gradle/pull/10543"
    },
    {
      "type": "WEB",
      "url": "https://github.com/gradle/gradle/commit/425b2b7a50cd84106a77cdf1ab665c89c6b14d2f"
    }
  ],
  "database_specific": {
    "cwe_ids": [
      "CWE-327"
    ],
    "severity": "LOW",
    "github_reviewed": true,
    "github_reviewed_at": "2022-11-01T23:37:01Z",
    "nvd_published_at": "2019-09-16T18:15:00Z"
  }
}