{
  "schema_version": "1.4.0",
  "id": "GHSA-j57p-g33w-95c5",
  "modified": "2023-10-19T17:45:38Z",
  "published": "2022-05-13T01:11:28Z",
  "aliases": [
    "CVE-2014-3474"
  ],
  "summary": "OpenStack Horizon Cross-site scripting (XSS) vulnerability",
  "details": "Cross-site scripting (XSS) vulnerability in `horizon/static/horizon/js/horizon.instances.js` in the Launch Instance menu in OpenStack Dashboard (Horizon) before 2013.2.4, 2014.1 before 2014.1.2, and Juno before Juno-2 allows remote authenticated users to inject arbitrary web script or HTML via a network name.",
  "severity": [],
  "affected": [
    {
      "package": {
        "ecosystem": "PyPI",
        "name": "horizon"
      },
      "ranges": [
        {
          "type": "ECOSYSTEM",
          "events": [
            {
              "introduced": "0"
            },
            {
              "fixed": "8.0.0a0"
            }
          ]
        }
      ]
    }
  ],
  "references": [
    {
      "type": "ADVISORY",
      "url": "https://nvd.nist.gov/vuln/detail/CVE-2014-3474"
    },
    {
      "type": "WEB",
      "url": "https://github.com/openstack/horizon/commit/32a7b713468161282f2ea01d5e2faff980d924cd"
    },
    {
      "type": "WEB",
      "url": "https://github.com/openstack/horizon/commit/c844bd692894353c60b320005b804970605e910f"
    },
    {
      "type": "WEB",
      "url": "https://github.com/openstack/horizon/commit/de4466d88b816437fb29eff5ab23b9b964cd3985"
    },
    {
      "type": "WEB",
      "url": "https://access.redhat.com/errata/RHSA-2014:0939"
    },
    {
      "type": "WEB",
      "url": "https://access.redhat.com/errata/RHSA-2014:1188"
    },
    {
      "type": "WEB",
      "url": "https://access.redhat.com/security/cve/CVE-2014-3474"
    },
    {
      "type": "WEB",
      "url": "https://bugs.launchpad.net/horizon/+bug/1322197"
    },
    {
      "type": "WEB",
      "url": "https://bugzilla.redhat.com/show_bug.cgi?id=1116090"
    },
    {
      "type": "PACKAGE",
      "url": "https://opendev.org/openstack/horizon"
    },
    {
      "type": "WEB",
      "url": "https://review.opendev.org/c/openstack/horizon/+/105476"
    },
    {
      "type": "WEB",
      "url": "https://review.openstack.org/#/c/105477"
    },
    {
      "type": "WEB",
      "url": "http://lists.opensuse.org/opensuse-updates/2015-01/msg00040.html"
    },
    {
      "type": "WEB",
      "url": "http://www.openwall.com/lists/oss-security/2014/07/08/6"
    },
    {
      "type": "WEB",
      "url": "http://www.securityfocus.com/bid/68460"
    }
  ],
  "database_specific": {
    "cwe_ids": [
      "CWE-79"
    ],
    "severity": "LOW",
    "github_reviewed": true,
    "github_reviewed_at": "2023-10-19T17:45:38Z",
    "nvd_published_at": "2014-10-31T15:55:00Z"
  }
}