{
  "schema_version": "1.4.0",
  "id": "GHSA-h8wh-f7gw-fwpr",
  "modified": "2023-10-03T21:25:26Z",
  "published": "2023-09-29T12:30:16Z",
  "aliases": [
    "CVE-2023-5193"
  ],
  "summary": "Mattermost Incorrect Authorization vulnerability",
  "details": "Mattermost fails to properly check permissions when retrieving a post allowing for\u00a0a System Role with the permission to manage channels to read the posts of a DM conversation.\n\n",
  "severity": [
    {
      "type": "CVSS_V3",
      "score": "CVSS:3.1/AV:N/AC:L/PR:H/UI:N/S:U/C:L/I:N/A:N"
    }
  ],
  "affected": [
    {
      "package": {
        "ecosystem": "Go",
        "name": "github.com/mattermost/mattermost/server/v8"
      },
      "ranges": [
        {
          "type": "ECOSYSTEM",
          "events": [
            {
              "introduced": "8.1.0"
            },
            {
              "fixed": "8.1.1"
            }
          ]
        }
      ],
      "versions": [
        "8.1.0"
      ]
    },
    {
      "package": {
        "ecosystem": "Go",
        "name": "github.com/mattermost/mattermost/server/v8"
      },
      "ranges": [
        {
          "type": "ECOSYSTEM",
          "events": [
            {
              "introduced": "8.0.0"
            },
            {
              "fixed": "8.0.2"
            }
          ]
        }
      ]
    },
    {
      "package": {
        "ecosystem": "Go",
        "name": "github.com/mattermost/mattermost-server/v6"
      },
      "ranges": [
        {
          "type": "ECOSYSTEM",
          "events": [
            {
              "introduced": "0"
            },
            {
              "fixed": "7.8.10"
            }
          ]
        }
      ]
    }
  ],
  "references": [
    {
      "type": "ADVISORY",
      "url": "https://nvd.nist.gov/vuln/detail/CVE-2023-5193"
    },
    {
      "type": "PACKAGE",
      "url": "https://github.com/mattermost/mattermost"
    },
    {
      "type": "WEB",
      "url": "https://mattermost.com/security-updates"
    }
  ],
  "database_specific": {
    "cwe_ids": [
      "CWE-863"
    ],
    "severity": "LOW",
    "github_reviewed": true,
    "github_reviewed_at": "2023-09-29T20:37:29Z",
    "nvd_published_at": "2023-09-29T10:15:10Z"
  }
}