{
  "schema_version": "1.4.0",
  "id": "GHSA-2jxx-2x93-2q2f",
  "modified": "2022-12-16T17:24:07Z",
  "published": "2022-10-19T19:00:22Z",
  "aliases": [
    "CVE-2022-43412"
  ],
  "summary": "Non-constant time webhook token comparison in Jenkins Generic Webhook Trigger Plugin",
  "details": "Generic Webhook Trigger Plugin 1.84.1 and earlier does not use a constant-time comparison when checking whether the provided and expected webhook token are equal.\n\nThis could potentially allow attackers to use statistical methods to obtain a valid webhook token.\n\nGeneric Webhook Trigger Plugin 1.84.2 uses a constant-time comparison when validating the webhook token.",
  "severity": [
    {
      "type": "CVSS_V3",
      "score": "CVSS:3.1/AV:N/AC:H/PR:N/UI:N/S:U/C:L/I:N/A:N"
    }
  ],
  "affected": [
    {
      "package": {
        "ecosystem": "Maven",
        "name": "org.jenkins-ci.plugins:generic-webhook-trigger"
      },
      "ranges": [
        {
          "type": "ECOSYSTEM",
          "events": [
            {
              "introduced": "0"
            },
            {
              "fixed": "1.84.2"
            }
          ]
        }
      ]
    }
  ],
  "references": [
    {
      "type": "ADVISORY",
      "url": "https://nvd.nist.gov/vuln/detail/CVE-2022-43412"
    },
    {
      "type": "PACKAGE",
      "url": "https://github.com/jenkinsci/generic-webhook-trigger-plugin"
    },
    {
      "type": "WEB",
      "url": "https://www.jenkins.io/security/advisory/2022-10-19/#SECURITY-2874"
    },
    {
      "type": "WEB",
      "url": "http://www.openwall.com/lists/oss-security/2022/10/19/3"
    }
  ],
  "database_specific": {
    "cwe_ids": [
      "CWE-203",
      "CWE-208"
    ],
    "severity": "LOW",
    "github_reviewed": true,
    "github_reviewed_at": "2022-10-19T22:23:54Z",
    "nvd_published_at": "2022-10-19T16:15:00Z"
  }
}