{
  "schema_version": "1.4.0",
  "id": "GHSA-xg8p-cp7f-cphx",
  "modified": "2023-12-14T18:09:56Z",
  "published": "2022-05-24T16:57:28Z",
  "aliases": [
    "CVE-2019-10433"
  ],
  "summary": "DingTalk Plugin stores credentials in plain text",
  "details": "Jenkins Dingding notifications Plugin stores credentials unencrypted in job config.xml files on the Jenkins master where they can be viewed by users with Extended Read permission, or access to the master file system.",
  "severity": [
    {
      "type": "CVSS_V3",
      "score": "CVSS:3.1/AV:L/AC:L/PR:L/UI:N/S:U/C:L/I:N/A:N"
    }
  ],
  "affected": [
    {
      "package": {
        "ecosystem": "Maven",
        "name": "io.jenkins.plugins:dingding-notifications"
      },
      "ranges": [
        {
          "type": "ECOSYSTEM",
          "events": [
            {
              "introduced": "0"
            },
            {
              "fixed": "2.0.0"
            }
          ]
        }
      ],
      "database_specific": {
        "last_known_affected_version_range": "<= 1.9"
      }
    }
  ],
  "references": [
    {
      "type": "ADVISORY",
      "url": "https://nvd.nist.gov/vuln/detail/CVE-2019-10433"
    },
    {
      "type": "WEB",
      "url": "https://github.com/jenkinsci/dingtalk-plugin/commit/b2d4b3ecd2f467ae344eef55d8b51ae765d054a0"
    },
    {
      "type": "PACKAGE",
      "url": "https://github.com/jenkinsci/dingtalk-plugin"
    },
    {
      "type": "WEB",
      "url": "https://jenkins.io/security/advisory/2019-10-01/#SECURITY-1423"
    },
    {
      "type": "WEB",
      "url": "https://www.zerodayinitiative.com/advisories/ZDI-19-862"
    },
    {
      "type": "WEB",
      "url": "http://www.openwall.com/lists/oss-security/2019/10/01/2"
    }
  ],
  "database_specific": {
    "cwe_ids": [
      "CWE-256",
      "CWE-312"
    ],
    "severity": "LOW",
    "github_reviewed": true,
    "github_reviewed_at": "2023-12-14T18:09:56Z",
    "nvd_published_at": "2019-10-01T14:15:00Z"
  }
}