{
  "schema_version": "1.4.0",
  "id": "GHSA-84p4-7mxc-7phj",
  "modified": "2023-10-26T12:41:35Z",
  "published": "2022-05-13T01:17:44Z",
  "aliases": [
    "CVE-2019-1003063"
  ],
  "summary": "Jenkins Amazon SNS Build Notifier Plugin stores credentials in plain text",
  "details": "Jenkins Amazon SNS Build Notifier Plugin stores credentials unencrypted in its global configuration file `org.jenkinsci.plugins.snsnotify.AmazonSNSNotifier.xml` on the Jenkins controller. These credentials can be viewed by users with access to the Jenkins controller file system.",
  "severity": [
    {
      "type": "CVSS_V3",
      "score": "CVSS:3.0/AV:L/AC:L/PR:L/UI:N/S:U/C:L/I:N/A:N"
    }
  ],
  "affected": [
    {
      "package": {
        "ecosystem": "Maven",
        "name": "org.jenkins-ci.plugins:snsnotify"
      },
      "ranges": [
        {
          "type": "ECOSYSTEM",
          "events": [
            {
              "introduced": "0"
            },
            {
              "fixed": "2.37"
            }
          ]
        }
      ]
    }
  ],
  "references": [
    {
      "type": "ADVISORY",
      "url": "https://nvd.nist.gov/vuln/detail/CVE-2019-1003063"
    },
    {
      "type": "WEB",
      "url": "https://github.com/jenkinsci/snsnotify-plugin/commit/874db1f2882aebb452c6d9dc0ad59efa6fd336db"
    },
    {
      "type": "PACKAGE",
      "url": "https://github.com/jenkinsci/snsnotify-plugin"
    },
    {
      "type": "WEB",
      "url": "https://jenkins.io/security/advisory/2019-04-03/#SECURITY-832"
    },
    {
      "type": "WEB",
      "url": "http://www.openwall.com/lists/oss-security/2019/04/12/2"
    }
  ],
  "database_specific": {
    "cwe_ids": [
      "CWE-311"
    ],
    "severity": "LOW",
    "github_reviewed": true,
    "github_reviewed_at": "2023-10-26T12:41:35Z",
    "nvd_published_at": "2019-04-04T16:29:00Z"
  }
}