{
  "schema_version": "1.4.0",
  "id": "GHSA-5r33-mgjf-6656",
  "modified": "2023-08-16T21:10:56Z",
  "published": "2023-08-16T15:30:18Z",
  "aliases": [
    "CVE-2023-40343"
  ],
  "summary": "Jenkins Tuleap Authentication Plugin non-constant time token comparison",
  "details": "Jenkins Tuleap Authentication Plugin 1.1.20 and earlier does not use a constant-time comparison when checking whether two authentication tokens are equal.\n\nThis could potentially allow attackers to use statistical methods to obtain a valid authentication token.\n\nTuleap Authentication Plugin 1.1.21 uses a constant-time comparison when validating authentication tokens.",
  "severity": [
    {
      "type": "CVSS_V3",
      "score": "CVSS:3.1/AV:N/AC:H/PR:N/UI:N/S:U/C:L/I:N/A:N"
    }
  ],
  "affected": [
    {
      "package": {
        "ecosystem": "Maven",
        "name": "io.jenkins.plugins:tuleap-oauth"
      },
      "ranges": [
        {
          "type": "ECOSYSTEM",
          "events": [
            {
              "introduced": "0"
            },
            {
              "fixed": "1.1.21"
            }
          ]
        }
      ]
    }
  ],
  "references": [
    {
      "type": "ADVISORY",
      "url": "https://nvd.nist.gov/vuln/detail/CVE-2023-40343"
    },
    {
      "type": "WEB",
      "url": "https://www.jenkins.io/security/advisory/2023-08-16/#SECURITY-3229"
    },
    {
      "type": "WEB",
      "url": "http://www.openwall.com/lists/oss-security/2023/08/16/3"
    }
  ],
  "database_specific": {
    "cwe_ids": [
      "CWE-203"
    ],
    "severity": "LOW",
    "github_reviewed": true,
    "github_reviewed_at": "2023-08-16T21:10:56Z",
    "nvd_published_at": "2023-08-16T15:15:11Z"
  }
}