{
  "schema_version": "1.4.0",
  "id": "GHSA-p4m5-32pr-2hqr",
  "modified": "2024-02-26T20:04:19Z",
  "published": "2024-02-26T20:04:19Z",
  "aliases": [],
  "summary": "PyPop C extensions possible vulnerability: missing arguments and redundant null pointers",
  "details": "### Impact\nCode scanning revealed possible vulnerability in C extensions for PyPop: incorrect function calls (missing arguments or wrongly typed arguments) and redundant null pointers.\n\n### Patches\nThe problem has been patched and fixed in the latest release of PyPop: 1.0.2. Please upgrade your PyPop installation via:\n\n```\npip install -U pypop-genomics\n```\n\n### Workarounds\nNo. Upgrade to the latest package: 1.0.2.\n\n### References\nN/A\n",
  "severity": [],
  "affected": [
    {
      "package": {
        "ecosystem": "PyPI",
        "name": "pypop-genomics"
      },
      "ranges": [
        {
          "type": "ECOSYSTEM",
          "events": [
            {
              "introduced": "0"
            },
            {
              "fixed": "1.0.2"
            }
          ]
        }
      ]
    }
  ],
  "references": [
    {
      "type": "WEB",
      "url": "https://github.com/alexlancaster/pypop/security/advisories/GHSA-p4m5-32pr-2hqr"
    },
    {
      "type": "WEB",
      "url": "https://github.com/alexlancaster/pypop/commit/2e5c495dd7684f67f6682e80e324351039a28262"
    },
    {
      "type": "PACKAGE",
      "url": "https://github.com/alexlancaster/pypop"
    },
    {
      "type": "WEB",
      "url": "https://github.com/alexlancaster/pypop/releases/tag/v1.0.2"
    }
  ],
  "database_specific": {
    "cwe_ids": [],
    "severity": "LOW",
    "github_reviewed": true,
    "github_reviewed_at": "2024-02-26T20:04:19Z",
    "nvd_published_at": null
  }
}