{
  "schema_version": "1.4.0",
  "id": "GHSA-fgxj-g7x3-85cq",
  "modified": "2023-05-01T14:00:17Z",
  "published": "2023-04-28T15:30:19Z",
  "aliases": [
    "CVE-2023-28820"
  ],
  "summary": "Stored cross site scripting in RSS displayer",
  "details": "Concrete CMS (previously concrete5) before 9.1 is vulnerable to stored XSS in RSS Displayer via the href attribute because the link element input was not sanitized.",
  "severity": [
    {
      "type": "CVSS_V3",
      "score": "CVSS:3.1/AV:N/AC:H/PR:H/UI:R/S:U/C:L/I:N/A:N"
    }
  ],
  "affected": [
    {
      "package": {
        "ecosystem": "Packagist",
        "name": "concrete5/concrete5"
      },
      "ranges": [
        {
          "type": "ECOSYSTEM",
          "events": [
            {
              "introduced": "0"
            },
            {
              "fixed": "9.1.0"
            }
          ]
        }
      ]
    }
  ],
  "references": [
    {
      "type": "ADVISORY",
      "url": "https://nvd.nist.gov/vuln/detail/CVE-2023-28820"
    },
    {
      "type": "PACKAGE",
      "url": "https://github.com/concretecms/concretecms"
    },
    {
      "type": "WEB",
      "url": "https://github.com/concretecms/concretecms/releases"
    },
    {
      "type": "WEB",
      "url": "https://www.concretecms.org/about/project-news/security/concrete-cms-security-advisory-2023-04-20"
    }
  ],
  "database_specific": {
    "cwe_ids": [
      "CWE-79"
    ],
    "severity": "LOW",
    "github_reviewed": true,
    "github_reviewed_at": "2023-05-01T14:00:17Z",
    "nvd_published_at": "2023-04-28T14:15:10Z"
  }
}