{
  "schema_version": "1.4.0",
  "id": "GHSA-4w4h-8qh9-342x",
  "modified": "2025-03-12T15:58:57Z",
  "published": "2022-05-04T00:29:23Z",
  "aliases": [
    "CVE-2012-0324"
  ],
  "summary": "Jenkins allows Cross-Site Scripting (XSS)",
  "details": "Cross-site scripting (XSS) vulnerability in Jenkins before 1.454, Jenkins LTS before 1.424.5, and Jenkins Enterprise 1.400.x before 1.400.0.13 and 1.424.x before 1.424.5.1 allows remote attackers to inject arbitrary web script or HTML via unspecified vectors, a different vulnerability than CVE-2012-0325.",
  "severity": [
    {
      "type": "CVSS_V4",
      "score": "CVSS:4.0/AV:N/AC:L/AT:P/PR:N/UI:P/VC:N/VI:N/VA:N/SC:N/SI:L/SA:N"
    }
  ],
  "affected": [
    {
      "package": {
        "ecosystem": "Maven",
        "name": "org.jenkins-ci.main:jenkins-core"
      },
      "ranges": [
        {
          "type": "ECOSYSTEM",
          "events": [
            {
              "introduced": "1.425"
            },
            {
              "fixed": "1.454"
            }
          ]
        }
      ]
    },
    {
      "package": {
        "ecosystem": "Maven",
        "name": "org.jenkins-ci.main:jenkins-core"
      },
      "ranges": [
        {
          "type": "ECOSYSTEM",
          "events": [
            {
              "introduced": "0"
            },
            {
              "fixed": "1.424.5"
            }
          ]
        }
      ]
    }
  ],
  "references": [
    {
      "type": "ADVISORY",
      "url": "https://nvd.nist.gov/vuln/detail/CVE-2012-0324"
    },
    {
      "type": "PACKAGE",
      "url": "https://github.com/jenkinsci/jenkins"
    },
    {
      "type": "WEB",
      "url": "https://web.archive.org/web/20200229025003/https://www.securityfocus.com/bid/52384"
    },
    {
      "type": "WEB",
      "url": "http://jvn.jp/en/jp/JVN14791558/index.html"
    },
    {
      "type": "WEB",
      "url": "http://jvndb.jvn.jp/jvndb/JVNDB-2012-000022"
    },
    {
      "type": "WEB",
      "url": "http://www.cloudbees.com/jenkins-advisory/jenkins-security-advisory-2012-03-05.cb"
    }
  ],
  "database_specific": {
    "cwe_ids": [
      "CWE-79"
    ],
    "severity": "LOW",
    "github_reviewed": true,
    "github_reviewed_at": "2025-03-12T15:58:57Z",
    "nvd_published_at": "2012-03-09T11:55:00Z"
  }
}