{
  "schema_version": "1.4.0",
  "id": "GHSA-rprg-4v7q-87v7",
  "modified": "2024-05-20T21:38:32Z",
  "published": "2022-12-08T18:30:50Z",
  "aliases": [
    "CVE-2022-4123"
  ],
  "summary": "Buildah (as part of Podman) vulnerable to Path Traversal",
  "details": "A flaw was found in Buildah. The local path and the lowest subdirectory may be disclosed due to incorrect absolute path traversal, resulting in an impact to confidentiality.",
  "severity": [
    {
      "type": "CVSS_V3",
      "score": "CVSS:3.1/AV:L/AC:L/PR:L/UI:N/S:U/C:L/I:N/A:N"
    }
  ],
  "affected": [
    {
      "package": {
        "ecosystem": "Go",
        "name": "github.com/containers/podman/v4"
      },
      "ranges": [
        {
          "type": "ECOSYSTEM",
          "events": [
            {
              "introduced": "4.1.0-rc1"
            },
            {
              "last_affected": "4.4.1"
            }
          ]
        }
      ]
    }
  ],
  "references": [
    {
      "type": "ADVISORY",
      "url": "https://nvd.nist.gov/vuln/detail/CVE-2022-4123"
    },
    {
      "type": "WEB",
      "url": "https://github.com/containers/podman/issues/13293"
    },
    {
      "type": "WEB",
      "url": "https://github.com/containers/podman/pull/13531"
    },
    {
      "type": "WEB",
      "url": "https://github.com/containers/podman/commit/7934b77dd5372c22063686a218b8b48c2fcaca8c"
    },
    {
      "type": "WEB",
      "url": "https://bugzilla.redhat.com/show_bug.cgi?id=2144989"
    },
    {
      "type": "PACKAGE",
      "url": "https://github.com/containers/podman"
    },
    {
      "type": "WEB",
      "url": "https://pkg.go.dev/vuln/GO-2022-1159"
    }
  ],
  "database_specific": {
    "cwe_ids": [
      "CWE-23"
    ],
    "severity": "LOW",
    "github_reviewed": true,
    "github_reviewed_at": "2022-12-08T23:59:57Z",
    "nvd_published_at": "2022-12-08T16:15:00Z"
  }
}