{
  "schema_version": "1.4.0",
  "id": "GHSA-3787-6prv-h9w3",
  "modified": "2024-05-02T13:15:07Z",
  "published": "2024-02-16T16:02:52Z",
  "aliases": [
    "CVE-2024-24758"
  ],
  "summary": "Undici proxy-authorization header not cleared on cross-origin redirect in fetch",
  "details": "### Impact\n\nUndici already cleared Authorization headers on cross-origin redirects, but did not clear `Proxy-Authorization` headers. \n\n### Patches\n\nThis is patched in v5.28.3 and v6.6.1\n\n### Workarounds\n\nThere are no known workarounds.\n\n### References\n\n- https://fetch.spec.whatwg.org/#authentication-entries\n- https://github.com/nodejs/undici/security/advisories/GHSA-wqq4-5wpv-mx2g",
  "severity": [
    {
      "type": "CVSS_V3",
      "score": "CVSS:3.1/AV:N/AC:H/PR:H/UI:R/S:U/C:L/I:L/A:L"
    }
  ],
  "affected": [
    {
      "package": {
        "ecosystem": "npm",
        "name": "undici"
      },
      "ranges": [
        {
          "type": "ECOSYSTEM",
          "events": [
            {
              "introduced": "0"
            },
            {
              "fixed": "5.28.3"
            }
          ]
        }
      ],
      "database_specific": {
        "last_known_affected_version_range": "<= 5.28.2"
      }
    },
    {
      "package": {
        "ecosystem": "npm",
        "name": "undici"
      },
      "ranges": [
        {
          "type": "ECOSYSTEM",
          "events": [
            {
              "introduced": "6.0.0"
            },
            {
              "fixed": "6.6.1"
            }
          ]
        }
      ],
      "database_specific": {
        "last_known_affected_version_range": "<= 6.6.0"
      }
    }
  ],
  "references": [
    {
      "type": "WEB",
      "url": "https://github.com/nodejs/undici/security/advisories/GHSA-3787-6prv-h9w3"
    },
    {
      "type": "ADVISORY",
      "url": "https://nvd.nist.gov/vuln/detail/CVE-2024-24758"
    },
    {
      "type": "WEB",
      "url": "https://github.com/nodejs/undici/commit/b9da3e40f1f096a06b4caedbb27c2568730434ef"
    },
    {
      "type": "WEB",
      "url": "https://github.com/nodejs/undici/commit/d3aa574b1259c1d8d329a0f0f495ee82882b1458"
    },
    {
      "type": "PACKAGE",
      "url": "https://github.com/nodejs/undici"
    },
    {
      "type": "WEB",
      "url": "https://github.com/nodejs/undici/releases/tag/v5.28.3"
    },
    {
      "type": "WEB",
      "url": "https://github.com/nodejs/undici/releases/tag/v6.6.1"
    },
    {
      "type": "WEB",
      "url": "https://security.netapp.com/advisory/ntap-20240419-0007"
    },
    {
      "type": "WEB",
      "url": "http://www.openwall.com/lists/oss-security/2024/03/11/1"
    }
  ],
  "database_specific": {
    "cwe_ids": [
      "CWE-200"
    ],
    "severity": "LOW",
    "github_reviewed": true,
    "github_reviewed_at": "2024-02-16T16:02:52Z",
    "nvd_published_at": "2024-02-16T22:15:08Z"
  }
}