{
  "schema_version": "1.4.0",
  "id": "GHSA-fpj7-9xm6-8hgr",
  "modified": "2023-05-24T14:00:21Z",
  "published": "2022-01-21T23:38:30Z",
  "aliases": [
    "CVE-2022-23106"
  ],
  "summary": "Observable Discrepancy and Observable Timing Discrepancy in Jenkins Configuration as Code Plugin",
  "details": "Jenkins Configuration as Code Plugin prior to 1.55.1, 1.54.1, 1.53.1, and 1.47.1 does not use a constant-time comparison when checking whether two authentication tokens are equal.\n\nThis could potentially allow attackers to use statistical methods to obtain a valid authentication token.\n\nConfiguration as Code Plugin 1.55.1, 1.54.1, 1.53.1, and 1.47.1 now uses a constant-time comparison when validating authentication tokens.",
  "severity": [
    {
      "type": "CVSS_V3",
      "score": "CVSS:3.1/AV:N/AC:H/PR:N/UI:N/S:U/C:L/I:N/A:N"
    }
  ],
  "affected": [
    {
      "package": {
        "ecosystem": "Maven",
        "name": "io.jenkins:configuration-as-code"
      },
      "ranges": [
        {
          "type": "ECOSYSTEM",
          "events": [
            {
              "introduced": "1.55"
            },
            {
              "fixed": "1.55.1"
            }
          ]
        }
      ],
      "versions": [
        "1.55"
      ]
    },
    {
      "package": {
        "ecosystem": "Maven",
        "name": "io.jenkins:configuration-as-code"
      },
      "ranges": [
        {
          "type": "ECOSYSTEM",
          "events": [
            {
              "introduced": "1.54"
            },
            {
              "fixed": "1.54.1"
            }
          ]
        }
      ],
      "versions": [
        "1.54"
      ]
    },
    {
      "package": {
        "ecosystem": "Maven",
        "name": "io.jenkins:configuration-as-code"
      },
      "ranges": [
        {
          "type": "ECOSYSTEM",
          "events": [
            {
              "introduced": "1.48"
            },
            {
              "fixed": "1.53.1"
            }
          ]
        }
      ]
    },
    {
      "package": {
        "ecosystem": "Maven",
        "name": "io.jenkins:configuration-as-code"
      },
      "ranges": [
        {
          "type": "ECOSYSTEM",
          "events": [
            {
              "introduced": "0"
            },
            {
              "fixed": "1.47.1"
            }
          ]
        }
      ]
    }
  ],
  "references": [
    {
      "type": "ADVISORY",
      "url": "https://nvd.nist.gov/vuln/detail/CVE-2022-23106"
    },
    {
      "type": "WEB",
      "url": "https://github.com/jenkinsci/configuration-as-code-plugin/commit/4f425675edf77d382a6fd10890f1a704ff3b2277"
    },
    {
      "type": "WEB",
      "url": "https://github.com/CVEProject/cvelist/blob/00bfb5abeecc9f553a2f42954ee540e493498ee9/2022/23xxx/CVE-2022-23106.json"
    },
    {
      "type": "PACKAGE",
      "url": "https://github.com/jenkinsci/configuration-as-code-plugin"
    },
    {
      "type": "WEB",
      "url": "https://www.jenkins.io/security/advisory/2022-01-12/#SECURITY-2141"
    },
    {
      "type": "WEB",
      "url": "http://www.openwall.com/lists/oss-security/2022/01/12/6"
    }
  ],
  "database_specific": {
    "cwe_ids": [
      "CWE-203",
      "CWE-208"
    ],
    "severity": "LOW",
    "github_reviewed": true,
    "github_reviewed_at": "2022-01-20T14:42:40Z",
    "nvd_published_at": "2022-01-12T20:15:00Z"
  }
}