{
  "schema_version": "1.4.0",
  "id": "GHSA-3f65-m234-9mxr",
  "modified": "2024-05-29T20:43:59Z",
  "published": "2024-05-24T20:19:53Z",
  "aliases": [
    "CVE-2024-35232"
  ],
  "summary": "github.com/huandu/facebook may expose access_token in error message.",
  "details": "### Summary\naccess_token can be exposed in error message on fail in HTTP request.\n\n### Details\nUsing this module, when HTTP request fails, error message can contain access_token. This can be happen when:\n- module is sending HTTP request with query parameter `?access_token=...`.\n- and HTTP request fails (errors like `facebook: cannot reach facebook server`).\n\nIn such situation, error message is constucted like following.\nhttps://github.com/huandu/facebook/blob/1591be276561bbdb019c0279f1d33cb18a650e1b/session.go#L558-L567\nOriginal error message contained in it comes from `net/http` module. And it can contain full URL, that can contain query parameter `access_token`:\nhttps://cs.opensource.google/go/go/+/refs/tags/go1.22.3:src/net/http/client.go;l=629-633\nhttps://cs.opensource.google/go/go/+/refs/tags/go1.22.3:src/net/url/url.go;l=30\n\nIt should be very common that applications log error message when they encounter errors. As a result, access_token can be stored into log server and some other infrastructures. Of course other careless error handling in client code that causing other security problems can exist.\n\nI'm not very sure that whether we can consider that github.com/huandu/facebook is vulnerable. Anyway, I think current error message, that can expose access_token, is not desirble.\n\n### PoC\nRequest me this section if you need complete instruction.\n\n### Impact\nClient applications with following conditions can be affected.\n- logs error message from this module\n- or returns error message to client as something like HTTP response.\n- or uses error messages somewhere\n",
  "severity": [
    {
      "type": "CVSS_V3",
      "score": "CVSS:3.1/AV:N/AC:H/PR:N/UI:N/S:U/C:L/I:N/A:N"
    }
  ],
  "affected": [
    {
      "package": {
        "ecosystem": "Go",
        "name": "github.com/huandu/facebook/v2"
      },
      "ranges": [
        {
          "type": "ECOSYSTEM",
          "events": [
            {
              "introduced": "0"
            },
            {
              "fixed": "2.7.2"
            }
          ]
        }
      ],
      "database_specific": {
        "last_known_affected_version_range": "<= 2.7.1"
      }
    }
  ],
  "references": [
    {
      "type": "WEB",
      "url": "https://github.com/huandu/facebook/security/advisories/GHSA-3f65-m234-9mxr"
    },
    {
      "type": "ADVISORY",
      "url": "https://nvd.nist.gov/vuln/detail/CVE-2024-35232"
    },
    {
      "type": "WEB",
      "url": "https://github.com/huandu/facebook/commit/8b34431b91b32903c8821b1d7621bf81a029d8e4"
    },
    {
      "type": "WEB",
      "url": "https://cs.opensource.google/go/go/+/refs/tags/go1.22.3:src/net/http/client.go;l=629-633"
    },
    {
      "type": "WEB",
      "url": "https://cs.opensource.google/go/go/+/refs/tags/go1.22.3:src/net/url/url.go;l=30"
    },
    {
      "type": "PACKAGE",
      "url": "https://github.com/huandu/facebook"
    },
    {
      "type": "WEB",
      "url": "https://github.com/huandu/facebook/blob/1591be276561bbdb019c0279f1d33cb18a650e1b/session.go#L558-L567"
    }
  ],
  "database_specific": {
    "cwe_ids": [
      "CWE-209"
    ],
    "severity": "LOW",
    "github_reviewed": true,
    "github_reviewed_at": "2024-05-24T20:19:53Z",
    "nvd_published_at": "2024-05-24T21:15:59Z"
  }
}