{
  "schema_version": "1.4.0",
  "id": "GHSA-mm49-4f2g-c3wf",
  "modified": "2025-01-30T17:56:19Z",
  "published": "2025-01-30T15:31:39Z",
  "aliases": [
    "CVE-2024-55416"
  ],
  "summary": "DevDojo Voyager vulnerable to reflected Cross-site Scripting",
  "details": "DevDojo Voyager through version 1.8.0 is vulnerable to reflected XSS via /admin/compass. By manipulating an authenticated user to click on a link, arbitrary Javascript can be executed.",
  "severity": [
    {
      "type": "CVSS_V4",
      "score": "CVSS:4.0/AV:N/AC:L/AT:N/PR:L/UI:P/VC:N/VI:N/VA:N/SC:L/SI:L/SA:N/E:P"
    }
  ],
  "affected": [
    {
      "package": {
        "ecosystem": "Packagist",
        "name": "tcg/voyager"
      },
      "ranges": [
        {
          "type": "ECOSYSTEM",
          "events": [
            {
              "introduced": "0"
            },
            {
              "last_affected": "1.8.0"
            }
          ]
        }
      ]
    }
  ],
  "references": [
    {
      "type": "ADVISORY",
      "url": "https://nvd.nist.gov/vuln/detail/CVE-2024-55416"
    },
    {
      "type": "PACKAGE",
      "url": "https://github.com/thedevdojo/voyager"
    },
    {
      "type": "WEB",
      "url": "https://github.com/thedevdojo/voyager/blob/1.6/resources/views/master.blade.php#L132"
    },
    {
      "type": "WEB",
      "url": "https://github.com/thedevdojo/voyager/blob/1.6/src/Http/Controllers/VoyagerCompassController.php#L44"
    },
    {
      "type": "WEB",
      "url": "https://www.sonarsource.com/blog/the-tainted-voyage-uncovering-voyagers-vulnerabilities"
    }
  ],
  "database_specific": {
    "cwe_ids": [
      "CWE-79"
    ],
    "severity": "LOW",
    "github_reviewed": true,
    "github_reviewed_at": "2025-01-30T17:56:19Z",
    "nvd_published_at": "2025-01-30T15:15:17Z"
  }
}