{
  "schema_version": "1.4.0",
  "id": "GHSA-mrr8-v49w-3333",
  "modified": "2023-07-10T19:08:10Z",
  "published": "2023-07-10T19:08:10Z",
  "aliases": [],
  "summary": "sweetalert2 v11.6.14 and above contains potentially undesirable behavior",
  "details": "`sweetalert2` versions 11.6.14 and above have potentially undesirable behavior. The package outputs audio and/or video messages that do not pertain to the functionality of the package when run on specific tlds. This functionality is documented on the project's readme",
  "severity": [],
  "affected": [
    {
      "package": {
        "ecosystem": "npm",
        "name": "sweetalert2"
      },
      "ranges": [
        {
          "type": "ECOSYSTEM",
          "events": [
            {
              "introduced": "11.6.14"
            }
          ]
        }
      ]
    }
  ],
  "references": [
    {
      "type": "WEB",
      "url": "https://github.com/sweetalert2/sweetalert2/releases/tag/v11.4.9"
    },
    {
      "type": "WEB",
      "url": "https://github.com/sweetalert2/sweetalert2/tree/6d02e1095e5d9db1dfa7f0708df6fa13a1b32be3#important-notice-about-usage-of-this-software-for-ru-su-and-%D1%80%D1%84-domain-zones"
    },
    {
      "type": "WEB",
      "url": "https://www.npmjs.com/package/sweetalert2"
    }
  ],
  "database_specific": {
    "cwe_ids": [
      "CWE-440"
    ],
    "severity": "LOW",
    "github_reviewed": true,
    "github_reviewed_at": "2023-07-10T19:08:10Z",
    "nvd_published_at": null
  }
}