{
  "schema_version": "1.4.0",
  "id": "GHSA-2x3g-rr4w-4qrp",
  "modified": "2025-03-21T15:41:33Z",
  "published": "2025-03-19T18:30:51Z",
  "aliases": [
    "CVE-2025-30197"
  ],
  "summary": "Jenkins Zoho QEngine Plugin Displays Unmasked API Keys",
  "details": "Jenkins Zoho QEngine Plugin 1.0.29.vfa_cc23396502 and earlier does not mask the QEngine API Key form field, increasing the potential for attackers to observe and capture it.",
  "severity": [
    {
      "type": "CVSS_V3",
      "score": "CVSS:3.1/AV:N/AC:H/PR:N/UI:R/S:U/C:L/I:N/A:N"
    },
    {
      "type": "CVSS_V4",
      "score": "CVSS:4.0/AV:N/AC:H/AT:N/PR:N/UI:P/VC:L/VI:N/VA:N/SC:N/SI:N/SA:N"
    }
  ],
  "affected": [
    {
      "package": {
        "ecosystem": "Maven",
        "name": "io.jenkins.plugins:zohoqengine"
      },
      "ranges": [
        {
          "type": "ECOSYSTEM",
          "events": [
            {
              "introduced": "0"
            },
            {
              "fixed": "1.0.31.v4a_b_1db_6d6a_f2"
            }
          ]
        }
      ],
      "database_specific": {
        "last_known_affected_version_range": "< 1.0.31.v4a"
      }
    }
  ],
  "references": [
    {
      "type": "ADVISORY",
      "url": "https://nvd.nist.gov/vuln/detail/CVE-2025-30197"
    },
    {
      "type": "WEB",
      "url": "https://github.com/jenkinsci/zohoqengine-plugin/commit/4ab1db6d6af21f43dd15cc328599445519875fa8"
    },
    {
      "type": "PACKAGE",
      "url": "https://github.com/jenkinsci/zohoqengine-plugin"
    },
    {
      "type": "WEB",
      "url": "https://www.jenkins.io/security/advisory/2025-03-19/#SECURITY-3511"
    }
  ],
  "database_specific": {
    "cwe_ids": [
      "CWE-522",
      "CWE-549"
    ],
    "severity": "LOW",
    "github_reviewed": true,
    "github_reviewed_at": "2025-03-20T13:17:59Z",
    "nvd_published_at": "2025-03-19T16:15:34Z"
  }
}