{
  "schema_version": "1.4.0",
  "id": "GHSA-2h9c-34v6-3qmr",
  "modified": "2023-12-07T21:16:21Z",
  "published": "2022-05-13T01:09:54Z",
  "aliases": [
    "CVE-2015-7561"
  ],
  "summary": "Kubernetes in OpenShift3 Access Control Misconfiguration",
  "details": "Kubernetes in OpenShift3 allows remote authenticated users to use the private images of other users should they know the name of said image.",
  "severity": [
    {
      "type": "CVSS_V3",
      "score": "CVSS:3.0/AV:N/AC:H/PR:L/UI:N/S:U/C:L/I:N/A:N"
    }
  ],
  "affected": [
    {
      "package": {
        "ecosystem": "Go",
        "name": "k8s.io/kubernetes"
      },
      "ranges": [
        {
          "type": "ECOSYSTEM",
          "events": [
            {
              "introduced": "0"
            },
            {
              "fixed": "1.2.0-alpha.6"
            }
          ]
        }
      ]
    }
  ],
  "references": [
    {
      "type": "ADVISORY",
      "url": "https://nvd.nist.gov/vuln/detail/CVE-2015-7561"
    },
    {
      "type": "WEB",
      "url": "https://github.com/kubernetes/kubernetes/pull/18909"
    },
    {
      "type": "WEB",
      "url": "https://github.com/kubernetes/kubernetes/commit/e185b1028ac8459f7b451e1115399192e96f6ee9"
    },
    {
      "type": "WEB",
      "url": "https://bugzilla.redhat.com/show_bug.cgi?id=1291963"
    },
    {
      "type": "PACKAGE",
      "url": "https://github.com/kubernetes/kubernetes"
    }
  ],
  "database_specific": {
    "cwe_ids": [],
    "severity": "LOW",
    "github_reviewed": true,
    "github_reviewed_at": "2023-07-31T23:55:42Z",
    "nvd_published_at": "2017-08-07T17:29:00Z"
  }
}