{
  "schema_version": "1.4.0",
  "id": "GHSA-j9wp-x5q5-xh2f",
  "modified": "2024-10-28T14:38:35Z",
  "published": "2024-10-26T00:32:28Z",
  "aliases": [
    "CVE-2024-48228"
  ],
  "summary": "Funadmin Cross-site Scripting vulnerability",
  "details": "An issue was found in funadmin 5.0.2. The selectfiles method in `\\backend\\controller\\sys\\Attachh.php` directly stores the passed parameters and values into the param parameter without filtering, resulting in Cross Site Scripting (XSS).",
  "severity": [
    {
      "type": "CVSS_V3",
      "score": "CVSS:3.1/AV:N/AC:L/PR:N/UI:R/S:C/C:L/I:L/A:N"
    },
    {
      "type": "CVSS_V4",
      "score": "CVSS:4.0/AV:N/AC:L/AT:N/PR:N/UI:P/VC:N/VI:N/VA:N/SC:L/SI:L/SA:N/E:P"
    }
  ],
  "affected": [
    {
      "package": {
        "ecosystem": "Packagist",
        "name": "funadmin/funadmin"
      },
      "ranges": [
        {
          "type": "ECOSYSTEM",
          "events": [
            {
              "introduced": "0"
            },
            {
              "last_affected": "5.0.2"
            }
          ]
        }
      ]
    }
  ],
  "references": [
    {
      "type": "ADVISORY",
      "url": "https://nvd.nist.gov/vuln/detail/CVE-2024-48228"
    },
    {
      "type": "WEB",
      "url": "https://github.com/funadmin/funadmin/issues/31"
    },
    {
      "type": "PACKAGE",
      "url": "https://github.com/funadmin/funadmin"
    }
  ],
  "database_specific": {
    "cwe_ids": [
      "CWE-79"
    ],
    "severity": "LOW",
    "github_reviewed": true,
    "github_reviewed_at": "2024-10-28T14:38:35Z",
    "nvd_published_at": "2024-10-25T22:15:02Z"
  }
}