{
  "schema_version": "1.4.0",
  "id": "GHSA-2j3r-x6xc-qqqj",
  "modified": "2023-01-09T19:46:20Z",
  "published": "2022-05-24T17:08:47Z",
  "aliases": [
    "CVE-2020-2127"
  ],
  "summary": "Credential stored in plain text by BMC Release Package and Deployment Plugin",
  "details": "Jenkins BMC Release Package and Deployment Plugin 1.1 and earlier stores credentials unencrypted in its global configuration file on the Jenkins master where they can be viewed by users with access to the master file system. As of publication of this advisory, there is no fix.",
  "severity": [
    {
      "type": "CVSS_V3",
      "score": "CVSS:3.1/AV:L/AC:L/PR:L/UI:N/S:U/C:L/I:N/A:N"
    }
  ],
  "affected": [
    {
      "package": {
        "ecosystem": "Maven",
        "name": "RPD:bmc-rpd"
      },
      "ranges": [
        {
          "type": "ECOSYSTEM",
          "events": [
            {
              "introduced": "0"
            },
            {
              "last_affected": "1.1"
            }
          ]
        }
      ]
    }
  ],
  "references": [
    {
      "type": "ADVISORY",
      "url": "https://nvd.nist.gov/vuln/detail/CVE-2020-2127"
    },
    {
      "type": "PACKAGE",
      "url": "https://github.com/jenkinsci/bmc-rpd-plugin"
    },
    {
      "type": "WEB",
      "url": "https://jenkins.io/security/advisory/2020-02-12/#SECURITY-1547"
    },
    {
      "type": "WEB",
      "url": "http://www.openwall.com/lists/oss-security/2020/02/12/3"
    }
  ],
  "database_specific": {
    "cwe_ids": [
      "CWE-256",
      "CWE-522"
    ],
    "severity": "LOW",
    "github_reviewed": true,
    "github_reviewed_at": "2023-01-09T19:46:20Z",
    "nvd_published_at": "2020-02-12T15:15:00Z"
  }
}