{
  "schema_version": "1.4.0",
  "id": "GHSA-mmh6-m7v9-5956",
  "modified": "2022-06-03T22:25:16Z",
  "published": "2022-06-03T00:01:00Z",
  "aliases": [
    "CVE-2021-43308"
  ],
  "summary": "Regular expression denial of service in markdown-link-extractor",
  "details": "An exponential ReDoS (Regular Expression Denial of Service) can be triggered in the markdown-link-extractor npm package, when an attacker is able to supply arbitrary input to the module's exported function",
  "severity": [],
  "affected": [
    {
      "package": {
        "ecosystem": "npm",
        "name": "markdown-link-extractor"
      },
      "ranges": [
        {
          "type": "ECOSYSTEM",
          "events": [
            {
              "introduced": "0"
            },
            {
              "fixed": "3.0.2"
            }
          ]
        }
      ]
    },
    {
      "package": {
        "ecosystem": "npm",
        "name": "markdown-link-extractor"
      },
      "ranges": [
        {
          "type": "ECOSYSTEM",
          "events": [
            {
              "introduced": "4.0.0"
            },
            {
              "fixed": "4.0.1"
            }
          ]
        }
      ]
    }
  ],
  "references": [
    {
      "type": "ADVISORY",
      "url": "https://nvd.nist.gov/vuln/detail/CVE-2021-43308"
    },
    {
      "type": "PACKAGE",
      "url": "https://github.com/tcort/markdown-link-extractor"
    },
    {
      "type": "WEB",
      "url": "https://research.jfrog.com/vulnerabilities/markdown-link-extractor-redos-xray-211350"
    }
  ],
  "database_specific": {
    "cwe_ids": [
      "CWE-1333"
    ],
    "severity": "LOW",
    "github_reviewed": true,
    "github_reviewed_at": "2022-06-03T22:25:16Z",
    "nvd_published_at": "2022-06-02T14:15:00Z"
  }
}