{
  "schema_version": "1.4.0",
  "id": "GHSA-f4c9-cqv8-9v98",
  "modified": "2024-07-19T18:34:30Z",
  "published": "2022-05-24T17:42:20Z",
  "withdrawn": "2024-07-19T18:34:30Z",
  "aliases": [
    "CVE-2021-20066"
  ],
  "summary": "Withdrawn Advisory: Insufficient Granularity of Access Control in JSDom",
  "details": "# Withdrawn Advisory\n\nThis advisory has been withdrawn because the user must configure jsdom to allow access to local files.\n\n# Original Description\n\nJSDom improperly allows the loading of local resources, which allows for local files to be manipulated by a malicious web page when script execution is enabled.",
  "severity": [
    {
      "type": "CVSS_V3",
      "score": "CVSS:3.1/AV:N/AC:H/PR:N/UI:N/S:U/C:N/I:N/A:N"
    }
  ],
  "affected": [
    {
      "package": {
        "ecosystem": "npm",
        "name": "jsdom"
      },
      "ranges": [
        {
          "type": "ECOSYSTEM",
          "events": [
            {
              "introduced": "0"
            },
            {
              "fixed": "16.5.0"
            }
          ]
        }
      ],
      "database_specific": {
        "last_known_affected_version_range": "<= 16.4.0"
      }
    }
  ],
  "references": [
    {
      "type": "ADVISORY",
      "url": "https://nvd.nist.gov/vuln/detail/CVE-2021-20066"
    },
    {
      "type": "WEB",
      "url": "https://github.com/jsdom/jsdom/issues/3124"
    },
    {
      "type": "WEB",
      "url": "https://github.com/jsdom/jsdom/issues/3124#issuecomment-783502951"
    },
    {
      "type": "PACKAGE",
      "url": "https://github.com/jsdom/jsdom"
    },
    {
      "type": "WEB",
      "url": "https://security.snyk.io/vuln/SNYK-JS-JSDOM-1075447"
    },
    {
      "type": "WEB",
      "url": "https://www.tenable.com/security/research/tra-2021-05"
    }
  ],
  "database_specific": {
    "cwe_ids": [
      "CWE-1220"
    ],
    "severity": "LOW",
    "github_reviewed": true,
    "github_reviewed_at": "2022-06-22T18:50:49Z",
    "nvd_published_at": "2021-02-16T20:15:00Z"
  }
}