{
  "schema_version": "1.4.0",
  "id": "GHSA-9w85-x5hg-fr66",
  "modified": "2025-04-02T17:07:45Z",
  "published": "2025-04-01T00:30:33Z",
  "aliases": [
    "CVE-2025-31677"
  ],
  "summary": "Drupal AI Cross-Site Request Forgery (CSRF) vulnerability",
  "details": "Cross-Site Request Forgery (CSRF) vulnerability in Drupal AI (Artificial Intelligence) allows Cross Site Request Forgery. This issue affects AI (Artificial Intelligence): from 1.0.0 before 1.0.2.",
  "severity": [
    {
      "type": "CVSS_V4",
      "score": "CVSS:4.0/AV:N/AC:L/AT:N/PR:N/UI:N/VC:L/VI:L/VA:N/SC:N/SI:N/SA:N/E:U"
    }
  ],
  "affected": [
    {
      "package": {
        "ecosystem": "Packagist",
        "name": "drupal/ai"
      },
      "ranges": [
        {
          "type": "ECOSYSTEM",
          "events": [
            {
              "introduced": "1.0.0"
            },
            {
              "fixed": "1.0.2"
            }
          ]
        }
      ]
    }
  ],
  "references": [
    {
      "type": "ADVISORY",
      "url": "https://nvd.nist.gov/vuln/detail/CVE-2025-31677"
    },
    {
      "type": "PACKAGE",
      "url": "https://git.drupalcode.org/project/ai"
    },
    {
      "type": "WEB",
      "url": "https://www.drupal.org/sa-contrib-2025-003"
    }
  ],
  "database_specific": {
    "cwe_ids": [
      "CWE-352"
    ],
    "severity": "LOW",
    "github_reviewed": true,
    "github_reviewed_at": "2025-04-02T17:07:45Z",
    "nvd_published_at": "2025-03-31T22:15:20Z"
  }
}