{
  "schema_version": "1.4.0",
  "id": "GHSA-4wph-9vrm-6v3w",
  "modified": "2024-10-26T18:41:06Z",
  "published": "2022-11-16T19:00:32Z",
  "aliases": [
    "CVE-2022-4018"
  ],
  "summary": "Rdiffweb vulnerable to Missing Authentication for Critical Function",
  "details": "Missing Authentication for Critical Function in GitHub repository ikus060/rdiffweb prior to 2.5.0a6.",
  "severity": [
    {
      "type": "CVSS_V3",
      "score": "CVSS:3.1/AV:N/AC:L/PR:N/UI:R/S:U/C:N/I:N/A:L"
    },
    {
      "type": "CVSS_V4",
      "score": "CVSS:4.0/AV:N/AC:L/AT:N/PR:N/UI:P/VC:N/VI:N/VA:L/SC:N/SI:N/SA:N/E:P"
    }
  ],
  "affected": [
    {
      "package": {
        "ecosystem": "PyPI",
        "name": "rdiffweb"
      },
      "ranges": [
        {
          "type": "ECOSYSTEM",
          "events": [
            {
              "introduced": "0"
            },
            {
              "fixed": "2.5.0a6"
            }
          ]
        }
      ]
    }
  ],
  "references": [
    {
      "type": "ADVISORY",
      "url": "https://nvd.nist.gov/vuln/detail/CVE-2022-4018"
    },
    {
      "type": "WEB",
      "url": "https://github.com/ikus060/rdiffweb/commit/f2a32f2a9f3fb8be1a9432ac3d81d3aacdb13095"
    },
    {
      "type": "PACKAGE",
      "url": "https://github.com/ikus060/rdiffweb"
    },
    {
      "type": "WEB",
      "url": "https://github.com/pypa/advisory-database/tree/main/vulns/rdiffweb/PYSEC-2022-43001.yaml"
    },
    {
      "type": "WEB",
      "url": "https://huntr.dev/bounties/5340c2f6-0252-40f6-8929-cca5d64958a5"
    }
  ],
  "database_specific": {
    "cwe_ids": [
      "CWE-306"
    ],
    "severity": "LOW",
    "github_reviewed": true,
    "github_reviewed_at": "2022-11-22T00:18:15Z",
    "nvd_published_at": "2022-11-16T13:15:00Z"
  }
}