{
  "schema_version": "1.4.0",
  "id": "GHSA-r8m7-792j-5jvq",
  "modified": "2023-08-28T23:36:28Z",
  "published": "2022-05-17T01:29:44Z",
  "aliases": [
    "CVE-2013-7074"
  ],
  "summary": "TYPO3 Cross-Site Scripting (XSS) vulnerabilities in Content Editing Wizards component",
  "details": "Multiple cross-site scripting (XSS) vulnerabilities in Content Editing Wizards in TYPO3 4.5.x before 4.5.32, 4.7.x before 4.7.17, 6.0.x before 6.0.12, 6.1.x before 6.1.7, and the development versions of 6.2 allow remote authenticated users to inject arbitrary web script or HTML via unspecified parameters.",
  "severity": [
    {
      "type": "CVSS_V3",
      "score": "CVSS:3.1/AV:N/AC:H/PR:L/UI:R/S:C/C:N/I:L/A:N"
    }
  ],
  "affected": [
    {
      "package": {
        "ecosystem": "Packagist",
        "name": "typo3/cms"
      },
      "ranges": [
        {
          "type": "ECOSYSTEM",
          "events": [
            {
              "introduced": "4.5.0"
            },
            {
              "fixed": "4.5.32"
            }
          ]
        }
      ],
      "database_specific": {
        "last_known_affected_version_range": "<= 4.5.31"
      }
    },
    {
      "package": {
        "ecosystem": "Packagist",
        "name": "typo3/cms"
      },
      "ranges": [
        {
          "type": "ECOSYSTEM",
          "events": [
            {
              "introduced": "4.7.0"
            },
            {
              "fixed": "4.7.17"
            }
          ]
        }
      ],
      "database_specific": {
        "last_known_affected_version_range": "<= 4.7.16"
      }
    },
    {
      "package": {
        "ecosystem": "Packagist",
        "name": "typo3/cms"
      },
      "ranges": [
        {
          "type": "ECOSYSTEM",
          "events": [
            {
              "introduced": "6.0.0"
            },
            {
              "fixed": "6.0.12"
            }
          ]
        }
      ],
      "database_specific": {
        "last_known_affected_version_range": "<= 6.0.11"
      }
    },
    {
      "package": {
        "ecosystem": "Packagist",
        "name": "typo3/cms"
      },
      "ranges": [
        {
          "type": "ECOSYSTEM",
          "events": [
            {
              "introduced": "6.1.0"
            },
            {
              "fixed": "6.1.7"
            }
          ]
        }
      ],
      "database_specific": {
        "last_known_affected_version_range": "<= 6.1.6"
      }
    }
  ],
  "references": [
    {
      "type": "ADVISORY",
      "url": "https://nvd.nist.gov/vuln/detail/CVE-2013-7074"
    },
    {
      "type": "WEB",
      "url": "https://exchange.xforce.ibmcloud.com/vulnerabilities/89620"
    },
    {
      "type": "PACKAGE",
      "url": "https://github.com/TYPO3/typo3"
    },
    {
      "type": "WEB",
      "url": "http://osvdb.org/100881"
    },
    {
      "type": "WEB",
      "url": "http://seclists.org/oss-sec/2013/q4/473"
    },
    {
      "type": "WEB",
      "url": "http://seclists.org/oss-sec/2013/q4/487"
    },
    {
      "type": "WEB",
      "url": "http://typo3.org/teams/security/security-bulletins/typo3-core/typo3-core-sa-2013-004"
    },
    {
      "type": "WEB",
      "url": "http://www.debian.org/security/2014/dsa-2834"
    },
    {
      "type": "WEB",
      "url": "http://www.securityfocus.com/bid/64245"
    }
  ],
  "database_specific": {
    "cwe_ids": [
      "CWE-79"
    ],
    "severity": "LOW",
    "github_reviewed": true,
    "github_reviewed_at": "2023-08-28T23:36:28Z",
    "nvd_published_at": "2013-12-21T00:55:00Z"
  }
}