{
  "schema_version": "1.4.0",
  "id": "GHSA-wv8g-fx9j-q2jg",
  "modified": "2023-08-16T23:11:59Z",
  "published": "2022-05-17T03:57:46Z",
  "aliases": [
    "CVE-2014-7217"
  ],
  "summary": "phpMyAdmin cross-site scripting Vulnerability via ENUM value",
  "details": "Multiple cross-site scripting (XSS) vulnerabilities in phpMyAdmin 4.0.x before 4.0.10.4, 4.1.x before 4.1.14.5, and 4.2.x before 4.2.9.1 allow remote authenticated users to inject arbitrary web script or HTML via a crafted ENUM value that is improperly handled during rendering of the (1) table search or (2) table structure page, related to `libraries/TableSearch.class.php` and `libraries/Util.class.php`.",
  "severity": [],
  "affected": [
    {
      "package": {
        "ecosystem": "Packagist",
        "name": "phpmyadmin/phpmyadmin"
      },
      "ranges": [
        {
          "type": "ECOSYSTEM",
          "events": [
            {
              "introduced": "4.0.0"
            },
            {
              "fixed": "4.0.10.4"
            }
          ]
        }
      ]
    },
    {
      "package": {
        "ecosystem": "Packagist",
        "name": "phpmyadmin/phpmyadmin"
      },
      "ranges": [
        {
          "type": "ECOSYSTEM",
          "events": [
            {
              "introduced": "4.1.0"
            },
            {
              "fixed": "4.1.14.5"
            }
          ]
        }
      ]
    },
    {
      "package": {
        "ecosystem": "Packagist",
        "name": "phpmyadmin/phpmyadmin"
      },
      "ranges": [
        {
          "type": "ECOSYSTEM",
          "events": [
            {
              "introduced": "4.2.0"
            },
            {
              "fixed": "4.2.9.1"
            }
          ]
        }
      ]
    }
  ],
  "references": [
    {
      "type": "ADVISORY",
      "url": "https://nvd.nist.gov/vuln/detail/CVE-2014-7217"
    },
    {
      "type": "WEB",
      "url": "https://github.com/phpmyadmin/phpmyadmin/commit/304fb2b645b36a39e03b954fdbd567173ebe6448"
    },
    {
      "type": "WEB",
      "url": "https://github.com/phpmyadmin/phpmyadmin/commit/c1a3f85fbd1a9569646e7cf1b791325ae82c7961"
    },
    {
      "type": "WEB",
      "url": "https://web.archive.org/web/20141010205819/http://www.securityfocus.com/bid/70252"
    },
    {
      "type": "WEB",
      "url": "http://lists.opensuse.org/opensuse-updates/2014-10/msg00009.html"
    },
    {
      "type": "WEB",
      "url": "http://www.phpmyadmin.net/home_page/security/PMASA-2014-11.php"
    }
  ],
  "database_specific": {
    "cwe_ids": [
      "CWE-79"
    ],
    "severity": "LOW",
    "github_reviewed": true,
    "github_reviewed_at": "2023-08-16T23:11:59Z",
    "nvd_published_at": "2014-10-03T01:55:00Z"
  }
}