{
  "schema_version": "1.4.0",
  "id": "GHSA-pv88-j6rg-r56p",
  "modified": "2024-03-05T14:36:40Z",
  "published": "2022-05-17T03:53:42Z",
  "aliases": [
    "CVE-2014-2068"
  ],
  "summary": "Jenkins allows attackers to obtain sensitive information",
  "details": "The doIndex function in hudson/util/RemotingDiagnostics.java in CloudBees Jenkins before 1.551 and LTS before 1.532.2 allows remote authenticated users with the ADMINISTER permission to obtain sensitive information via vectors related to heapDump.",
  "severity": [],
  "affected": [
    {
      "package": {
        "ecosystem": "Maven",
        "name": "org.jenkins-ci.main:jenkins-core"
      },
      "ranges": [
        {
          "type": "ECOSYSTEM",
          "events": [
            {
              "introduced": "1.533"
            },
            {
              "fixed": "1.551"
            }
          ]
        }
      ]
    },
    {
      "package": {
        "ecosystem": "Maven",
        "name": "org.jenkins-ci.main:jenkins-core"
      },
      "ranges": [
        {
          "type": "ECOSYSTEM",
          "events": [
            {
              "introduced": "0"
            },
            {
              "fixed": "1.532.2"
            }
          ]
        }
      ]
    }
  ],
  "references": [
    {
      "type": "ADVISORY",
      "url": "https://nvd.nist.gov/vuln/detail/CVE-2014-2068"
    },
    {
      "type": "WEB",
      "url": "https://github.com/jenkinsci/jenkins/commit/0530a6645aac10fec005614211660e98db44b5eb"
    },
    {
      "type": "PACKAGE",
      "url": "https://github.com/jenkinsci/jenkins"
    },
    {
      "type": "WEB",
      "url": "https://wiki.jenkins-ci.org/display/SECURITY/Jenkins+Security+Advisory+2014-02-14"
    },
    {
      "type": "WEB",
      "url": "http://www.openwall.com/lists/oss-security/2014/02/21/2"
    }
  ],
  "database_specific": {
    "cwe_ids": [],
    "severity": "LOW",
    "github_reviewed": true,
    "github_reviewed_at": "2024-03-05T14:36:40Z",
    "nvd_published_at": "2014-10-17T15:55:00Z"
  }
}