{
  "schema_version": "1.4.0",
  "id": "GHSA-9678-5f6f-wp3f",
  "modified": "2023-03-02T16:42:30Z",
  "published": "2022-05-24T16:55:59Z",
  "aliases": [
    "CVE-2019-10398"
  ],
  "summary": "Jenkins Beaker Builder Plugin has Insufficiently Protected Credentials",
  "details": "Beaker builder Plugin stored the Beaker password unencrypted on the Jenkins controller. This password could be viewed by users with access to the Jenkins controller file system.\n\nBeaker builder Plugin now stores these credentials encrypted.",
  "severity": [
    {
      "type": "CVSS_V3",
      "score": "CVSS:3.0/AV:L/AC:L/PR:L/UI:N/S:U/C:L/I:N/A:N"
    }
  ],
  "affected": [
    {
      "package": {
        "ecosystem": "Maven",
        "name": "org.jenkins-ci.plugins:beaker-builder"
      },
      "ranges": [
        {
          "type": "ECOSYSTEM",
          "events": [
            {
              "introduced": "0"
            },
            {
              "fixed": "1.10"
            }
          ]
        }
      ]
    }
  ],
  "references": [
    {
      "type": "ADVISORY",
      "url": "https://nvd.nist.gov/vuln/detail/CVE-2019-10398"
    },
    {
      "type": "WEB",
      "url": "https://github.com/jenkinsci/beaker-builder-plugin/commit/be0101f3541a5d2c28cf226c8b2e55cd4cfc94da"
    },
    {
      "type": "WEB",
      "url": "https://jenkins.io/security/advisory/2019-09-12/#SECURITY-1545"
    },
    {
      "type": "WEB",
      "url": "http://www.openwall.com/lists/oss-security/2019/09/12/2"
    }
  ],
  "database_specific": {
    "cwe_ids": [
      "CWE-522"
    ],
    "severity": "LOW",
    "github_reviewed": true,
    "github_reviewed_at": "2023-03-02T16:42:30Z",
    "nvd_published_at": "2019-09-12T14:15:00Z"
  }
}