{
  "schema_version": "1.4.0",
  "id": "GHSA-5c5p-jxvx-x7j2",
  "modified": "2024-02-14T23:37:49Z",
  "published": "2022-05-01T18:03:36Z",
  "aliases": [
    "CVE-2007-2450"
  ],
  "summary": "Apache Tomcat vulnerable to Cross-site Scripting",
  "details": "Multiple cross-site scripting (XSS) vulnerabilities in the (1) Manager and (2) Host Manager web applications in Apache Tomcat 4.0.0 through 4.0.6, 4.1.0 through 4.1.36, 5.0.0 through 5.0.30, 5.5.0 through 5.5.24, and 6.0.0 through 6.0.13 allow remote authenticated users to inject arbitrary web script or HTML via a parameter name to manager/html/upload, and other unspecified vectors.",
  "severity": [],
  "affected": [
    {
      "package": {
        "ecosystem": "Maven",
        "name": "org.apache.tomcat:tomcat"
      },
      "ranges": [
        {
          "type": "ECOSYSTEM",
          "events": [
            {
              "introduced": "4.0.0"
            },
            {
              "last_affected": "4.0.6"
            }
          ]
        }
      ]
    },
    {
      "package": {
        "ecosystem": "Maven",
        "name": "org.apache.tomcat:tomcat"
      },
      "ranges": [
        {
          "type": "ECOSYSTEM",
          "events": [
            {
              "introduced": "4.1.0"
            },
            {
              "fixed": "4.1.37"
            }
          ]
        }
      ],
      "database_specific": {
        "last_known_affected_version_range": "<= 4.1.36"
      }
    },
    {
      "package": {
        "ecosystem": "Maven",
        "name": "org.apache.tomcat:tomcat"
      },
      "ranges": [
        {
          "type": "ECOSYSTEM",
          "events": [
            {
              "introduced": "5.0.0"
            },
            {
              "last_affected": "5.0.30"
            }
          ]
        }
      ]
    },
    {
      "package": {
        "ecosystem": "Maven",
        "name": "org.apache.tomcat:tomcat"
      },
      "ranges": [
        {
          "type": "ECOSYSTEM",
          "events": [
            {
              "introduced": "5.5.0"
            },
            {
              "fixed": "5.5.25"
            }
          ]
        }
      ],
      "database_specific": {
        "last_known_affected_version_range": "<= 5.5.24"
      }
    },
    {
      "package": {
        "ecosystem": "Maven",
        "name": "org.apache.tomcat:tomcat"
      },
      "ranges": [
        {
          "type": "ECOSYSTEM",
          "events": [
            {
              "introduced": "6.0.0"
            },
            {
              "fixed": "6.0.14"
            }
          ]
        }
      ],
      "database_specific": {
        "last_known_affected_version_range": "<= 6.0.13"
      }
    }
  ],
  "references": [
    {
      "type": "ADVISORY",
      "url": "https://nvd.nist.gov/vuln/detail/CVE-2007-2450"
    },
    {
      "type": "WEB",
      "url": "https://github.com/apache/tomcat/commit/1bc3bcb2848f478fd6674487d6dad507fd5dd686"
    },
    {
      "type": "WEB",
      "url": "https://www.redhat.com/archives/fedora-package-announce/2007-November/msg00525.html"
    },
    {
      "type": "WEB",
      "url": "https://web.archive.org/web/20201207215920/https://cxsecurity.com/issue/WLB-2007060074"
    },
    {
      "type": "WEB",
      "url": "https://web.archive.org/web/20200809062244/http://www.securityfocus.com/archive/1/471357/100/0/threaded"
    },
    {
      "type": "WEB",
      "url": "https://web.archive.org/web/20200517153851/http://www.securityfocus.com/archive/1/500412/100/0/threaded"
    },
    {
      "type": "WEB",
      "url": "https://web.archive.org/web/20200517122628/http://www.securityfocus.com/archive/1/500396/100/0/threaded"
    },
    {
      "type": "WEB",
      "url": "https://web.archive.org/web/20200229180652/http://www.securityfocus.com/bid/24475"
    },
    {
      "type": "WEB",
      "url": "https://web.archive.org/web/20120809122231/http://secunia.com/advisories/30908"
    },
    {
      "type": "WEB",
      "url": "https://web.archive.org/web/20090623202429/http://secunia.com/advisories/33668"
    },
    {
      "type": "WEB",
      "url": "https://web.archive.org/web/20080801210056/http://secunia.com/advisories/30802"
    },
    {
      "type": "WEB",
      "url": "https://web.archive.org/web/20080801204240/http://secunia.com/advisories/30899"
    },
    {
      "type": "WEB",
      "url": "https://web.archive.org/web/20080724125033/http://secunia.com/advisories/27037"
    },
    {
      "type": "WEB",
      "url": "https://web.archive.org/web/20080413164556/http://securitytracker.com/alerts/2007/Jun/1018245.html"
    },
    {
      "type": "WEB",
      "url": "https://web.archive.org/web/20080324012730/http://secunia.com/advisories/28549"
    },
    {
      "type": "WEB",
      "url": "https://web.archive.org/web/20080320042501/http://secunia.com/advisories/27727"
    },
    {
      "type": "WEB",
      "url": "https://web.archive.org/web/20080212014926/http://secunia.com/advisories/26076"
    },
    {
      "type": "WEB",
      "url": "https://web.archive.org/web/20071203205513/http://secunia.com/advisories/25678"
    },
    {
      "type": "WEB",
      "url": "https://oval.cisecurity.org/repository/search/definition/oval%3Aorg.mitre.oval%3Adef%3A11287"
    },
    {
      "type": "WEB",
      "url": "https://lists.apache.org/thread.html/rb71997f506c6cc8b530dd845c084995a9878098846c7b4eacfae8db3@%3Cdev.tomcat.apache.org%3E"
    },
    {
      "type": "WEB",
      "url": "https://lists.apache.org/thread.html/c62b0e3a7bf23342352a5810c640a94b6db69957c5c19db507004d74@%3Cdev.tomcat.apache.org%3E"
    },
    {
      "type": "WEB",
      "url": "https://lists.apache.org/thread.html/29dc6c2b625789e70a9c4756b5a327e6547273ff8bde7e0327af48c5@%3Cdev.tomcat.apache.org%3E"
    },
    {
      "type": "PACKAGE",
      "url": "https://github.com/apache/tomcat"
    },
    {
      "type": "WEB",
      "url": "https://exchange.xforce.ibmcloud.com/vulnerabilities/34868"
    },
    {
      "type": "WEB",
      "url": "http://community.ca.com/blogs/casecurityresponseblog/archive/2009/01/23.aspx"
    },
    {
      "type": "WEB",
      "url": "http://h20000.www2.hp.com/bizsupport/TechSupport/Document.jsp?objectID=c01178795"
    },
    {
      "type": "WEB",
      "url": "http://jvn.jp/jp/JVN%2307100457/index.html"
    },
    {
      "type": "WEB",
      "url": "http://lists.apple.com/archives/security-announce/2008//Jun/msg00002.html"
    },
    {
      "type": "WEB",
      "url": "http://lists.opensuse.org/opensuse-security-announce/2009-02/msg00002.html"
    },
    {
      "type": "WEB",
      "url": "http://sunsolve.sun.com/search/document.do?assetkey=1-26-239312-1"
    },
    {
      "type": "WEB",
      "url": "http://support.apple.com/kb/HT2163"
    },
    {
      "type": "WEB",
      "url": "http://support.ca.com/irj/portal/anonymous/phpsupcontent?contentID=197540"
    },
    {
      "type": "WEB",
      "url": "http://tomcat.apache.org/security-4.html"
    },
    {
      "type": "WEB",
      "url": "http://tomcat.apache.org/security-5.html"
    },
    {
      "type": "WEB",
      "url": "http://tomcat.apache.org/security-6.html"
    },
    {
      "type": "WEB",
      "url": "http://www.debian.org/security/2008/dsa-1468"
    },
    {
      "type": "WEB",
      "url": "http://www.mandriva.com/security/advisories?name=MDKSA-2007:241"
    },
    {
      "type": "WEB",
      "url": "http://www.redhat.com/support/errata/RHSA-2007-0569.html"
    },
    {
      "type": "WEB",
      "url": "http://www.redhat.com/support/errata/RHSA-2008-0261.html"
    }
  ],
  "database_specific": {
    "cwe_ids": [
      "CWE-79"
    ],
    "severity": "LOW",
    "github_reviewed": true,
    "github_reviewed_at": "2024-02-14T23:37:49Z",
    "nvd_published_at": "2007-06-14T23:30:00Z"
  }
}