{
  "schema_version": "1.4.0",
  "id": "GHSA-9xpj-62mm-24h2",
  "modified": "2025-01-21T17:57:43Z",
  "published": "2024-06-14T09:31:17Z",
  "aliases": [
    "CVE-2024-25142"
  ],
  "summary": "Apache Airflow does not return the \"Cache-Control\" header for dynamic content",
  "details": "Use of Web Browser Cache Containing Sensitive Information vulnerability in Apache Airflow.\u00a0\n\nAirflow did not return \"Cache-Control\" header for dynamic content, which in case of some browsers could result in potentially storing sensitive data in local cache of the browser.\n\nThis issue affects Apache Airflow: before 2.9.2.\n\nUsers are recommended to upgrade to version 2.9.2, which fixes the issue.\n\n",
  "severity": [],
  "affected": [
    {
      "package": {
        "ecosystem": "PyPI",
        "name": "apache-airflow"
      },
      "ranges": [
        {
          "type": "ECOSYSTEM",
          "events": [
            {
              "introduced": "0"
            },
            {
              "fixed": "2.9.2"
            }
          ]
        }
      ]
    }
  ],
  "references": [
    {
      "type": "ADVISORY",
      "url": "https://nvd.nist.gov/vuln/detail/CVE-2024-25142"
    },
    {
      "type": "WEB",
      "url": "https://github.com/apache/airflow/pull/39550"
    },
    {
      "type": "WEB",
      "url": "https://github.com/apache/airflow/commit/94eb647de692a4d9555b02dce85974da5d4c04e3"
    },
    {
      "type": "PACKAGE",
      "url": "https://github.com/apache/airflow"
    },
    {
      "type": "WEB",
      "url": "https://github.com/pypa/advisory-database/tree/main/vulns/apache-airflow/PYSEC-2024-195.yaml"
    },
    {
      "type": "WEB",
      "url": "https://lists.apache.org/thread/cg1j28lk0fhzthk0of1g7vy7p2n1j7nr"
    },
    {
      "type": "WEB",
      "url": "http://www.openwall.com/lists/oss-security/2024/06/13/1"
    }
  ],
  "database_specific": {
    "cwe_ids": [
      "CWE-525"
    ],
    "severity": "LOW",
    "github_reviewed": true,
    "github_reviewed_at": "2024-06-17T21:24:09Z",
    "nvd_published_at": "2024-06-14T09:15:09Z"
  }
}