{
  "schema_version": "1.4.0",
  "id": "GHSA-hpv3-f5p7-pxj9",
  "modified": "2023-11-02T21:21:35Z",
  "published": "2023-10-25T18:32:25Z",
  "aliases": [
    "CVE-2023-46653"
  ],
  "summary": "Jenkins lambdatest-automation Plugin may expose Credentials access token",
  "details": "Jenkins lambdatest-automation Plugin 1.20.10 and earlier logs LAMBDATEST Credentials access token at the INFO level.\n\nThis can result in accidental exposure of the token through the default system log.\n\nlambdatest-automation Plugin 1.21.0 no longer logs LAMBDATEST Credentials access token.",
  "severity": [
    {
      "type": "CVSS_V3",
      "score": "CVSS:3.1/AV:N/AC:L/PR:H/UI:N/S:U/C:L/I:N/A:N"
    }
  ],
  "affected": [
    {
      "package": {
        "ecosystem": "Maven",
        "name": "org.jenkins-ci.plugins:lambdatest-automation"
      },
      "ranges": [
        {
          "type": "ECOSYSTEM",
          "events": [
            {
              "introduced": "0"
            },
            {
              "fixed": "1.21.0"
            }
          ]
        }
      ]
    }
  ],
  "references": [
    {
      "type": "ADVISORY",
      "url": "https://nvd.nist.gov/vuln/detail/CVE-2023-46653"
    },
    {
      "type": "WEB",
      "url": "https://www.jenkins.io/security/advisory/2023-10-25/#SECURITY-3202"
    },
    {
      "type": "WEB",
      "url": "http://www.openwall.com/lists/oss-security/2023/10/25/2"
    }
  ],
  "database_specific": {
    "cwe_ids": [
      "CWE-312"
    ],
    "severity": "LOW",
    "github_reviewed": true,
    "github_reviewed_at": "2023-11-02T21:21:35Z",
    "nvd_published_at": "2023-10-25T18:17:40Z"
  }
}