{
  "schema_version": "1.4.0",
  "id": "GHSA-wx77-rp39-c6vg",
  "modified": "2022-03-24T22:10:13Z",
  "published": "2020-09-04T15:11:03Z",
  "aliases": [],
  "summary": "Regular Expression Denial of Service in markdown",
  "details": "All versions of `markdown` are vulnerable to Regular Expression Denial of Service (ReDoS). The `markdown.toHTML()` function has significantly degraded performance when parsing long strings containing underscores. This may lead to Denial of Service if the parser accepts user input.\n\n\n## Recommendation\n\nNo fix is currently available. Consider using an alternative package until a fix is made available.",
  "severity": [],
  "affected": [
    {
      "package": {
        "ecosystem": "npm",
        "name": "markdown"
      },
      "ranges": [
        {
          "type": "ECOSYSTEM",
          "events": [
            {
              "introduced": "0.0.0"
            }
          ]
        }
      ]
    }
  ],
  "references": [
    {
      "type": "PACKAGE",
      "url": "https://github.com/evilstreak/markdown-js"
    },
    {
      "type": "WEB",
      "url": "https://www.npmjs.com/advisories/1330"
    }
  ],
  "database_specific": {
    "cwe_ids": [
      "CWE-400"
    ],
    "severity": "LOW",
    "github_reviewed": true,
    "github_reviewed_at": "2020-08-31T18:55:21Z",
    "nvd_published_at": null
  }
}