{
  "schema_version": "1.4.0",
  "id": "GHSA-f3wp-xpv2-6vmg",
  "modified": "2024-05-27T18:33:04Z",
  "published": "2024-05-27T18:33:04Z",
  "aliases": [],
  "summary": "silverstripe/framework password encryption salt not updated",
  "details": "When a user changes their password, the internal salt used for hashing their password is not updated.\n\nAlthough this is not considered a security vulnerability, this behaviour has been improved to ensure the salt is reset on change of password.",
  "severity": [],
  "affected": [
    {
      "package": {
        "ecosystem": "Packagist",
        "name": "silverstripe/framework"
      },
      "ranges": [
        {
          "type": "ECOSYSTEM",
          "events": [
            {
              "introduced": "3.1.19-rc1"
            },
            {
              "fixed": "3.1.20"
            }
          ]
        }
      ]
    },
    {
      "package": {
        "ecosystem": "Packagist",
        "name": "silverstripe/framework"
      },
      "ranges": [
        {
          "type": "ECOSYSTEM",
          "events": [
            {
              "introduced": "3.2.4-rc1"
            },
            {
              "fixed": "3.2.5"
            }
          ]
        }
      ]
    },
    {
      "package": {
        "ecosystem": "Packagist",
        "name": "silverstripe/framework"
      },
      "ranges": [
        {
          "type": "ECOSYSTEM",
          "events": [
            {
              "introduced": "3.3.2-rc1"
            },
            {
              "fixed": "3.3.3"
            }
          ]
        }
      ]
    },
    {
      "package": {
        "ecosystem": "Packagist",
        "name": "silverstripe/framework"
      },
      "ranges": [
        {
          "type": "ECOSYSTEM",
          "events": [
            {
              "introduced": "3.4.0-rc1"
            },
            {
              "fixed": "3.4.1"
            }
          ]
        }
      ]
    }
  ],
  "references": [
    {
      "type": "WEB",
      "url": "https://github.com/silverstripe/silverstripe-framework/commit/08384bb4d6b98c44388ffb4727c317ed14fe3c81"
    },
    {
      "type": "WEB",
      "url": "https://github.com/silverstripe/silverstripe-framework/commit/298f61521c55b07e5c898a92264dbe111735a87a"
    },
    {
      "type": "WEB",
      "url": "https://github.com/silverstripe/silverstripe-framework/commit/dc47f7ec9adf67a3f31887467de5b110e8e5b285"
    },
    {
      "type": "WEB",
      "url": "https://github.com/silverstripe/silverstripe-framework/commit/f85dea2e6d5b303abd43b5e5efc07c66c8d2acf4"
    },
    {
      "type": "WEB",
      "url": "https://github.com/FriendsOfPHP/security-advisories/blob/master/silverstripe/framework/SS-2016-008-1.yaml"
    },
    {
      "type": "PACKAGE",
      "url": "https://github.com/silverstripe/silverstripe-framework"
    },
    {
      "type": "WEB",
      "url": "https://www.silverstripe.org/download/security-releases/ss-2016-008"
    }
  ],
  "database_specific": {
    "cwe_ids": [],
    "severity": "LOW",
    "github_reviewed": true,
    "github_reviewed_at": "2024-05-27T18:33:04Z",
    "nvd_published_at": null
  }
}