{
  "schema_version": "1.4.0",
  "id": "GHSA-xqw9-ffx7-g998",
  "modified": "2023-11-02T20:54:58Z",
  "published": "2022-05-17T02:37:29Z",
  "aliases": [
    "CVE-2016-5702"
  ],
  "summary": "phpMyAdmin cookie-attribute injection",
  "details": "phpMyAdmin 4.6.x before 4.6.3, when the environment lacks a PHP_SELF value, allows remote attackers to conduct cookie-attribute injection attacks via a crafted URI.",
  "severity": [
    {
      "type": "CVSS_V3",
      "score": "CVSS:3.0/AV:N/AC:H/PR:N/UI:N/S:U/C:N/I:L/A:N"
    }
  ],
  "affected": [
    {
      "package": {
        "ecosystem": "Packagist",
        "name": "phpmyadmin/phpmyadmin"
      },
      "ranges": [
        {
          "type": "ECOSYSTEM",
          "events": [
            {
              "introduced": "4.6.0"
            },
            {
              "fixed": "4.6.3"
            }
          ]
        }
      ]
    }
  ],
  "references": [
    {
      "type": "ADVISORY",
      "url": "https://nvd.nist.gov/vuln/detail/CVE-2016-5702"
    },
    {
      "type": "WEB",
      "url": "https://github.com/phpmyadmin/phpmyadmin/commit/27caf5b46bd0890e576fea7bd7b166a0639fdf68"
    },
    {
      "type": "PACKAGE",
      "url": "https://github.com/phpmyadmin/phpmyadmin"
    },
    {
      "type": "WEB",
      "url": "https://security.gentoo.org/glsa/201701-32"
    },
    {
      "type": "WEB",
      "url": "https://www.phpmyadmin.net/security/PMASA-2016-18"
    }
  ],
  "database_specific": {
    "cwe_ids": [],
    "severity": "LOW",
    "github_reviewed": true,
    "github_reviewed_at": "2023-07-31T19:55:43Z",
    "nvd_published_at": "2016-07-03T01:59:00Z"
  }
}