{
  "schema_version": "1.4.0",
  "id": "GHSA-vwxc-3cfr-37jq",
  "modified": "2024-11-22T20:16:20Z",
  "published": "2022-05-04T00:27:48Z",
  "aliases": [
    "CVE-2012-0054"
  ],
  "summary": "GoLismero symlink attack",
  "details": "libs/updater.py in GoLismero 0.6.3, and other versions before Git revision 2b3bb43d6867, as used in backtrack and possibly other products, allows local users to overwrite arbitrary files via a symlink attack on GoLismero-controlled files, as demonstrated using Admin/changes.dat.",
  "severity": [],
  "affected": [
    {
      "package": {
        "ecosystem": "PyPI",
        "name": "golismero"
      },
      "ranges": [
        {
          "type": "ECOSYSTEM",
          "events": [
            {
              "introduced": "0"
            },
            {
              "last_affected": "0.6.3"
            }
          ]
        }
      ]
    }
  ],
  "references": [
    {
      "type": "ADVISORY",
      "url": "https://nvd.nist.gov/vuln/detail/CVE-2012-0054"
    },
    {
      "type": "PACKAGE",
      "url": "https://github.com/golismero/golismero"
    },
    {
      "type": "WEB",
      "url": "https://github.com/pypa/advisory-database/tree/main/vulns/golismero/PYSEC-2012-31.yaml"
    },
    {
      "type": "WEB",
      "url": "http://code.google.com/p/golismero/source/detail?r=2b3bb43d68676efd687361f7de29380189031ab8"
    },
    {
      "type": "WEB",
      "url": "http://www.openwall.com/lists/oss-security/2012/01/17/10"
    },
    {
      "type": "WEB",
      "url": "http://www.openwall.com/lists/oss-security/2012/01/17/7"
    }
  ],
  "database_specific": {
    "cwe_ids": [
      "CWE-59"
    ],
    "severity": "LOW",
    "github_reviewed": true,
    "github_reviewed_at": "2024-11-22T20:16:20Z",
    "nvd_published_at": "2012-03-19T19:55:00Z"
  }
}