{
  "schema_version": "1.4.0",
  "id": "GHSA-hx82-2ggv-vwm5",
  "modified": "2023-02-23T21:50:45Z",
  "published": "2022-05-24T16:56:46Z",
  "aliases": [
    "CVE-2019-10419"
  ],
  "summary": "Jenkins vFabric Application Director Plugin Insufficiently Protected Credentials",
  "details": "vFabric Application Director Plugin stores the Application Director password unencrypted in its global configuration file `jfullam.vfabric.jenkins.plugin.ApplicationDirectorPostBuildDeployer.xml` on the Jenkins controller. This password can be viewed by users with access to the Jenkins controller file system.\n\nAs of publication of this advisory, there is no fix.",
  "severity": [
    {
      "type": "CVSS_V3",
      "score": "CVSS:3.0/AV:L/AC:L/PR:L/UI:N/S:U/C:L/I:N/A:N"
    }
  ],
  "affected": [
    {
      "package": {
        "ecosystem": "Maven",
        "name": "org.jenkins-ci.plugins:application-director-plugin"
      },
      "ranges": [
        {
          "type": "ECOSYSTEM",
          "events": [
            {
              "introduced": "0"
            },
            {
              "last_affected": "1.3"
            }
          ]
        }
      ]
    }
  ],
  "references": [
    {
      "type": "ADVISORY",
      "url": "https://nvd.nist.gov/vuln/detail/CVE-2019-10419"
    },
    {
      "type": "WEB",
      "url": "https://jenkins.io/security/advisory/2019-09-25/#SECURTIY-1541"
    },
    {
      "type": "WEB",
      "url": "http://www.openwall.com/lists/oss-security/2019/09/25/3"
    }
  ],
  "database_specific": {
    "cwe_ids": [
      "CWE-522"
    ],
    "severity": "LOW",
    "github_reviewed": true,
    "github_reviewed_at": "2023-02-23T21:50:45Z",
    "nvd_published_at": "2019-09-25T16:15:00Z"
  }
}