{
  "schema_version": "1.4.0",
  "id": "GHSA-hx3r-qwxv-5jw9",
  "modified": "2022-11-30T20:15:12Z",
  "published": "2022-03-16T00:00:43Z",
  "aliases": [
    "CVE-2022-27206"
  ],
  "summary": "Client Secret stored in plain text by Jenkins GitLab Authentication Plugin",
  "details": "Jenkins GitLab Authentication Plugin 1.13 and earlier stores the GitLab client secret unencrypted in the global `config.xml` file on the Jenkins controller where it can be viewed by users with access to the Jenkins controller file system.\n\nThis client secret can be viewed by users with access to the Jenkins controller file system.",
  "severity": [
    {
      "type": "CVSS_V3",
      "score": "CVSS:3.1/AV:L/AC:L/PR:L/UI:N/S:U/C:L/I:N/A:N"
    }
  ],
  "affected": [
    {
      "package": {
        "ecosystem": "Maven",
        "name": "org.jenkins-ci.plugins:gitlab-oauth"
      },
      "ranges": [
        {
          "type": "ECOSYSTEM",
          "events": [
            {
              "introduced": "0"
            },
            {
              "fixed": "1.14"
            }
          ]
        }
      ]
    }
  ],
  "references": [
    {
      "type": "ADVISORY",
      "url": "https://nvd.nist.gov/vuln/detail/CVE-2022-27206"
    },
    {
      "type": "PACKAGE",
      "url": "https://github.com/jenkinsci/gitlab-oauth-plugin"
    },
    {
      "type": "WEB",
      "url": "https://github.com/jenkinsci/gitlab-oauth-plugin/releases/tag/gitlab-oauth-1.14"
    },
    {
      "type": "WEB",
      "url": "https://www.jenkins.io/security/advisory/2022-03-15/#SECURITY-1891"
    },
    {
      "type": "WEB",
      "url": "http://www.openwall.com/lists/oss-security/2022/03/15/2"
    }
  ],
  "database_specific": {
    "cwe_ids": [
      "CWE-311",
      "CWE-522"
    ],
    "severity": "LOW",
    "github_reviewed": true,
    "github_reviewed_at": "2022-11-30T20:15:12Z",
    "nvd_published_at": "2022-03-15T17:15:00Z"
  }
}