{
  "schema_version": "1.4.0",
  "id": "GHSA-pcm9-fp55-563v",
  "modified": "2024-01-19T17:48:40Z",
  "published": "2022-05-17T05:36:48Z",
  "aliases": [
    "CVE-2011-4457"
  ],
  "summary": "OWASP HTML Sanitizer allows redirecting to an arbitrary URL when JavaScript is disabled",
  "details": "OWASP HTML Sanitizer (aka owasp-java-html-sanitizer) before 88, when JavaScript is disabled, allows user-assisted remote attackers to obtain potentially sensitive information via a crafted FORM element within a NOSCRIPT element. ",
  "severity": [],
  "affected": [
    {
      "package": {
        "ecosystem": "Maven",
        "name": "com.googlecode.owasp-java-html-sanitizer:owasp-java-html-sanitizer"
      },
      "ranges": [
        {
          "type": "ECOSYSTEM",
          "events": [
            {
              "introduced": "0"
            },
            {
              "fixed": "88"
            }
          ]
        }
      ]
    }
  ],
  "references": [
    {
      "type": "ADVISORY",
      "url": "https://nvd.nist.gov/vuln/detail/CVE-2011-4457"
    },
    {
      "type": "WEB",
      "url": "https://github.com/OWASP/java-html-sanitizer/commit/2027d3df73f62eb30b7f08269f346989f03144bd"
    },
    {
      "type": "PACKAGE",
      "url": "https://github.com/OWASP/java-html-sanitizer"
    },
    {
      "type": "WEB",
      "url": "https://github.com/OWASP/java-html-sanitizer/blob/35c506cfd452dba634202f13a7cc2e2a63ad7ee0/change_log.md?plain=1#L103"
    },
    {
      "type": "WEB",
      "url": "https://github.com/OWASP/java-html-sanitizer/blob/35c506cfd452dba634202f13a7cc2e2a63ad7ee0/docs/cve20114457.md"
    },
    {
      "type": "WEB",
      "url": "http://code.google.com/p/owasp-java-html-sanitizer/wiki/CVE20114457"
    },
    {
      "type": "WEB",
      "url": "http://owasp-java-html-sanitizer.googlecode.com/svn/trunk/CHANGE_LOG.html"
    }
  ],
  "database_specific": {
    "cwe_ids": [
      "CWE-200"
    ],
    "severity": "LOW",
    "github_reviewed": true,
    "github_reviewed_at": "2024-01-19T17:48:40Z",
    "nvd_published_at": "2011-11-17T23:55:00Z"
  }
}