{
  "schema_version": "1.4.0",
  "id": "GHSA-4gp9-ff99-j6vj",
  "modified": "2024-10-22T19:22:27Z",
  "published": "2024-10-22T17:51:26Z",
  "aliases": [
    "CVE-2024-48925"
  ],
  "summary": "Umbraco CMS Improper Access Control Vulnerability Allows Low-Privilege Users to Access Webhook API",
  "details": "### Impact\nAn improper access control issue has been identified, allowing low-privilege users to access the webhook API and retrieve information that should be restricted to users with access to the settings section\n",
  "severity": [
    {
      "type": "CVSS_V3",
      "score": "CVSS:3.1/AV:N/AC:L/PR:L/UI:N/S:U/C:N/I:N/A:N"
    }
  ],
  "affected": [
    {
      "package": {
        "ecosystem": "NuGet",
        "name": "Umbraco.CMS"
      },
      "ranges": [
        {
          "type": "ECOSYSTEM",
          "events": [
            {
              "introduced": "14.0.0"
            },
            {
              "fixed": "14.3.0"
            }
          ]
        }
      ]
    }
  ],
  "references": [
    {
      "type": "WEB",
      "url": "https://github.com/umbraco/Umbraco-CMS/security/advisories/GHSA-4gp9-ff99-j6vj"
    },
    {
      "type": "ADVISORY",
      "url": "https://nvd.nist.gov/vuln/detail/CVE-2024-48925"
    },
    {
      "type": "PACKAGE",
      "url": "https://github.com/umbraco/Umbraco-CMS"
    }
  ],
  "database_specific": {
    "cwe_ids": [
      "CWE-284",
      "CWE-863"
    ],
    "severity": "LOW",
    "github_reviewed": true,
    "github_reviewed_at": "2024-10-22T17:51:26Z",
    "nvd_published_at": "2024-10-22T16:15:07Z"
  }
}