{
  "schema_version": "1.4.0",
  "id": "GHSA-mqwh-r366-4224",
  "modified": "2024-09-13T15:56:14Z",
  "published": "2022-05-24T17:29:11Z",
  "aliases": [
    "CVE-2020-7734"
  ],
  "summary": "Cabot Cross Site Scripting (XSS) vulnerability via Endpoint column",
  "details": "All versions up to 0.11.16 of package cabot are vulnerable to Cross-site Scripting (XSS) via the Endpoint column.",
  "severity": [
    {
      "type": "CVSS_V3",
      "score": "CVSS:3.1/AV:N/AC:L/PR:L/UI:R/S:C/C:H/I:L/A:L"
    },
    {
      "type": "CVSS_V4",
      "score": "CVSS:4.0/AV:N/AC:L/AT:N/PR:L/UI:P/VC:N/VI:N/VA:N/SC:H/SI:L/SA:L/E:U"
    }
  ],
  "affected": [
    {
      "package": {
        "ecosystem": "PyPI",
        "name": "cabot"
      },
      "ranges": [
        {
          "type": "ECOSYSTEM",
          "events": [
            {
              "introduced": "0"
            },
            {
              "last_affected": "0.11.16"
            }
          ]
        }
      ]
    }
  ],
  "references": [
    {
      "type": "ADVISORY",
      "url": "https://nvd.nist.gov/vuln/detail/CVE-2020-7734"
    },
    {
      "type": "WEB",
      "url": "https://github.com/arachnys/cabot/pull/694"
    },
    {
      "type": "WEB",
      "url": "https://github.com/arachnys/cabot/commit/eb0b3544f8c8ab2dee4643df191da346a941734f"
    },
    {
      "type": "PACKAGE",
      "url": "https://github.com/arachnys/cabot"
    },
    {
      "type": "WEB",
      "url": "https://github.com/pypa/advisory-database/tree/main/vulns/cabot/PYSEC-2020-227.yaml"
    },
    {
      "type": "WEB",
      "url": "https://itsmeanonartist.tech/blogs/blog2.html"
    },
    {
      "type": "WEB",
      "url": "https://snyk.io/vuln/SNYK-PYTHON-CABOT-609862"
    },
    {
      "type": "WEB",
      "url": "https://www.exploit-db.com/exploits/48791"
    }
  ],
  "database_specific": {
    "cwe_ids": [
      "CWE-79"
    ],
    "severity": "LOW",
    "github_reviewed": true,
    "github_reviewed_at": "2023-08-04T21:48:39Z",
    "nvd_published_at": "2020-09-22T08:15:00Z"
  }
}