{
  "schema_version": "1.4.0",
  "id": "GHSA-ch48-9r3q-pv7x",
  "modified": "2023-06-22T20:01:03Z",
  "published": "2023-06-22T20:01:03Z",
  "aliases": [
    "CVE-2023-25500"
  ],
  "summary": "Vaadin vulnerable to possible information disclosure of class and method names in RPC response",
  "details": "### Description\nPossible information disclosure in Vaadin 10.0.0 to 10.0.23, 11.0.0 to 14.10.1, 15.0.0 to 22.0.28, 23.0.0 to 23.3.13, 24.0.0 to 24.0.6, 24.1.0.alpha1 to 24.1.0.rc2, resulting in potential information disclosure of class and method names in RPC responses by sending modified requests.\n\nhttps://vaadin.com/security/cve-2023-25500",
  "severity": [
    {
      "type": "CVSS_V3",
      "score": "CVSS:3.1/AV:N/AC:L/PR:L/UI:R/S:U/C:L/I:N/A:N"
    }
  ],
  "affected": [
    {
      "package": {
        "ecosystem": "Maven",
        "name": "com.vaadin:flow-server"
      },
      "ranges": [
        {
          "type": "ECOSYSTEM",
          "events": [
            {
              "introduced": "1.0.0"
            },
            {
              "fixed": "1.0.21"
            }
          ]
        }
      ]
    },
    {
      "package": {
        "ecosystem": "Maven",
        "name": "com.vaadin:flow-server"
      },
      "ranges": [
        {
          "type": "ECOSYSTEM",
          "events": [
            {
              "introduced": "1.1.0"
            },
            {
              "fixed": "2.9.3"
            }
          ]
        }
      ]
    },
    {
      "package": {
        "ecosystem": "Maven",
        "name": "com.vaadin:flow-server"
      },
      "ranges": [
        {
          "type": "ECOSYSTEM",
          "events": [
            {
              "introduced": "3.0.0"
            },
            {
              "fixed": "9.1.2"
            }
          ]
        }
      ]
    },
    {
      "package": {
        "ecosystem": "Maven",
        "name": "com.vaadin:flow-server"
      },
      "ranges": [
        {
          "type": "ECOSYSTEM",
          "events": [
            {
              "introduced": "23.0.0"
            },
            {
              "fixed": "23.3.13"
            }
          ]
        }
      ]
    },
    {
      "package": {
        "ecosystem": "Maven",
        "name": "com.vaadin:flow-server"
      },
      "ranges": [
        {
          "type": "ECOSYSTEM",
          "events": [
            {
              "introduced": "24.0.0"
            },
            {
              "fixed": "24.0.9"
            }
          ]
        }
      ]
    },
    {
      "package": {
        "ecosystem": "Maven",
        "name": "com.vaadin:flow-server"
      },
      "ranges": [
        {
          "type": "ECOSYSTEM",
          "events": [
            {
              "introduced": "24.1.alpha1"
            },
            {
              "fixed": "24.1.0"
            }
          ]
        }
      ]
    },
    {
      "package": {
        "ecosystem": "Maven",
        "name": "com.vaadin:vaadin"
      },
      "ranges": [
        {
          "type": "ECOSYSTEM",
          "events": [
            {
              "introduced": "10.0.0"
            },
            {
              "fixed": "10.0.24"
            }
          ]
        }
      ]
    },
    {
      "package": {
        "ecosystem": "Maven",
        "name": "com.vaadin:vaadin"
      },
      "ranges": [
        {
          "type": "ECOSYSTEM",
          "events": [
            {
              "introduced": "11.0.0"
            },
            {
              "fixed": "14.10.2"
            }
          ]
        }
      ]
    },
    {
      "package": {
        "ecosystem": "Maven",
        "name": "com.vaadin:vaadin"
      },
      "ranges": [
        {
          "type": "ECOSYSTEM",
          "events": [
            {
              "introduced": "15.0.0"
            },
            {
              "fixed": "22.1.0"
            }
          ]
        }
      ]
    },
    {
      "package": {
        "ecosystem": "Maven",
        "name": "com.vaadin:vaadin"
      },
      "ranges": [
        {
          "type": "ECOSYSTEM",
          "events": [
            {
              "introduced": "23.0.0"
            },
            {
              "fixed": "23.3.14"
            }
          ]
        }
      ]
    },
    {
      "package": {
        "ecosystem": "Maven",
        "name": "com.vaadin:vaadin"
      },
      "ranges": [
        {
          "type": "ECOSYSTEM",
          "events": [
            {
              "introduced": "24.0.0"
            },
            {
              "fixed": "24.0.7"
            }
          ]
        }
      ]
    },
    {
      "package": {
        "ecosystem": "Maven",
        "name": "com.vaadin:vaadin"
      },
      "ranges": [
        {
          "type": "ECOSYSTEM",
          "events": [
            {
              "introduced": "24.1.0.alpha1"
            },
            {
              "fixed": "24.1.0"
            }
          ]
        }
      ]
    }
  ],
  "references": [
    {
      "type": "WEB",
      "url": "https://github.com/vaadin/platform/security/advisories/GHSA-ch48-9r3q-pv7x"
    },
    {
      "type": "ADVISORY",
      "url": "https://nvd.nist.gov/vuln/detail/CVE-2023-25500"
    },
    {
      "type": "WEB",
      "url": "https://github.com/vaadin/flow/pull/16935"
    },
    {
      "type": "PACKAGE",
      "url": "https://github.com/vaadin/platform"
    },
    {
      "type": "WEB",
      "url": "https://vaadin.com/security/cve-2023-25500"
    }
  ],
  "database_specific": {
    "cwe_ids": [
      "CWE-1295",
      "CWE-200"
    ],
    "severity": "LOW",
    "github_reviewed": true,
    "github_reviewed_at": "2023-06-22T20:01:03Z",
    "nvd_published_at": "2023-06-22T13:15:09Z"
  }
}