{
  "schema_version": "1.4.0",
  "id": "GHSA-53jw-4gwh-m8cm",
  "modified": "2023-01-28T01:16:34Z",
  "published": "2022-05-24T16:57:28Z",
  "aliases": [
    "CVE-2019-10434"
  ],
  "summary": "Jenkins LDAP Email Plugin shows plain text password in configuration form ",
  "details": "Jenkins LDAP Email Plugin transmits configured credentials in plain text as part of the global Jenkins configuration form, potentially resulting in their exposure.",
  "severity": [],
  "affected": [
    {
      "package": {
        "ecosystem": "Maven",
        "name": "com.mtvi.plateng.hudson:ldapemail"
      },
      "ranges": [
        {
          "type": "ECOSYSTEM",
          "events": [
            {
              "introduced": "0"
            },
            {
              "last_affected": "0.8"
            }
          ]
        }
      ]
    }
  ],
  "references": [
    {
      "type": "ADVISORY",
      "url": "https://nvd.nist.gov/vuln/detail/CVE-2019-10434"
    },
    {
      "type": "PACKAGE",
      "url": "https://github.com/jenkinsci/ldapemail-plugin"
    },
    {
      "type": "WEB",
      "url": "https://jenkins.io/security/advisory/2019-10-01/#SECURITY-1515"
    },
    {
      "type": "WEB",
      "url": "http://www.openwall.com/lists/oss-security/2019/10/01/2"
    }
  ],
  "database_specific": {
    "cwe_ids": [
      "CWE-256"
    ],
    "severity": "LOW",
    "github_reviewed": true,
    "github_reviewed_at": "2023-01-28T01:16:34Z",
    "nvd_published_at": "2019-10-01T14:15:00Z"
  }
}