{
  "schema_version": "1.4.0",
  "id": "GHSA-9qrp-h7fw-42hg",
  "modified": "2022-06-01T19:56:34Z",
  "published": "2022-06-01T19:56:34Z",
  "aliases": [
    "CVE-2022-29253"
  ],
  "summary": "Path Traversal in XWiki Platform",
  "details": "### Impact\n\nOne can ask for any file located in the classloader using the template API and a path with \"..\" in it. For example \n\n```\n{{template name=\"../xwiki.hbm.xml\"/}}\n```\n\nTo our knownledge none of the available files of the classloader in XWiki Standard contain any strong confidential data, hence the low confidentiality value of this advisory.\n\n### Patches\n\nThe issue is patched in versions 14.0 and 13.10.3.\n\n### Workarounds\n\nThere's no easy workaround for this issue, administrators should upgrade their wiki.\n\n### References\n\n * https://jira.xwiki.org/browse/XWIKI-19349\n * https://github.com/xwiki/xwiki-platform/commit/4917c8f355717bb636d763844528b1fe0f95e8e2\n\n### For more information\n\nIf you have any questions or comments about this advisory:\n* Open an issue in [Jira XWiki](https://jira.xwiki.org)\n* Email us at [security mailing list](mailto:security@xwiki.org)",
  "severity": [
    {
      "type": "CVSS_V3",
      "score": "CVSS:3.1/AV:N/AC:L/PR:H/UI:N/S:U/C:L/I:N/A:N"
    }
  ],
  "affected": [
    {
      "package": {
        "ecosystem": "Maven",
        "name": "org.xwiki.platform:xwiki-platform-oldcore"
      },
      "ranges": [
        {
          "type": "ECOSYSTEM",
          "events": [
            {
              "introduced": "8.3-rc-1"
            },
            {
              "fixed": "13.10.3"
            }
          ]
        }
      ]
    }
  ],
  "references": [
    {
      "type": "WEB",
      "url": "https://github.com/xwiki/xwiki-platform/security/advisories/GHSA-9qrp-h7fw-42hg"
    },
    {
      "type": "ADVISORY",
      "url": "https://nvd.nist.gov/vuln/detail/CVE-2022-29253"
    },
    {
      "type": "WEB",
      "url": "https://github.com/xwiki/xwiki-platform/commit/4917c8f355717bb636d763844528b1fe0f95e8e2"
    },
    {
      "type": "PACKAGE",
      "url": "https://github.com/xwiki/xwiki-platform"
    },
    {
      "type": "WEB",
      "url": "https://jira.xwiki.org/browse/XWIKI-19349"
    }
  ],
  "database_specific": {
    "cwe_ids": [
      "CWE-22",
      "CWE-24"
    ],
    "severity": "LOW",
    "github_reviewed": true,
    "github_reviewed_at": "2022-06-01T19:56:34Z",
    "nvd_published_at": "2022-05-25T21:15:00Z"
  }
}