{
  "schema_version": "1.4.0",
  "id": "GHSA-jj68-cp4v-98qf",
  "modified": "2024-07-05T21:27:07Z",
  "published": "2024-07-02T21:20:55Z",
  "aliases": [
    "CVE-2024-39324"
  ],
  "summary": "aimeos/ai-admin-graphql improper access control vulnerability allows editors to manage own services",
  "details": "aimeos/ai-admin-graphql is the Aimeos GraphQL API admin interface. Starting in version 2022.04.1 and prior to versions 2022.10.10, 2023.10.6, and 2024.4.2, improper access control allows a editors to manage own services via GraphQL API which isn't allowed in the JQAdm front end. Versions 2022.10.10, 2023.10.6, and 2024.4.2 contain a patch for the issue.\n",
  "severity": [
    {
      "type": "CVSS_V3",
      "score": "CVSS:3.1/AV:N/AC:L/PR:H/UI:N/S:U/C:N/I:L/A:L"
    }
  ],
  "affected": [
    {
      "package": {
        "ecosystem": "Packagist",
        "name": "aimeos/ai-admin-graphql"
      },
      "ranges": [
        {
          "type": "ECOSYSTEM",
          "events": [
            {
              "introduced": "2022.04.1"
            },
            {
              "fixed": "2022.10.10"
            }
          ]
        }
      ]
    },
    {
      "package": {
        "ecosystem": "Packagist",
        "name": "aimeos/ai-admin-graphql"
      },
      "ranges": [
        {
          "type": "ECOSYSTEM",
          "events": [
            {
              "introduced": "2023.04.1"
            },
            {
              "fixed": "2023.10.6"
            }
          ]
        }
      ]
    },
    {
      "package": {
        "ecosystem": "Packagist",
        "name": "aimeos/ai-admin-graphql"
      },
      "ranges": [
        {
          "type": "ECOSYSTEM",
          "events": [
            {
              "introduced": "2024.04.1"
            },
            {
              "fixed": "2024.04.2"
            }
          ]
        }
      ],
      "versions": [
        "2024.04.1"
      ]
    }
  ],
  "references": [
    {
      "type": "WEB",
      "url": "https://github.com/aimeos/ai-admin-graphql/security/advisories/GHSA-jj68-cp4v-98qf"
    },
    {
      "type": "ADVISORY",
      "url": "https://nvd.nist.gov/vuln/detail/CVE-2024-39324"
    },
    {
      "type": "WEB",
      "url": "https://github.com/aimeos/ai-admin-graphql/commit/4eabc2b973509ffa5924e7f88c8f87ee96e93b38"
    },
    {
      "type": "WEB",
      "url": "https://github.com/aimeos/ai-admin-graphql/commit/687059d7eb2e1d55a09ed72dad3814f35edad038"
    },
    {
      "type": "WEB",
      "url": "https://github.com/aimeos/ai-admin-graphql/commit/a839a5adf16fee4221d444b7d2f5140d8cabf0ac"
    },
    {
      "type": "WEB",
      "url": "https://github.com/aimeos/ai-admin-graphql/commit/acbb044620f4ff8e8d78a775cd205ec47cf119b3"
    },
    {
      "type": "PACKAGE",
      "url": "https://github.com/aimeos/ai-admin-graphql"
    }
  ],
  "database_specific": {
    "cwe_ids": [
      "CWE-1220",
      "CWE-863"
    ],
    "severity": "LOW",
    "github_reviewed": true,
    "github_reviewed_at": "2024-07-02T21:20:55Z",
    "nvd_published_at": "2024-07-02T21:15:11Z"
  }
}