{
  "schema_version": "1.4.0",
  "id": "GHSA-75c6-xqwr-v2r9",
  "modified": "2024-01-24T21:14:09Z",
  "published": "2022-05-13T01:12:52Z",
  "aliases": [
    "CVE-2014-2571"
  ],
  "summary": "Moodle cross-site scripting (XSS) vulnerability",
  "details": "Cross-site scripting (XSS) vulnerability in the quiz_question_tostring function in mod/quiz/editlib.php in Moodle through 2.3.11, 2.4.x before 2.4.9, 2.5.x before 2.5.5, and 2.6.x before 2.6.2 allows remote authenticated users to inject arbitrary web script or HTML via a quiz question.",
  "severity": [],
  "affected": [
    {
      "package": {
        "ecosystem": "Packagist",
        "name": "moodle/moodle"
      },
      "ranges": [
        {
          "type": "ECOSYSTEM",
          "events": [
            {
              "introduced": "0"
            },
            {
              "fixed": "2.4.9"
            }
          ]
        }
      ]
    },
    {
      "package": {
        "ecosystem": "Packagist",
        "name": "moodle/moodle"
      },
      "ranges": [
        {
          "type": "ECOSYSTEM",
          "events": [
            {
              "introduced": "2.5.0"
            },
            {
              "fixed": "2.5.5"
            }
          ]
        }
      ]
    },
    {
      "package": {
        "ecosystem": "Packagist",
        "name": "moodle/moodle"
      },
      "ranges": [
        {
          "type": "ECOSYSTEM",
          "events": [
            {
              "introduced": "2.6.0"
            },
            {
              "fixed": "2.6.2"
            }
          ]
        }
      ]
    }
  ],
  "references": [
    {
      "type": "ADVISORY",
      "url": "https://nvd.nist.gov/vuln/detail/CVE-2014-2571"
    },
    {
      "type": "WEB",
      "url": "https://github.com/moodle/moodle/commit/217d839ded7026ed1b1280e1c296bc80a4036023"
    },
    {
      "type": "WEB",
      "url": "https://github.com/moodle/moodle/commit/5da73345fdd46cef912b229b2cfae2a26e36efd8"
    },
    {
      "type": "WEB",
      "url": "https://github.com/moodle/moodle/commit/7051f3a8828665f4fab37c8db91322fec85a64db"
    },
    {
      "type": "WEB",
      "url": "https://github.com/moodle/moodle/commit/fd4b7f57399bed85db0d4066ba12c2633ce87ba3"
    },
    {
      "type": "PACKAGE",
      "url": "https://github.com/moodle/moodle"
    },
    {
      "type": "WEB",
      "url": "https://moodle.org/mod/forum/discuss.php?d=256416"
    },
    {
      "type": "WEB",
      "url": "http://git.moodle.org/gw?p=moodle.git&a=search&h=HEAD&st=commit&s=MDL-43690"
    },
    {
      "type": "WEB",
      "url": "http://openwall.com/lists/oss-security/2014/03/17/1"
    }
  ],
  "database_specific": {
    "cwe_ids": [
      "CWE-79"
    ],
    "severity": "LOW",
    "github_reviewed": true,
    "github_reviewed_at": "2024-01-24T21:14:09Z",
    "nvd_published_at": "2014-03-24T14:20:00Z"
  }
}