{
  "schema_version": "1.4.0",
  "id": "GHSA-3hfj-qcvj-4hx8",
  "modified": "2025-02-21T23:53:22Z",
  "published": "2025-02-21T23:53:22Z",
  "aliases": [],
  "summary": "Leantime has Missing Authorization Check for Host Parameter",
  "details": "### Finding Description\nApplication has functionality for a user to view profile information. It does not have an implemented authorization check for \"Host\" parameter which allows a user to view profile information of another user by replacing \"Host\" parameter.\n\n### Impact\nBy exploiting this vulnerability an attacker can able to view profile information (but not anything else or change anything)",
  "severity": [
    {
      "type": "CVSS_V4",
      "score": "CVSS:4.0/AV:N/AC:L/AT:P/PR:L/UI:N/VC:L/VI:N/VA:N/SC:N/SI:N/SA:N"
    }
  ],
  "affected": [
    {
      "package": {
        "ecosystem": "Packagist",
        "name": "leantime/leantime"
      },
      "ranges": [
        {
          "type": "ECOSYSTEM",
          "events": [
            {
              "introduced": "0"
            },
            {
              "fixed": "3.3"
            }
          ]
        }
      ]
    }
  ],
  "references": [
    {
      "type": "WEB",
      "url": "https://github.com/Leantime/leantime/security/advisories/GHSA-3hfj-qcvj-4hx8"
    },
    {
      "type": "PACKAGE",
      "url": "https://github.com/Leantime/leantime"
    }
  ],
  "database_specific": {
    "cwe_ids": [
      "CWE-862"
    ],
    "severity": "LOW",
    "github_reviewed": true,
    "github_reviewed_at": "2025-02-21T23:53:22Z",
    "nvd_published_at": null
  }
}