{
  "schema_version": "1.4.0",
  "id": "GHSA-3pc2-fm7p-q2vg",
  "modified": "2021-03-04T18:26:09Z",
  "published": "2020-07-02T16:55:11Z",
  "aliases": [
    "CVE-2020-4061"
  ],
  "summary": "Cross-site Scripting in October",
  "details": "### Impact\nPasting content copied from malicious websites into the Froala richeditor could result in a successful self-XSS attack.\n\n### Patches\nIssue has been patched in Build 467 (v1.0.467).\n\n### Workarounds\nApply https://github.com/octobercms/october/commit/b384954a29b89117e1c0d6035b3ede4f46df67c5 to your installation manually if unable to upgrade to Build 467.\n\n### References\n- https://research.securitum.com/the-curious-case-of-copy-paste/\n\n### For more information\nIf you have any questions or comments about this advisory:\n* Email us at [hello@octobercms.com](mailto:hello@octobercms.com)\n\n### Threat Assessment\nAssessed as Low given that by the nature of the attack it can only impact users that do it to themselves by copying and pasting from malicious websites.\n\n### Acknowledgements\n\nThanks to [Micha\u0142 Bentkowski of Securitum](https://research.securitum.com/authors/michal-bentkowski/) for finding the original issue in Froala and @tomaszstrojny for reporting the issue to the October CMS team.",
  "severity": [
    {
      "type": "CVSS_V3",
      "score": "CVSS:3.1/AV:N/AC:H/PR:L/UI:R/S:U/C:L/I:L/A:N"
    }
  ],
  "affected": [
    {
      "package": {
        "ecosystem": "Packagist",
        "name": "october/backend"
      },
      "ranges": [
        {
          "type": "ECOSYSTEM",
          "events": [
            {
              "introduced": "1.0.319"
            },
            {
              "fixed": "1.0.467"
            }
          ]
        }
      ]
    }
  ],
  "references": [
    {
      "type": "WEB",
      "url": "https://github.com/octobercms/october/security/advisories/GHSA-3pc2-fm7p-q2vg"
    },
    {
      "type": "ADVISORY",
      "url": "https://nvd.nist.gov/vuln/detail/CVE-2020-4061"
    },
    {
      "type": "WEB",
      "url": "https://github.com/octobercms/october/commit/b384954a29b89117e1c0d6035b3ede4f46df67c5"
    },
    {
      "type": "WEB",
      "url": "https://research.securitum.com/the-curious-case-of-copy-paste"
    }
  ],
  "database_specific": {
    "cwe_ids": [
      "CWE-79"
    ],
    "severity": "LOW",
    "github_reviewed": true,
    "github_reviewed_at": "2020-07-02T16:54:50Z",
    "nvd_published_at": null
  }
}