{
  "schema_version": "1.4.0",
  "id": "GHSA-v933-vx5p-j7w2",
  "modified": "2024-05-14T21:24:39Z",
  "published": "2022-05-14T01:58:44Z",
  "aliases": [
    "CVE-2014-7231"
  ],
  "summary": "OpenStack Oslo utility sensitive information exposure via log files",
  "details": "The strutils.mask_password function in the OpenStack Oslo utility library, Cinder, Nova, and Trove before 2013.2.4 and 2014.1 before 2014.1.3 does not properly mask passwords when logging commands, which allows local users to obtain passwords by reading the log.",
  "severity": [],
  "affected": [
    {
      "package": {
        "ecosystem": "PyPI",
        "name": "oslo.utils"
      },
      "ranges": [
        {
          "type": "ECOSYSTEM",
          "events": [
            {
              "introduced": "0"
            },
            {
              "fixed": "0.2.0"
            }
          ]
        }
      ]
    }
  ],
  "references": [
    {
      "type": "ADVISORY",
      "url": "https://nvd.nist.gov/vuln/detail/CVE-2014-7231"
    },
    {
      "type": "WEB",
      "url": "https://bugs.launchpad.net/oslo.utils/+bug/1345233"
    },
    {
      "type": "WEB",
      "url": "https://exchange.xforce.ibmcloud.com/vulnerabilities/96726"
    },
    {
      "type": "PACKAGE",
      "url": "https://github.com/openstack/oslo.utils"
    },
    {
      "type": "WEB",
      "url": "http://rhn.redhat.com/errata/RHSA-2014-1939.html"
    },
    {
      "type": "WEB",
      "url": "http://seclists.org/oss-sec/2014/q3/853"
    },
    {
      "type": "WEB",
      "url": "http://www.securityfocus.com/bid/70184"
    }
  ],
  "database_specific": {
    "cwe_ids": [
      "CWE-200"
    ],
    "severity": "LOW",
    "github_reviewed": true,
    "github_reviewed_at": "2024-05-14T21:24:39Z",
    "nvd_published_at": "2014-10-08T19:55:00Z"
  }
}