{
  "schema_version": "1.4.0",
  "id": "GHSA-vvg2-hg3c-mqj3",
  "modified": "2023-01-14T05:27:06Z",
  "published": "2022-05-24T17:08:46Z",
  "aliases": [
    "CVE-2020-2119"
  ],
  "summary": "Client secret transmitted in plain text by Azure AD Plugin",
  "details": "Azure AD Plugin stores a client secret in its global configuration.\n\nWhile the credential is stored encrypted on disk, it is transmitted in plain text as part of the configuration form by Azure AD Plugin 1.1.2 and earlier. This can result in exposure of the credential through browser extensions, cross-site scripting vulnerabilities, and similar situations.\n\nAzure AD Plugin 1.2.0 transmits the client secret in its global configuration encrypted.",
  "severity": [
    {
      "type": "CVSS_V3",
      "score": "CVSS:3.1/AV:N/AC:H/PR:N/UI:R/S:U/C:L/I:N/A:N"
    }
  ],
  "affected": [
    {
      "package": {
        "ecosystem": "Maven",
        "name": "org.jenkins-ci.plugins:azure-ad"
      },
      "ranges": [
        {
          "type": "ECOSYSTEM",
          "events": [
            {
              "introduced": "0"
            },
            {
              "fixed": "1.2.0"
            }
          ]
        }
      ]
    }
  ],
  "references": [
    {
      "type": "ADVISORY",
      "url": "https://nvd.nist.gov/vuln/detail/CVE-2020-2119"
    },
    {
      "type": "PACKAGE",
      "url": "https://github.com/jenkinsci/azure-ad-plugin"
    },
    {
      "type": "WEB",
      "url": "https://jenkins.io/security/advisory/2020-02-12/#SECURITY-1717"
    },
    {
      "type": "WEB",
      "url": "http://www.openwall.com/lists/oss-security/2020/02/12/3"
    }
  ],
  "database_specific": {
    "cwe_ids": [
      "CWE-256",
      "CWE-522"
    ],
    "severity": "LOW",
    "github_reviewed": true,
    "github_reviewed_at": "2023-01-14T05:27:06Z",
    "nvd_published_at": "2020-02-12T15:15:00Z"
  }
}