{
  "schema_version": "1.4.0",
  "id": "GHSA-cf6v-9j57-v6r6",
  "modified": "2023-07-06T20:43:52Z",
  "published": "2023-07-05T15:30:25Z",
  "aliases": [
    "CVE-2023-3515"
  ],
  "summary": "code.gitea.io/gitea Open Redirect vulnerability",
  "details": "Open Redirect in GitHub repository go-gitea/gitea prior to 1.19.4. This is most likely a post-auth redirect plus it is a POST based request scenario, so less likely that can be exploited or chained with other bugs that can cause phishing or credential theft.",
  "severity": [
    {
      "type": "CVSS_V3",
      "score": "CVSS:3.0/AV:N/AC:H/PR:L/UI:R/S:C/C:L/I:N/A:N"
    }
  ],
  "affected": [
    {
      "package": {
        "ecosystem": "Go",
        "name": "code.gitea.io/gitea"
      },
      "ranges": [
        {
          "type": "ECOSYSTEM",
          "events": [
            {
              "introduced": "0"
            },
            {
              "fixed": "1.19.4"
            }
          ]
        }
      ]
    }
  ],
  "references": [
    {
      "type": "ADVISORY",
      "url": "https://nvd.nist.gov/vuln/detail/CVE-2023-3515"
    },
    {
      "type": "WEB",
      "url": "https://github.com/go-gitea/gitea/commit/9aaaf980f0ba15611f30568bd67bce3ec12954e2"
    },
    {
      "type": "PACKAGE",
      "url": "https://github.com/go-gitea/gitea"
    },
    {
      "type": "WEB",
      "url": "https://huntr.dev/bounties/e335cd18-bc4d-4585-adb7-426c817ed053"
    },
    {
      "type": "WEB",
      "url": "https://security.gentoo.org/glsa/202312-13"
    }
  ],
  "database_specific": {
    "cwe_ids": [
      "CWE-601"
    ],
    "severity": "LOW",
    "github_reviewed": true,
    "github_reviewed_at": "2023-07-06T20:43:52Z",
    "nvd_published_at": "2023-07-05T15:15:09Z"
  }
}