{
  "schema_version": "1.4.0",
  "id": "GHSA-5j5w-g665-5m35",
  "modified": "2023-03-30T14:50:04Z",
  "published": "2021-11-18T16:08:58Z",
  "aliases": [],
  "summary": "Ambiguous OCI manifest parsing",
  "details": "### Impact\n\nIn the OCI Distribution Specification version 1.0.0 and prior and in the OCI Image Specification version 1.0.1 and prior, manifest and index documents are ambiguous without an accompanying Content-Type HTTP header.  Versions of containerd prior to 1.4.12 and 1.5.8 treat the Content-Type header as trusted and deserialize the document according to that header.  If the Content-Type header changed between pulls of the same ambiguous document (with the same digest), the document may be interpreted differently, meaning that the digest alone is insufficient to unambiguously identify the content of the image.\n\n### Patches\n\nThis issue has been fixed in containerd 1.4.12 and 1.5.8.  Image pulls for manifests that contain a \u201cmanifests\u201d field or indices which contain a \u201clayers\u201d field are rejected.\n\n### Workarounds\n\nEnsure you only pull images from trusted sources.\n\n### References\n\nhttps://github.com/opencontainers/distribution-spec/security/advisories/GHSA-mc8v-mgrf-8f4m\nhttps://github.com/opencontainers/image-spec/security/advisories/GHSA-77vh-xpmg-72qh\n\n### For more information\nIf you have any questions or comments about this advisory:\n* Open an issue in [containerd](https://github.com/containerd/containerd/issues/new/choose)\n* Email us at [security@containerd.io](mailto:security@containerd.io)",
  "severity": [
    {
      "type": "CVSS_V3",
      "score": "CVSS:3.1/AV:N/AC:H/PR:L/UI:R/S:C/C:N/I:L/A:N"
    }
  ],
  "affected": [
    {
      "package": {
        "ecosystem": "Go",
        "name": "github.com/containerd/containerd"
      },
      "ranges": [
        {
          "type": "ECOSYSTEM",
          "events": [
            {
              "introduced": "0"
            },
            {
              "fixed": "1.4.12"
            }
          ]
        }
      ]
    },
    {
      "package": {
        "ecosystem": "Go",
        "name": "github.com/containerd/containerd"
      },
      "ranges": [
        {
          "type": "ECOSYSTEM",
          "events": [
            {
              "introduced": "1.5.0"
            },
            {
              "fixed": "1.5.8"
            }
          ]
        }
      ]
    }
  ],
  "references": [
    {
      "type": "WEB",
      "url": "https://github.com/containerd/containerd/security/advisories/GHSA-5j5w-g665-5m35"
    },
    {
      "type": "WEB",
      "url": "https://github.com/opencontainers/distribution-spec/security/advisories/GHSA-mc8v-mgrf-8f4m"
    },
    {
      "type": "WEB",
      "url": "https://github.com/opencontainers/image-spec/security/advisories/GHSA-77vh-xpmg-72qh"
    },
    {
      "type": "WEB",
      "url": "https://github.com/containerd/containerd/commit/26c76a3014e71af5ad2f396ec76e0e0ecc8e25a3"
    },
    {
      "type": "WEB",
      "url": "https://github.com/containerd/containerd/commit/db00065a969a983ceb0a409833f93f705f284ea4"
    },
    {
      "type": "PACKAGE",
      "url": "https://github.com/containerd/containerd"
    },
    {
      "type": "WEB",
      "url": "https://github.com/containerd/containerd/releases/tag/v1.4.12"
    },
    {
      "type": "WEB",
      "url": "https://github.com/containerd/containerd/releases/tag/v1.5.8"
    }
  ],
  "database_specific": {
    "cwe_ids": [
      "CWE-843"
    ],
    "severity": "LOW",
    "github_reviewed": true,
    "github_reviewed_at": "2021-11-18T14:43:45Z",
    "nvd_published_at": null
  }
}