{
  "schema_version": "1.4.0",
  "id": "GHSA-74vq-h4q8-x6jv",
  "modified": "2024-11-18T16:26:06Z",
  "published": "2019-04-15T16:19:19Z",
  "aliases": [
    "CVE-2019-3828"
  ],
  "summary": "Ansible Path Traversal vulnerability",
  "details": "Ansible fetch module before versions 2.5.15, 2.6.14, 2.7.8 has a path traversal vulnerability which allows copying and overwriting files outside of the specified destination in the local ansible controller host, by not restricting an absolute path.",
  "severity": [
    {
      "type": "CVSS_V3",
      "score": "CVSS:3.1/AV:L/AC:L/PR:H/UI:R/S:C/C:L/I:L/A:N"
    },
    {
      "type": "CVSS_V4",
      "score": "CVSS:4.0/AV:L/AC:L/AT:N/PR:H/UI:P/VC:L/VI:L/VA:N/SC:L/SI:L/SA:N"
    }
  ],
  "affected": [
    {
      "package": {
        "ecosystem": "PyPI",
        "name": "ansible"
      },
      "ranges": [
        {
          "type": "ECOSYSTEM",
          "events": [
            {
              "introduced": "0"
            },
            {
              "fixed": "2.5.15"
            }
          ]
        }
      ]
    },
    {
      "package": {
        "ecosystem": "PyPI",
        "name": "ansible"
      },
      "ranges": [
        {
          "type": "ECOSYSTEM",
          "events": [
            {
              "introduced": "2.6.0a1"
            },
            {
              "fixed": "2.6.14"
            }
          ]
        }
      ]
    },
    {
      "package": {
        "ecosystem": "PyPI",
        "name": "ansible"
      },
      "ranges": [
        {
          "type": "ECOSYSTEM",
          "events": [
            {
              "introduced": "2.7.0a1"
            },
            {
              "fixed": "2.7.8"
            }
          ]
        }
      ]
    }
  ],
  "references": [
    {
      "type": "ADVISORY",
      "url": "https://nvd.nist.gov/vuln/detail/CVE-2019-3828"
    },
    {
      "type": "WEB",
      "url": "https://github.com/ansible/ansible/pull/52133"
    },
    {
      "type": "WEB",
      "url": "https://github.com/ansible/ansible/commit/396a2f74717477d80600450e2b7e45349d7b5110"
    },
    {
      "type": "WEB",
      "url": "https://github.com/ansible/ansible/commit/4be3215d2f9f84ca283895879f0c6ce1ed7dd333"
    },
    {
      "type": "WEB",
      "url": "https://github.com/ansible/ansible/commit/f3edc091523fbe301926b7a0db25fbbd96940d93"
    },
    {
      "type": "WEB",
      "url": "https://access.redhat.com/errata/RHSA-2019:3744"
    },
    {
      "type": "WEB",
      "url": "https://access.redhat.com/errata/RHSA-2019:3789"
    },
    {
      "type": "WEB",
      "url": "https://bugzilla.redhat.com/show_bug.cgi?id=CVE-2019-3828"
    },
    {
      "type": "ADVISORY",
      "url": "https://github.com/advisories/GHSA-74vq-h4q8-x6jv"
    },
    {
      "type": "PACKAGE",
      "url": "https://github.com/ansible/ansible"
    },
    {
      "type": "WEB",
      "url": "https://github.com/pypa/advisory-database/tree/main/vulns/ansible/PYSEC-2019-5.yaml"
    },
    {
      "type": "WEB",
      "url": "https://usn.ubuntu.com/4072-1"
    },
    {
      "type": "WEB",
      "url": "http://lists.opensuse.org/opensuse-security-announce/2019-04/msg00021.html"
    },
    {
      "type": "WEB",
      "url": "http://lists.opensuse.org/opensuse-security-announce/2019-06/msg00077.html"
    },
    {
      "type": "WEB",
      "url": "http://lists.opensuse.org/opensuse-security-announce/2019-08/msg00020.html"
    },
    {
      "type": "WEB",
      "url": "http://packetstormsecurity.com/files/172837/Ansible-Fetch-Path-Traversal.html"
    }
  ],
  "database_specific": {
    "cwe_ids": [
      "CWE-22"
    ],
    "severity": "LOW",
    "github_reviewed": true,
    "github_reviewed_at": "2020-06-16T21:21:22Z",
    "nvd_published_at": "2019-03-27T13:29:01Z"
  }
}