{
  "schema_version": "1.4.0",
  "id": "GHSA-vxf6-w9mp-95hm",
  "modified": "2023-05-12T17:24:42Z",
  "published": "2017-10-24T18:33:38Z",
  "aliases": [
    "CVE-2012-3408"
  ],
  "summary": "Puppet supports use of IP addresses in certnames without warning of potential risks",
  "details": "`lib/puppet/network/authstore.rb` in Puppet before 2.7.18, and Puppet Enterprise before 2.5.2, supports use of IP addresses in certnames without warning of potential risks, which might allow remote attackers to spoof an agent by acquiring a previously used IP address.",
  "severity": [],
  "affected": [
    {
      "package": {
        "ecosystem": "RubyGems",
        "name": "puppet"
      },
      "ranges": [
        {
          "type": "ECOSYSTEM",
          "events": [
            {
              "introduced": "0"
            },
            {
              "fixed": "2.7.18"
            }
          ]
        }
      ]
    }
  ],
  "references": [
    {
      "type": "ADVISORY",
      "url": "https://nvd.nist.gov/vuln/detail/CVE-2012-3408"
    },
    {
      "type": "WEB",
      "url": "https://github.com/puppetlabs/puppet/commit/ab9150baa1b738467a33b01df1d90e076253fbbd"
    },
    {
      "type": "WEB",
      "url": "https://bugzilla.redhat.com/show_bug.cgi?id=839166"
    },
    {
      "type": "PACKAGE",
      "url": "https://github.com/puppetlabs/puppet"
    },
    {
      "type": "WEB",
      "url": "https://github.com/rubysec/ruby-advisory-db/blob/master/gems/puppet/CVE-2012-3408.yml"
    },
    {
      "type": "WEB",
      "url": "https://www.puppet.com/security/cve/cve-2012-3408-agent-impersonation"
    },
    {
      "type": "WEB",
      "url": "http://puppetlabs.com/security/cve/cve-2012-3408"
    }
  ],
  "database_specific": {
    "cwe_ids": [
      "CWE-287"
    ],
    "severity": "LOW",
    "github_reviewed": true,
    "github_reviewed_at": "2020-06-16T21:58:51Z",
    "nvd_published_at": "2012-08-06T16:55:00Z"
  }
}