{
  "schema_version": "1.4.0",
  "id": "GHSA-5r66-vgc7-2mm3",
  "modified": "2025-04-02T17:16:39Z",
  "published": "2025-04-01T00:30:35Z",
  "aliases": [
    "CVE-2025-31697"
  ],
  "summary": "Drupal Formatter Suite Vulnerable to Cross-Site Scripting (XSS) via Link Element Attributes",
  "details": "Improper Neutralization of Input During Web Page Generation ('Cross-site Scripting') vulnerability in Drupal Formatter Suite allows Cross-Site Scripting (XSS).This issue affects Formatter Suite: from 0.0.0 before 2.1.0.",
  "severity": [
    {
      "type": "CVSS_V4",
      "score": "CVSS:4.0/AV:N/AC:L/AT:N/PR:L/UI:P/VC:N/VI:N/VA:N/SC:L/SI:L/SA:N/E:U"
    }
  ],
  "affected": [
    {
      "package": {
        "ecosystem": "Packagist",
        "name": "drupal/formatter_suite"
      },
      "ranges": [
        {
          "type": "ECOSYSTEM",
          "events": [
            {
              "introduced": "0"
            },
            {
              "fixed": "2.1.0"
            }
          ]
        }
      ]
    }
  ],
  "references": [
    {
      "type": "ADVISORY",
      "url": "https://nvd.nist.gov/vuln/detail/CVE-2025-31697"
    },
    {
      "type": "PACKAGE",
      "url": "https://git.drupalcode.org/project/formatter_suite"
    },
    {
      "type": "WEB",
      "url": "https://git.drupalcode.org/project/formatter_suite/-/commit/58adb4168466b056e33fc4f356f43dd000e3765b"
    },
    {
      "type": "WEB",
      "url": "https://www.drupal.org/sa-contrib-2025-026"
    }
  ],
  "database_specific": {
    "cwe_ids": [
      "CWE-79"
    ],
    "severity": "LOW",
    "github_reviewed": true,
    "github_reviewed_at": "2025-04-02T17:16:39Z",
    "nvd_published_at": "2025-03-31T22:15:22Z"
  }
}