{
  "schema_version": "1.4.0",
  "id": "GHSA-xcp5-j5fj-3xp6",
  "modified": "2022-12-05T21:52:48Z",
  "published": "2022-06-24T00:00:31Z",
  "aliases": [
    "CVE-2022-34202"
  ],
  "summary": "User passwords stored in plain text by Jenkins EasyQA Plugin",
  "details": "EasyQA Plugin 1.0 and earlier stores user passwords unencrypted in its global configuration file `EasyQAPluginProperties.xml` on the Jenkins controller as part of its configuration.\n\nThese passwords can be viewed by users with access to the Jenkins controller file system.",
  "severity": [
    {
      "type": "CVSS_V3",
      "score": "CVSS:3.1/AV:L/AC:L/PR:L/UI:N/S:U/C:L/I:N/A:N"
    }
  ],
  "affected": [
    {
      "package": {
        "ecosystem": "Maven",
        "name": "com.geteasyqa:easyqa"
      },
      "ranges": [
        {
          "type": "ECOSYSTEM",
          "events": [
            {
              "introduced": "0"
            },
            {
              "last_affected": "1.0"
            }
          ]
        }
      ]
    }
  ],
  "references": [
    {
      "type": "ADVISORY",
      "url": "https://nvd.nist.gov/vuln/detail/CVE-2022-34202"
    },
    {
      "type": "PACKAGE",
      "url": "https://github.com/jenkinsci/easyqa-plugin"
    },
    {
      "type": "WEB",
      "url": "https://www.jenkins.io/security/advisory/2022-06-22/#SECURITY-2066"
    }
  ],
  "database_specific": {
    "cwe_ids": [
      "CWE-256"
    ],
    "severity": "LOW",
    "github_reviewed": true,
    "github_reviewed_at": "2022-07-05T22:55:55Z",
    "nvd_published_at": "2022-06-23T17:15:00Z"
  }
}