{
  "schema_version": "1.4.0",
  "id": "GHSA-f679-254h-qhvj",
  "modified": "2025-02-21T23:54:31Z",
  "published": "2025-02-21T23:54:31Z",
  "aliases": [],
  "summary": "Leantime allows Cross-Site Scripting (XSS)",
  "details": "### Summary\nThere is a cross-site scripting vulnerability on To-Do that affects a title field of a To-Do.",
  "severity": [
    {
      "type": "CVSS_V4",
      "score": "CVSS:4.0/AV:N/AC:L/AT:P/PR:L/UI:P/VC:N/VI:L/VA:N/SC:N/SI:N/SA:N"
    }
  ],
  "affected": [
    {
      "package": {
        "ecosystem": "Packagist",
        "name": "leantime/leantime"
      },
      "ranges": [
        {
          "type": "ECOSYSTEM",
          "events": [
            {
              "introduced": "0"
            },
            {
              "fixed": "3.3"
            }
          ]
        }
      ]
    }
  ],
  "references": [
    {
      "type": "WEB",
      "url": "https://github.com/Leantime/leantime/security/advisories/GHSA-f679-254h-qhvj"
    },
    {
      "type": "PACKAGE",
      "url": "https://github.com/Leantime/leantime"
    }
  ],
  "database_specific": {
    "cwe_ids": [
      "CWE-79"
    ],
    "severity": "LOW",
    "github_reviewed": true,
    "github_reviewed_at": "2025-02-21T23:54:31Z",
    "nvd_published_at": null
  }
}