{
  "schema_version": "1.4.0",
  "id": "GHSA-92qf-8gh3-gwcm",
  "modified": "2024-12-09T20:45:10Z",
  "published": "2024-12-09T15:31:37Z",
  "aliases": [
    "CVE-2024-53947"
  ],
  "summary": "Apache Superset: Improper SQL authorisation, parse not checking for specific postgres functions",
  "details": "Improper Neutralization of Special Elements used in an SQL Command ('SQL Injection') vulnerability in Apache Superset. Specifically, certain engine-specific functions are not checked, which allows attackers to bypass Apache Superset's SQL authorization. This issue is a follow-up to\u00a0CVE-2024-39887 with additional disallowed PostgreSQL functions now included:\u00a0query_to_xml_and_xmlschema,\u00a0table_to_xml,\u00a0table_to_xml_and_xmlschema.\n\nThis issue affects Apache Superset: <4.1.0.\n\nUsers are recommended to upgrade to version 4.1.0, which fixes the issue or add these Postgres functions to the config set\u00a0DISALLOWED_SQL_FUNCTIONS.",
  "severity": [
    {
      "type": "CVSS_V4",
      "score": "CVSS:4.0/AV:N/AC:L/AT:P/PR:L/UI:N/VC:L/VI:N/VA:N/SC:L/SI:N/SA:N"
    }
  ],
  "affected": [
    {
      "package": {
        "ecosystem": "PyPI",
        "name": "apache-superset"
      },
      "ranges": [
        {
          "type": "ECOSYSTEM",
          "events": [
            {
              "introduced": "0"
            },
            {
              "fixed": "4.1.0"
            }
          ]
        }
      ]
    }
  ],
  "references": [
    {
      "type": "ADVISORY",
      "url": "https://nvd.nist.gov/vuln/detail/CVE-2024-53947"
    },
    {
      "type": "WEB",
      "url": "https://github.com/apache/superset/commit/0e0028260fc8a2099250701524a489f3c9aa146f"
    },
    {
      "type": "PACKAGE",
      "url": "https://github.com/apache/superset"
    },
    {
      "type": "WEB",
      "url": "https://lists.apache.org/thread/hj3gfsjh67vqw12nlrshlsym4bkopjmn"
    }
  ],
  "database_specific": {
    "cwe_ids": [
      "CWE-89"
    ],
    "severity": "LOW",
    "github_reviewed": true,
    "github_reviewed_at": "2024-12-09T20:45:10Z",
    "nvd_published_at": "2024-12-09T14:15:12Z"
  }
}