{
  "schema_version": "1.4.0",
  "id": "GHSA-36fr-3wg8-q5v8",
  "modified": "2023-11-17T22:47:39Z",
  "published": "2023-11-17T06:31:21Z",
  "aliases": [
    "CVE-2023-48649"
  ],
  "summary": "Concrete CMS Cross-site Scripting vulnerability",
  "details": "Concrete CMS before 8.5.13 and 9.x before 9.2.2 allows stored XSS on the Admin page via an uploaded file name.",
  "severity": [
    {
      "type": "CVSS_V3",
      "score": "CVSS:3.1/AV:N/AC:L/PR:L/UI:R/S:U/C:L/I:N/A:N"
    }
  ],
  "affected": [
    {
      "package": {
        "ecosystem": "Packagist",
        "name": "concrete5/concrete5"
      },
      "ranges": [
        {
          "type": "ECOSYSTEM",
          "events": [
            {
              "introduced": "0"
            },
            {
              "fixed": "8.5.13"
            }
          ]
        }
      ]
    },
    {
      "package": {
        "ecosystem": "Packagist",
        "name": "concrete5/concrete5"
      },
      "ranges": [
        {
          "type": "ECOSYSTEM",
          "events": [
            {
              "introduced": "9.0.0"
            },
            {
              "fixed": "9.2.2"
            }
          ]
        }
      ]
    }
  ],
  "references": [
    {
      "type": "ADVISORY",
      "url": "https://nvd.nist.gov/vuln/detail/CVE-2023-48649"
    },
    {
      "type": "WEB",
      "url": "https://github.com/concretecms/concretecms/pull/11695"
    },
    {
      "type": "WEB",
      "url": "https://github.com/concretecms/concretecms/pull/11739"
    },
    {
      "type": "WEB",
      "url": "https://documentation.concretecms.org/developers/introduction/version-history/8513-release-notes"
    },
    {
      "type": "WEB",
      "url": "https://documentation.concretecms.org/developers/introduction/version-history/922-release-notes"
    },
    {
      "type": "PACKAGE",
      "url": "https://github.com/concretecms/concretecms"
    },
    {
      "type": "WEB",
      "url": "https://www.concretecms.org/about/project-news/security/2023-11-09-security-blog-about-updated-cves-and-new-release"
    }
  ],
  "database_specific": {
    "cwe_ids": [
      "CWE-79"
    ],
    "severity": "LOW",
    "github_reviewed": true,
    "github_reviewed_at": "2023-11-17T22:47:39Z",
    "nvd_published_at": "2023-11-17T04:15:07Z"
  }
}