{
  "schema_version": "1.4.0",
  "id": "GHSA-cp39-43xr-2wrp",
  "modified": "2024-01-25T18:54:22Z",
  "published": "2022-05-13T01:12:45Z",
  "aliases": [
    "CVE-2015-2269"
  ],
  "summary": "Moodle XSS Vulnerability",
  "details": "Multiple cross-site scripting (XSS) vulnerabilities in lib/javascript-static.js in Moodle through 2.5.9, 2.6.x before 2.6.9, 2.7.x before 2.7.6, and 2.8.x before 2.8.4 allow remote authenticated users to inject arbitrary web script or HTML via a (1) alt or (2) title attribute in an IMG element.",
  "severity": [],
  "affected": [
    {
      "package": {
        "ecosystem": "Packagist",
        "name": "moodle/moodle"
      },
      "ranges": [
        {
          "type": "ECOSYSTEM",
          "events": [
            {
              "introduced": "0"
            },
            {
              "last_affected": "2.5.9"
            }
          ]
        }
      ]
    },
    {
      "package": {
        "ecosystem": "Packagist",
        "name": "moodle/moodle"
      },
      "ranges": [
        {
          "type": "ECOSYSTEM",
          "events": [
            {
              "introduced": "2.6.0"
            },
            {
              "fixed": "2.6.9"
            }
          ]
        }
      ]
    },
    {
      "package": {
        "ecosystem": "Packagist",
        "name": "moodle/moodle"
      },
      "ranges": [
        {
          "type": "ECOSYSTEM",
          "events": [
            {
              "introduced": "2.7.0"
            },
            {
              "fixed": "2.7.6"
            }
          ]
        }
      ]
    },
    {
      "package": {
        "ecosystem": "Packagist",
        "name": "moodle/moodle"
      },
      "ranges": [
        {
          "type": "ECOSYSTEM",
          "events": [
            {
              "introduced": "2.8.0"
            },
            {
              "fixed": "2.8.4"
            }
          ]
        }
      ]
    }
  ],
  "references": [
    {
      "type": "ADVISORY",
      "url": "https://nvd.nist.gov/vuln/detail/CVE-2015-2269"
    },
    {
      "type": "WEB",
      "url": "https://github.com/moodle/moodle/commit/ead8b28f92da72fb836cf9183aaf6f11a7eb1a21"
    },
    {
      "type": "PACKAGE",
      "url": "https://github.com/moodle/moodle"
    },
    {
      "type": "WEB",
      "url": "https://moodle.org/mod/forum/discuss.php?d=307383"
    },
    {
      "type": "WEB",
      "url": "http://git.moodle.org/gw?p=moodle.git&a=search&h=HEAD&st=commit&s=MDL-49144"
    },
    {
      "type": "WEB",
      "url": "http://openwall.com/lists/oss-security/2015/03/16/1"
    }
  ],
  "database_specific": {
    "cwe_ids": [
      "CWE-79"
    ],
    "severity": "LOW",
    "github_reviewed": true,
    "github_reviewed_at": "2023-08-01T20:33:11Z",
    "nvd_published_at": "2015-06-01T19:59:00Z"
  }
}