{
  "schema_version": "1.4.0",
  "id": "GHSA-w6hw-57jq-h7f5",
  "modified": "2022-12-16T22:55:34Z",
  "published": "2022-05-24T17:17:14Z",
  "aliases": [
    "CVE-2020-2186"
  ],
  "summary": "CSRF vulnerability in Amazon EC2 Plugin",
  "details": "Amazon EC2 Plugin 1.50.1 and earlier does not require POST requests in several HTTP endpoints, resulting in cross-site request forgery (CSRF) vulnerabilities. This allows an attacker to provision instances with an attacker-specified template ID.\n\nAmazon EC2 Plugin 1.50.2 now requires POST requests for the affected HTTP endpoints.",
  "severity": [
    {
      "type": "CVSS_V3",
      "score": "CVSS:3.0/AV:N/AC:H/PR:N/UI:R/S:U/C:N/I:L/A:N"
    }
  ],
  "affected": [
    {
      "package": {
        "ecosystem": "Maven",
        "name": "org.jenkins-ci.plugins:ec2"
      },
      "ranges": [
        {
          "type": "ECOSYSTEM",
          "events": [
            {
              "introduced": "0"
            },
            {
              "fixed": "1.50.2"
            }
          ]
        }
      ],
      "database_specific": {
        "last_known_affected_version_range": "<= 1.50.1"
      }
    }
  ],
  "references": [
    {
      "type": "ADVISORY",
      "url": "https://nvd.nist.gov/vuln/detail/CVE-2020-2186"
    },
    {
      "type": "WEB",
      "url": "https://github.com/jenkinsci/ec2-plugin/commit/4c9f03ae202e4730fd54eda40771fa4d3873e358"
    },
    {
      "type": "PACKAGE",
      "url": "https://github.com/jenkinsci/ec2-plugin"
    },
    {
      "type": "WEB",
      "url": "https://jenkins.io/security/advisory/2020-05-06/#SECURITY-1408"
    },
    {
      "type": "WEB",
      "url": "http://www.openwall.com/lists/oss-security/2020/05/06/3"
    }
  ],
  "database_specific": {
    "cwe_ids": [
      "CWE-352"
    ],
    "severity": "LOW",
    "github_reviewed": true,
    "github_reviewed_at": "2022-12-16T22:55:34Z",
    "nvd_published_at": "2020-05-06T13:15:00Z"
  }
}