{
  "schema_version": "1.4.0",
  "id": "GHSA-jp8r-jh5j-cgwf",
  "modified": "2023-02-23T21:56:37Z",
  "published": "2022-05-24T16:56:46Z",
  "aliases": [
    "CVE-2019-10423"
  ],
  "summary": "Jenkins CodeScan Plugin has Insufficiently Protected Credentials",
  "details": "CodeScan Plugin stores an API key unencrypted in its global configuration file `com.villagechief.codescan.jenkins.CodeScanBuilder.xml` on the Jenkins controller. This API key can be viewed by users with access to the Jenkins controller file system.\n\nAs of publication of this advisory, there is no fix.",
  "severity": [
    {
      "type": "CVSS_V3",
      "score": "CVSS:3.0/AV:L/AC:L/PR:L/UI:N/S:U/C:L/I:N/A:N"
    }
  ],
  "affected": [
    {
      "package": {
        "ecosystem": "Maven",
        "name": "com.villagechief.codescan.jenkins:codescan"
      },
      "ranges": [
        {
          "type": "ECOSYSTEM",
          "events": [
            {
              "introduced": "0"
            },
            {
              "last_affected": "1.0"
            }
          ]
        }
      ]
    }
  ],
  "references": [
    {
      "type": "ADVISORY",
      "url": "https://nvd.nist.gov/vuln/detail/CVE-2019-10423"
    },
    {
      "type": "WEB",
      "url": "https://github.com/jenkinsci/codescan-plugin"
    },
    {
      "type": "WEB",
      "url": "https://jenkins.io/security/advisory/2019-09-25/#SECURITY-1551"
    },
    {
      "type": "WEB",
      "url": "http://www.openwall.com/lists/oss-security/2019/09/25/3"
    }
  ],
  "database_specific": {
    "cwe_ids": [
      "CWE-522"
    ],
    "severity": "LOW",
    "github_reviewed": true,
    "github_reviewed_at": "2023-02-23T21:56:37Z",
    "nvd_published_at": "2019-09-25T16:15:00Z"
  }
}