{
  "schema_version": "1.4.0",
  "id": "GHSA-6m9h-2pr2-9j8f",
  "modified": "2025-02-11T19:02:38Z",
  "published": "2024-04-18T16:44:16Z",
  "aliases": [
    "CVE-2024-30257"
  ],
  "summary": "1Panel's password verification is suspected to have a timing attack vulnerability",
  "details": "### Summary\n\u6e90\u7801\u4e2d\u5bc6\u7801\u6821\u9a8c\u5904\u4f7f\u7528 != \u7b26\u53f7\uff0c\u800c\u4e0d\u662f`hmac.Equal`\uff0c\u8fd9\u53ef\u80fd\u5bfc\u81f4\u4ea7\u751f\u8ba1\u65f6\u653b\u51fb\u6f0f\u6d1e\uff0c\u4ece\u800c\u7206\u7834\u5bc6\u7801\u3002  \n\u5efa\u8bae\u4f7f\u7528 `hmac.Equal` \u6bd4\u5bf9\u5bc6\u7801\u3002\n\nTranslation:\n\nThe source code uses the != symbol instead of hmac.Equal for password verification, which may lead to timing attack vulnerabilities that can lead to password cracking. It is recommended to use hmac. Equal to compare passwords.\n\n### Details\nhttps://github.com/1Panel-dev/1Panel/blob/dev/backend/app/service/auth.go#L81C5-L81C26\n\n### Impact\n\u8be5\u4ea7\u54c1\u7684\u6240\u6709\u4f7f\u7528\u8005\u3002\n\nTranslation:\n\nAll users of this product.",
  "severity": [
    {
      "type": "CVSS_V3",
      "score": "CVSS:3.1/AV:N/AC:H/PR:N/UI:N/S:U/C:H/I:N/A:N"
    },
    {
      "type": "CVSS_V4",
      "score": "CVSS:4.0/AV:N/AC:H/AT:N/PR:H/UI:P/VC:L/VI:L/VA:L/SC:N/SI:N/SA:N"
    }
  ],
  "affected": [
    {
      "package": {
        "ecosystem": "Go",
        "name": "github.com/1Panel-dev/1Panel"
      },
      "ranges": [
        {
          "type": "ECOSYSTEM",
          "events": [
            {
              "introduced": "0"
            },
            {
              "fixed": "1.10.3"
            }
          ]
        }
      ]
    }
  ],
  "references": [
    {
      "type": "WEB",
      "url": "https://github.com/1Panel-dev/1Panel/security/advisories/GHSA-6m9h-2pr2-9j8f"
    },
    {
      "type": "ADVISORY",
      "url": "https://nvd.nist.gov/vuln/detail/CVE-2024-30257"
    },
    {
      "type": "PACKAGE",
      "url": "https://github.com/1Panel-dev/1Panel"
    },
    {
      "type": "WEB",
      "url": "https://github.com/1Panel-dev/1Panel/blob/dev/backend/app/service/auth.go#L81C5-L81C26"
    }
  ],
  "database_specific": {
    "cwe_ids": [
      "CWE-203"
    ],
    "severity": "LOW",
    "github_reviewed": true,
    "github_reviewed_at": "2024-04-18T16:44:16Z",
    "nvd_published_at": "2024-04-18T15:15:30Z"
  }
}