{
  "schema_version": "1.4.0",
  "id": "GHSA-h59x-p739-982c",
  "modified": "2024-03-14T23:14:54Z",
  "published": "2024-03-04T00:30:53Z",
  "aliases": [
    "CVE-2024-28088"
  ],
  "summary": "LangChain directory traversal vulnerability",
  "details": "LangChain through 0.1.10 allows ../ directory traversal by an actor who is able to control the final part of the path parameter in a load_chain call. This bypasses the intended behavior of loading configurations only from the hwchase17/langchain-hub GitHub repository. The outcome can be disclosure of an API key for a large language model online service, or remote code execution.",
  "severity": [],
  "affected": [
    {
      "package": {
        "ecosystem": "PyPI",
        "name": "langchain"
      },
      "ranges": [
        {
          "type": "ECOSYSTEM",
          "events": [
            {
              "introduced": "0"
            },
            {
              "fixed": "0.0.339"
            }
          ]
        }
      ]
    },
    {
      "package": {
        "ecosystem": "PyPI",
        "name": "langchain-core"
      },
      "ranges": [
        {
          "type": "ECOSYSTEM",
          "events": [
            {
              "introduced": "0"
            },
            {
              "fixed": "0.1.30"
            }
          ]
        }
      ]
    }
  ],
  "references": [
    {
      "type": "ADVISORY",
      "url": "https://nvd.nist.gov/vuln/detail/CVE-2024-28088"
    },
    {
      "type": "WEB",
      "url": "https://github.com/langchain-ai/langchain/pull/18600"
    },
    {
      "type": "WEB",
      "url": "https://github.com/langchain-ai/langchain/commit/e1924b3e93d513ca950c72f8e80e1c133749fba5"
    },
    {
      "type": "WEB",
      "url": "https://github.com/PinkDraconian/PoC-Langchain-RCE/blob/main/README.md"
    },
    {
      "type": "PACKAGE",
      "url": "https://github.com/langchain-ai/langchain"
    },
    {
      "type": "WEB",
      "url": "https://github.com/langchain-ai/langchain/blob/f96dd57501131840b713ed7c2e86cbf1ddc2761f/libs/core/langchain_core/utils/loading.py"
    },
    {
      "type": "WEB",
      "url": "https://github.com/pypa/advisory-database/tree/main/vulns/langchain-core/PYSEC-2024-45.yaml"
    },
    {
      "type": "WEB",
      "url": "https://github.com/pypa/advisory-database/tree/main/vulns/langchain/PYSEC-2024-43.yaml"
    }
  ],
  "database_specific": {
    "cwe_ids": [],
    "severity": "LOW",
    "github_reviewed": true,
    "github_reviewed_at": "2024-03-06T16:13:39Z",
    "nvd_published_at": "2024-03-04T00:15:47Z"
  }
}