{
  "schema_version": "1.4.0",
  "id": "GHSA-fc3j-cfqv-pfrm",
  "modified": "2022-12-29T01:28:16Z",
  "published": "2022-05-24T17:22:20Z",
  "aliases": [
    "CVE-2020-2218"
  ],
  "summary": "Password stored in plain text by Jenkins HP ALM Quality Center Plugin",
  "details": "HP ALM Quality Center Plugin 1.6 and earlier stores a password in plain text in its global configuration file `org.jenkinsci.plugins.qc.QualityCenterIntegrationRecorder.xml`. This password can be viewed by users with access to the Jenkins controller file system.",
  "severity": [
    {
      "type": "CVSS_V3",
      "score": "CVSS:3.1/AV:L/AC:L/PR:L/UI:N/S:U/C:L/I:N/A:N"
    }
  ],
  "affected": [
    {
      "package": {
        "ecosystem": "Maven",
        "name": "org.jenkins-ci.plugins:hp-quality-center"
      },
      "ranges": [
        {
          "type": "ECOSYSTEM",
          "events": [
            {
              "introduced": "0"
            },
            {
              "last_affected": "1.6"
            }
          ]
        }
      ]
    }
  ],
  "references": [
    {
      "type": "ADVISORY",
      "url": "https://nvd.nist.gov/vuln/detail/CVE-2020-2218"
    },
    {
      "type": "PACKAGE",
      "url": "https://github.com/jenkinsci/hp-quality-center-plugin"
    },
    {
      "type": "WEB",
      "url": "https://jenkins.io/security/advisory/2020-07-02/#SECURITY-1576"
    },
    {
      "type": "WEB",
      "url": "http://www.openwall.com/lists/oss-security/2020/07/02/7"
    }
  ],
  "database_specific": {
    "cwe_ids": [
      "CWE-256",
      "CWE-522"
    ],
    "severity": "LOW",
    "github_reviewed": true,
    "github_reviewed_at": "2022-12-29T01:28:16Z",
    "nvd_published_at": "2020-07-02T15:15:00Z"
  }
}