{
  "schema_version": "1.4.0",
  "id": "GHSA-4r3m-j6x5-48m3",
  "modified": "2021-01-07T23:39:22Z",
  "published": "2020-08-28T21:20:42Z",
  "aliases": [
    "CVE-2020-15155"
  ],
  "summary": "Cross Site Scripting(XSS) Vulnerability in Latest Release 4.3.6 Site basic settings",
  "details": "baserCMS 4.3.6 and earlier is affected by Cross Site Scripting (XSS) via arbitrary script execution. Admin access is required to exploit this vulnerability. The affected components is toolbar.php. The issue is fixed in version 4.3.7.",
  "severity": [
    {
      "type": "CVSS_V3",
      "score": "CVSS:3.1/AV:N/AC:H/PR:H/UI:R/S:C/C:H/I:H/A:N"
    }
  ],
  "affected": [
    {
      "package": {
        "ecosystem": "Packagist",
        "name": "baserproject/basercms"
      },
      "ranges": [
        {
          "type": "ECOSYSTEM",
          "events": [
            {
              "introduced": "4.0.0"
            },
            {
              "fixed": "4.3.7"
            }
          ]
        }
      ],
      "database_specific": {
        "last_known_affected_version_range": "<= 4.3.6"
      }
    }
  ],
  "references": [
    {
      "type": "WEB",
      "url": "https://github.com/baserproject/basercms/security/advisories/GHSA-4r3m-j6x5-48m3"
    },
    {
      "type": "ADVISORY",
      "url": "https://nvd.nist.gov/vuln/detail/CVE-2020-15155"
    },
    {
      "type": "WEB",
      "url": "https://github.com/baserproject/basercms/commit/94cbfab74c9fd6d04492597a1a684674c3c0e30f"
    },
    {
      "type": "WEB",
      "url": "https://basercms.net/security/20200827"
    }
  ],
  "database_specific": {
    "cwe_ids": [
      "CWE-79"
    ],
    "severity": "LOW",
    "github_reviewed": true,
    "github_reviewed_at": "2020-08-28T21:20:29Z",
    "nvd_published_at": null
  }
}