{
  "schema_version": "1.4.0",
  "id": "GHSA-fxcr-gvcw-hmqm",
  "modified": "2025-03-04T18:17:13Z",
  "published": "2023-07-06T19:24:12Z",
  "aliases": [
    "CVE-2023-22249"
  ],
  "summary": "Magento Open Source allows Cross-Site Scripting (XSS)",
  "details": "Adobe Commerce versions 2.4.4-p2 (and earlier) and 2.4.5-p1 (and earlier) are affected by a stored Cross-Site Scripting (XSS) vulnerability that could be abused by a high-privileged attacker to inject malicious scripts into vulnerable form fields. Malicious JavaScript may be executed in a victim\u2019s browser when they browse to the page containing the vulnerable field.",
  "severity": [
    {
      "type": "CVSS_V3",
      "score": "CVSS:3.1/AV:N/AC:L/PR:H/UI:R/S:C/C:L/I:L/A:N"
    },
    {
      "type": "CVSS_V4",
      "score": "CVSS:4.0/AV:N/AC:L/AT:N/PR:H/UI:P/VC:L/VI:L/VA:N/SC:N/SI:N/SA:N/E:U"
    }
  ],
  "affected": [
    {
      "package": {
        "ecosystem": "Packagist",
        "name": "magento/community-edition"
      },
      "versions": [
        "2.4.4"
      ]
    },
    {
      "package": {
        "ecosystem": "Packagist",
        "name": "magento/community-edition"
      },
      "versions": [
        "2.4.5"
      ]
    },
    {
      "package": {
        "ecosystem": "Packagist",
        "name": "magento/community-edition"
      },
      "ranges": [
        {
          "type": "ECOSYSTEM",
          "events": [
            {
              "introduced": "2.4.4-p1"
            },
            {
              "last_affected": "2.4.4-p2"
            }
          ]
        }
      ]
    },
    {
      "package": {
        "ecosystem": "Packagist",
        "name": "magento/community-edition"
      },
      "versions": [
        "2.4.5-p1"
      ]
    }
  ],
  "references": [
    {
      "type": "ADVISORY",
      "url": "https://nvd.nist.gov/vuln/detail/CVE-2023-22249"
    },
    {
      "type": "PACKAGE",
      "url": "https://github.com/magento/magento2"
    },
    {
      "type": "WEB",
      "url": "https://helpx.adobe.com/security/products/magento/apsb23-17.html"
    }
  ],
  "database_specific": {
    "cwe_ids": [
      "CWE-79"
    ],
    "severity": "LOW",
    "github_reviewed": true,
    "github_reviewed_at": "2025-03-04T18:17:13Z",
    "nvd_published_at": "2023-03-27T21:15:00Z"
  }
}