{
  "schema_version": "1.4.0",
  "id": "GHSA-wf98-vxv9-jqfv",
  "modified": "2022-04-05T18:31:51Z",
  "published": "2022-04-05T18:31:51Z",
  "aliases": [],
  "summary": "XSS Injection Vulnerability",
  "details": "### Impact\n\nUnder some circumstances, the Feeds widget on the dashboard could have an XSS vulnerability if a malformed feed was supplied.\n\n### Patches\n\nThis has been patched in Craft 3.7.29.\n\n### References\n\n* https://github.com/craftcms/cms/blob/develop/CHANGELOG.md#3729---2022-01-18\n\n### For more information\n\nIf you have any questions or comments about this advisory, email us at [support@craftcms.com](mailto:support@craftcms.com)\n\n----------\n\nCredits: https://github.com/noobpk\n",
  "severity": [],
  "affected": [
    {
      "package": {
        "ecosystem": "Packagist",
        "name": "craftcms/cms"
      },
      "ranges": [
        {
          "type": "ECOSYSTEM",
          "events": [
            {
              "introduced": "0"
            },
            {
              "fixed": "3.7.29"
            }
          ]
        }
      ]
    }
  ],
  "references": [
    {
      "type": "WEB",
      "url": "https://github.com/craftcms/cms/security/advisories/GHSA-wf98-vxv9-jqfv"
    },
    {
      "type": "PACKAGE",
      "url": "https://github.com/craftcms/cms"
    }
  ],
  "database_specific": {
    "cwe_ids": [],
    "severity": "LOW",
    "github_reviewed": true,
    "github_reviewed_at": "2022-04-05T18:31:51Z",
    "nvd_published_at": null
  }
}