{
  "schema_version": "1.4.0",
  "id": "GHSA-p84v-45xj-wwqj",
  "modified": "2025-02-18T22:36:28Z",
  "published": "2023-01-18T18:23:34Z",
  "aliases": [
    "CVE-2023-22792"
  ],
  "summary": "ReDoS based DoS vulnerability in Action Dispatch",
  "details": "There is a possible regular expression based DoS vulnerability in Action Dispatch. This vulnerability has been assigned the CVE identifier CVE-2023-22792.\n\nVersions Affected: >= 3.0.0 Not affected: < 3.0.0 Fixed Versions: 5.2.8.15 (Rails LTS), 6.1.7.1, 7.0.4.1\nImpact\n\nSpecially crafted cookies, in combination with a specially crafted X_FORWARDED_HOST header can cause the regular expression engine to enter a state of catastrophic backtracking. This can cause the process to use large amounts of CPU and memory, leading to a possible DoS vulnerability All users running an affected release should either upgrade or use one of the workarounds immediately.\nReleases\n\nThe FIXED releases are available at the normal locations.\nWorkarounds\n\nWe recommend that all users upgrade to one of the FIXED versions. In the meantime, users can mitigate this vulnerability by using a load balancer or other device to filter out malicious X_FORWARDED_HOST headers before they reach the application.\nPatches\n\nTo aid users who aren\u2019t able to upgrade immediately we have provided patches for the two supported release series. They are in git-am format and consist of a single changeset.\n\n    6-1-Use-string-split-instead-of-regex-for-domain-parts.patch - Patch for 6.1 series\n    7-0-Use-string-split-instead-of-regex-for-domain-parts.patch - Patch for 7.0 series\n\nPlease note that only the 7.0.Z and 6.1.Z series are supported at present, and 6.0.Z for severe vulnerabilities. Users of earlier unsupported releases are advised to upgrade as soon as possible as we cannot guarantee the continued availability of security fixes for unsupported releases.\n\nhttps://rubyonrails.org/2023/1/17/Rails-Versions-6-0-6-1-6-1-7-1-7-0-4-1-have-been-released",
  "severity": [],
  "affected": [
    {
      "package": {
        "ecosystem": "RubyGems",
        "name": "actionpack"
      },
      "ranges": [
        {
          "type": "ECOSYSTEM",
          "events": [
            {
              "introduced": "3.0.0"
            },
            {
              "fixed": "5.2.8.15"
            }
          ]
        }
      ]
    },
    {
      "package": {
        "ecosystem": "RubyGems",
        "name": "actionpack"
      },
      "ranges": [
        {
          "type": "ECOSYSTEM",
          "events": [
            {
              "introduced": "6.0.0"
            },
            {
              "fixed": "6.1.7.1"
            }
          ]
        }
      ]
    },
    {
      "package": {
        "ecosystem": "RubyGems",
        "name": "actionpack"
      },
      "ranges": [
        {
          "type": "ECOSYSTEM",
          "events": [
            {
              "introduced": "7.0.0"
            },
            {
              "fixed": "7.0.4.1"
            }
          ]
        }
      ]
    }
  ],
  "references": [
    {
      "type": "ADVISORY",
      "url": "https://nvd.nist.gov/vuln/detail/CVE-2023-22792"
    },
    {
      "type": "WEB",
      "url": "https://discuss.rubyonrails.org/t/cve-2023-22792-possible-redos-based-dos-vulnerability-in-action-dispatch/82115"
    },
    {
      "type": "PACKAGE",
      "url": "https://github.com/rails/rails"
    },
    {
      "type": "WEB",
      "url": "https://github.com/rails/rails/releases/tag/v7.0.4.1"
    },
    {
      "type": "WEB",
      "url": "https://github.com/rubysec/ruby-advisory-db/blob/master/gems/actionpack/CVE-2023-22792.yml"
    },
    {
      "type": "WEB",
      "url": "https://rubyonrails.org/2023/1/17/Rails-Versions-6-0-6-1-6-1-7-1-7-0-4-1-have-been-released"
    },
    {
      "type": "WEB",
      "url": "https://security.netapp.com/advisory/ntap-20240202-0007"
    },
    {
      "type": "WEB",
      "url": "https://www.debian.org/security/2023/dsa-5372"
    }
  ],
  "database_specific": {
    "cwe_ids": [
      "CWE-1333",
      "CWE-400"
    ],
    "severity": "LOW",
    "github_reviewed": true,
    "github_reviewed_at": "2023-01-18T18:23:34Z",
    "nvd_published_at": "2023-02-09T20:15:00Z"
  }
}