{
  "schema_version": "1.4.0",
  "id": "GHSA-m9w8-wxvp-c9gv",
  "modified": "2025-04-02T15:14:00Z",
  "published": "2025-04-01T00:30:34Z",
  "aliases": [
    "CVE-2025-31686"
  ],
  "summary": "Drupal Open Social Missing Authorization vulnerability",
  "details": "Missing Authorization vulnerability in Drupal Open Social allows Forceful Browsing. This issue affects Open Social: from 0.0.0 before 12.3.11, from 12.4.0 before 12.4.10.",
  "severity": [
    {
      "type": "CVSS_V4",
      "score": "CVSS:4.0/AV:N/AC:H/AT:N/PR:L/UI:N/VC:L/VI:N/VA:N/SC:N/SI:N/SA:N"
    }
  ],
  "affected": [
    {
      "package": {
        "ecosystem": "Packagist",
        "name": "goalgorilla/open_social"
      },
      "ranges": [
        {
          "type": "ECOSYSTEM",
          "events": [
            {
              "introduced": "0"
            },
            {
              "fixed": "12.3.11"
            }
          ]
        }
      ]
    },
    {
      "package": {
        "ecosystem": "Packagist",
        "name": "goalgorilla/open_social"
      },
      "ranges": [
        {
          "type": "ECOSYSTEM",
          "events": [
            {
              "introduced": "12.4.0"
            },
            {
              "fixed": "12.4.10"
            }
          ]
        }
      ]
    }
  ],
  "references": [
    {
      "type": "ADVISORY",
      "url": "https://nvd.nist.gov/vuln/detail/CVE-2025-31686"
    },
    {
      "type": "WEB",
      "url": "https://github.com/goalgorilla/open_social/commit/6830b1788616fc24fb3913ce88c5d997a363a5de"
    },
    {
      "type": "WEB",
      "url": "https://github.com/goalgorilla/open_social/commit/6fa5181901d4be3a64793f29c6ce0c9bd535a42f"
    },
    {
      "type": "PACKAGE",
      "url": "https://github.com/goalgorilla/open_social"
    },
    {
      "type": "WEB",
      "url": "https://www.drupal.org/sa-contrib-2025-015"
    }
  ],
  "database_specific": {
    "cwe_ids": [
      "CWE-862"
    ],
    "severity": "LOW",
    "github_reviewed": true,
    "github_reviewed_at": "2025-04-02T15:14:00Z",
    "nvd_published_at": "2025-03-31T22:15:21Z"
  }
}