{
  "schema_version": "1.4.0",
  "id": "GHSA-fv4g-gwpj-74gr",
  "modified": "2024-11-18T16:27:10Z",
  "published": "2024-09-05T16:40:41Z",
  "aliases": [
    "CVE-2024-45401"
  ],
  "summary": "Path traversal vulnerability in stripe-cli ",
  "details": "### Impact\nA vulnerability exists in stripe-cli versions 1.11.1 and higher where a plugin package containing a manifest with a malformed plugin shortname installed using the --archive-url or --archive-path flags can overwrite arbitrary files.\n\nThe update addresses the path traversal vulnerability by removing the ability to install plugins from an archive URL or path.\n\nThere has been no evidence of exploitation of this vulnerability.\n\n### Recommendation\nUpgrade to stripe-cli v1.21.3.\n\n### Acknowledgements\nThank you to [0xacb](https://hackerone.com/0xacb) and [bordiez](https://hackerone.com/bordiez) for reporting this vulnerability.\n\n### For more information\nEmail us at [security@stripe.com](mailto:security@stripe.com)",
  "severity": [
    {
      "type": "CVSS_V3",
      "score": "CVSS:3.1/AV:L/AC:H/PR:L/UI:R/S:C/C:H/I:H/A:H"
    },
    {
      "type": "CVSS_V4",
      "score": "CVSS:4.0/AV:L/AC:L/AT:P/PR:L/UI:P/VC:N/VI:N/VA:N/SC:H/SI:H/SA:H"
    }
  ],
  "affected": [
    {
      "package": {
        "ecosystem": "Go",
        "name": "github.com/stripe/stripe-cli"
      },
      "ranges": [
        {
          "type": "ECOSYSTEM",
          "events": [
            {
              "introduced": "1.11.1"
            },
            {
              "fixed": "1.21.3"
            }
          ]
        }
      ]
    }
  ],
  "references": [
    {
      "type": "WEB",
      "url": "https://github.com/stripe/stripe-cli/security/advisories/GHSA-fv4g-gwpj-74gr"
    },
    {
      "type": "ADVISORY",
      "url": "https://nvd.nist.gov/vuln/detail/CVE-2024-45401"
    },
    {
      "type": "PACKAGE",
      "url": "https://github.com/stripe/stripe-cli"
    }
  ],
  "database_specific": {
    "cwe_ids": [
      "CWE-22"
    ],
    "severity": "LOW",
    "github_reviewed": true,
    "github_reviewed_at": "2024-09-05T16:40:41Z",
    "nvd_published_at": "2024-09-05T18:15:06Z"
  }
}