{
  "schema_version": "1.4.0",
  "id": "GHSA-86qj-4h55-fvpw",
  "modified": "2023-12-07T21:47:18Z",
  "published": "2022-05-14T04:01:58Z",
  "aliases": [
    "CVE-2014-3801"
  ],
  "summary": "OpenStack Heat template URL information leakage",
  "details": "OpenStack Orchestration API (Heat) 2013.2 through 2013.2.3 and 2014.1, when creating the stack for a template using a provider template, allows remote authenticated users to obtain the provider template URL via the resource-type-list.",
  "severity": [],
  "affected": [
    {
      "package": {
        "ecosystem": "PyPI",
        "name": "openstack-heat"
      },
      "ranges": [
        {
          "type": "ECOSYSTEM",
          "events": [
            {
              "introduced": "0"
            },
            {
              "fixed": "5.0.0a0"
            }
          ]
        }
      ]
    }
  ],
  "references": [
    {
      "type": "ADVISORY",
      "url": "https://nvd.nist.gov/vuln/detail/CVE-2014-3801"
    },
    {
      "type": "WEB",
      "url": "https://bugs.launchpad.net/heat/+bug/1311223"
    },
    {
      "type": "PACKAGE",
      "url": "https://git.openstack.org/cgit/openstack/heat"
    },
    {
      "type": "WEB",
      "url": "https://git.openstack.org/cgit/openstack/heat/commit/?id=03dd894de4ad905dc170e358fad27d9c8ed62a73"
    },
    {
      "type": "WEB",
      "url": "https://git.openstack.org/cgit/openstack/heat/commit/?id=7e114a38712da8947ee7ad93eabda34f5e4aa65a"
    },
    {
      "type": "WEB",
      "url": "https://git.openstack.org/cgit/openstack/heat/commit/?id=a02ff20509171346d2a1d2a9df7c81aada134c52"
    },
    {
      "type": "WEB",
      "url": "https://web.archive.org/web/20200229061233/https://www.securityfocus.com/bid/67505"
    },
    {
      "type": "WEB",
      "url": "http://rhn.redhat.com/errata/RHSA-2014-1687.html"
    },
    {
      "type": "WEB",
      "url": "http://www.openwall.com/lists/oss-security/2014/05/20/1"
    },
    {
      "type": "WEB",
      "url": "http://www.openwall.com/lists/oss-security/2014/05/20/6"
    },
    {
      "type": "WEB",
      "url": "http://www.ubuntu.com/usn/USN-2249-1"
    }
  ],
  "database_specific": {
    "cwe_ids": [
      "CWE-200"
    ],
    "severity": "LOW",
    "github_reviewed": true,
    "github_reviewed_at": "2023-12-07T21:47:18Z",
    "nvd_published_at": "2014-05-23T14:55:00Z"
  }
}