{
  "schema_version": "1.4.0",
  "id": "GHSA-977x-g7h5-7qgw",
  "modified": "2024-08-15T17:53:05Z",
  "published": "2024-08-02T09:31:35Z",
  "aliases": [
    "CVE-2024-42460"
  ],
  "summary": "Elliptic's ECDSA missing check for whether leading bit of r and s is zero",
  "details": "In the Elliptic package 6.5.6 for Node.js, ECDSA signature malleability occurs because there is a missing check for whether the leading bit of r and s is zero.",
  "severity": [
    {
      "type": "CVSS_V3",
      "score": "CVSS:3.1/AV:N/AC:L/PR:N/UI:N/S:U/C:L/I:N/A:N"
    },
    {
      "type": "CVSS_V4",
      "score": "CVSS:4.0/AV:N/AC:L/AT:N/PR:N/UI:N/VC:L/VI:N/VA:N/SC:N/SI:N/SA:N/E:U"
    }
  ],
  "affected": [
    {
      "package": {
        "ecosystem": "npm",
        "name": "elliptic"
      },
      "ranges": [
        {
          "type": "ECOSYSTEM",
          "events": [
            {
              "introduced": "2.0.0"
            },
            {
              "fixed": "6.5.7"
            }
          ]
        }
      ],
      "database_specific": {
        "last_known_affected_version_range": "<= 6.5.6"
      }
    }
  ],
  "references": [
    {
      "type": "ADVISORY",
      "url": "https://nvd.nist.gov/vuln/detail/CVE-2024-42460"
    },
    {
      "type": "WEB",
      "url": "https://github.com/indutny/elliptic/pull/317"
    },
    {
      "type": "WEB",
      "url": "https://github.com/indutny/elliptic/commit/accb61e9c1a005e5c8ff96a8b33893100bb42d11"
    },
    {
      "type": "WEB",
      "url": "https://github.com/indutny/elliptic/commit/b6ff1758d9a6d1a7aec177ff6df9f586492a6315"
    },
    {
      "type": "PACKAGE",
      "url": "https://github.com/indutny/elliptic"
    }
  ],
  "database_specific": {
    "cwe_ids": [
      "CWE-130"
    ],
    "severity": "LOW",
    "github_reviewed": true,
    "github_reviewed_at": "2024-08-05T13:51:05Z",
    "nvd_published_at": "2024-08-02T07:16:10Z"
  }
}