{
  "schema_version": "1.4.0",
  "id": "GHSA-c33w-24p9-8m24",
  "modified": "2024-12-16T22:46:10Z",
  "published": "2023-04-03T06:30:19Z",
  "aliases": [
    "CVE-2023-26112"
  ],
  "summary": "configobj ReDoS exploitable by developer using values in a server-side configuration file",
  "details": "All versions of the package configobj are vulnerable to Regular Expression Denial of Service (ReDoS) via the validate function, using (.+?)\\((.*)\\). **Note:** This is only exploitable in the case of a developer, putting the offending value in a server side configuration file.",
  "severity": [
    {
      "type": "CVSS_V3",
      "score": "CVSS:3.1/AV:N/AC:H/PR:N/UI:N/S:U/C:N/I:N/A:L"
    }
  ],
  "affected": [
    {
      "package": {
        "ecosystem": "PyPI",
        "name": "configobj"
      },
      "ranges": [
        {
          "type": "ECOSYSTEM",
          "events": [
            {
              "introduced": "0"
            },
            {
              "fixed": "5.0.9"
            }
          ]
        }
      ]
    }
  ],
  "references": [
    {
      "type": "ADVISORY",
      "url": "https://nvd.nist.gov/vuln/detail/CVE-2023-26112"
    },
    {
      "type": "WEB",
      "url": "https://github.com/DiffSK/configobj/issues/232"
    },
    {
      "type": "WEB",
      "url": "https://github.com/DiffSK/configobj/commit/7c618b0bbaff6ecaca51a6f05b29795d1377a4a5"
    },
    {
      "type": "PACKAGE",
      "url": "https://github.com/DiffSK/configobj"
    },
    {
      "type": "WEB",
      "url": "https://lists.fedoraproject.org/archives/list/package-announce@lists.fedoraproject.org/message/6BO4RLMYEJODCNUE3DJIIUUFVTPAG6VN"
    },
    {
      "type": "WEB",
      "url": "https://lists.fedoraproject.org/archives/list/package-announce@lists.fedoraproject.org/message/NZHY7B33EFY4LESP2NI4APQUPRROTAZK"
    },
    {
      "type": "WEB",
      "url": "https://lists.fedoraproject.org/archives/list/package-announce@lists.fedoraproject.org/message/PYU4IHVLOTYMFPH7KDOJGKZQR4GKWPFK"
    },
    {
      "type": "WEB",
      "url": "https://pypi.org/project/configobj/5.0.9"
    },
    {
      "type": "WEB",
      "url": "https://security.snyk.io/vuln/SNYK-PYTHON-CONFIGOBJ-3252494"
    }
  ],
  "database_specific": {
    "cwe_ids": [
      "CWE-1333"
    ],
    "severity": "LOW",
    "github_reviewed": true,
    "github_reviewed_at": "2023-04-04T21:40:45Z",
    "nvd_published_at": "2023-04-03T05:15:00Z"
  }
}