{
  "schema_version": "1.4.0",
  "id": "GHSA-4fjc-fwj2-7xfg",
  "modified": "2023-01-14T05:25:05Z",
  "published": "2022-05-24T17:10:28Z",
  "aliases": [
    "CVE-2020-2149"
  ],
  "summary": "Credentials transmitted in plain text by Repository Connector Plugin",
  "details": "Repository Connector Plugin stores credentials in its global configuration file `org.jvnet.hudson.plugins.repositoryconnector.RepositoryConfiguration.xml` on the Jenkins controller as part of its configuration.\n\nWhile the credentials are stored encrypted on disk, they are transmitted in plain text as part of the configuration form by Repository Connector Plugin 1.2.6 and earlier. This can result in exposure of the credential through browser extensions, cross-site scripting vulnerabilities, and similar situations.",
  "severity": [
    {
      "type": "CVSS_V3",
      "score": "CVSS:3.1/AV:N/AC:H/PR:N/UI:R/S:U/C:L/I:N/A:N"
    }
  ],
  "affected": [
    {
      "package": {
        "ecosystem": "Maven",
        "name": "org.jenkins-ci.plugins:repository-connector"
      },
      "ranges": [
        {
          "type": "ECOSYSTEM",
          "events": [
            {
              "introduced": "0"
            },
            {
              "fixed": "2.0.0"
            }
          ]
        }
      ],
      "database_specific": {
        "last_known_affected_version_range": "<= 1.2.6"
      }
    }
  ],
  "references": [
    {
      "type": "ADVISORY",
      "url": "https://nvd.nist.gov/vuln/detail/CVE-2020-2149"
    },
    {
      "type": "PACKAGE",
      "url": "https://github.com/jenkinsci/repository-connector-plugin"
    },
    {
      "type": "WEB",
      "url": "https://jenkins.io/security/advisory/2020-03-09/#SECURITY-1520"
    },
    {
      "type": "WEB",
      "url": "http://www.openwall.com/lists/oss-security/2020/03/09/1"
    }
  ],
  "database_specific": {
    "cwe_ids": [
      "CWE-319"
    ],
    "severity": "LOW",
    "github_reviewed": true,
    "github_reviewed_at": "2023-01-14T05:25:05Z",
    "nvd_published_at": "2020-03-09T16:15:00Z"
  }
}