{
  "schema_version": "1.4.0",
  "id": "GHSA-xgqm-wp7w-mgg2",
  "modified": "2024-06-17T21:23:49Z",
  "published": "2024-06-14T09:31:17Z",
  "aliases": [
    "CVE-2024-36287"
  ],
  "summary": "Mattermost Desktop App allows for bypassing\u00a0TCC restrictions on macOS",
  "details": "Mattermost Desktop App versions <=5.7.0 fail to disable certain Electron debug flags which allows for bypassing\u00a0TCC restrictions on macOS.",
  "severity": [
    {
      "type": "CVSS_V3",
      "score": "CVSS:3.1/AV:L/AC:L/PR:L/UI:N/S:C/C:L/I:N/A:N"
    }
  ],
  "affected": [
    {
      "package": {
        "ecosystem": "npm",
        "name": "mattermost-desktop"
      },
      "ranges": [
        {
          "type": "ECOSYSTEM",
          "events": [
            {
              "introduced": "0"
            },
            {
              "fixed": "5.8.0"
            }
          ]
        }
      ]
    }
  ],
  "references": [
    {
      "type": "ADVISORY",
      "url": "https://nvd.nist.gov/vuln/detail/CVE-2024-36287"
    },
    {
      "type": "PACKAGE",
      "url": "https://github.com/mattermost/desktop"
    },
    {
      "type": "WEB",
      "url": "https://mattermost.com/security-updates"
    }
  ],
  "database_specific": {
    "cwe_ids": [
      "CWE-693"
    ],
    "severity": "LOW",
    "github_reviewed": true,
    "github_reviewed_at": "2024-06-17T21:23:49Z",
    "nvd_published_at": "2024-06-14T09:15:09Z"
  }
}