{
  "schema_version": "1.4.0",
  "id": "GHSA-h2wg-83fc-xvm9",
  "modified": "2023-03-27T22:10:46Z",
  "published": "2023-03-21T06:30:17Z",
  "aliases": [
    "CVE-2023-1541"
  ],
  "summary": "Answer vulnerable to Business Logic Errors",
  "details": "Business Logic Errors in GitHub repository answerdev/answer prior to 1.0.6.",
  "severity": [
    {
      "type": "CVSS_V3",
      "score": "CVSS:3.1/AV:N/AC:L/PR:H/UI:N/S:U/C:N/I:L/A:L"
    }
  ],
  "affected": [
    {
      "package": {
        "ecosystem": "Go",
        "name": "github.com/answerdev/answer"
      },
      "ranges": [
        {
          "type": "ECOSYSTEM",
          "events": [
            {
              "introduced": "0"
            },
            {
              "fixed": "1.0.6"
            }
          ]
        }
      ]
    }
  ],
  "references": [
    {
      "type": "ADVISORY",
      "url": "https://nvd.nist.gov/vuln/detail/CVE-2023-1541"
    },
    {
      "type": "WEB",
      "url": "https://github.com/answerdev/answer/commit/15390adbfcd5fd37af4661f992f8873ae5a6b840"
    },
    {
      "type": "PACKAGE",
      "url": "https://github.com/answerdev/answer"
    },
    {
      "type": "WEB",
      "url": "https://huntr.dev/bounties/8fd891c6-b04e-4dac-818f-9ea30861cd92"
    }
  ],
  "database_specific": {
    "cwe_ids": [],
    "severity": "LOW",
    "github_reviewed": true,
    "github_reviewed_at": "2023-03-21T22:32:42Z",
    "nvd_published_at": "2023-03-21T05:15:00Z"
  }
}