{
  "schema_version": "1.4.0",
  "id": "GHSA-q47p-v5rw-v574",
  "modified": "2024-07-26T16:13:25Z",
  "published": "2024-07-22T15:32:41Z",
  "aliases": [
    "CVE-2024-32152"
  ],
  "summary": "Ankitects Anki LaTeX Blocklist Bypass vulnerability",
  "details": "A blocklist bypass vulnerability exists in the LaTeX functionality of Ankitects Anki 24.04. A specially crafted malicious flashcard can lead to an arbitrary file creation at a fixed path. An attacker can share a malicious flashcard to trigger this vulnerability.",
  "severity": [
    {
      "type": "CVSS_V3",
      "score": "CVSS:3.1/AV:N/AC:H/PR:N/UI:R/S:U/C:N/I:L/A:N"
    },
    {
      "type": "CVSS_V4",
      "score": "CVSS:4.0/AV:N/AC:H/AT:N/PR:N/UI:P/VC:N/VI:L/VA:N/SC:N/SI:N/SA:N"
    }
  ],
  "affected": [
    {
      "package": {
        "ecosystem": "PyPI",
        "name": "anki"
      },
      "ranges": [
        {
          "type": "ECOSYSTEM",
          "events": [
            {
              "introduced": "0"
            },
            {
              "fixed": "24.6"
            }
          ]
        }
      ]
    }
  ],
  "references": [
    {
      "type": "ADVISORY",
      "url": "https://nvd.nist.gov/vuln/detail/CVE-2024-32152"
    },
    {
      "type": "WEB",
      "url": "https://github.com/ankitects/anki/pull/3218"
    },
    {
      "type": "WEB",
      "url": "https://github.com/ankitects/anki/commit/06f7aa393d21d7d5dd8039e15d543b73c3346932"
    },
    {
      "type": "PACKAGE",
      "url": "https://github.com/ankitects/anki"
    },
    {
      "type": "WEB",
      "url": "https://skerritt.blog/anki-0day"
    },
    {
      "type": "WEB",
      "url": "https://skii.dev/anki-0day"
    },
    {
      "type": "WEB",
      "url": "https://talosintelligence.com/vulnerability_reports/TALOS-2024-1994"
    }
  ],
  "database_specific": {
    "cwe_ids": [
      "CWE-184"
    ],
    "severity": "LOW",
    "github_reviewed": true,
    "github_reviewed_at": "2024-07-25T14:44:26Z",
    "nvd_published_at": "2024-07-22T15:15:03Z"
  }
}