{
  "schema_version": "1.4.0",
  "id": "GHSA-mqf3-qpc3-g26q",
  "modified": "2025-01-14T22:57:19Z",
  "published": "2025-01-14T22:19:06Z",
  "aliases": [],
  "summary": "Silverstripe Framework has a Reflected Cross Site Scripting (XSS) in error message",
  "details": "> [!IMPORTANT]\n> This vulnerability only affects sites which are in the \"dev\" environment mode. If your production website is in \"dev\" mode, it has been misconfigured, and you should immediately swap it to \"live\" mode.\n> See https://docs.silverstripe.org/en/developer_guides/debugging/environment_types/ for more information.\n\nIf a website has been set to the \"dev\" environment mode, a URL can be provided which includes an XSS payload which will be executed in the resulting error message.\n\n## References\n\n- https://www.silverstripe.org/download/security-releases/ss-2024-002\n\n## Reported by\n\nGaurav Nayak from [Chaleit](https://chaleit.com/)",
  "severity": [
    {
      "type": "CVSS_V3",
      "score": "CVSS:3.1/AV:N/AC:L/PR:N/UI:R/S:U/C:N/I:N/A:N"
    }
  ],
  "affected": [
    {
      "package": {
        "ecosystem": "Packagist",
        "name": "silverstripe/framework"
      },
      "ranges": [
        {
          "type": "ECOSYSTEM",
          "events": [
            {
              "introduced": "0"
            },
            {
              "fixed": "5.3.8"
            }
          ]
        }
      ]
    }
  ],
  "references": [
    {
      "type": "WEB",
      "url": "https://github.com/silverstripe/silverstripe-framework/security/advisories/GHSA-mqf3-qpc3-g26q"
    },
    {
      "type": "WEB",
      "url": "https://github.com/silverstripe/silverstripe-framework/commit/a555dad4ec73c929f6316bcb4019eb325a5b77d8"
    },
    {
      "type": "PACKAGE",
      "url": "https://github.com/silverstripe/silverstripe-framework"
    },
    {
      "type": "WEB",
      "url": "https://www.silverstripe.org/download/security-releases/ss-2024-002"
    }
  ],
  "database_specific": {
    "cwe_ids": [
      "CWE-79"
    ],
    "severity": "LOW",
    "github_reviewed": true,
    "github_reviewed_at": "2025-01-14T22:19:06Z",
    "nvd_published_at": null
  }
}