{
  "schema_version": "1.4.0",
  "id": "GHSA-8fxc-qm65-vpxg",
  "modified": "2021-06-03T21:08:32Z",
  "published": "2021-06-08T19:23:22Z",
  "aliases": [
    "CVE-2017-8761"
  ],
  "summary": "Temporary urls leaked via logging",
  "details": "In OpenStack Swift prior to 2.15.2, the proxy-server logs full tempurl paths, potentially leaking reusable tempurl signatures to anyone with read access to these logs. All Swift deployments using the tempurl middleware are affected.",
  "severity": [],
  "affected": [
    {
      "package": {
        "ecosystem": "PyPI",
        "name": "swift"
      },
      "ranges": [
        {
          "type": "ECOSYSTEM",
          "events": [
            {
              "introduced": "0"
            },
            {
              "fixed": "2.15.2"
            }
          ]
        }
      ]
    }
  ],
  "references": [
    {
      "type": "ADVISORY",
      "url": "https://nvd.nist.gov/vuln/detail/CVE-2017-8761"
    },
    {
      "type": "WEB",
      "url": "https://bugs.launchpad.net/swift/+bug/1685798/comments/18"
    },
    {
      "type": "WEB",
      "url": "https://launchpad.net/bugs/1685798"
    }
  ],
  "database_specific": {
    "cwe_ids": [
      "CWE-117",
      "CWE-200"
    ],
    "severity": "LOW",
    "github_reviewed": true,
    "github_reviewed_at": "2021-06-03T21:08:32Z",
    "nvd_published_at": "2021-06-02T14:15:00Z"
  }
}