{
  "schema_version": "1.4.0",
  "id": "GHSA-2r4x-667f-mpfh",
  "modified": "2025-03-20T18:30:50Z",
  "published": "2025-03-20T09:30:26Z",
  "aliases": [
    "CVE-2024-47552"
  ],
  "summary": "Apache Seata Vulnerable to Deserialization of Untrusted Data",
  "details": "Deserialization of Untrusted Data vulnerability in Apache Seata (incubating).\n\nThis issue affects Apache Seata (incubating): from 2.0.0 before 2.2.0.\n\nUsers are recommended to upgrade to version 2.2.0, which fixes the issue.",
  "severity": [
    {
      "type": "CVSS_V4",
      "score": "CVSS:4.0/AV:N/AC:L/AT:N/PR:N/UI:N/VC:L/VI:L/VA:N/SC:N/SI:N/SA:N/E:U"
    }
  ],
  "affected": [
    {
      "package": {
        "ecosystem": "Maven",
        "name": "org.apache.seata:seata-config-core"
      },
      "ranges": [
        {
          "type": "ECOSYSTEM",
          "events": [
            {
              "introduced": "2.0.0"
            },
            {
              "fixed": "2.2.0"
            }
          ]
        }
      ]
    }
  ],
  "references": [
    {
      "type": "ADVISORY",
      "url": "https://nvd.nist.gov/vuln/detail/CVE-2024-47552"
    },
    {
      "type": "WEB",
      "url": "https://github.com/apache/incubator-seata/commit/c0d2ac540b5579e909ae3240f112575313fcad34"
    },
    {
      "type": "PACKAGE",
      "url": "https://github.com/apache/incubator-seata"
    },
    {
      "type": "WEB",
      "url": "https://github.com/apache/incubator-seata/releases/tag/v2.2.0"
    },
    {
      "type": "WEB",
      "url": "https://lists.apache.org/thread/652o82vzk9qrtgksk55cfgpbvdgtkch0"
    },
    {
      "type": "WEB",
      "url": "http://www.openwall.com/lists/oss-security/2025/03/19/5"
    }
  ],
  "database_specific": {
    "cwe_ids": [
      "CWE-502"
    ],
    "severity": "LOW",
    "github_reviewed": true,
    "github_reviewed_at": "2025-03-20T18:24:23Z",
    "nvd_published_at": "2025-03-20T09:15:12Z"
  }
}