{
  "schema_version": "1.4.0",
  "id": "GHSA-q9hr-3pg4-3jp4",
  "modified": "2023-12-20T20:12:49Z",
  "published": "2022-05-13T01:30:05Z",
  "aliases": [
    "CVE-2015-5254"
  ],
  "summary": "Improper Input Validation in Apache ActiveMQ",
  "details": "Apache ActiveMQ 5.x before 5.13.0 does not restrict the classes that can be serialized in the broker, which allows remote attackers to execute arbitrary code via a crafted serialized Java Message Service (JMS) ObjectMessage object.",
  "severity": [
    {
      "type": "CVSS_V3",
      "score": "CVSS:3.0/AV:N/AC:L/PR:N/UI:N/S:U/C:H/I:H/A:H"
    }
  ],
  "affected": [
    {
      "package": {
        "ecosystem": "Maven",
        "name": "org.apache.activemq:activemq-client"
      },
      "ranges": [
        {
          "type": "ECOSYSTEM",
          "events": [
            {
              "introduced": "5.0.0"
            },
            {
              "fixed": "5.11.3"
            }
          ]
        }
      ]
    },
    {
      "package": {
        "ecosystem": "Maven",
        "name": "org.apache.activemq:activemq-client"
      },
      "ranges": [
        {
          "type": "ECOSYSTEM",
          "events": [
            {
              "introduced": "5.12.0"
            },
            {
              "fixed": "5.12.2"
            }
          ]
        }
      ]
    }
  ],
  "references": [
    {
      "type": "ADVISORY",
      "url": "https://nvd.nist.gov/vuln/detail/CVE-2015-5254"
    },
    {
      "type": "WEB",
      "url": "https://github.com/apache/activemq/commit/6f03921b31d9fefeddb0f4fa63150ed1f94a14b"
    },
    {
      "type": "WEB",
      "url": "https://github.com/apache/activemq/commit/73a0caf758f9e4916783a205c7e422b4db27905"
    },
    {
      "type": "WEB",
      "url": "https://github.com/apache/activemq/commit/7eb9b218b2705cf9273e30ee2da026e43b6dd4e"
    },
    {
      "type": "WEB",
      "url": "https://github.com/apache/activemq/commit/e7a4b53f799685e337972dd36ba0253c04bcc01"
    },
    {
      "type": "WEB",
      "url": "https://github.com/apache/activemq"
    },
    {
      "type": "WEB",
      "url": "https://h20566.www2.hpe.com/portal/site/hpsc/public/kb/docDisplay?docId=emr_na-c05385680"
    },
    {
      "type": "WEB",
      "url": "https://issues.apache.org/jira/browse/AMQ-6013"
    },
    {
      "type": "WEB",
      "url": "https://lists.apache.org/thread.html/a859563f05fbe7c31916b3178c2697165bd9bbf5a65d1cf62aef27d2@%3Ccommits.activemq.apache.org%3E"
    },
    {
      "type": "WEB",
      "url": "http://activemq.apache.org/security-advisories.data/CVE-2015-5254-announcement.txt"
    },
    {
      "type": "WEB",
      "url": "http://lists.fedoraproject.org/pipermail/package-announce/2015-December/174371.html"
    },
    {
      "type": "WEB",
      "url": "http://lists.fedoraproject.org/pipermail/package-announce/2015-December/174537.html"
    },
    {
      "type": "WEB",
      "url": "http://rhn.redhat.com/errata/RHSA-2016-0489.html"
    },
    {
      "type": "WEB",
      "url": "http://rhn.redhat.com/errata/RHSA-2016-2035.html"
    },
    {
      "type": "WEB",
      "url": "http://rhn.redhat.com/errata/RHSA-2016-2036.html"
    },
    {
      "type": "WEB",
      "url": "http://www.debian.org/security/2016/dsa-3524"
    },
    {
      "type": "WEB",
      "url": "http://www.openwall.com/lists/oss-security/2015/12/08/6"
    },
    {
      "type": "WEB",
      "url": "http://www.oracle.com/technetwork/security-advisory/cpujul2017-3236622.html"
    },
    {
      "type": "WEB",
      "url": "http://www.oracle.com/technetwork/security-advisory/cpuoct2017-3236626.html"
    }
  ],
  "database_specific": {
    "cwe_ids": [
      "CWE-20"
    ],
    "severity": "CRITICAL",
    "github_reviewed": true,
    "github_reviewed_at": "2022-07-06T20:11:33Z",
    "nvd_published_at": "2016-01-08T19:59:00Z"
  }
}