{
  "schema_version": "1.4.0",
  "id": "GHSA-wqg7-mx6p-2rw3",
  "modified": "2022-11-26T20:17:43Z",
  "published": "2022-11-23T09:30:24Z",
  "aliases": [
    "CVE-2022-45462"
  ],
  "summary": "Command injection in Apache DolphinScheduler Alert Plugins",
  "details": "Alarm instance management has command injection when there is a specific command configured. It is only for logged-in users. We recommend you upgrade to version 2.0.6 or higher.",
  "severity": [
    {
      "type": "CVSS_V3",
      "score": "CVSS:3.1/AV:N/AC:L/PR:N/UI:N/S:U/C:H/I:H/A:H"
    }
  ],
  "affected": [
    {
      "package": {
        "ecosystem": "Maven",
        "name": "org.apache.dolphinscheduler:dolphinscheduler-alert-plugins"
      },
      "ranges": [
        {
          "type": "ECOSYSTEM",
          "events": [
            {
              "introduced": "0"
            },
            {
              "fixed": "2.0.6"
            }
          ]
        }
      ]
    }
  ],
  "references": [
    {
      "type": "ADVISORY",
      "url": "https://nvd.nist.gov/vuln/detail/CVE-2022-45462"
    },
    {
      "type": "WEB",
      "url": "https://github.com/apache/dolphinscheduler/pull/10744"
    },
    {
      "type": "WEB",
      "url": "https://github.com/apache/dolphinscheduler/pull/9834"
    },
    {
      "type": "PACKAGE",
      "url": "https://github.com/apache/dolphinscheduler"
    },
    {
      "type": "WEB",
      "url": "https://lists.apache.org/thread/2f126y32bf1v3mvxkdgt2jr5j3l1t01w"
    },
    {
      "type": "WEB",
      "url": "http://www.openwall.com/lists/oss-security/2022/11/23/1"
    }
  ],
  "database_specific": {
    "cwe_ids": [
      "CWE-77"
    ],
    "severity": "CRITICAL",
    "github_reviewed": true,
    "github_reviewed_at": "2022-11-23T22:19:42Z",
    "nvd_published_at": "2022-11-23T09:15:00Z"
  }
}