{
  "schema_version": "1.4.0",
  "id": "GHSA-43fw-536j-w37j",
  "modified": "2023-10-25T16:57:42Z",
  "published": "2023-10-19T18:30:30Z",
  "aliases": [
    "CVE-2023-45278"
  ],
  "summary": "Yamcs API Directory Traversal vulnerability",
  "details": "Directory Traversal vulnerability in the storage functionality of the API in Yamcs 5.8.6 allows attackers to delete arbitrary files via crafted HTTP DELETE request.",
  "severity": [
    {
      "type": "CVSS_V3",
      "score": "CVSS:3.1/AV:N/AC:L/PR:N/UI:N/S:U/C:N/I:H/A:H"
    }
  ],
  "affected": [
    {
      "package": {
        "ecosystem": "Maven",
        "name": "org.yamcs:yamcs"
      },
      "ranges": [
        {
          "type": "ECOSYSTEM",
          "events": [
            {
              "introduced": "0"
            },
            {
              "fixed": "5.8.7"
            }
          ]
        }
      ]
    }
  ],
  "references": [
    {
      "type": "ADVISORY",
      "url": "https://nvd.nist.gov/vuln/detail/CVE-2023-45278"
    },
    {
      "type": "PACKAGE",
      "url": "https://github.com/yamcs/yamcs"
    },
    {
      "type": "WEB",
      "url": "https://github.com/yamcs/yamcs/compare/yamcs-5.8.6...yamcs-5.8.7"
    },
    {
      "type": "WEB",
      "url": "https://www.linkedin.com/pulse/yamcs-vulnerability-assessment-visionspace-technologies"
    }
  ],
  "database_specific": {
    "cwe_ids": [
      "CWE-22"
    ],
    "severity": "CRITICAL",
    "github_reviewed": true,
    "github_reviewed_at": "2023-10-19T20:03:18Z",
    "nvd_published_at": "2023-10-19T17:15:10Z"
  }
}