{
  "schema_version": "1.4.0",
  "id": "GHSA-7h43-gx24-p529",
  "modified": "2021-04-19T22:36:51Z",
  "published": "2021-05-10T19:17:05Z",
  "aliases": [
    "CVE-2020-7770"
  ],
  "summary": "Prototype pollution in json8",
  "details": "This affects the package json8 before 1.0.3. The function adds in the target object the property specified in the path, however it does not properly check the key being set, leading to a prototype pollution.",
  "severity": [
    {
      "type": "CVSS_V3",
      "score": "CVSS:3.1/AV:N/AC:L/PR:N/UI:N/S:U/C:H/I:H/A:H"
    }
  ],
  "affected": [
    {
      "package": {
        "ecosystem": "npm",
        "name": "json8"
      },
      "ranges": [
        {
          "type": "ECOSYSTEM",
          "events": [
            {
              "introduced": "0"
            },
            {
              "fixed": "1.0.3"
            }
          ]
        }
      ]
    }
  ],
  "references": [
    {
      "type": "ADVISORY",
      "url": "https://nvd.nist.gov/vuln/detail/CVE-2020-7770"
    },
    {
      "type": "WEB",
      "url": "https://github.com/sonnyp/JSON8/commit/2e890261b66cbc54ae01d0c79c71b0fd18379e7e"
    },
    {
      "type": "WEB",
      "url": "https://snyk.io/vuln/SNYK-JS-JSON8-1017116"
    },
    {
      "type": "WEB",
      "url": "https://www.npmjs.com/package/json8"
    }
  ],
  "database_specific": {
    "cwe_ids": [
      "CWE-1321"
    ],
    "severity": "CRITICAL",
    "github_reviewed": true,
    "github_reviewed_at": "2021-04-19T22:36:51Z",
    "nvd_published_at": "2020-11-12T11:15:00Z"
  }
}