{
  "schema_version": "1.4.0",
  "id": "GHSA-6j63-35hj-vmcg",
  "modified": "2023-08-25T21:32:56Z",
  "published": "2018-10-30T20:34:06Z",
  "aliases": [
    "CVE-2018-18476"
  ],
  "summary": "mysql-bunuuid-rails vulnerable to SQL injection",
  "details": "mysql-binuuid-rails 1.1.0 and earlier allows SQL Injection because it removes default string escaping for affected database columns.",
  "severity": [
    {
      "type": "CVSS_V3",
      "score": "CVSS:3.0/AV:N/AC:L/PR:N/UI:N/S:U/C:H/I:H/A:H"
    }
  ],
  "affected": [
    {
      "package": {
        "ecosystem": "RubyGems",
        "name": "mysql-binuuid-rails"
      },
      "ranges": [
        {
          "type": "ECOSYSTEM",
          "events": [
            {
              "introduced": "0"
            },
            {
              "fixed": "1.1.1"
            }
          ]
        }
      ]
    }
  ],
  "references": [
    {
      "type": "ADVISORY",
      "url": "https://nvd.nist.gov/vuln/detail/CVE-2018-18476"
    },
    {
      "type": "WEB",
      "url": "https://github.com/nedap/mysql-binuuid-rails/pull/18"
    },
    {
      "type": "WEB",
      "url": "https://github.com/nedap/mysql-binuuid-rails/commit/9ae920951b46ff0163b16c55d744e89acb1036d4"
    },
    {
      "type": "WEB",
      "url": "https://gist.github.com/viraptor/881276ea61e8d56bac6e28454c79f1e6"
    },
    {
      "type": "PACKAGE",
      "url": "https://github.com/nedap/mysql-binuuid-rails"
    },
    {
      "type": "WEB",
      "url": "https://github.com/rubysec/ruby-advisory-db/blob/master/gems/mysql-binuuid-rails/CVE-2018-18476.yml"
    }
  ],
  "database_specific": {
    "cwe_ids": [
      "CWE-89"
    ],
    "severity": "CRITICAL",
    "github_reviewed": true,
    "github_reviewed_at": "2020-06-16T21:19:25Z",
    "nvd_published_at": null
  }
}