{
  "schema_version": "1.4.0",
  "id": "GHSA-6pqx-v9g4-5hc8",
  "modified": "2023-12-07T22:53:58Z",
  "published": "2023-12-02T00:31:05Z",
  "aliases": [
    "CVE-2023-48887"
  ],
  "summary": "Jupiter allows attackers to execute arbitrary commands via sending a crafted RPC request",
  "details": "A deserialization vulnerability in Jupiter v1.3.1 allows attackers to execute arbitrary commands via sending a crafted RPC request. ",
  "severity": [
    {
      "type": "CVSS_V3",
      "score": "CVSS:3.1/AV:N/AC:L/PR:N/UI:N/S:U/C:H/I:H/A:H"
    }
  ],
  "affected": [
    {
      "package": {
        "ecosystem": "Maven",
        "name": "org.jupiter-rpc:jupiter-rpc"
      },
      "ranges": [
        {
          "type": "ECOSYSTEM",
          "events": [
            {
              "introduced": "0"
            },
            {
              "last_affected": "1.3.1"
            }
          ]
        }
      ]
    }
  ],
  "references": [
    {
      "type": "ADVISORY",
      "url": "https://nvd.nist.gov/vuln/detail/CVE-2023-48887"
    },
    {
      "type": "WEB",
      "url": "https://github.com/fengjiachun/Jupiter/issues/115"
    },
    {
      "type": "PACKAGE",
      "url": "https://github.com/fengjiachun/Jupiter"
    },
    {
      "type": "WEB",
      "url": "https://github.com/welk1n/JNDI-Injection-Exploit/releases/tag/v1.0"
    }
  ],
  "database_specific": {
    "cwe_ids": [
      "CWE-502",
      "CWE-94"
    ],
    "severity": "CRITICAL",
    "github_reviewed": true,
    "github_reviewed_at": "2023-12-04T23:13:37Z",
    "nvd_published_at": "2023-12-01T23:15:07Z"
  }
}