{
  "schema_version": "1.4.0",
  "id": "GHSA-2w8g-m5j8-7m87",
  "modified": "2022-01-10T21:37:04Z",
  "published": "2022-01-12T21:45:59Z",
  "aliases": [],
  "summary": "Zalgo-like output that crashes the server",
  "details": "### Impact\n_What kind of vulnerability is it? Who is impacted?_\n\n[`colors`](https://npmjs.com/package/colors) package caused zalgo-like output (see https://github.com/soketi/soketi/issues/276, https://github.com/Marak/colors.js/issues/289), breaking the servers.\n\n**Only NPM users that recently upgraded or installed the NPM package are affected.**\n\nDocker users seem to not be affected as the dependencies were bundled at the time of the build, which were tested.\n\n### Patches\n_Has the problem been patched? What versions should users upgrade to?_\n\nLatest patch. `0.26.1` to be exact at the time of writing.\n\n### Workarounds\n_Is there a way for users to fix or remediate the vulnerability without upgrading?_\n\nYou cannot get around this as it's related to dependencies.\n\n### References\n_Are there any links users can visit to find out more?_\n\n- https://github.com/Marak/colors.js/issues/289\n\n### For more information\nIf you have any questions or comments about this advisory:\n* Open an issue in [the issues board](https://github.com/soketi/soketi/issues)\n* Email us at [alex@renoki.org](mailto:alex@renoki.org)\n",
  "severity": [],
  "affected": [
    {
      "package": {
        "ecosystem": "npm",
        "name": "@soketi/soketi"
      },
      "ranges": [
        {
          "type": "ECOSYSTEM",
          "events": [
            {
              "introduced": "0"
            },
            {
              "fixed": "0.26.1"
            }
          ]
        }
      ]
    }
  ],
  "references": [
    {
      "type": "WEB",
      "url": "https://github.com/soketi/soketi/security/advisories/GHSA-2w8g-m5j8-7m87"
    }
  ],
  "database_specific": {
    "cwe_ids": [],
    "severity": "CRITICAL",
    "github_reviewed": true,
    "github_reviewed_at": "2022-01-10T21:37:04Z",
    "nvd_published_at": null
  }
}