{
  "schema_version": "1.4.0",
  "id": "GHSA-pvm9-288c-v5wq",
  "modified": "2023-12-28T21:28:11Z",
  "published": "2022-05-17T03:42:18Z",
  "aliases": [
    "CVE-2016-3082"
  ],
  "summary": "Remote Code Execution in Apache Struts",
  "details": "XSLTResult allows for the location of a stylesheet being passed as a request parameter. In some circumstances this can be used to inject remotely executable code.",
  "severity": [
    {
      "type": "CVSS_V3",
      "score": "CVSS:3.0/AV:N/AC:L/PR:N/UI:N/S:U/C:H/I:H/A:H"
    }
  ],
  "affected": [
    {
      "package": {
        "ecosystem": "Maven",
        "name": "org.apache.struts:struts2-core"
      },
      "ranges": [
        {
          "type": "ECOSYSTEM",
          "events": [
            {
              "introduced": "0"
            },
            {
              "fixed": "2.3.20.3"
            }
          ]
        }
      ]
    },
    {
      "package": {
        "ecosystem": "Maven",
        "name": "org.apache.struts:struts2-core"
      },
      "ranges": [
        {
          "type": "ECOSYSTEM",
          "events": [
            {
              "introduced": "2.3.24"
            },
            {
              "fixed": "2.3.24.3"
            }
          ]
        }
      ]
    },
    {
      "package": {
        "ecosystem": "Maven",
        "name": "org.apache.struts:struts2-core"
      },
      "ranges": [
        {
          "type": "ECOSYSTEM",
          "events": [
            {
              "introduced": "2.3.28"
            },
            {
              "fixed": "2.3.28.1"
            }
          ]
        }
      ]
    }
  ],
  "references": [
    {
      "type": "ADVISORY",
      "url": "https://nvd.nist.gov/vuln/detail/CVE-2016-3082"
    },
    {
      "type": "PACKAGE",
      "url": "https://github.com/apache/struts"
    },
    {
      "type": "WEB",
      "url": "http://struts.apache.org/docs/s2-031.html"
    }
  ],
  "database_specific": {
    "cwe_ids": [
      "CWE-20"
    ],
    "severity": "CRITICAL",
    "github_reviewed": true,
    "github_reviewed_at": "2022-11-03T23:37:06Z",
    "nvd_published_at": "2016-04-26T14:59:00Z"
  }
}