{
  "schema_version": "1.4.0",
  "id": "GHSA-9mwf-mw74-9cv5",
  "modified": "2023-03-06T19:37:46Z",
  "published": "2023-02-24T12:31:20Z",
  "aliases": [
    "CVE-2023-25696"
  ],
  "summary": "Apache Airflow Hive Provider Improper Input Validation vulnerability",
  "details": "Improper Input Validation vulnerability in the Apache Airflow Hive Provider. This issue affects Apache Airflow Hive Provider versions before 5.1.3.",
  "severity": [
    {
      "type": "CVSS_V3",
      "score": "CVSS:3.1/AV:N/AC:L/PR:N/UI:N/S:U/C:H/I:H/A:H"
    }
  ],
  "affected": [
    {
      "package": {
        "ecosystem": "PyPI",
        "name": "apache-airflow-providers-apache-hive"
      },
      "ranges": [
        {
          "type": "ECOSYSTEM",
          "events": [
            {
              "introduced": "0"
            },
            {
              "fixed": "5.1.3"
            }
          ]
        }
      ]
    }
  ],
  "references": [
    {
      "type": "ADVISORY",
      "url": "https://nvd.nist.gov/vuln/detail/CVE-2023-25696"
    },
    {
      "type": "WEB",
      "url": "https://github.com/apache/airflow/pull/29502"
    },
    {
      "type": "PACKAGE",
      "url": "https://github.com/apache/airflow"
    },
    {
      "type": "WEB",
      "url": "https://lists.apache.org/thread/99g0qm56wmgdxmbtdsvhj4rdnxhpzpml"
    }
  ],
  "database_specific": {
    "cwe_ids": [
      "CWE-20"
    ],
    "severity": "CRITICAL",
    "github_reviewed": true,
    "github_reviewed_at": "2023-02-24T16:25:28Z",
    "nvd_published_at": "2023-02-24T12:15:00Z"
  }
}