{
  "schema_version": "1.4.0",
  "id": "GHSA-6q48-vjq2-mwcj",
  "modified": "2021-07-28T22:37:17Z",
  "published": "2020-06-10T20:28:03Z",
  "aliases": [
    "CVE-2020-7628"
  ],
  "summary": "Command Injection in umount",
  "details": "All versions of `umount ` are vulnerable to Command Injection. The package fails to sanitize input rules and passes it directly to an `exec` call on the `umount` function . This may allow attackers to execute arbitrary code in the system if the `device` value passed to the function is user-controlled.\n\n\n## Recommendation\n\nNo fix is currently available. Consider using an alternative package until a fix is made available.",
  "severity": [
    {
      "type": "CVSS_V3",
      "score": "CVSS:3.1/AV:N/AC:L/PR:N/UI:N/S:U/C:H/I:H/A:H"
    }
  ],
  "affected": [
    {
      "package": {
        "ecosystem": "npm",
        "name": "umount"
      },
      "ranges": [
        {
          "type": "ECOSYSTEM",
          "events": [
            {
              "introduced": "0"
            },
            {
              "last_affected": "1.1.6"
            }
          ]
        }
      ]
    }
  ],
  "references": [
    {
      "type": "ADVISORY",
      "url": "https://nvd.nist.gov/vuln/detail/CVE-2020-7628"
    },
    {
      "type": "WEB",
      "url": "https://snyk.io/vuln/SNYK-JS-UMOUNT-564265"
    },
    {
      "type": "WEB",
      "url": "https://www.npmjs.com/advisories/1512"
    }
  ],
  "database_specific": {
    "cwe_ids": [
      "CWE-78"
    ],
    "severity": "CRITICAL",
    "github_reviewed": true,
    "github_reviewed_at": "2020-06-10T20:24:03Z",
    "nvd_published_at": "2020-04-02T22:15:00Z"
  }
}