{
  "schema_version": "1.4.0",
  "id": "GHSA-vp8g-53fw-r9f2",
  "modified": "2021-09-24T17:28:16Z",
  "published": "2020-09-01T19:54:44Z",
  "aliases": [],
  "summary": "Malicious Package in dynamo-schema",
  "details": "Version 0.0.3 of `dynamo-schema` contained malicious code. The code when executed in the browser would enumerate password, cvc, cardnumber fields from forms and send the extracted values to `https://js-metrics.com/minjs.php?pl=`\n\n\n\n## Recommendation\n\nIf version 0.0.3 of this module is found installed you will want to replace it with a version before or after 0.0.3. In addition to replacing the installed module, you will also want to evaluate your application to determine whether or not user data was compromised.",
  "severity": [
    {
      "type": "CVSS_V3",
      "score": "CVSS:3.1/AV:N/AC:L/PR:N/UI:N/S:U/C:H/I:H/A:H"
    }
  ],
  "affected": [
    {
      "package": {
        "ecosystem": "npm",
        "name": "dynamo-schema"
      },
      "versions": [
        "0.0.3"
      ]
    }
  ],
  "references": [
    {
      "type": "PACKAGE",
      "url": "https://github.com/andrewjstone/dynamo-schema"
    },
    {
      "type": "WEB",
      "url": "https://snyk.io/vuln/SNYK-JS-DYNAMOSCHEMA-450992"
    },
    {
      "type": "WEB",
      "url": "https://www.npmjs.com/advisories/626"
    }
  ],
  "database_specific": {
    "cwe_ids": [
      "CWE-506"
    ],
    "severity": "CRITICAL",
    "github_reviewed": true,
    "github_reviewed_at": "2020-08-31T18:30:24Z",
    "nvd_published_at": null
  }
}