{
  "schema_version": "1.4.0",
  "id": "GHSA-c5hm-xc74-pqrg",
  "modified": "2021-07-28T21:54:19Z",
  "published": "2022-02-10T23:37:22Z",
  "aliases": [
    "CVE-2020-7623"
  ],
  "summary": "OS Command Injection in jscover",
  "details": "jscover through 1.0.0 is vulnerable to Command Injection. It allows execution of arbitrary command via the source argument.",
  "severity": [
    {
      "type": "CVSS_V3",
      "score": "CVSS:3.1/AV:N/AC:L/PR:N/UI:N/S:U/C:H/I:H/A:H"
    }
  ],
  "affected": [
    {
      "package": {
        "ecosystem": "npm",
        "name": "jscover"
      },
      "ranges": [
        {
          "type": "ECOSYSTEM",
          "events": [
            {
              "introduced": "0"
            },
            {
              "last_affected": "1.0.0"
            }
          ]
        }
      ]
    }
  ],
  "references": [
    {
      "type": "ADVISORY",
      "url": "https://nvd.nist.gov/vuln/detail/CVE-2020-7623"
    },
    {
      "type": "WEB",
      "url": "https://github.com/node-modules/jscover/blob/master/lib/jscover.js#L59,"
    },
    {
      "type": "WEB",
      "url": "https://snyk.io/vuln/SNYK-JS-JSCOVER-564250"
    }
  ],
  "database_specific": {
    "cwe_ids": [
      "CWE-78"
    ],
    "severity": "CRITICAL",
    "github_reviewed": true,
    "github_reviewed_at": "2021-05-18T15:08:07Z",
    "nvd_published_at": "2020-04-02T21:15:00Z"
  }
}