{
  "schema_version": "1.4.0",
  "id": "GHSA-vq59-x6mq-4wgw",
  "modified": "2024-04-25T23:13:40Z",
  "published": "2022-05-24T16:49:47Z",
  "aliases": [
    "CVE-2019-11512"
  ],
  "summary": "Contao SQL injection in the file manager",
  "details": "David Wind, penetration tester with A1 Digital, has discovered that the SQL injection vulnerability originally published under CVE-2017-16558 can still be exploited in the file manager in Contao 4. ",
  "severity": [
    {
      "type": "CVSS_V3",
      "score": "CVSS:3.0/AV:N/AC:L/PR:N/UI:N/S:U/C:H/I:H/A:H"
    }
  ],
  "affected": [
    {
      "package": {
        "ecosystem": "Packagist",
        "name": "contao/contao"
      },
      "ranges": [
        {
          "type": "ECOSYSTEM",
          "events": [
            {
              "introduced": "4.1.0"
            },
            {
              "fixed": "4.4.39"
            }
          ]
        }
      ]
    },
    {
      "package": {
        "ecosystem": "Packagist",
        "name": "contao/contao"
      },
      "ranges": [
        {
          "type": "ECOSYSTEM",
          "events": [
            {
              "introduced": "4.5.0"
            },
            {
              "fixed": "4.7.5"
            }
          ]
        }
      ]
    },
    {
      "package": {
        "ecosystem": "Packagist",
        "name": "contao/core-bundle"
      },
      "ranges": [
        {
          "type": "ECOSYSTEM",
          "events": [
            {
              "introduced": "4.1.0"
            },
            {
              "fixed": "4.4.39"
            }
          ]
        }
      ]
    },
    {
      "package": {
        "ecosystem": "Packagist",
        "name": "contao/core-bundle"
      },
      "ranges": [
        {
          "type": "ECOSYSTEM",
          "events": [
            {
              "introduced": "4.5.0"
            },
            {
              "fixed": "4.7.5"
            }
          ]
        }
      ]
    }
  ],
  "references": [
    {
      "type": "ADVISORY",
      "url": "https://nvd.nist.gov/vuln/detail/CVE-2019-11512"
    },
    {
      "type": "WEB",
      "url": "https://github.com/contao/contao/commit/87d92f823b08b91a0aeb522284537c8afcdb8aba"
    },
    {
      "type": "WEB",
      "url": "https://contao.org/en/news/security-vulnerability-cve-2019-11512.html"
    },
    {
      "type": "WEB",
      "url": "https://github.com/FriendsOfPHP/security-advisories/blob/master/contao/contao/CVE-2019-11512.yaml"
    },
    {
      "type": "WEB",
      "url": "https://github.com/FriendsOfPHP/security-advisories/blob/master/contao/core-bundle/CVE-2019-11512.yaml"
    }
  ],
  "database_specific": {
    "cwe_ids": [
      "CWE-89"
    ],
    "severity": "CRITICAL",
    "github_reviewed": true,
    "github_reviewed_at": "2024-04-25T23:13:39Z",
    "nvd_published_at": "2019-07-09T21:15:00Z"
  }
}