{
  "schema_version": "1.4.0",
  "id": "GHSA-wjqc-j537-j9gj",
  "modified": "2022-08-30T17:34:55Z",
  "published": "2021-12-08T00:01:44Z",
  "aliases": [
    "CVE-2021-44685"
  ],
  "summary": "Command injection in git-it-electron",
  "details": "Git-it through 4.4.0 allows OS command injection at the Branches Aren't Just For Birds challenge step. During the verification process, it attempts to run the reflog command followed by the current branch name (which is not sanitized for execution).",
  "severity": [
    {
      "type": "CVSS_V3",
      "score": "CVSS:3.1/AV:N/AC:L/PR:N/UI:N/S:U/C:H/I:H/A:H"
    }
  ],
  "affected": [
    {
      "package": {
        "ecosystem": "npm",
        "name": "git-it-electron"
      },
      "ranges": [
        {
          "type": "ECOSYSTEM",
          "events": [
            {
              "introduced": "0"
            },
            {
              "last_affected": "4.3.0"
            }
          ]
        }
      ]
    }
  ],
  "references": [
    {
      "type": "ADVISORY",
      "url": "https://nvd.nist.gov/vuln/detail/CVE-2021-44685"
    },
    {
      "type": "WEB",
      "url": "https://github.com/dwisiswant0/advisory/issues/3"
    },
    {
      "type": "WEB",
      "url": "https://advisory.dw1.io/3"
    },
    {
      "type": "PACKAGE",
      "url": "https://github.com/jlord/git-it-electron"
    },
    {
      "type": "WEB",
      "url": "https://github.com/jlord/git-it-electron/releases"
    }
  ],
  "database_specific": {
    "cwe_ids": [
      "CWE-78"
    ],
    "severity": "CRITICAL",
    "github_reviewed": true,
    "github_reviewed_at": "2021-12-09T17:57:55Z",
    "nvd_published_at": "2021-12-07T00:15:00Z"
  }
}