{
  "schema_version": "1.4.0",
  "id": "GHSA-4qw8-pgpr-p9mq",
  "modified": "2023-11-27T21:44:31Z",
  "published": "2021-09-07T22:56:43Z",
  "aliases": [
    "CVE-2019-10095"
  ],
  "summary": "Bash command injection in Apache Zeppelin",
  "details": "bash command injection vulnerability in Apache Zeppelin allows an attacker to inject system commands into Spark interpreter settings. This issue affects Apache Zeppelin Apache Zeppelin version 0.9.0 and prior versions.",
  "severity": [
    {
      "type": "CVSS_V3",
      "score": "CVSS:3.1/AV:N/AC:L/PR:N/UI:N/S:U/C:H/I:H/A:H"
    }
  ],
  "affected": [
    {
      "package": {
        "ecosystem": "Maven",
        "name": "org.apache.zeppelin:zeppelin"
      },
      "ranges": [
        {
          "type": "ECOSYSTEM",
          "events": [
            {
              "introduced": "0"
            },
            {
              "fixed": "0.10.0"
            }
          ]
        }
      ]
    }
  ],
  "references": [
    {
      "type": "ADVISORY",
      "url": "https://nvd.nist.gov/vuln/detail/CVE-2019-10095"
    },
    {
      "type": "PACKAGE",
      "url": "https://github.com/apache/zeppelin"
    },
    {
      "type": "WEB",
      "url": "https://lists.apache.org/thread.html/rd56389ba9cab30a6c976b9a4a6df0f85cbe8fba6a60a3cf6e3ba716b%40%3Cusers.zeppelin.apache.org%3E"
    },
    {
      "type": "WEB",
      "url": "https://lists.apache.org/thread.html/rd56389ba9cab30a6c976b9a4a6df0f85cbe8fba6a60a3cf6e3ba716b@%3Cusers.zeppelin.apache.org%3E"
    },
    {
      "type": "WEB",
      "url": "https://lists.apache.org/thread.html/rdf06e8423833b3daadc30c56a2ff47c48920864d5199476daa897208%40%3Cannounce.apache.org%3E"
    },
    {
      "type": "WEB",
      "url": "https://lists.apache.org/thread.html/rdf06e8423833b3daadc30c56a2ff47c48920864d5199476daa897208%40%3Cusers.zeppelin.apache.org%3E"
    },
    {
      "type": "WEB",
      "url": "https://lists.apache.org/thread.html/rdf06e8423833b3daadc30c56a2ff47c48920864d5199476daa897208@%3Cannounce.apache.org%3E"
    },
    {
      "type": "WEB",
      "url": "https://lists.apache.org/thread.html/rdf06e8423833b3daadc30c56a2ff47c48920864d5199476daa897208@%3Cusers.zeppelin.apache.org%3E"
    },
    {
      "type": "WEB",
      "url": "https://security.gentoo.org/glsa/202311-04"
    },
    {
      "type": "WEB",
      "url": "http://www.openwall.com/lists/oss-security/2021/09/02/1"
    }
  ],
  "database_specific": {
    "cwe_ids": [
      "CWE-77",
      "CWE-78"
    ],
    "severity": "CRITICAL",
    "github_reviewed": true,
    "github_reviewed_at": "2021-09-03T20:16:11Z",
    "nvd_published_at": "2021-09-02T17:15:00Z"
  }
}