{
  "schema_version": "1.4.0",
  "id": "GHSA-vcm7-88jx-3r39",
  "modified": "2024-04-24T23:02:30Z",
  "published": "2022-05-14T02:03:04Z",
  "aliases": [
    "CVE-2018-16385"
  ],
  "summary": "ThinkPHP SQL Injection vulnerability",
  "details": "ThinkPHP before 5.1.23 allows SQL Injection via the `public/index/index/test/index` query string.",
  "severity": [
    {
      "type": "CVSS_V3",
      "score": "CVSS:3.0/AV:N/AC:L/PR:N/UI:N/S:U/C:H/I:H/A:H"
    }
  ],
  "affected": [
    {
      "package": {
        "ecosystem": "Packagist",
        "name": "topthink/framework"
      },
      "ranges": [
        {
          "type": "ECOSYSTEM",
          "events": [
            {
              "introduced": "0"
            },
            {
              "fixed": "5.1.23"
            }
          ]
        }
      ]
    }
  ],
  "references": [
    {
      "type": "ADVISORY",
      "url": "https://nvd.nist.gov/vuln/detail/CVE-2018-16385"
    },
    {
      "type": "WEB",
      "url": "https://github.com/top-think/framework/issues/1375"
    },
    {
      "type": "WEB",
      "url": "https://exchange.xforce.ibmcloud.com/vulnerabilities/149288"
    },
    {
      "type": "PACKAGE",
      "url": "https://github.com/top-think/framework"
    }
  ],
  "database_specific": {
    "cwe_ids": [
      "CWE-89"
    ],
    "severity": "CRITICAL",
    "github_reviewed": true,
    "github_reviewed_at": "2024-04-24T23:02:30Z",
    "nvd_published_at": "2018-09-03T02:29:00Z"
  }
}