{
  "schema_version": "1.4.0",
  "id": "GHSA-x24g-9w7v-vprh",
  "modified": "2022-08-11T19:31:17Z",
  "published": "2022-05-26T00:01:27Z",
  "aliases": [
    "CVE-2022-26945"
  ],
  "summary": "HashiCorp go-getter command injection",
  "details": "HashiCorp go-getter before 2.0.2 allows Command Injection.",
  "severity": [
    {
      "type": "CVSS_V3",
      "score": "CVSS:3.1/AV:N/AC:L/PR:N/UI:N/S:U/C:H/I:H/A:H"
    }
  ],
  "affected": [
    {
      "package": {
        "ecosystem": "Go",
        "name": "github.com/hashicorp/go-getter"
      },
      "ranges": [
        {
          "type": "ECOSYSTEM",
          "events": [
            {
              "introduced": "0"
            },
            {
              "fixed": "1.6.1"
            }
          ]
        }
      ]
    },
    {
      "package": {
        "ecosystem": "Go",
        "name": "github.com/hashicorp/go-getter"
      },
      "ranges": [
        {
          "type": "ECOSYSTEM",
          "events": [
            {
              "introduced": "2.0.0"
            },
            {
              "fixed": "2.1.0"
            }
          ]
        }
      ]
    },
    {
      "package": {
        "ecosystem": "Go",
        "name": "github.com/hashicorp/go-getter/v2"
      },
      "ranges": [
        {
          "type": "ECOSYSTEM",
          "events": [
            {
              "introduced": "0"
            },
            {
              "fixed": "2.1.0"
            }
          ]
        }
      ]
    },
    {
      "package": {
        "ecosystem": "Go",
        "name": "github.com/hashicorp/go-getter/s3/v2"
      },
      "ranges": [
        {
          "type": "ECOSYSTEM",
          "events": [
            {
              "introduced": "0"
            },
            {
              "fixed": "2.1.0"
            }
          ]
        }
      ]
    },
    {
      "package": {
        "ecosystem": "Go",
        "name": "github.com/hashicorp/go-getter/gcs/v2"
      },
      "ranges": [
        {
          "type": "ECOSYSTEM",
          "events": [
            {
              "introduced": "0"
            },
            {
              "fixed": "2.1.0"
            }
          ]
        }
      ]
    }
  ],
  "references": [
    {
      "type": "ADVISORY",
      "url": "https://nvd.nist.gov/vuln/detail/CVE-2022-26945"
    },
    {
      "type": "WEB",
      "url": "https://github.com/hashicorp/go-getter/pull/359"
    },
    {
      "type": "WEB",
      "url": "https://github.com/hashicorp/go-getter/pull/361"
    },
    {
      "type": "WEB",
      "url": "https://github.com/hashicorp/go-getter/commit/38e97387488f5439616be60874979433a12edb48"
    },
    {
      "type": "WEB",
      "url": "https://github.com/hashicorp/go-getter/commit/a2ebce998f8d4105bd4b78d6c99a12803ad97a45"
    },
    {
      "type": "WEB",
      "url": "https://discuss.hashicorp.com"
    },
    {
      "type": "WEB",
      "url": "https://discuss.hashicorp.com/t/hcsec-2022-13-multiple-vulnerabilities-in-go-getter-library/39930"
    },
    {
      "type": "PACKAGE",
      "url": "https://github.com/hashicorp/go-getter"
    },
    {
      "type": "WEB",
      "url": "https://pkg.go.dev/vuln/GO-2022-0586"
    }
  ],
  "database_specific": {
    "cwe_ids": [
      "CWE-77"
    ],
    "severity": "CRITICAL",
    "github_reviewed": true,
    "github_reviewed_at": "2022-06-01T21:20:55Z",
    "nvd_published_at": "2022-05-25T12:15:00Z"
  }
}