{
  "schema_version": "1.4.0",
  "id": "GHSA-hm82-qr45-h7mw",
  "modified": "2023-09-08T22:51:04Z",
  "published": "2021-12-10T17:22:58Z",
  "aliases": [
    "CVE-2020-28269"
  ],
  "summary": "Prototype Pollution in field",
  "details": "Prototype pollution vulnerability in 'field' versions 0.0.1 through 1.0.1 allows attacker to cause a denial of service and may lead to remote code execution.",
  "severity": [
    {
      "type": "CVSS_V3",
      "score": "CVSS:3.1/AV:N/AC:L/PR:N/UI:N/S:U/C:H/I:H/A:H"
    }
  ],
  "affected": [
    {
      "package": {
        "ecosystem": "npm",
        "name": "field"
      },
      "ranges": [
        {
          "type": "ECOSYSTEM",
          "events": [
            {
              "introduced": "0.0.1"
            },
            {
              "last_affected": "1.0.1"
            }
          ]
        }
      ]
    }
  ],
  "references": [
    {
      "type": "ADVISORY",
      "url": "https://nvd.nist.gov/vuln/detail/CVE-2020-28269"
    },
    {
      "type": "WEB",
      "url": "https://github.com/jprichardson/field/blob/2a3811dfc4cdd13833977477d2533534fc61ce06/lib/field.js#L39"
    },
    {
      "type": "WEB",
      "url": "https://www.whitesourcesoftware.com/vulnerability-database/CVE-2020-28269"
    },
    {
      "type": "WEB",
      "url": "https://www.whitesourcesoftware.com/vulnerability-database/CVE-2020-28269,"
    }
  ],
  "database_specific": {
    "cwe_ids": [
      "CWE-1321",
      "CWE-915"
    ],
    "severity": "CRITICAL",
    "github_reviewed": true,
    "github_reviewed_at": "2021-07-26T18:23:15Z",
    "nvd_published_at": "2020-11-12T18:15:00Z"
  }
}