{
  "schema_version": "1.4.0",
  "id": "GHSA-gq63-p39p-jrjf",
  "modified": "2024-03-21T17:43:39Z",
  "published": "2023-04-04T15:30:27Z",
  "withdrawn": "2023-08-14T20:34:10Z",
  "aliases": [
    "CVE-2023-26750"
  ],
  "summary": "Withdrawn: SQL injection in Yii 2",
  "details": "## Withdrawn Advisory\nThis advisory has been withdrawn because the issue originates from a product built on Yii2, not the Yii2 Framework itself. This link is maintained to preserve external references.\n\n## Original Description\nSQL injection vulnerability found in Yii Framework Yii 2 Framework before v.2.0.47 allows the a remote attacker to execute arbitrary code via the runAction function.",
  "severity": [
    {
      "type": "CVSS_V3",
      "score": "CVSS:3.1/AV:N/AC:L/PR:N/UI:N/S:U/C:H/I:H/A:H"
    }
  ],
  "affected": [
    {
      "package": {
        "ecosystem": "Packagist",
        "name": "yiisoft/yii2"
      },
      "ranges": [
        {
          "type": "ECOSYSTEM",
          "events": [
            {
              "introduced": "0"
            },
            {
              "fixed": "2.0.47"
            }
          ]
        }
      ]
    }
  ],
  "references": [
    {
      "type": "ADVISORY",
      "url": "https://nvd.nist.gov/vuln/detail/CVE-2023-26750"
    },
    {
      "type": "WEB",
      "url": "https://github.com/yiisoft/yii2/issues/19755"
    },
    {
      "type": "WEB",
      "url": "https://github.com/yiisoft/yii2/issues/19755#issuecomment-1426155955"
    },
    {
      "type": "WEB",
      "url": "https://github.com/yiisoft/yii2/issues/19755#issuecomment-1505390813"
    },
    {
      "type": "WEB",
      "url": "https://github.com/yiisoft/yii2/issues/19755#issuecomment-1505560351"
    }
  ],
  "database_specific": {
    "cwe_ids": [
      "CWE-79",
      "CWE-89"
    ],
    "severity": "CRITICAL",
    "github_reviewed": true,
    "github_reviewed_at": "2023-07-31T17:25:59Z",
    "nvd_published_at": "2023-04-04T15:15:00Z"
  }
}