{
  "schema_version": "1.4.0",
  "id": "GHSA-3rpf-5rqv-689q",
  "modified": "2022-05-03T03:01:58Z",
  "published": "2021-02-26T19:53:24Z",
  "aliases": [
    "CVE-2021-26120"
  ],
  "summary": "PHP Code Injection by malicious function name in smarty",
  "details": "Template authors could inject php code by choosing a malicous {function} name. Sites that cannot fully trust template authors should update as soon as possible. Please upgrade to 3.1.39 or higher.\n",
  "severity": [
    {
      "type": "CVSS_V3",
      "score": "CVSS:3.1/AV:N/AC:L/PR:N/UI:N/S:U/C:H/I:H/A:H"
    }
  ],
  "affected": [
    {
      "package": {
        "ecosystem": "Packagist",
        "name": "smarty/smarty"
      },
      "ranges": [
        {
          "type": "ECOSYSTEM",
          "events": [
            {
              "introduced": "0"
            },
            {
              "fixed": "3.1.39"
            }
          ]
        }
      ]
    }
  ],
  "references": [
    {
      "type": "WEB",
      "url": "https://github.com/smarty-php/smarty/security/advisories/GHSA-3rpf-5rqv-689q"
    },
    {
      "type": "ADVISORY",
      "url": "https://nvd.nist.gov/vuln/detail/CVE-2021-26120"
    },
    {
      "type": "WEB",
      "url": "https://github.com/smarty-php/smarty/commit/165f1bd4d2eec328cfeaca517a725b46001de838"
    },
    {
      "type": "WEB",
      "url": "https://github.com/FriendsOfPHP/security-advisories/blob/master/smarty/smarty/CVE-2021-26120.yaml"
    },
    {
      "type": "PACKAGE",
      "url": "https://github.com/smarty-php/smarty"
    },
    {
      "type": "WEB",
      "url": "https://github.com/smarty-php/smarty/blob/master/CHANGELOG.md"
    },
    {
      "type": "WEB",
      "url": "https://github.com/smarty-php/smarty/blob/master/CHANGELOG.md#3139---2021-02-17"
    },
    {
      "type": "WEB",
      "url": "https://lists.debian.org/debian-lts-announce/2021/04/msg00004.html"
    },
    {
      "type": "WEB",
      "url": "https://lists.debian.org/debian-lts-announce/2021/04/msg00014.html"
    },
    {
      "type": "WEB",
      "url": "https://security.gentoo.org/glsa/202105-06"
    },
    {
      "type": "WEB",
      "url": "https://srcincite.io/blog/2021/02/18/smarty-template-engine-multiple-sandbox-escape-vulnerabilities.html"
    },
    {
      "type": "WEB",
      "url": "https://www.debian.org/security/2022/dsa-5151"
    }
  ],
  "database_specific": {
    "cwe_ids": [
      "CWE-94"
    ],
    "severity": "CRITICAL",
    "github_reviewed": true,
    "github_reviewed_at": "2021-02-26T19:52:58Z",
    "nvd_published_at": "2021-02-22T02:15:00Z"
  }
}