{
  "schema_version": "1.4.0",
  "id": "GHSA-fxhp-wrw9-3r97",
  "modified": "2022-03-18T17:46:29Z",
  "published": "2022-03-18T17:46:29Z",
  "aliases": [
    "CVE-2021-23901"
  ],
  "summary": "XML external entity (XXE) injection in Apache Nutch",
  "details": "An XML external entity (XXE) injection vulnerability was discovered in the Nutch DmozParser and is known to affect Nutch versions < 1.18. XML external entity injection (also known as XXE) is a web security vulnerability that allows an attacker to interfere with an application's processing of XML data. It often allows an attacker to view files on the application server filesystem, and to interact with any back-end or external systems that the application itself can access.  This issue is fixed in Apache Nutch 1.18.",
  "severity": [
    {
      "type": "CVSS_V3",
      "score": "CVSS:3.1/AV:N/AC:L/PR:N/UI:N/S:U/C:H/I:H/A:N"
    }
  ],
  "affected": [
    {
      "package": {
        "ecosystem": "Maven",
        "name": "org.apache.nutch:nutch"
      },
      "ranges": [
        {
          "type": "ECOSYSTEM",
          "events": [
            {
              "introduced": "0"
            },
            {
              "fixed": "1.18"
            }
          ]
        }
      ]
    }
  ],
  "references": [
    {
      "type": "ADVISORY",
      "url": "https://nvd.nist.gov/vuln/detail/CVE-2021-23901"
    },
    {
      "type": "WEB",
      "url": "https://github.com/apache/nutch/pull/563"
    },
    {
      "type": "WEB",
      "url": "https://issues.apache.org/jira/browse/NUTCH-2841"
    },
    {
      "type": "WEB",
      "url": "https://lists.apache.org/thread.html/r090321840b44cc91086c4e317bf2baffa270749dde6c1273b6567f7c%40%3Cdev.nutch.apache.org%3E"
    },
    {
      "type": "WEB",
      "url": "https://lists.apache.org/thread.html/r5e2f7737b42c73a3325f3c2c8cdee1ec27631b3a0e144104d84d70e6@%3Cannounce.apache.org%3E"
    },
    {
      "type": "WEB",
      "url": "https://lists.apache.org/thread.html/r7ddfd680aa7ea001ca8da63bb23e3f8caa095a8b4f2261e46bade5c7@%3Cdev.nutch.apache.org%3E"
    },
    {
      "type": "WEB",
      "url": "https://security.netapp.com/advisory/ntap-20210513-0003"
    }
  ],
  "database_specific": {
    "cwe_ids": [
      "CWE-611"
    ],
    "severity": "CRITICAL",
    "github_reviewed": true,
    "github_reviewed_at": "2021-04-06T19:54:36Z",
    "nvd_published_at": "2021-01-25T10:16:00Z"
  }
}