{
  "schema_version": "1.4.0",
  "id": "GHSA-84gf-rw24-pfqg",
  "modified": "2024-04-24T19:55:52Z",
  "published": "2022-05-24T19:09:25Z",
  "aliases": [
    "CVE-2020-21808"
  ],
  "summary": "NukeViet SQL Injection vulnerability via topicsid parameter",
  "details": "SQL Injection vulnerability in NukeViet CMS 4.0.10 - 4.3.07 via the topicsid parameter in `modules/news/admin/addtotopics.php`.",
  "severity": [
    {
      "type": "CVSS_V3",
      "score": "CVSS:3.1/AV:N/AC:L/PR:N/UI:N/S:U/C:H/I:H/A:H"
    }
  ],
  "affected": [
    {
      "package": {
        "ecosystem": "Packagist",
        "name": "nukeviet/nukeviet"
      },
      "ranges": [
        {
          "type": "ECOSYSTEM",
          "events": [
            {
              "introduced": "4.0.10"
            },
            {
              "fixed": "4.3.08"
            }
          ]
        }
      ]
    }
  ],
  "references": [
    {
      "type": "ADVISORY",
      "url": "https://nvd.nist.gov/vuln/detail/CVE-2020-21808"
    },
    {
      "type": "PACKAGE",
      "url": "https://github.com/nukeviet/nukeviet"
    },
    {
      "type": "WEB",
      "url": "https://github.com/nukeviet/nukeviet/blob/4.3.08/CHANGELOG.txt#L11"
    },
    {
      "type": "WEB",
      "url": "https://nukeviet.vn/vi/news/Tin-an-ninh/huong-dan-fix-loi-bao-mat-nukeviet-4-va-module-shops-612.html"
    },
    {
      "type": "WEB",
      "url": "https://whitehub.net/submissions/1516"
    }
  ],
  "database_specific": {
    "cwe_ids": [
      "CWE-89"
    ],
    "severity": "CRITICAL",
    "github_reviewed": true,
    "github_reviewed_at": "2024-04-24T19:55:52Z",
    "nvd_published_at": "2021-07-30T14:15:00Z"
  }
}