{
  "schema_version": "1.4.0",
  "id": "GHSA-3xh5-8hvq-rc8x",
  "modified": "2025-02-13T18:33:11Z",
  "published": "2023-01-04T15:30:19Z",
  "aliases": [
    "CVE-2022-45875"
  ],
  "summary": "Apache DolphinScheduler vulnerable to Improper Input Validation",
  "details": "Apache DolphinScheduler improperly validates script alert plugin parameters and is vulnerable to remote command execution. This issue affects Apache DolphinScheduler version 3.0.1 and prior versions; version 3.1.0 and prior versions. Users should upgrade to version 3.0.2 or 3.1.1.",
  "severity": [
    {
      "type": "CVSS_V3",
      "score": "CVSS:3.1/AV:N/AC:L/PR:N/UI:N/S:U/C:H/I:H/A:H"
    },
    {
      "type": "CVSS_V4",
      "score": "CVSS:4.0/AV:N/AC:L/AT:N/PR:N/UI:N/VC:H/VI:H/VA:H/SC:N/SI:N/SA:N"
    }
  ],
  "affected": [
    {
      "package": {
        "ecosystem": "Maven",
        "name": "org.apache.dolphinscheduler:dolphinscheduler"
      },
      "ranges": [
        {
          "type": "ECOSYSTEM",
          "events": [
            {
              "introduced": "0"
            },
            {
              "fixed": "3.0.2"
            }
          ]
        }
      ]
    },
    {
      "package": {
        "ecosystem": "Maven",
        "name": "org.apache.dolphinscheduler:dolphinscheduler"
      },
      "ranges": [
        {
          "type": "ECOSYSTEM",
          "events": [
            {
              "introduced": "3.1.0"
            },
            {
              "fixed": "3.1.1"
            }
          ]
        }
      ],
      "versions": [
        "3.1.0"
      ]
    }
  ],
  "references": [
    {
      "type": "ADVISORY",
      "url": "https://nvd.nist.gov/vuln/detail/CVE-2022-45875"
    },
    {
      "type": "PACKAGE",
      "url": "https://github.com/apache/dolphinscheduler"
    },
    {
      "type": "WEB",
      "url": "https://github.com/pypa/advisory-database/tree/main/vulns/apache-dolphinscheduler/PYSEC-2023-4.yaml"
    },
    {
      "type": "WEB",
      "url": "https://lists.apache.org/thread/r0wqzkjsoq17j6ww381kmpx3jjp9hb6r"
    },
    {
      "type": "WEB",
      "url": "http://www.openwall.com/lists/oss-security/2023/11/22/2"
    }
  ],
  "database_specific": {
    "cwe_ids": [
      "CWE-20"
    ],
    "severity": "CRITICAL",
    "github_reviewed": true,
    "github_reviewed_at": "2023-01-06T21:35:26Z",
    "nvd_published_at": "2023-01-04T15:15:00Z"
  }
}