{
  "schema_version": "1.4.0",
  "id": "GHSA-834c-x29c-f42c",
  "modified": "2023-06-30T20:24:46Z",
  "published": "2023-06-22T19:59:10Z",
  "aliases": [
    "CVE-2023-35156"
  ],
  "summary": "XWiki Platform vulnerable to reflected cross-site scripting via xredirect parameter in delete template",
  "details": "### Impact\n\nUsers are able to forge an URL with a payload allowing to inject Javascript in the page (XSS).\nIt's possible to exploit the delete template to perform a XSS, e.g. by using URL such as:\n\n> xwiki/bin/get/FlamingoThemes/Cerulean?xpage=xpart&vm=delete.vm&xredirect=javascript:alert(document.domain)\n\nThis vulnerability exists since XWiki 6.0-rc-1.\n\n### Patches\n\nThe vulnerability has been patched in XWiki 14.10.6 and 15.1. Note that a partial patch has been provided in 14.10.5 but wasn't enough to entirely fix the vulnerability. \n\n### Workarounds\n\nIt's possible to workaround the vulnerability by editing the template delete.vm to perform checks on it, but note that the appropriate fix involves new APIs that have been recently introduced in XWiki. See the referenced jira tickets.\n\n### References\n\n  * Jira ticket about the original vulnerability: https://jira.xwiki.org/browse/XWIKI-20341\n  * Commit containing the first fix in the template: https://github.com/xwiki/xwiki-platform/commit/e80d22d193df364b07bab7925572720f91a8984a\n  * Jira ticket about the second part of the vulnerability found after 14.10.5: https://jira.xwiki.org/browse/XWIKI-20672\n  * Commits containing the second fix in the template: \n    * https://github.com/xwiki/xwiki-platform/commit/13875a6437d4525ac4aeea25918f2d2dffac9ee1\n    * https://github.com/xwiki/xwiki-platform/commit/24ec12890ac7fa6daec8d0b3435cfcba11362fd5\n  * Introduction of the macro used for fixing all those vulnerabilities: https://jira.xwiki.org/browse/XWIKI-20583\n\n### For more information\n\nIf you have any questions or comments about this advisory:\n* Open an issue in [Jira XWiki.org](https://jira.xwiki.org/)\n* Email us at [Security Mailing List](mailto:security@xwiki.org)\n\n### Attribution\n\nThis vulnerability has been reported by Ren\u00e9 de Sain @renniepak.",
  "severity": [
    {
      "type": "CVSS_V3",
      "score": "CVSS:3.1/AV:N/AC:L/PR:N/UI:R/S:C/C:H/I:H/A:H"
    }
  ],
  "affected": [
    {
      "package": {
        "ecosystem": "Maven",
        "name": "org.xwiki.platform:xwiki-platform-flamingo-skin-resources"
      },
      "ranges": [
        {
          "type": "ECOSYSTEM",
          "events": [
            {
              "introduced": "6.0-rc-1"
            },
            {
              "fixed": "14.10.6"
            }
          ]
        }
      ]
    },
    {
      "package": {
        "ecosystem": "Maven",
        "name": "org.xwiki.platform:xwiki-platform-flamingo-skin-resources"
      },
      "ranges": [
        {
          "type": "ECOSYSTEM",
          "events": [
            {
              "introduced": "15.0-rc-0"
            },
            {
              "fixed": "15.1"
            }
          ]
        }
      ]
    }
  ],
  "references": [
    {
      "type": "WEB",
      "url": "https://github.com/xwiki/xwiki-platform/security/advisories/GHSA-834c-x29c-f42c"
    },
    {
      "type": "ADVISORY",
      "url": "https://nvd.nist.gov/vuln/detail/CVE-2023-35156"
    },
    {
      "type": "WEB",
      "url": "https://github.com/xwiki/xwiki-platform/commit/13875a6437d4525ac4aeea25918f2d2dffac9ee1"
    },
    {
      "type": "WEB",
      "url": "https://github.com/xwiki/xwiki-platform/commit/24ec12890ac7fa6daec8d0b3435cfcba11362fd5"
    },
    {
      "type": "WEB",
      "url": "https://github.com/xwiki/xwiki-platform/commit/e80d22d193df364b07bab7925572720f91a8984a"
    },
    {
      "type": "PACKAGE",
      "url": "https://github.com/xwiki/xwiki-platform"
    },
    {
      "type": "WEB",
      "url": "https://jira.xwiki.org/browse/XWIKI-20341"
    },
    {
      "type": "WEB",
      "url": "https://jira.xwiki.org/browse/XWIKI-20583"
    },
    {
      "type": "WEB",
      "url": "https://jira.xwiki.org/browse/XWIKI-20672"
    }
  ],
  "database_specific": {
    "cwe_ids": [
      "CWE-79",
      "CWE-87"
    ],
    "severity": "CRITICAL",
    "github_reviewed": true,
    "github_reviewed_at": "2023-06-22T19:59:10Z",
    "nvd_published_at": "2023-06-23T19:15:09Z"
  }
}