{
  "schema_version": "1.4.0",
  "id": "GHSA-hf26-vvmx-x8c8",
  "modified": "2024-11-26T16:50:13Z",
  "published": "2022-05-01T18:36:14Z",
  "aliases": [
    "CVE-2007-5741"
  ],
  "summary": "Plone Arbitrary Code Execution via Unsafe Handling of Pickles",
  "details": "Plone 2.5 through 2.5.4 and 3.0 through 3.0.2 allows remote attackers to execute arbitrary Python code via network data containing pickled objects for the (1) statusmessages or (2) linkintegrity module, which the module unpickles and executes.",
  "severity": [
    {
      "type": "CVSS_V3",
      "score": "CVSS:3.1/AV:N/AC:L/PR:N/UI:N/S:U/C:H/I:H/A:H"
    },
    {
      "type": "CVSS_V4",
      "score": "CVSS:4.0/AV:N/AC:L/AT:N/PR:N/UI:N/VC:H/VI:H/VA:H/SC:N/SI:N/SA:N"
    }
  ],
  "affected": [
    {
      "package": {
        "ecosystem": "PyPI",
        "name": "Plone"
      },
      "ranges": [
        {
          "type": "ECOSYSTEM",
          "events": [
            {
              "introduced": "2.5"
            },
            {
              "fixed": "2.5.5"
            }
          ]
        }
      ],
      "database_specific": {
        "last_known_affected_version_range": "<= 2.5.4"
      }
    },
    {
      "package": {
        "ecosystem": "PyPI",
        "name": "Plone"
      },
      "ranges": [
        {
          "type": "ECOSYSTEM",
          "events": [
            {
              "introduced": "3.0"
            },
            {
              "fixed": "3.0.3"
            }
          ]
        }
      ],
      "database_specific": {
        "last_known_affected_version_range": "<= 3.0.2"
      }
    }
  ],
  "references": [
    {
      "type": "ADVISORY",
      "url": "https://nvd.nist.gov/vuln/detail/CVE-2007-5741"
    },
    {
      "type": "WEB",
      "url": "https://exchange.xforce.ibmcloud.com/vulnerabilities/38288"
    },
    {
      "type": "PACKAGE",
      "url": "https://github.com/plone/Plone"
    },
    {
      "type": "WEB",
      "url": "https://github.com/pypa/advisory-database/tree/main/vulns/plone/PYSEC-2007-4.yaml"
    },
    {
      "type": "WEB",
      "url": "https://web.archive.org/web/20080507055819/https://plone.org/about/security/advisories/cve-2007-5741"
    },
    {
      "type": "WEB",
      "url": "https://web.archive.org/web/20080517012557/http://www.securityfocus.com/bid/26354"
    },
    {
      "type": "WEB",
      "url": "https://web.archive.org/web/20080906150436/http://www.securityfocus.com/archive/1/483343/100/0/threaded"
    },
    {
      "type": "WEB",
      "url": "http://plone.org/about/security/advisories/cve-2007-5741"
    },
    {
      "type": "WEB",
      "url": "http://www.debian.org/security/2007/dsa-1405"
    }
  ],
  "database_specific": {
    "cwe_ids": [
      "CWE-94"
    ],
    "severity": "CRITICAL",
    "github_reviewed": true,
    "github_reviewed_at": "2023-09-22T21:57:47Z",
    "nvd_published_at": "2007-11-07T21:46:00Z"
  }
}