{
  "schema_version": "1.4.0",
  "id": "GHSA-mxr5-p36v-479m",
  "modified": "2022-09-14T22:11:51Z",
  "published": "2018-12-19T19:24:03Z",
  "aliases": [
    "CVE-2018-9207"
  ],
  "summary": "Unrestricted Upload of File with Dangerous Type in jquery-file-upload",
  "details": "Arbitrary file upload in jQuery Upload File <= 4.0.2",
  "severity": [
    {
      "type": "CVSS_V3",
      "score": "CVSS:3.0/AV:N/AC:L/PR:N/UI:N/S:U/C:H/I:H/A:H"
    }
  ],
  "affected": [
    {
      "package": {
        "ecosystem": "npm",
        "name": "jquery-file-upload"
      },
      "ranges": [
        {
          "type": "ECOSYSTEM",
          "events": [
            {
              "introduced": "0"
            },
            {
              "fixed": "4.0.5"
            }
          ]
        }
      ],
      "database_specific": {
        "last_known_affected_version_range": "<= 4.0.2"
      }
    }
  ],
  "references": [
    {
      "type": "ADVISORY",
      "url": "https://nvd.nist.gov/vuln/detail/CVE-2018-9207"
    },
    {
      "type": "ADVISORY",
      "url": "https://github.com/advisories/GHSA-mxr5-p36v-479m"
    },
    {
      "type": "WEB",
      "url": "http://www.vapidlabs.com/advisory.php?v=206"
    }
  ],
  "database_specific": {
    "cwe_ids": [
      "CWE-434"
    ],
    "severity": "CRITICAL",
    "github_reviewed": true,
    "github_reviewed_at": "2020-06-16T21:47:40Z",
    "nvd_published_at": null
  }
}