{
  "schema_version": "1.4.0",
  "id": "GHSA-6q97-8v3g-rpxw",
  "modified": "2025-02-13T18:41:54Z",
  "published": "2024-06-12T15:31:45Z",
  "aliases": [
    "CVE-2024-36265"
  ],
  "summary": "Apache Submarine Server Core Incorrect Authorization vulnerability",
  "details": "Incorrect Authorization vulnerability in Apache Submarine Server Core.\n\nThis issue affects Apache Submarine Server Core: from 0.8.0.\n\nAs this project is retired, we do not plan to release a version that fixes this issue. Users are recommended to find an alternative or restrict access to the instance to trusted users.\n\nNOTE: This vulnerability only affects products that are no longer supported by the maintainer.",
  "severity": [
    {
      "type": "CVSS_V3",
      "score": "CVSS:3.1/AV:N/AC:L/PR:N/UI:N/S:U/C:H/I:H/A:N"
    }
  ],
  "affected": [
    {
      "package": {
        "ecosystem": "Maven",
        "name": "org.apache.submarine:submarine-server-core"
      },
      "versions": [
        "0.8.0"
      ]
    },
    {
      "package": {
        "ecosystem": "PyPI",
        "name": "apache-submarine"
      },
      "versions": [
        "0.8.0"
      ]
    }
  ],
  "references": [
    {
      "type": "ADVISORY",
      "url": "https://nvd.nist.gov/vuln/detail/CVE-2024-36265"
    },
    {
      "type": "PACKAGE",
      "url": "https://github.com/apache/submarine"
    },
    {
      "type": "WEB",
      "url": "https://github.com/pypa/advisory-database/tree/main/vulns/apache-submarine/PYSEC-2024-98.yaml"
    },
    {
      "type": "WEB",
      "url": "https://lists.apache.org/thread/prckhhst19qxof064hsm8cccxtofvflz"
    },
    {
      "type": "WEB",
      "url": "http://www.openwall.com/lists/oss-security/2024/06/12/3"
    }
  ],
  "database_specific": {
    "cwe_ids": [
      "CWE-863"
    ],
    "severity": "CRITICAL",
    "github_reviewed": true,
    "github_reviewed_at": "2024-06-12T19:45:11Z",
    "nvd_published_at": "2024-06-12T15:15:52Z"
  }
}