{
  "schema_version": "1.4.0",
  "id": "GHSA-xhcq-fv7x-grr2",
  "modified": "2021-09-21T22:33:16Z",
  "published": "2019-03-14T15:39:45Z",
  "aliases": [
    "CVE-2019-0192"
  ],
  "summary": "Critical severity vulnerability that affects org.apache.solr:solr-core",
  "details": "In Apache Solr versions 5.0.0 to 5.5.5 and 6.0.0 to 6.6.5, the Config API allows to configure the JMX server via an HTTP POST request. By pointing it to a malicious RMI server, an attacker could take advantage of Solr's unsafe deserialization to trigger remote code execution on the Solr side.",
  "severity": [
    {
      "type": "CVSS_V3",
      "score": "CVSS:3.0/AV:N/AC:L/PR:N/UI:N/S:U/C:H/I:H/A:H"
    }
  ],
  "affected": [
    {
      "package": {
        "ecosystem": "Maven",
        "name": "org.apache.solr:solr-core"
      },
      "ranges": [
        {
          "type": "ECOSYSTEM",
          "events": [
            {
              "introduced": "5.0.0"
            },
            {
              "fixed": "7.0.0"
            }
          ]
        }
      ],
      "database_specific": {
        "last_known_affected_version_range": "<= 5.5.5"
      }
    },
    {
      "package": {
        "ecosystem": "Maven",
        "name": "org.apache.solr:solr-core"
      },
      "ranges": [
        {
          "type": "ECOSYSTEM",
          "events": [
            {
              "introduced": "6.0.0"
            },
            {
              "fixed": "7.0.0"
            }
          ]
        }
      ],
      "database_specific": {
        "last_known_affected_version_range": "<= 6.6.5"
      }
    }
  ],
  "references": [
    {
      "type": "ADVISORY",
      "url": "https://nvd.nist.gov/vuln/detail/CVE-2019-0192"
    },
    {
      "type": "WEB",
      "url": "https://access.redhat.com/errata/RHSA-2019:2413"
    },
    {
      "type": "ADVISORY",
      "url": "https://github.com/advisories/GHSA-xhcq-fv7x-grr2"
    },
    {
      "type": "WEB",
      "url": "https://lists.apache.org/thread.html/42c5682f4acd1d03bd963e4f47ae448d7cff66c16b19142773818892@%3Cdev.lucene.apache.org%3E"
    },
    {
      "type": "WEB",
      "url": "https://lists.apache.org/thread.html/53e4744b14fb7f1810405f8ff5531ab0953a23dd09ce8071ce87e00d@%3Cdev.lucene.apache.org%3E"
    },
    {
      "type": "WEB",
      "url": "https://lists.apache.org/thread.html/b0ace855f569c6b7a0b03ba68566e53b1a1a519abd536bf38978ce4a@%3Cdev.lucene.apache.org%3E"
    },
    {
      "type": "WEB",
      "url": "https://lists.apache.org/thread.html/bcce5a9c532b386c68dab2f6b3ce8b0cc9b950ec551766e76391caa3@%3Ccommits.nifi.apache.org%3E"
    },
    {
      "type": "WEB",
      "url": "https://lists.apache.org/thread.html/d0e608c681dfbb16b4da68d99d43fa0ddbd366bb3bcf5bc0d43c56d7@%3Cdev.lucene.apache.org%3E"
    },
    {
      "type": "WEB",
      "url": "https://lists.apache.org/thread.html/ec9c572fb803b26ba0318777977ee6d6a2fb3a2c50d9b4224e541d5d@%3Cdev.lucene.apache.org%3E"
    },
    {
      "type": "WEB",
      "url": "https://lists.apache.org/thread.html/rc400db37710ee79378b6c52de3640493ff538c2beb41cefdbbdf2ab8@%3Ccommits.submarine.apache.org%3E"
    },
    {
      "type": "WEB",
      "url": "https://lists.apache.org/thread.html/rca37935d661f4689cb4119f1b3b224413b22be161b678e6e6ce0c69b@%3Ccommits.nifi.apache.org%3E"
    },
    {
      "type": "WEB",
      "url": "https://security.netapp.com/advisory/ntap-20190327-0003"
    },
    {
      "type": "WEB",
      "url": "https://www.oracle.com/security-alerts/cpuoct2020.html"
    },
    {
      "type": "WEB",
      "url": "https://www.oracle.com/technetwork/security-advisory/cpujul2019-5072835.html"
    },
    {
      "type": "WEB",
      "url": "http://mail-archives.us.apache.org/mod_mbox/www-announce/201903.mbox/%3CCAECwjAV1buZwg%2BMcV9EAQ19MeAWztPVJYD4zGK8kQdADFYij1w%40mail.gmail.com%3E"
    },
    {
      "type": "WEB",
      "url": "http://www.securityfocus.com/bid/107318"
    }
  ],
  "database_specific": {
    "cwe_ids": [
      "CWE-502"
    ],
    "severity": "CRITICAL",
    "github_reviewed": true,
    "github_reviewed_at": "2020-06-16T22:03:29Z",
    "nvd_published_at": null
  }
}