{
  "schema_version": "1.4.0",
  "id": "GHSA-3pqv-6pm3-g46j",
  "modified": "2022-06-22T17:49:21Z",
  "published": "2022-06-14T00:00:37Z",
  "aliases": [
    "CVE-2022-2067"
  ],
  "summary": "SQL Injection in RosarioSIS",
  "details": "SQL Injection in GitHub repository francoisjacquet/rosariosis prior to 9.0.",
  "severity": [
    {
      "type": "CVSS_V3",
      "score": "CVSS:3.1/AV:N/AC:L/PR:N/UI:N/S:U/C:H/I:H/A:N"
    }
  ],
  "affected": [
    {
      "package": {
        "ecosystem": "Packagist",
        "name": "francoisjacquet/rosariosis"
      },
      "ranges": [
        {
          "type": "ECOSYSTEM",
          "events": [
            {
              "introduced": "0"
            },
            {
              "fixed": "9.0"
            }
          ]
        }
      ]
    }
  ],
  "references": [
    {
      "type": "ADVISORY",
      "url": "https://nvd.nist.gov/vuln/detail/CVE-2022-2067"
    },
    {
      "type": "WEB",
      "url": "https://github.com/francoisjacquet/rosariosis/commit/15d5e8700d538935b5c411b2a1e25bcf7e16c47c"
    },
    {
      "type": "PACKAGE",
      "url": "https://github.com/francoisjacquet/rosariosis"
    },
    {
      "type": "WEB",
      "url": "https://github.com/francoisjacquet/rosariosis/blob/51947b6cfc7f0df62ab3305839c89586004fbec2/modules/School_Setup/Calendar.php#L498"
    },
    {
      "type": "WEB",
      "url": "https://huntr.dev/bounties/a85a53a4-3009-4f41-ac33-8bed8bbe16a8"
    }
  ],
  "database_specific": {
    "cwe_ids": [
      "CWE-89"
    ],
    "severity": "CRITICAL",
    "github_reviewed": true,
    "github_reviewed_at": "2022-06-22T17:49:21Z",
    "nvd_published_at": "2022-06-13T13:15:00Z"
  }
}