{
  "schema_version": "1.4.0",
  "id": "GHSA-4v9w-pvwr-38h3",
  "modified": "2021-07-28T21:54:53Z",
  "published": "2022-02-10T23:36:54Z",
  "aliases": [
    "CVE-2020-7621"
  ],
  "summary": "OS Command Injection in strong-nginx-controller",
  "details": "strong-nginx-controller through 1.0.2 is vulnerable to Command Injection. It allows execution of arbitrary command as part of the '_nginxCmd()' function.",
  "severity": [
    {
      "type": "CVSS_V3",
      "score": "CVSS:3.1/AV:N/AC:L/PR:N/UI:N/S:U/C:H/I:H/A:H"
    }
  ],
  "affected": [
    {
      "package": {
        "ecosystem": "npm",
        "name": "strong-nginx-controller"
      },
      "ranges": [
        {
          "type": "ECOSYSTEM",
          "events": [
            {
              "introduced": "0"
            },
            {
              "last_affected": "1.0.2"
            }
          ]
        }
      ]
    }
  ],
  "references": [
    {
      "type": "ADVISORY",
      "url": "https://nvd.nist.gov/vuln/detail/CVE-2020-7621"
    },
    {
      "type": "WEB",
      "url": "https://github.com/strongloop/strong-nginx-controller/blob/master/lib/server.js#L65,"
    },
    {
      "type": "WEB",
      "url": "https://snyk.io/vuln/SNYK-JS-STRONGNGINXCONTROLLER-564248"
    }
  ],
  "database_specific": {
    "cwe_ids": [
      "CWE-78"
    ],
    "severity": "CRITICAL",
    "github_reviewed": true,
    "github_reviewed_at": "2021-05-18T15:21:47Z",
    "nvd_published_at": "2020-04-02T21:15:00Z"
  }
}