{
  "schema_version": "1.4.0",
  "id": "GHSA-54pv-r62j-9qqc",
  "modified": "2025-01-28T14:33:40Z",
  "published": "2024-02-21T03:30:37Z",
  "aliases": [
    "CVE-2023-42496"
  ],
  "summary": "Liferay Portal and Liferay DXP vulnerable to reflected Cross-site Scripting",
  "details": "Reflected cross-site scripting (XSS) vulnerability on the add assignees to a role page in Liferay Portal 7.3.3 through 7.4.3.97, and Liferay DXP 2023.Q3 before patch 6, 7.4 GA through update 92, and 7.3 before update 34 allows remote attackers to inject arbitrary web script or HTML via the `_com_liferay_roles_admin_web_portlet_RolesAdminPortlet_tabs2` parameter.",
  "severity": [
    {
      "type": "CVSS_V3",
      "score": "CVSS:3.1/AV:N/AC:L/PR:N/UI:R/S:C/C:H/I:H/A:H"
    }
  ],
  "affected": [
    {
      "package": {
        "ecosystem": "Maven",
        "name": "com.liferay.portal:release.portal.bom"
      },
      "ranges": [
        {
          "type": "ECOSYSTEM",
          "events": [
            {
              "introduced": "7.3.3"
            },
            {
              "fixed": "7.4.3.98"
            }
          ]
        }
      ],
      "database_specific": {
        "last_known_affected_version_range": "<= 7.4.3.97"
      }
    },
    {
      "package": {
        "ecosystem": "Maven",
        "name": "com.liferay.portal:release.dxp.bom"
      },
      "ranges": [
        {
          "type": "ECOSYSTEM",
          "events": [
            {
              "introduced": "7.4.10.ep1"
            },
            {
              "last_affected": "7.4.13.u92"
            }
          ]
        }
      ]
    },
    {
      "package": {
        "ecosystem": "Maven",
        "name": "com.liferay.portal:release.dxp.bom"
      },
      "ranges": [
        {
          "type": "ECOSYSTEM",
          "events": [
            {
              "introduced": "7.3.10.ep3"
            },
            {
              "fixed": "7.3.10.u34"
            }
          ]
        }
      ]
    },
    {
      "package": {
        "ecosystem": "Maven",
        "name": "com.liferay.portal:release.dxp.bom"
      },
      "ranges": [
        {
          "type": "ECOSYSTEM",
          "events": [
            {
              "introduced": "2023.Q3"
            },
            {
              "fixed": "2023.Q3.6"
            }
          ]
        }
      ]
    }
  ],
  "references": [
    {
      "type": "ADVISORY",
      "url": "https://nvd.nist.gov/vuln/detail/CVE-2023-42496"
    },
    {
      "type": "PACKAGE",
      "url": "https://github.com/liferay/liferay-portal"
    },
    {
      "type": "WEB",
      "url": "https://liferay.dev/portal/security/known-vulnerabilities/-/asset_publisher/jekt/content/cve-2023-42496"
    }
  ],
  "database_specific": {
    "cwe_ids": [
      "CWE-79"
    ],
    "severity": "CRITICAL",
    "github_reviewed": true,
    "github_reviewed_at": "2024-02-21T23:29:48Z",
    "nvd_published_at": "2024-02-21T03:15:08Z"
  }
}