{
  "schema_version": "1.4.0",
  "id": "GHSA-8v2h-4jpm-3wfm",
  "modified": "2023-10-24T12:56:12Z",
  "published": "2022-05-17T01:57:42Z",
  "aliases": [
    "CVE-2017-8658"
  ],
  "summary": "ChakraCore RCE Vulnerability",
  "details": "A remote code execution vulnerability exists in the way that the Chakra JavaScript engine renders when handling objects in memory, aka \"Scripting Engine Memory Corruption Vulnerability\".",
  "severity": [
    {
      "type": "CVSS_V3",
      "score": "CVSS:3.0/AV:N/AC:L/PR:N/UI:N/S:U/C:H/I:H/A:H"
    }
  ],
  "affected": [
    {
      "package": {
        "ecosystem": "NuGet",
        "name": "Microsoft.ChakraCore"
      },
      "ranges": [
        {
          "type": "ECOSYSTEM",
          "events": [
            {
              "introduced": "0"
            },
            {
              "fixed": "1.6.1"
            }
          ]
        }
      ]
    }
  ],
  "references": [
    {
      "type": "ADVISORY",
      "url": "https://nvd.nist.gov/vuln/detail/CVE-2017-8658"
    },
    {
      "type": "WEB",
      "url": "https://github.com/chakra-core/ChakraCore/pull/3509"
    },
    {
      "type": "WEB",
      "url": "https://github.com/chakra-core/ChakraCore/commit/2500e1cdc12cb35af73d5c8c9b85656aba6bab4d"
    },
    {
      "type": "PACKAGE",
      "url": "https://github.com/chakra-core/ChakraCore"
    },
    {
      "type": "WEB",
      "url": "https://portal.msrc.microsoft.com/en-US/security-guidance/advisory/CVE-2017-8658"
    },
    {
      "type": "WEB",
      "url": "https://web.archive.org/web/20210124090857/http://www.securityfocus.com/bid/100036"
    }
  ],
  "database_specific": {
    "cwe_ids": [
      "CWE-119"
    ],
    "severity": "CRITICAL",
    "github_reviewed": true,
    "github_reviewed_at": "2023-07-27T21:33:54Z",
    "nvd_published_at": "2017-08-11T01:29:00Z"
  }
}