{
  "schema_version": "1.4.0",
  "id": "GHSA-c3h9-q3jx-w7fc",
  "modified": "2024-05-24T14:53:33Z",
  "published": "2024-05-24T14:53:33Z",
  "aliases": [
    "CVE-2024-5314"
  ],
  "summary": "Dolibarr vulnerable to SQL Injection",
  "details": "Vulnerabilities in Dolibarr ERP - CRM that affect version 9.0.1 and allow SQL injection. These vulnerabilities could allow a remote attacker to send a specially crafted SQL query to the system and retrieve all the information stored in the database through the parameters sortorder y sortfield in /dolibarr/admin/dict.php.",
  "severity": [
    {
      "type": "CVSS_V3",
      "score": "CVSS:3.1/AV:N/AC:L/PR:N/UI:N/S:U/C:H/I:H/A:N"
    }
  ],
  "affected": [
    {
      "package": {
        "ecosystem": "Packagist",
        "name": "dolibarr/dolibarr"
      },
      "ranges": [
        {
          "type": "ECOSYSTEM",
          "events": [
            {
              "introduced": "0"
            },
            {
              "last_affected": "9.0.1"
            }
          ]
        }
      ]
    }
  ],
  "references": [
    {
      "type": "ADVISORY",
      "url": "https://nvd.nist.gov/vuln/detail/CVE-2024-5314"
    },
    {
      "type": "PACKAGE",
      "url": "https://github.com/Dolibarr/dolibarr"
    },
    {
      "type": "WEB",
      "url": "https://www.incibe.es/en/incibe-cert/notices/aviso/multiple-vulnerabilities-dolibarrs-erp-cms"
    }
  ],
  "database_specific": {
    "cwe_ids": [
      "CWE-89"
    ],
    "severity": "CRITICAL",
    "github_reviewed": true,
    "github_reviewed_at": "2024-05-24T14:53:33Z",
    "nvd_published_at": "2024-05-24T10:15:10Z"
  }
}