{
  "schema_version": "1.4.0",
  "id": "GHSA-4574-qv3w-fcmg",
  "modified": "2021-08-30T19:17:39Z",
  "published": "2021-09-01T18:36:15Z",
  "aliases": [
    "CVE-2021-23420"
  ],
  "summary": " Deserialization of Untrusted Data in codeception/codeception",
  "details": "This affects the package codeception/codeception from 4.0.0 before 4.1.22 and before 3.1.3. The RunProcess class can be leveraged as a gadget to run arbitrary commands on a system that is deserializing user input without validation.",
  "severity": [
    {
      "type": "CVSS_V3",
      "score": "CVSS:3.1/AV:N/AC:L/PR:N/UI:N/S:U/C:H/I:H/A:H"
    }
  ],
  "affected": [
    {
      "package": {
        "ecosystem": "Packagist",
        "name": "codeception/codeception"
      },
      "ranges": [
        {
          "type": "ECOSYSTEM",
          "events": [
            {
              "introduced": "0"
            },
            {
              "fixed": "3.1.3"
            }
          ]
        }
      ]
    },
    {
      "package": {
        "ecosystem": "Packagist",
        "name": "codeception/codeception"
      },
      "ranges": [
        {
          "type": "ECOSYSTEM",
          "events": [
            {
              "introduced": "4.0.0"
            },
            {
              "fixed": "4.1.22"
            }
          ]
        }
      ]
    }
  ],
  "references": [
    {
      "type": "ADVISORY",
      "url": "https://nvd.nist.gov/vuln/detail/CVE-2021-23420"
    },
    {
      "type": "WEB",
      "url": "https://github.com/Codeception/Codeception/pull/6241"
    },
    {
      "type": "WEB",
      "url": "https://github.com/Codeception/Codeception/commit/802a108057d250ee563120eaa5365a519afc0a71"
    },
    {
      "type": "WEB",
      "url": "https://github.com/Codeception/Codeception/commit/cbce9ea7f4664052fa1ac6b36f5b5a6dbd864d71"
    },
    {
      "type": "PACKAGE",
      "url": "https://github.com/Codeception/Codeception"
    },
    {
      "type": "WEB",
      "url": "https://github.com/Codeception/Codeception/blob/4.1/CHANGELOG-4.x.md#4122"
    },
    {
      "type": "WEB",
      "url": "https://github.com/Codeception/Codeception/blob/4.1/ext/RunProcess.php#L52"
    },
    {
      "type": "WEB",
      "url": "https://github.com/FriendsOfPHP/security-advisories/blob/master/codeception/codeception/CVE-2021-23420.yaml"
    },
    {
      "type": "WEB",
      "url": "https://github.com/JinYiTong/poc"
    },
    {
      "type": "ADVISORY",
      "url": "https://github.com/advisories/GHSA-4574-qv3w-fcmg"
    },
    {
      "type": "WEB",
      "url": "https://snyk.io/vuln/SNYK-PHP-CODECEPTIONCODECEPTION-1324585"
    }
  ],
  "database_specific": {
    "cwe_ids": [
      "CWE-502"
    ],
    "severity": "CRITICAL",
    "github_reviewed": true,
    "github_reviewed_at": "2021-08-30T19:17:39Z",
    "nvd_published_at": "2021-08-11T13:15:00Z"
  }
}