{
  "schema_version": "1.4.0",
  "id": "GHSA-vv52-3mrp-455m",
  "modified": "2020-08-31T19:01:56Z",
  "published": "2020-09-03T15:53:36Z",
  "aliases": [],
  "summary": "Malicious Package in m-backdoor",
  "details": "All versions of `m-backdoor` contain malicious code. The package downloads a file from a remote server and executes it as a preinstall script. At the time of the release of this advisory the downloaded file only defaces websites by removing elements randomly from the DOM. \n\n\n## Recommendation\n\nRemove the package from your system.",
  "severity": [],
  "affected": [
    {
      "package": {
        "ecosystem": "npm",
        "name": "m-backdoor"
      },
      "ranges": [
        {
          "type": "ECOSYSTEM",
          "events": [
            {
              "introduced": "0.0.0"
            }
          ]
        }
      ]
    }
  ],
  "references": [
    {
      "type": "WEB",
      "url": "https://www.npmjs.com/advisories/1513"
    }
  ],
  "database_specific": {
    "cwe_ids": [
      "CWE-506"
    ],
    "severity": "CRITICAL",
    "github_reviewed": true,
    "github_reviewed_at": "2020-08-31T19:01:56Z",
    "nvd_published_at": null
  }
}