{
  "schema_version": "1.4.0",
  "id": "GHSA-83g7-8fch-p37m",
  "modified": "2022-12-01T22:10:00Z",
  "published": "2022-11-26T03:30:27Z",
  "aliases": [
    "CVE-2022-45908"
  ],
  "summary": "PaddlePaddle vulnerable to code injection via winstr",
  "details": "In PaddlePaddle before 2.4, paddle.audio.functional.get_window is vulnerable to code injection because it calls eval on a user-supplied winstr. This may lead to arbitrary code execution.",
  "severity": [
    {
      "type": "CVSS_V3",
      "score": "CVSS:3.1/AV:N/AC:L/PR:N/UI:N/S:U/C:H/I:H/A:H"
    }
  ],
  "affected": [
    {
      "package": {
        "ecosystem": "PyPI",
        "name": "paddlepaddle"
      },
      "ranges": [
        {
          "type": "ECOSYSTEM",
          "events": [
            {
              "introduced": "0"
            },
            {
              "fixed": "2.4"
            }
          ]
        }
      ]
    }
  ],
  "references": [
    {
      "type": "ADVISORY",
      "url": "https://nvd.nist.gov/vuln/detail/CVE-2022-45908"
    },
    {
      "type": "WEB",
      "url": "https://github.com/PaddlePaddle/Paddle/commit/26c419ca386aeae3c461faf2b828d00b48e908eb"
    },
    {
      "type": "PACKAGE",
      "url": "https://github.com/PaddlePaddle/Paddle"
    },
    {
      "type": "WEB",
      "url": "https://github.com/PaddlePaddle/Paddle/blob/develop/security/advisory/pdsa-2022-002.md"
    }
  ],
  "database_specific": {
    "cwe_ids": [
      "CWE-94"
    ],
    "severity": "CRITICAL",
    "github_reviewed": true,
    "github_reviewed_at": "2022-11-30T21:19:52Z",
    "nvd_published_at": "2022-11-26T02:15:00Z"
  }
}