{
  "schema_version": "1.4.0",
  "id": "GHSA-c4q5-6c82-3qpw",
  "modified": "2025-01-24T21:31:27Z",
  "published": "2024-10-28T09:30:53Z",
  "aliases": [
    "CVE-2024-38821"
  ],
  "summary": "Spring Security vulnerable to Authorization Bypass of Static Resources in WebFlux Applications",
  "details": "Spring WebFlux applications that have Spring Security authorization rules on static resources can be bypassed under certain circumstances.\n\nFor this to impact an application, all of the following must be true:\n\n  *  It must be a WebFlux application\n  *  It must be using Spring's static resources support\n  *  It must have a non-permitAll authorization rule applied to the static resources support",
  "severity": [
    {
      "type": "CVSS_V3",
      "score": "CVSS:3.1/AV:N/AC:L/PR:N/UI:N/S:U/C:H/I:H/A:N"
    },
    {
      "type": "CVSS_V4",
      "score": "CVSS:4.0/AV:N/AC:L/AT:N/PR:N/UI:N/VC:H/VI:H/VA:N/SC:N/SI:N/SA:N"
    }
  ],
  "affected": [
    {
      "package": {
        "ecosystem": "Maven",
        "name": "org.springframework.security:spring-security-web"
      },
      "ranges": [
        {
          "type": "ECOSYSTEM",
          "events": [
            {
              "introduced": "0"
            },
            {
              "fixed": "5.7.13"
            }
          ]
        }
      ]
    },
    {
      "package": {
        "ecosystem": "Maven",
        "name": "org.springframework.security:spring-security-web"
      },
      "ranges": [
        {
          "type": "ECOSYSTEM",
          "events": [
            {
              "introduced": "5.8.0"
            },
            {
              "fixed": "5.8.15"
            }
          ]
        }
      ]
    },
    {
      "package": {
        "ecosystem": "Maven",
        "name": "org.springframework.security:spring-security-web"
      },
      "ranges": [
        {
          "type": "ECOSYSTEM",
          "events": [
            {
              "introduced": "6.2.0"
            },
            {
              "fixed": "6.2.7"
            }
          ]
        }
      ]
    },
    {
      "package": {
        "ecosystem": "Maven",
        "name": "org.springframework.security:spring-security-web"
      },
      "ranges": [
        {
          "type": "ECOSYSTEM",
          "events": [
            {
              "introduced": "6.0.0"
            },
            {
              "fixed": "6.0.13"
            }
          ]
        }
      ]
    },
    {
      "package": {
        "ecosystem": "Maven",
        "name": "org.springframework.security:spring-security-web"
      },
      "ranges": [
        {
          "type": "ECOSYSTEM",
          "events": [
            {
              "introduced": "6.1.0"
            },
            {
              "fixed": "6.1.11"
            }
          ]
        }
      ]
    },
    {
      "package": {
        "ecosystem": "Maven",
        "name": "org.springframework.security:spring-security-web"
      },
      "ranges": [
        {
          "type": "ECOSYSTEM",
          "events": [
            {
              "introduced": "6.3.0"
            },
            {
              "fixed": "6.3.4"
            }
          ]
        }
      ]
    }
  ],
  "references": [
    {
      "type": "ADVISORY",
      "url": "https://nvd.nist.gov/vuln/detail/CVE-2024-38821"
    },
    {
      "type": "WEB",
      "url": "https://github.com/spring-projects/spring-security/commit/0e257b56ce35402558a260ffa6b368982f9a7934"
    },
    {
      "type": "WEB",
      "url": "https://github.com/spring-projects/spring-security/commit/4ce7cde15599c0447163fd46bac616e03318bf5b"
    },
    {
      "type": "PACKAGE",
      "url": "https://github.com/spring-projects/spring-security"
    },
    {
      "type": "WEB",
      "url": "https://security.netapp.com/advisory/ntap-20250124-0006"
    },
    {
      "type": "WEB",
      "url": "https://spring.io/security/cve-2024-38821"
    }
  ],
  "database_specific": {
    "cwe_ids": [
      "CWE-285",
      "CWE-770"
    ],
    "severity": "CRITICAL",
    "github_reviewed": true,
    "github_reviewed_at": "2024-10-28T15:19:32Z",
    "nvd_published_at": "2024-10-28T07:15:07Z"
  }
}