{
  "schema_version": "1.4.0",
  "id": "GHSA-mwxj-g7fw-7hc8",
  "modified": "2023-06-26T16:33:58Z",
  "published": "2023-06-22T19:59:33Z",
  "aliases": [
    "CVE-2023-35158"
  ],
  "summary": "XWiki Platform vulnerable to reflected cross-site scripting via xredirect parameter in restore template",
  "details": "### Impact\nUsers are able to forge an URL with a payload allowing to inject Javascript in the page (XSS).\nIt's possible to exploit the restore template to perform a XSS, e.g. by using URL such as:\n\n> /xwiki/bin/view/XWiki/Main?xpage=restore&showBatch=true&xredirect=javascript:alert(document.domain)\n\nThis vulnerability exists since XWiki 9.4-rc-1.\n\n### Patches\n\nThe vulnerability has been patched in XWiki 14.10.5 and 15.1-rc-1. \n\n### Workarounds\n\nIt's possible to workaround the vulnerability by editing the template restore.vm to perform checks on it, but note that the appropriate fix involves new APIs that have been recently introduced in XWiki. See the referenced jira tickets.\n\n### References\n\n  * Vulnerability in restore template: https://jira.xwiki.org/browse/XWIKI-20352\n  * Introduction of the macro used for fixing this vulnerability: https://jira.xwiki.org/browse/XWIKI-20583\n  * Commit containing the actual fix in the template: https://github.com/xwiki/xwiki-platform/commit/d5472100606c8355ed44ada273e91df91f682738\n\n### For more information\n\nIf you have any questions or comments about this advisory:\n* Open an issue in [Jira XWiki.org](https://jira.xwiki.org/)\n* Email us at [Security Mailing List](mailto:security@xwiki.org)\n\n### Attribution\n\nBoth vulnerabilities about the delete and restore templates have been reported by Ren\u00e9 de Sain @renniepak.",
  "severity": [
    {
      "type": "CVSS_V3",
      "score": "CVSS:3.1/AV:N/AC:L/PR:N/UI:R/S:C/C:H/I:H/A:H"
    }
  ],
  "affected": [
    {
      "package": {
        "ecosystem": "Maven",
        "name": "org.xwiki.platform:xwiki-platform-flamingo-skin-resources"
      },
      "ranges": [
        {
          "type": "ECOSYSTEM",
          "events": [
            {
              "introduced": "9.4-rc-1"
            },
            {
              "fixed": "14.10.5"
            }
          ]
        }
      ]
    },
    {
      "package": {
        "ecosystem": "Maven",
        "name": "org.xwiki.platform:xwiki-platform-flamingo-skin-resources"
      },
      "ranges": [
        {
          "type": "ECOSYSTEM",
          "events": [
            {
              "introduced": "15.0-rc-1"
            },
            {
              "fixed": "15.1-rc-1"
            }
          ]
        }
      ]
    }
  ],
  "references": [
    {
      "type": "WEB",
      "url": "https://github.com/xwiki/xwiki-platform/security/advisories/GHSA-mwxj-g7fw-7hc8"
    },
    {
      "type": "ADVISORY",
      "url": "https://nvd.nist.gov/vuln/detail/CVE-2023-35158"
    },
    {
      "type": "WEB",
      "url": "https://github.com/xwiki/xwiki-platform/commit/d5472100606c8355ed44ada273e91df91f682738"
    },
    {
      "type": "PACKAGE",
      "url": "https://github.com/xwiki/xwiki-platform"
    },
    {
      "type": "WEB",
      "url": "https://jira.xwiki.org/browse/XWIKI-20352"
    },
    {
      "type": "WEB",
      "url": "https://jira.xwiki.org/browse/XWIKI-20583"
    }
  ],
  "database_specific": {
    "cwe_ids": [
      "CWE-87"
    ],
    "severity": "CRITICAL",
    "github_reviewed": true,
    "github_reviewed_at": "2023-06-22T19:59:33Z",
    "nvd_published_at": "2023-06-23T19:15:09Z"
  }
}