{
  "schema_version": "1.4.0",
  "id": "GHSA-fvx3-g627-phm2",
  "modified": "2023-09-05T23:27:35Z",
  "published": "2019-04-18T14:27:42Z",
  "aliases": [
    "CVE-2019-10686"
  ],
  "summary": "Server-Side Request Forgery (SSRF) in com.ctrip.framework.apollo:apollo",
  "details": "An SSRF vulnerability was found in an API from Ctrip Apollo through 1.4.0-SNAPSHOT. An attacker may use it to do an intranet port scan or raise a GET request via `/system-info/health` because the `%23` substring is mishandled.",
  "severity": [
    {
      "type": "CVSS_V3",
      "score": "CVSS:3.0/AV:N/AC:L/PR:N/UI:N/S:C/C:H/I:H/A:H"
    }
  ],
  "affected": [
    {
      "package": {
        "ecosystem": "Maven",
        "name": "com.ctrip.framework.apollo:apollo"
      },
      "ranges": [
        {
          "type": "ECOSYSTEM",
          "events": [
            {
              "introduced": "0"
            },
            {
              "last_affected": "1.3.0"
            }
          ]
        }
      ]
    }
  ],
  "references": [
    {
      "type": "ADVISORY",
      "url": "https://nvd.nist.gov/vuln/detail/CVE-2019-10686"
    },
    {
      "type": "WEB",
      "url": "https://github.com/ctripcorp/apollo/issues/2103"
    },
    {
      "type": "ADVISORY",
      "url": "https://github.com/advisories/GHSA-fvx3-g627-phm2"
    },
    {
      "type": "PACKAGE",
      "url": "https://github.com/ctripcorp/apollo"
    }
  ],
  "database_specific": {
    "cwe_ids": [
      "CWE-918"
    ],
    "severity": "CRITICAL",
    "github_reviewed": true,
    "github_reviewed_at": "2020-06-16T21:35:29Z",
    "nvd_published_at": null
  }
}