{
  "schema_version": "1.4.0",
  "id": "GHSA-9766-5277-j5hr",
  "modified": "2024-05-22T13:26:07Z",
  "published": "2024-05-21T18:07:09Z",
  "aliases": [
    "CVE-2024-31989"
  ],
  "summary": "ArgoCD Vulnerable to Use of Risky or Missing Cryptographic Algorithms in Redis Cache",
  "details": "### Summary\nBy default, the Redis database server is not password-protected. Consequently, an attacker with access to the Redis server can gain read/write access to the data in Redis. The attacker can also modify the \"mfst\" (manifest) key to cause ArgoCD to execute any deployment, potentially leveraging ArgoCD's high privileges to take over the cluster. Updating the \"cacheEntryHash\" in the manifest JSON is necessary, but since it doesn't use a private key for signing its integrity, a simple script can generate a new FNV64a hash matching the new manifest values. The repo-server, unable to verify if its cache is compromised, will read the altered \"mfst\" key and initiate an update process for the injected deployment.\n\nIt's also possible to edit the \"app|resources-tree\" key, causing the ArgoCD server to load any Kubernetes resource into the live manifest section of the app preview. This could lead to an information leak.\n\nThe fact that the cache in Redis is neither signed nor validated, combined with Redis's default lack of password protection, presents a significant security concern given ArgoCD's high-level permissions within the cluster. A security update should ensure all Redis database values are signed or encrypted.\n\n\n### Details\nWe began by deploying ArgoCD on an EKS cluster. Surprisingly, we discovered that an unprivileged pod in a different namespace on the same cluster could connect to the Redis server on port 6379. This was unexpected, as we had observed network policy rules restricting access to the Redis server to only the pods application-controller, repo-server, and argocd-server. We later realized that, despite having installed the latest version of the VPC CNI plugin on the EKS cluster, it requires manual enablement through configuration to enforce network policies. This raises concerns that many clients might unknowingly have open access to their Redis servers. We also know your recommendation on this page [Argo CD - Secret Management](https://argo-cd.readthedocs.io/en/stable/operator-manual/secret-management/#mitigating-risks-of-secret-injection-plugins), to enable the network policy plugin.\nFurther investigation revealed that any pod within my cluster could connect to the Redis server by resolving its address using the Kubernetes DNS server. Exploring the contents of the Redis server, we found that we could edit the 'mfst' value of the latest revision. By updating the \u201ccacheEntryHash\u201d, we made the repo-server accept it as a legitimate cache, leading ArgoCD to apply this configuration.\nThese tests were conducted using the default configuration, with regular ArgoCD and ArgoCD via helm deployment. This scenario presents a viable attack path, enabling any pod with access to the cluster to potentially exploit ArgoCD's high permissions and take over the cluster. We believe there is a critical need to enhance the security of the cache and its components. Given that many clients likely use ArgoCD in a plug-and-play manner, they could be exposed to significant risk. I am willing to offer assistance or answer any questions you might have.\n\n\n### PoC\nWe tested this using the latest version of ArgoCD, configured with default settings. ArgoCD was installed either by applying a YAML file or through Helm. We wrote a few Go programs to decompress the Redis values and regenerate the \"cacheEntryHash\", but these programs were relatively straightforward.\n\nTo modify the cluster deployment, you can alter the \"mfst\" key of the latest revision. For instance, add the following line:\n\n```json\n{\"apiVersion\":\"apps/v1\",\"kind\":\"Deployment\",\"metadata\":{\"labels\":{\"app.kubernetes.io/instance\":\"myapp1\"},\"name\":\"everything-allowed\"},\"spec\":{\"replicas\":1,\"selector\":{\"matchLabels\":{\"app\":\"everything-allowed\"}},\"template\":{\"metadata\":{\"labels\":{\"app\":\"everything-allowed\"}},\"spec\":{\"containers\":[{\"args\":[\"while true; do sleep 30; done;\"],\"command\":[\"/bin/sh\",\"-c\",\"--\"],\"image\":\"ubuntu\",\"name\":\"everything-allowed-pod\",\"securityContext\":{\"privileged\":true},\"volumeMounts\":[{\"mountPath\":\"/host\",\"name\":\"noderoot\"}]}],\"hostIPC\":true,\"hostNetwork\":true,\"hostPID\":true,\"volumes\":[{\"hostPath\":{\"path\":\"/\"},\"name\":\"noderoot\"}]}}}\n```\n\nThis addition creates a highly privileged pod.\n\nTo cause the web page to load a different Kubernetes resource in the \"Live Manifest\", edit the \"app|resources-tree\" manifest. Modify one of the component's kind, namespace, and name. Upon reloading the web page and clicking on the newly created asset, an error message appears: \"Unable to load data: argocd-secret not found as part of application myapp.\" However, the resource's description is still transmitted to the browser, as seen in this URL format:\n\n```\nhttps://127.0.0.1:8081/api/v1/applications/myapp/resource?name=argocd-secret&appNamespace=argocd&namespace=argocd&resourceName=argocd-secret&version=v1&kind=Secret&group=\n```\n\nThis situation results in information leakage.\n\n### Impact\nThis vulnerability could lead to Privilege Escalation to the level of cluster controller, or to information leakage, affecting anyone who does not have strict access controls on their Redis instance.",
  "severity": [
    {
      "type": "CVSS_V3",
      "score": "CVSS:3.1/AV:A/AC:L/PR:L/UI:N/S:C/C:H/I:H/A:H"
    }
  ],
  "affected": [
    {
      "package": {
        "ecosystem": "Go",
        "name": "github.com/argoproj/argo-cd/v2"
      },
      "ranges": [
        {
          "type": "ECOSYSTEM",
          "events": [
            {
              "introduced": "0"
            },
            {
              "fixed": "2.8.19"
            }
          ]
        }
      ]
    },
    {
      "package": {
        "ecosystem": "Go",
        "name": "github.com/argoproj/argo-cd/v2"
      },
      "ranges": [
        {
          "type": "ECOSYSTEM",
          "events": [
            {
              "introduced": "2.9.0-rc1"
            },
            {
              "fixed": "2.9.15"
            }
          ]
        }
      ]
    },
    {
      "package": {
        "ecosystem": "Go",
        "name": "github.com/argoproj/argo-cd/v2"
      },
      "ranges": [
        {
          "type": "ECOSYSTEM",
          "events": [
            {
              "introduced": "2.10.0-rc1"
            },
            {
              "fixed": "2.10.10"
            }
          ]
        }
      ]
    },
    {
      "package": {
        "ecosystem": "Go",
        "name": "github.com/argoproj/argo-cd/v2"
      },
      "ranges": [
        {
          "type": "ECOSYSTEM",
          "events": [
            {
              "introduced": "2.11.0-rc1"
            },
            {
              "fixed": "2.11.1"
            }
          ]
        }
      ]
    },
    {
      "package": {
        "ecosystem": "Go",
        "name": "github.com/argoproj/argo-cd"
      },
      "ranges": [
        {
          "type": "ECOSYSTEM",
          "events": [
            {
              "introduced": "0"
            },
            {
              "last_affected": "1.8.7"
            }
          ]
        }
      ]
    }
  ],
  "references": [
    {
      "type": "WEB",
      "url": "https://github.com/argoproj/argo-cd/security/advisories/GHSA-9766-5277-j5hr"
    },
    {
      "type": "ADVISORY",
      "url": "https://nvd.nist.gov/vuln/detail/CVE-2024-31989"
    },
    {
      "type": "WEB",
      "url": "https://github.com/argoproj/argo-cd/commit/2de0ceade243039c120c28374016c04ff9590d1d"
    },
    {
      "type": "WEB",
      "url": "https://github.com/argoproj/argo-cd/commit/35a7d6c7fa1534aceba763d6a68697f36c12e678"
    },
    {
      "type": "WEB",
      "url": "https://github.com/argoproj/argo-cd/commit/4e2fe302c3352a0012ecbe7f03476b0e07f7fc6c"
    },
    {
      "type": "WEB",
      "url": "https://github.com/argoproj/argo-cd/commit/53570cbd143bced49d4376d6e31bd9c7bd2659ff"
    },
    {
      "type": "WEB",
      "url": "https://github.com/argoproj/argo-cd/commit/6ef7b62a0f67e74b4aac2aee31c98ae49dd95d12"
    },
    {
      "type": "WEB",
      "url": "https://github.com/argoproj/argo-cd/commit/9552034a80070a93a161bfa330359585f3b85f07"
    },
    {
      "type": "WEB",
      "url": "https://github.com/argoproj/argo-cd/commit/bdd889d43969ba738ddd15e1f674d27964048994"
    },
    {
      "type": "WEB",
      "url": "https://github.com/argoproj/argo-cd/commit/f1a449e83ee73f8f14d441563b6a31b504f8d8b0"
    },
    {
      "type": "PACKAGE",
      "url": "https://github.com/argoproj/argo-cd"
    }
  ],
  "database_specific": {
    "cwe_ids": [
      "CWE-327"
    ],
    "severity": "CRITICAL",
    "github_reviewed": true,
    "github_reviewed_at": "2024-05-21T18:07:09Z",
    "nvd_published_at": "2024-05-21T19:15:09Z"
  }
}