{
  "schema_version": "1.4.0",
  "id": "GHSA-65hj-9ppw-77xc",
  "modified": "2022-12-21T18:16:26Z",
  "published": "2022-12-01T06:30:26Z",
  "aliases": [
    "CVE-2022-44262"
  ],
  "summary": "ff4j is vulnerable to Remote Code Execution (RCE)",
  "details": "ff4j 1.8.1 is vulnerable to Remote Code Execution (RCE). This issue has been patched in version 1.9.",
  "severity": [
    {
      "type": "CVSS_V3",
      "score": "CVSS:3.1/AV:N/AC:L/PR:N/UI:N/S:U/C:H/I:H/A:H"
    }
  ],
  "affected": [
    {
      "package": {
        "ecosystem": "Maven",
        "name": "org.ff4j:ff4j-core"
      },
      "ranges": [
        {
          "type": "ECOSYSTEM",
          "events": [
            {
              "introduced": "1.8.1"
            },
            {
              "fixed": "1.9"
            }
          ]
        }
      ]
    }
  ],
  "references": [
    {
      "type": "ADVISORY",
      "url": "https://nvd.nist.gov/vuln/detail/CVE-2022-44262"
    },
    {
      "type": "WEB",
      "url": "https://github.com/ff4j/ff4j/issues/624"
    },
    {
      "type": "WEB",
      "url": "https://github.com/ff4j/ff4j/commit/62d03140f3bfbd380d0f4b4e5a94dcb8baa9d9c6"
    },
    {
      "type": "PACKAGE",
      "url": "https://github.com/ff4j/ff4j"
    }
  ],
  "database_specific": {
    "cwe_ids": [
      "CWE-94"
    ],
    "severity": "CRITICAL",
    "github_reviewed": true,
    "github_reviewed_at": "2022-12-05T22:13:55Z",
    "nvd_published_at": "2022-12-01T05:15:00Z"
  }
}