{
  "schema_version": "1.4.0",
  "id": "GHSA-2877-693q-pj33",
  "modified": "2022-03-14T21:30:21Z",
  "published": "2022-03-07T00:00:40Z",
  "aliases": [
    "CVE-2021-46704"
  ],
  "summary": "OS Command Injection in GenieACS",
  "details": "In GenieACS 1.2.x before 1.2.8, the UI interface API is vulnerable to unauthenticated OS command injection via the ping host argument (lib/ui/api.ts and lib/ping.ts). The vulnerability arises from insufficient input validation combined with a missing authorization check.",
  "severity": [
    {
      "type": "CVSS_V3",
      "score": "CVSS:3.1/AV:N/AC:L/PR:N/UI:N/S:U/C:H/I:H/A:H"
    }
  ],
  "affected": [
    {
      "package": {
        "ecosystem": "npm",
        "name": "genieacs"
      },
      "ranges": [
        {
          "type": "ECOSYSTEM",
          "events": [
            {
              "introduced": "0"
            },
            {
              "fixed": "1.2.8"
            }
          ]
        }
      ]
    }
  ],
  "references": [
    {
      "type": "ADVISORY",
      "url": "https://nvd.nist.gov/vuln/detail/CVE-2021-46704"
    },
    {
      "type": "WEB",
      "url": "https://github.com/genieacs/genieacs/commit/7f295beeecc1c1f14308a93c82413bb334045af6"
    },
    {
      "type": "PACKAGE",
      "url": "https://github.com/genieacs/genieacs"
    },
    {
      "type": "WEB",
      "url": "https://github.com/genieacs/genieacs/releases/tag/v1.2.8"
    }
  ],
  "database_specific": {
    "cwe_ids": [
      "CWE-78"
    ],
    "severity": "CRITICAL",
    "github_reviewed": true,
    "github_reviewed_at": "2022-03-07T20:11:56Z",
    "nvd_published_at": "2022-03-06T07:15:00Z"
  }
}