{
  "schema_version": "1.4.0",
  "id": "GHSA-hfc6-79wv-5hpw",
  "modified": "2021-09-24T16:47:49Z",
  "published": "2020-09-01T19:48:13Z",
  "aliases": [],
  "summary": "Malicious Package in blingjs",
  "details": "Version 0.0.4 of `blingjs` contained malicious code. The code when executed in the browser would enumerate password, cvc, cardnumber fields from forms and send the extracted values to `https://js-metrics.com/minjs.php?pl=`\n\n\n\n## Recommendation\n\nIf version 0.0.4 of this module is found installed you will want to replace it with a version before or after 0.0.4. In addition to replacing the installed module, you will also want to evaluate your application to determine whether or not user data was compromised.",
  "severity": [
    {
      "type": "CVSS_V3",
      "score": "CVSS:3.1/AV:N/AC:L/PR:N/UI:N/S:U/C:H/I:H/A:H"
    }
  ],
  "affected": [
    {
      "package": {
        "ecosystem": "npm",
        "name": "blingjs"
      },
      "versions": [
        "0.0.4"
      ]
    }
  ],
  "references": [
    {
      "type": "PACKAGE",
      "url": "https://github.com/jamiller619/blingjs"
    },
    {
      "type": "WEB",
      "url": "https://snyk.io/vuln/SNYK-JS-BLINGJS-451007"
    },
    {
      "type": "WEB",
      "url": "https://www.npmjs.com/advisories/619"
    }
  ],
  "database_specific": {
    "cwe_ids": [
      "CWE-506"
    ],
    "severity": "CRITICAL",
    "github_reviewed": true,
    "github_reviewed_at": "2020-08-31T18:30:08Z",
    "nvd_published_at": null
  }
}