{
  "schema_version": "1.4.0",
  "id": "GHSA-mpv3-g8m3-3fjc",
  "modified": "2025-02-13T19:00:46Z",
  "published": "2023-06-22T21:30:49Z",
  "aliases": [
    "CVE-2023-3128"
  ],
  "summary": "Grafana vulnerable to Authentication Bypass by Spoofing",
  "details": "Grafana is validating Azure AD accounts based on the email claim. \n\nOn Azure AD, the profile email field is not unique and can be easily modified. \n\nThis leads to account takeover and authentication bypass when Azure AD OAuth is configured with a multi-tenant app.",
  "severity": [
    {
      "type": "CVSS_V3",
      "score": "CVSS:3.1/AV:N/AC:L/PR:N/UI:N/S:U/C:H/I:H/A:L"
    }
  ],
  "affected": [
    {
      "package": {
        "ecosystem": "Go",
        "name": "github.com/grafana/grafana"
      },
      "ranges": [
        {
          "type": "ECOSYSTEM",
          "events": [
            {
              "introduced": "9.4.0"
            },
            {
              "fixed": "9.4.13"
            }
          ]
        }
      ]
    },
    {
      "package": {
        "ecosystem": "Go",
        "name": "github.com/grafana/grafana"
      },
      "ranges": [
        {
          "type": "ECOSYSTEM",
          "events": [
            {
              "introduced": "9.3.0"
            },
            {
              "fixed": "9.3.16"
            }
          ]
        }
      ]
    },
    {
      "package": {
        "ecosystem": "Go",
        "name": "github.com/grafana/grafana"
      },
      "ranges": [
        {
          "type": "ECOSYSTEM",
          "events": [
            {
              "introduced": "9.0.0"
            },
            {
              "fixed": "9.2.20"
            }
          ]
        }
      ]
    },
    {
      "package": {
        "ecosystem": "Go",
        "name": "github.com/grafana/grafana"
      },
      "ranges": [
        {
          "type": "ECOSYSTEM",
          "events": [
            {
              "introduced": "0"
            },
            {
              "fixed": "8.5.27"
            }
          ]
        }
      ]
    }
  ],
  "references": [
    {
      "type": "WEB",
      "url": "https://github.com/grafana/bugbounty/security/advisories/GHSA-gxh2-6vvc-rrgp"
    },
    {
      "type": "ADVISORY",
      "url": "https://nvd.nist.gov/vuln/detail/CVE-2023-3128"
    },
    {
      "type": "PACKAGE",
      "url": "https://github.com/grafana/grafana"
    },
    {
      "type": "WEB",
      "url": "https://github.com/grafana/grafana/blob/69fc4e6bc0be2a82085ab3885c2262a4d49e97d8/CHANGELOG.md"
    },
    {
      "type": "WEB",
      "url": "https://grafana.com/security/security-advisories/cve-2023-3128"
    },
    {
      "type": "WEB",
      "url": "https://security.netapp.com/advisory/ntap-20230714-0004"
    }
  ],
  "database_specific": {
    "cwe_ids": [
      "CWE-290"
    ],
    "severity": "CRITICAL",
    "github_reviewed": true,
    "github_reviewed_at": "2023-06-23T21:38:39Z",
    "nvd_published_at": "2023-06-22T21:15:09Z"
  }
}