{
  "schema_version": "1.4.0",
  "id": "GHSA-qwfw-gxx2-mmv2",
  "modified": "2021-09-22T21:50:54Z",
  "published": "2020-07-27T22:51:37Z",
  "aliases": [
    "CVE-2020-13925"
  ],
  "summary": "Command Injection in Kylin",
  "details": "Similar to CVE-2020-1956, Kylin has one more restful API which concatenates the API inputs into OS commands and then executes them on the server; while the reported API misses necessary input validation, which causes the hackers to have the possibility to execute OS command remotely. Users of all previous versions after 2.3 should upgrade to 3.1.0.",
  "severity": [
    {
      "type": "CVSS_V3",
      "score": "CVSS:3.1/AV:N/AC:L/PR:N/UI:N/S:U/C:H/I:H/A:H"
    }
  ],
  "affected": [
    {
      "package": {
        "ecosystem": "Maven",
        "name": "org.apache.kylin:kylin-server-base"
      },
      "ranges": [
        {
          "type": "ECOSYSTEM",
          "events": [
            {
              "introduced": "0"
            },
            {
              "fixed": "3.1.0"
            }
          ]
        }
      ]
    }
  ],
  "references": [
    {
      "type": "ADVISORY",
      "url": "https://nvd.nist.gov/vuln/detail/CVE-2020-13925"
    },
    {
      "type": "WEB",
      "url": "https://lists.apache.org/thread.html/r021baf9d8d4ae41e8c8332c167c4fa96c91b5086563d9be55d2d7acf@%3Ccommits.kylin.apache.org%3E"
    },
    {
      "type": "WEB",
      "url": "https://lists.apache.org/thread.html/r250a867961cfd6e0506240a9c7eaee782d84c6ab0091c7c4bc45f3eb%40%3Cuser.kylin.apache.org%3E"
    },
    {
      "type": "WEB",
      "url": "https://snyk.io/vuln/SNYK-JAVA-ORGAPACHEKYLIN-584373"
    }
  ],
  "database_specific": {
    "cwe_ids": [
      "CWE-78"
    ],
    "severity": "CRITICAL",
    "github_reviewed": true,
    "github_reviewed_at": "2020-07-27T22:49:53Z",
    "nvd_published_at": null
  }
}