{
  "schema_version": "1.4.0",
  "id": "GHSA-xpwp-rq3x-x6v7",
  "modified": "2020-06-16T22:03:58Z",
  "published": "2018-10-16T17:35:04Z",
  "aliases": [
    "CVE-2017-0907"
  ],
  "summary": "Critical severity vulnerability that affects recurly-api-client",
  "details": "The Recurly Client .NET Library before 1.0.1, 1.1.10, 1.2.8, 1.3.2, 1.4.14, 1.5.3, 1.6.2, 1.7.1, 1.8.1 is vulnerable to a Server-Side Request Forgery vulnerability due to incorrect use of \"Uri.EscapeUriString\" that could result in compromise of API keys or other critical resources.",
  "severity": [],
  "affected": [
    {
      "package": {
        "ecosystem": "NuGet",
        "name": "recurly-api-client"
      },
      "ranges": [
        {
          "type": "ECOSYSTEM",
          "events": [
            {
              "introduced": "0"
            },
            {
              "fixed": "1.0.1"
            }
          ]
        }
      ]
    },
    {
      "package": {
        "ecosystem": "NuGet",
        "name": "recurly-api-client"
      },
      "ranges": [
        {
          "type": "ECOSYSTEM",
          "events": [
            {
              "introduced": "1.1.0"
            },
            {
              "fixed": "1.1.10"
            }
          ]
        }
      ]
    },
    {
      "package": {
        "ecosystem": "NuGet",
        "name": "recurly-api-client"
      },
      "ranges": [
        {
          "type": "ECOSYSTEM",
          "events": [
            {
              "introduced": "1.2.0"
            },
            {
              "fixed": "1.2.8"
            }
          ]
        }
      ]
    },
    {
      "package": {
        "ecosystem": "NuGet",
        "name": "recurly-api-client"
      },
      "ranges": [
        {
          "type": "ECOSYSTEM",
          "events": [
            {
              "introduced": "1.3.0"
            },
            {
              "fixed": "1.3.2"
            }
          ]
        }
      ]
    },
    {
      "package": {
        "ecosystem": "NuGet",
        "name": "recurly-api-client"
      },
      "ranges": [
        {
          "type": "ECOSYSTEM",
          "events": [
            {
              "introduced": "1.4.0"
            },
            {
              "fixed": "1.4.14"
            }
          ]
        }
      ]
    },
    {
      "package": {
        "ecosystem": "NuGet",
        "name": "recurly-api-client"
      },
      "ranges": [
        {
          "type": "ECOSYSTEM",
          "events": [
            {
              "introduced": "1.5.0"
            },
            {
              "fixed": "1.5.3"
            }
          ]
        }
      ]
    },
    {
      "package": {
        "ecosystem": "NuGet",
        "name": "recurly-api-client"
      },
      "ranges": [
        {
          "type": "ECOSYSTEM",
          "events": [
            {
              "introduced": "1.6.0"
            },
            {
              "fixed": "1.6.2"
            }
          ]
        }
      ]
    },
    {
      "package": {
        "ecosystem": "NuGet",
        "name": "recurly-api-client"
      },
      "ranges": [
        {
          "type": "ECOSYSTEM",
          "events": [
            {
              "introduced": "1.7.0"
            },
            {
              "fixed": "1.7.1"
            }
          ]
        }
      ],
      "versions": [
        "1.7.0"
      ]
    },
    {
      "package": {
        "ecosystem": "NuGet",
        "name": "recurly-api-client"
      },
      "ranges": [
        {
          "type": "ECOSYSTEM",
          "events": [
            {
              "introduced": "1.8.0"
            },
            {
              "fixed": "1.8.1"
            }
          ]
        }
      ],
      "versions": [
        "1.8.0"
      ]
    }
  ],
  "references": [
    {
      "type": "ADVISORY",
      "url": "https://nvd.nist.gov/vuln/detail/CVE-2017-0907"
    },
    {
      "type": "WEB",
      "url": "https://github.com/recurly/recurly-client-net/commit/9eef460c0084afd5c24d66220c8b7a381cf9a1f1"
    },
    {
      "type": "WEB",
      "url": "https://hackerone.com/reports/288635"
    },
    {
      "type": "WEB",
      "url": "https://dev.recurly.com/page/net-updates"
    },
    {
      "type": "ADVISORY",
      "url": "https://github.com/advisories/GHSA-xpwp-rq3x-x6v7"
    }
  ],
  "database_specific": {
    "cwe_ids": [
      "CWE-918"
    ],
    "severity": "CRITICAL",
    "github_reviewed": true,
    "github_reviewed_at": "2020-06-16T22:03:58Z",
    "nvd_published_at": null
  }
}