{
  "schema_version": "1.4.0",
  "id": "GHSA-jw42-5m4v-9c8g",
  "modified": "2024-05-31T20:38:23Z",
  "published": "2024-01-09T18:30:27Z",
  "withdrawn": "2024-02-13T21:18:01Z",
  "aliases": [],
  "summary": "Duplicate Advisory: NuGet Client Security Feature Bypass Vulnerability  ",
  "details": "## Duplicate Advisory\nThis advisory has been withdrawn because it is a duplicate of GHSA-68w7-72jg-6qpp. This link is maintained to preserve external references.\n\n## Original Description\nNET, .NET Framework, and Visual Studio Security Feature Bypass Vulnerability",
  "severity": [
    {
      "type": "CVSS_V3",
      "score": "CVSS:3.1/AV:N/AC:L/PR:N/UI:N/S:U/C:H/I:H/A:N"
    }
  ],
  "affected": [
    {
      "package": {
        "ecosystem": "NuGet",
        "name": "NuGet.CommandLine"
      },
      "ranges": [
        {
          "type": "ECOSYSTEM",
          "events": [
            {
              "introduced": "6.8.0"
            },
            {
              "fixed": "6.8.1"
            }
          ]
        }
      ],
      "versions": [
        "6.8.0"
      ]
    }
  ],
  "references": [
    {
      "type": "ADVISORY",
      "url": "https://nvd.nist.gov/vuln/detail/CVE-2024-0057"
    },
    {
      "type": "WEB",
      "url": "https://msrc.microsoft.com/update-guide/vulnerability/CVE-2024-0057"
    },
    {
      "type": "WEB",
      "url": "https://security.netapp.com/advisory/ntap-20240208-0007"
    }
  ],
  "database_specific": {
    "cwe_ids": [
      "CWE-20"
    ],
    "severity": "CRITICAL",
    "github_reviewed": true,
    "github_reviewed_at": "2024-02-13T21:18:01Z",
    "nvd_published_at": "2024-01-09T18:15:46Z"
  }
}