{
  "schema_version": "1.4.0",
  "id": "GHSA-jhq3-57xh-6643",
  "modified": "2021-09-14T19:42:55Z",
  "published": "2018-08-21T17:03:59Z",
  "aliases": [
    "CVE-2018-3783"
  ],
  "summary": "Privilege Escalation due to Blind NoSQL Injection in flintcms",
  "details": "Versions of `flintcms` before version 1.1.10 are vulnerable to account takeover due to blind MongoDB injection in the password reset.\n\n\n## Recommendation\n\nUpdate to version 1.1.10 or later.",
  "severity": [
    {
      "type": "CVSS_V3",
      "score": "CVSS:3.0/AV:N/AC:L/PR:N/UI:N/S:U/C:H/I:H/A:H"
    }
  ],
  "affected": [
    {
      "package": {
        "ecosystem": "npm",
        "name": "flintcms"
      },
      "ranges": [
        {
          "type": "ECOSYSTEM",
          "events": [
            {
              "introduced": "0"
            },
            {
              "fixed": "1.1.10"
            }
          ]
        }
      ]
    }
  ],
  "references": [
    {
      "type": "ADVISORY",
      "url": "https://nvd.nist.gov/vuln/detail/CVE-2018-3783"
    },
    {
      "type": "WEB",
      "url": "https://hackerone.com/reports/386807"
    },
    {
      "type": "ADVISORY",
      "url": "https://github.com/advisories/GHSA-jhq3-57xh-6643"
    },
    {
      "type": "WEB",
      "url": "https://www.npmjs.com/advisories/689"
    }
  ],
  "database_specific": {
    "cwe_ids": [
      "CWE-89"
    ],
    "severity": "CRITICAL",
    "github_reviewed": true,
    "github_reviewed_at": "2020-06-16T21:43:33Z",
    "nvd_published_at": null
  }
}