{
  "schema_version": "1.4.0",
  "id": "GHSA-r64m-qchj-hrjp",
  "modified": "2021-11-24T19:58:48Z",
  "published": "2021-11-24T20:05:19Z",
  "aliases": [],
  "summary": "Webcache Poisoning in shopware/platform and shopware/core",
  "details": "### Impact\nWebcache Poisoning via X-Forwarded-Prefix and sub-request\n\n### Patches\nWe recommend updating to the current version 6.4.6.1. You can get the update to 6.4.6.1 regularly via the Auto-Updater or directly via the download overview.\n\nhttps://www.shopware.com/en/download/#shopware-6\n\nWorkarounds\nFor older versions of 6.1, 6.2, and 6.3, corresponding security measures are also available via a plugin. For the full range of functions, we recommend updating to the latest Shopware version.\n\nhttps://store.shopware.com/en/detail/index/sArticle/518463/number/Swag136939272659\n",
  "severity": [],
  "affected": [
    {
      "package": {
        "ecosystem": "Packagist",
        "name": "shopware/core"
      },
      "ranges": [
        {
          "type": "ECOSYSTEM",
          "events": [
            {
              "introduced": "0"
            },
            {
              "fixed": "6.4.6.1"
            }
          ]
        }
      ],
      "database_specific": {
        "last_known_affected_version_range": "<= 6.4.6.0"
      }
    },
    {
      "package": {
        "ecosystem": "Packagist",
        "name": "shopware/platform"
      },
      "ranges": [
        {
          "type": "ECOSYSTEM",
          "events": [
            {
              "introduced": "0"
            },
            {
              "fixed": "6.4.6.1"
            }
          ]
        }
      ],
      "database_specific": {
        "last_known_affected_version_range": "<= 6.4.6.0"
      }
    }
  ],
  "references": [
    {
      "type": "WEB",
      "url": "https://github.com/shopware/platform/security/advisories/GHSA-r64m-qchj-hrjp"
    },
    {
      "type": "WEB",
      "url": "https://github.com/shopware/platform/commit/9062f15450d183f2c666664841efd4f5ef25e0f3"
    },
    {
      "type": "PACKAGE",
      "url": "https://github.com/shopware/platform"
    }
  ],
  "database_specific": {
    "cwe_ids": [
      "CWE-444"
    ],
    "severity": "CRITICAL",
    "github_reviewed": true,
    "github_reviewed_at": "2021-11-24T19:58:48Z",
    "nvd_published_at": null
  }
}