{
  "schema_version": "1.4.0",
  "id": "GHSA-mwp6-j9wf-968c",
  "modified": "2021-10-11T21:10:33Z",
  "published": "2019-09-13T21:33:25Z",
  "withdrawn": "2020-06-26T16:40:47Z",
  "aliases": [],
  "summary": "Critical severity vulnerability that affects generator-jhipster",
  "details": "Account takeover and privilege escalation is possible in applications generated by generator-jhipster before 6.3.0. This is due to a vulnerability in the generated java classes: CWE-338: Use of Cryptographically Weak Pseudo-Random Number Generator (PRNG)\n\nGenerated applications must be manually patched, following instructions in the release notes: https://www.jhipster.tech/2019/09/13/jhipster-release-6.3.0.html\n",
  "severity": [
    {
      "type": "CVSS_V3",
      "score": "CVSS:3.1/AV:N/AC:L/PR:N/UI:N/S:U/C:H/I:H/A:H"
    }
  ],
  "affected": [
    {
      "package": {
        "ecosystem": "npm",
        "name": "generator-jhipster"
      },
      "ranges": [
        {
          "type": "ECOSYSTEM",
          "events": [
            {
              "introduced": "0"
            },
            {
              "fixed": "6.3.0"
            }
          ]
        }
      ]
    }
  ],
  "references": [
    {
      "type": "WEB",
      "url": "https://github.com/jhipster/generator-jhipster/security/advisories/GHSA-mwp6-j9wf-968c"
    },
    {
      "type": "ADVISORY",
      "url": "https://github.com/advisories/GHSA-j3rh-8vwq-wh84"
    },
    {
      "type": "ADVISORY",
      "url": "https://github.com/advisories/GHSA-mwp6-j9wf-968c"
    },
    {
      "type": "PACKAGE",
      "url": "https://github.com/jhipster/generator-jhipster"
    }
  ],
  "database_specific": {
    "cwe_ids": [
      "CWE-338"
    ],
    "severity": "CRITICAL",
    "github_reviewed": true,
    "github_reviewed_at": "2020-06-16T21:47:33Z",
    "nvd_published_at": null
  }
}