{
  "schema_version": "1.4.0",
  "id": "GHSA-wg99-5vrx-j2gg",
  "modified": "2023-01-11T23:01:28Z",
  "published": "2023-01-05T12:30:28Z",
  "aliases": [
    "CVE-2020-36640"
  ],
  "summary": "bonita-connector-webservice XML External Entity vulnerability",
  "details": "A vulnerability, which was classified as problematic, was found in bonitasoft bonita-connector-webservice up to 1.3.0. This affects the function `TransformerConfigurationException` of the file `src/main/java/org/bonitasoft/connectors/ws/SecureWSConnector.java`. The manipulation leads to xml external entity reference. Upgrading to version 1.3.1 can address this issue. The name of the patch is a12ad691c05af19e9061d7949b6b828ce48815d5. It is recommended to upgrade the affected component. The associated identifier of this vulnerability is VDB-217443.",
  "severity": [
    {
      "type": "CVSS_V3",
      "score": "CVSS:3.1/AV:N/AC:L/PR:N/UI:N/S:U/C:H/I:H/A:H"
    }
  ],
  "affected": [
    {
      "package": {
        "ecosystem": "Maven",
        "name": "org.bonitasoft.connectors:bonita-connector-webservice"
      },
      "ranges": [
        {
          "type": "ECOSYSTEM",
          "events": [
            {
              "introduced": "0"
            },
            {
              "fixed": "1.3.1"
            }
          ]
        }
      ]
    }
  ],
  "references": [
    {
      "type": "ADVISORY",
      "url": "https://nvd.nist.gov/vuln/detail/CVE-2020-36640"
    },
    {
      "type": "WEB",
      "url": "https://github.com/bonitasoft/bonita-connector-webservice/pull/17"
    },
    {
      "type": "WEB",
      "url": "https://github.com/bonitasoft/bonita-connector-webservice/commit/a12ad691c05af19e9061d7949b6b828ce48815d5"
    },
    {
      "type": "PACKAGE",
      "url": "https://github.com/bonitasoft/bonita-connector-webservice"
    },
    {
      "type": "WEB",
      "url": "https://github.com/bonitasoft/bonita-connector-webservice/releases/tag/1.3.1"
    },
    {
      "type": "WEB",
      "url": "https://vuldb.com/?ctiid.217443"
    },
    {
      "type": "WEB",
      "url": "https://vuldb.com/?id.217443"
    }
  ],
  "database_specific": {
    "cwe_ids": [
      "CWE-611"
    ],
    "severity": "CRITICAL",
    "github_reviewed": true,
    "github_reviewed_at": "2023-01-09T20:04:58Z",
    "nvd_published_at": "2023-01-05T10:15:00Z"
  }
}