{
  "schema_version": "1.4.0",
  "id": "GHSA-j78w-6r73-22vh",
  "modified": "2024-04-24T22:42:00Z",
  "published": "2022-05-14T01:48:06Z",
  "aliases": [
    "CVE-2018-9209"
  ],
  "summary": "FineUploader php-traditional-server unauthenticated arbitrary file upload vulnerability",
  "details": "Unauthenticated arbitrary file upload vulnerability in FineUploader php-traditional-server <= v1.2.2",
  "severity": [
    {
      "type": "CVSS_V3",
      "score": "CVSS:3.0/AV:N/AC:L/PR:N/UI:N/S:U/C:H/I:H/A:H"
    }
  ],
  "affected": [
    {
      "package": {
        "ecosystem": "Packagist",
        "name": "fineuploader/php-traditional-server"
      },
      "ranges": [
        {
          "type": "ECOSYSTEM",
          "events": [
            {
              "introduced": "0"
            },
            {
              "last_affected": "1.2.2"
            }
          ]
        }
      ]
    }
  ],
  "references": [
    {
      "type": "ADVISORY",
      "url": "https://nvd.nist.gov/vuln/detail/CVE-2018-9209"
    },
    {
      "type": "PACKAGE",
      "url": "https://github.com/FineUploader/php-traditional-server"
    },
    {
      "type": "WEB",
      "url": "http://www.vapidlabs.com/advisory.php?v=208"
    }
  ],
  "database_specific": {
    "cwe_ids": [
      "CWE-434"
    ],
    "severity": "CRITICAL",
    "github_reviewed": true,
    "github_reviewed_at": "2024-04-24T22:42:00Z",
    "nvd_published_at": "2018-11-19T18:29:00Z"
  }
}