{
  "schema_version": "1.4.0",
  "id": "GHSA-qfcv-5whw-7pcw",
  "modified": "2021-10-08T19:56:28Z",
  "published": "2020-05-27T21:09:15Z",
  "aliases": [
    "CVE-2020-11059"
  ],
  "summary": "Exposure of Sensitive Information to an Unauthorized Actor in AEgir",
  "details": "### Impact\n`aegir publish` and `aegir build` may leak secrets from environmental variables in the browser bundle published to npm.\n\n### Patches\nThe code has been patched, users should upgrade to >= 21.10.1\n\n### Workarounds\nRun `printenv` to check your environment variables and revoke any secrets.\n\n### For more information\nIf you have any questions or comments about this advisory:\n* Open an issue in [aegir](https://github.com/ipfs/aegir)",
  "severity": [
    {
      "type": "CVSS_V3",
      "score": "CVSS:3.1/AV:N/AC:L/PR:N/UI:R/S:C/C:H/I:H/A:H"
    }
  ],
  "affected": [
    {
      "package": {
        "ecosystem": "npm",
        "name": "aegir"
      },
      "ranges": [
        {
          "type": "ECOSYSTEM",
          "events": [
            {
              "introduced": "21.7.0"
            },
            {
              "fixed": "21.10.1"
            }
          ]
        }
      ]
    }
  ],
  "references": [
    {
      "type": "WEB",
      "url": "https://github.com/ipfs/aegir/security/advisories/GHSA-qfcv-5whw-7pcw"
    },
    {
      "type": "ADVISORY",
      "url": "https://nvd.nist.gov/vuln/detail/CVE-2020-11059"
    },
    {
      "type": "WEB",
      "url": "https://github.com/ipfs/aegir/commit/e36e1def57b2dc1e4b7a5beba964c5924e87f8d8"
    },
    {
      "type": "PACKAGE",
      "url": "https://github.com/ipfs/aegir"
    }
  ],
  "database_specific": {
    "cwe_ids": [
      "CWE-200"
    ],
    "severity": "CRITICAL",
    "github_reviewed": true,
    "github_reviewed_at": "2020-05-27T21:08:38Z",
    "nvd_published_at": "2020-05-27T21:15:00Z"
  }
}