{
  "schema_version": "1.4.0",
  "id": "GHSA-792f-c8mp-2cr5",
  "modified": "2025-02-10T20:40:36Z",
  "published": "2022-05-24T17:41:54Z",
  "aliases": [
    "CVE-2021-21016"
  ],
  "summary": "Magento OS command injection via the WebAPI",
  "details": "Magento versions 2.4.1 (and earlier), 2.4.0-p1 (and earlier) and 2.3.6 (and earlier) are vulnerable to OS command injection via the WebAPI. Successful exploitation could lead to remote code execution by an authenticated attacker. Access to the admin console is required for successful exploitation.",
  "severity": [
    {
      "type": "CVSS_V3",
      "score": "CVSS:3.1/AV:N/AC:L/PR:H/UI:N/S:C/C:H/I:H/A:H"
    }
  ],
  "affected": [
    {
      "package": {
        "ecosystem": "Packagist",
        "name": "magento/community-edition"
      },
      "ranges": [
        {
          "type": "ECOSYSTEM",
          "events": [
            {
              "introduced": "0"
            },
            {
              "fixed": "2.3.6-p1"
            }
          ]
        }
      ]
    },
    {
      "package": {
        "ecosystem": "Packagist",
        "name": "magento/community-edition"
      },
      "ranges": [
        {
          "type": "ECOSYSTEM",
          "events": [
            {
              "introduced": "2.4.0"
            },
            {
              "fixed": "2.4.2"
            }
          ]
        }
      ]
    },
    {
      "package": {
        "ecosystem": "Packagist",
        "name": "magento/project-community-edition"
      },
      "ranges": [
        {
          "type": "ECOSYSTEM",
          "events": [
            {
              "introduced": "0"
            },
            {
              "last_affected": "2.0.2"
            }
          ]
        }
      ]
    }
  ],
  "references": [
    {
      "type": "ADVISORY",
      "url": "https://nvd.nist.gov/vuln/detail/CVE-2021-21016"
    },
    {
      "type": "WEB",
      "url": "https://github.com/magento/magento2/commit/a2eb7e29ea92a8bbc86c3b6b81b59d8533088497"
    },
    {
      "type": "WEB",
      "url": "https://github.com/magento/magento2/commit/a349e022c9ae070e7da262021f9ef182105aa00b"
    },
    {
      "type": "PACKAGE",
      "url": "https://github.com/magento/magento2"
    },
    {
      "type": "WEB",
      "url": "https://helpx.adobe.com/security/products/magento/apsb21-08.html"
    }
  ],
  "database_specific": {
    "cwe_ids": [
      "CWE-78"
    ],
    "severity": "CRITICAL",
    "github_reviewed": true,
    "github_reviewed_at": "2024-01-11T19:29:47Z",
    "nvd_published_at": "2021-02-11T20:15:00Z"
  }
}