{
  "schema_version": "1.4.0",
  "id": "GHSA-g7pc-799q-743f",
  "modified": "2025-02-10T20:35:46Z",
  "published": "2022-05-24T17:24:41Z",
  "aliases": [
    "CVE-2020-9691"
  ],
  "summary": "Magento DOM-based Cross-site scripting vulnerability",
  "details": "Magento versions 2.3.5-p1 and earlier, and 2.3.5-p1 and earlier have a dom-based cross-site scripting vulnerability. Successful exploitation could lead to arbitrary code execution.",
  "severity": [
    {
      "type": "CVSS_V3",
      "score": "CVSS:3.1/AV:N/AC:L/PR:N/UI:R/S:C/C:H/I:H/A:H"
    }
  ],
  "affected": [
    {
      "package": {
        "ecosystem": "Packagist",
        "name": "magento/community-edition"
      },
      "ranges": [
        {
          "type": "ECOSYSTEM",
          "events": [
            {
              "introduced": "0"
            },
            {
              "fixed": "2.3.5-p2"
            }
          ]
        }
      ]
    },
    {
      "package": {
        "ecosystem": "Packagist",
        "name": "magento/project-community-edition"
      },
      "ranges": [
        {
          "type": "ECOSYSTEM",
          "events": [
            {
              "introduced": "0"
            },
            {
              "last_affected": "2.0.2"
            }
          ]
        }
      ]
    }
  ],
  "references": [
    {
      "type": "ADVISORY",
      "url": "https://nvd.nist.gov/vuln/detail/CVE-2020-9691"
    },
    {
      "type": "WEB",
      "url": "https://github.com/magento/magento2/commit/9436781734e47c83e96977fa770d255217680d5e"
    },
    {
      "type": "PACKAGE",
      "url": "https://github.com/magento/magento2"
    },
    {
      "type": "WEB",
      "url": "https://helpx.adobe.com/security/products/magento/apsb20-47.html"
    }
  ],
  "database_specific": {
    "cwe_ids": [
      "CWE-79"
    ],
    "severity": "CRITICAL",
    "github_reviewed": true,
    "github_reviewed_at": "2024-01-11T17:50:16Z",
    "nvd_published_at": "2020-07-29T13:15:00Z"
  }
}