{
  "schema_version": "1.4.0",
  "id": "GHSA-x549-r7m8-gv63",
  "modified": "2024-10-23T18:30:30Z",
  "published": "2022-05-13T01:23:13Z",
  "aliases": [
    "CVE-2018-15751"
  ],
  "summary": "SaltStack Salt Remote command execution and incorrect access control when using salt-api",
  "details": "SaltStack Salt 2016.11.x before 2016.11.10, 2017.7.x before 2017.7.8 and 2018.3.x before 2018.3.3 allow remote attackers to bypass authentication and execute arbitrary commands via salt-api(netapi).",
  "severity": [
    {
      "type": "CVSS_V3",
      "score": "CVSS:3.0/AV:N/AC:L/PR:N/UI:N/S:U/C:H/I:H/A:H"
    }
  ],
  "affected": [
    {
      "package": {
        "ecosystem": "PyPI",
        "name": "salt"
      },
      "ranges": [
        {
          "type": "ECOSYSTEM",
          "events": [
            {
              "introduced": "2017.7.0"
            },
            {
              "fixed": "2017.7.8"
            }
          ]
        }
      ]
    },
    {
      "package": {
        "ecosystem": "PyPI",
        "name": "salt"
      },
      "ranges": [
        {
          "type": "ECOSYSTEM",
          "events": [
            {
              "introduced": "2018.3.0"
            },
            {
              "fixed": "2018.3.3"
            }
          ]
        }
      ]
    },
    {
      "package": {
        "ecosystem": "PyPI",
        "name": "salt"
      },
      "ranges": [
        {
          "type": "ECOSYSTEM",
          "events": [
            {
              "introduced": "2016.11.0"
            },
            {
              "fixed": "2016.11.10"
            }
          ]
        }
      ]
    }
  ],
  "references": [
    {
      "type": "ADVISORY",
      "url": "https://nvd.nist.gov/vuln/detail/CVE-2018-15751"
    },
    {
      "type": "WEB",
      "url": "https://docs.saltstack.com/en/2017.7/topics/releases/2017.7.8.html"
    },
    {
      "type": "WEB",
      "url": "https://docs.saltstack.com/en/latest/topics/releases/2018.3.3.html"
    },
    {
      "type": "WEB",
      "url": "https://github.com/pypa/advisory-database/tree/main/vulns/salt/PYSEC-2018-30.yaml"
    },
    {
      "type": "PACKAGE",
      "url": "https://github.com/saltstack/salt"
    },
    {
      "type": "WEB",
      "url": "https://github.com/saltstack/salt/blob/8f9405cf8e6f7d7776d5000841c886dec6d96250/doc/topics/releases/2016.11.10.rst#L13"
    },
    {
      "type": "WEB",
      "url": "https://github.com/saltstack/salt/blob/8f9405cf8e6f7d7776d5000841c886dec6d96250/doc/topics/releases/2017.7.8.rst#L26"
    },
    {
      "type": "WEB",
      "url": "https://github.com/saltstack/salt/blob/8f9405cf8e6f7d7776d5000841c886dec6d96250/doc/topics/releases/2018.3.3.rst#L56"
    },
    {
      "type": "WEB",
      "url": "https://groups.google.com/d/msg/salt-users/L9xqcJ0UXxs/qgDj42obBQAJ"
    },
    {
      "type": "WEB",
      "url": "https://groups.google.com/d/msg/salt-users/dimVF7rpphY/jn3Xv3MbBQAJ"
    },
    {
      "type": "WEB",
      "url": "https://lists.debian.org/debian-lts-announce/2020/07/msg00024.html"
    },
    {
      "type": "WEB",
      "url": "https://usn.ubuntu.com/4459-1"
    },
    {
      "type": "WEB",
      "url": "http://lists.opensuse.org/opensuse-security-announce/2020-07/msg00070.html"
    }
  ],
  "database_specific": {
    "cwe_ids": [
      "CWE-287"
    ],
    "severity": "CRITICAL",
    "github_reviewed": true,
    "github_reviewed_at": "2024-04-22T22:21:19Z",
    "nvd_published_at": "2018-10-24T22:29:00Z"
  }
}