{
  "schema_version": "1.4.0",
  "id": "GHSA-jcmh-x32v-7mgf",
  "modified": "2024-03-01T20:07:33Z",
  "published": "2022-05-13T01:07:25Z",
  "aliases": [
    "CVE-2017-4992"
  ],
  "summary": "Cloud Foundry UAA privilege escalation with user invitations",
  "details": "An issue was discovered in Cloud Foundry Foundation cf-release versions prior to v261; UAA release 2.x versions prior to v2.7.4.17, 3.6.x versions prior to v3.6.11, 3.9.x versions prior to v3.9.13, and other versions prior to v4.2.0; and UAA bosh release (uaa-release) 13.x versions prior to v13.15, 24.x versions prior to v24.10, 30.x versions prior to 30.3, and other versions prior to v37. There is privilege escalation (arbitrary password reset) with user invitations.",
  "severity": [
    {
      "type": "CVSS_V3",
      "score": "CVSS:3.0/AV:N/AC:L/PR:N/UI:N/S:U/C:H/I:H/A:H"
    }
  ],
  "affected": [
    {
      "package": {
        "ecosystem": "Maven",
        "name": "org.cloudfoundry.identity:cloudfoundry-identity-server"
      },
      "ranges": [
        {
          "type": "ECOSYSTEM",
          "events": [
            {
              "introduced": "2.0.0"
            },
            {
              "fixed": "2.7.4.17"
            }
          ]
        }
      ]
    },
    {
      "package": {
        "ecosystem": "Maven",
        "name": "org.cloudfoundry.identity:cloudfoundry-identity-server"
      },
      "ranges": [
        {
          "type": "ECOSYSTEM",
          "events": [
            {
              "introduced": "3.0.0"
            },
            {
              "fixed": "3.6.11"
            }
          ]
        }
      ]
    },
    {
      "package": {
        "ecosystem": "Maven",
        "name": "org.cloudfoundry.identity:cloudfoundry-identity-server"
      },
      "ranges": [
        {
          "type": "ECOSYSTEM",
          "events": [
            {
              "introduced": "3.7.0"
            },
            {
              "fixed": "3.9.13"
            }
          ]
        }
      ]
    },
    {
      "package": {
        "ecosystem": "Maven",
        "name": "org.cloudfoundry.identity:cloudfoundry-identity-server"
      },
      "ranges": [
        {
          "type": "ECOSYSTEM",
          "events": [
            {
              "introduced": "3.10.0"
            },
            {
              "fixed": "4.2.0"
            }
          ]
        }
      ]
    }
  ],
  "references": [
    {
      "type": "ADVISORY",
      "url": "https://nvd.nist.gov/vuln/detail/CVE-2017-4992"
    },
    {
      "type": "WEB",
      "url": "https://github.com/cloudfoundry/uaa/commit/1c9c6dd88266cfa7d333e5d8be1031fa31c5c939"
    },
    {
      "type": "WEB",
      "url": "https://github.com/cloudfoundry/uaa/commit/3ce42a4c75828cb58287c3c7495dde3f5261f12c"
    },
    {
      "type": "WEB",
      "url": "https://github.com/cloudfoundry/uaa/commit/4f942064d85454a4bcc4da04cd482d114816c14a"
    },
    {
      "type": "WEB",
      "url": "https://github.com/cloudfoundry/uaa/commit/96a294013c0c9a13ef32afc49d2b759f5107dc49"
    },
    {
      "type": "PACKAGE",
      "url": "https://github.com/cloudfoundry/uaa"
    },
    {
      "type": "WEB",
      "url": "https://www.cloudfoundry.org/cve-2017-4992"
    }
  ],
  "database_specific": {
    "cwe_ids": [
      "CWE-269"
    ],
    "severity": "CRITICAL",
    "github_reviewed": true,
    "github_reviewed_at": "2024-03-01T20:07:33Z",
    "nvd_published_at": "2017-06-13T06:29:00Z"
  }
}