{
  "schema_version": "1.4.0",
  "id": "GHSA-f737-3fh6-jf6w",
  "modified": "2023-07-07T22:20:18Z",
  "published": "2023-04-26T21:30:37Z",
  "aliases": [
    "CVE-2023-30363"
  ],
  "summary": "Prototype Pollution in vConsole",
  "details": "vConsole was discovered to contain a prototype pollution due to incorrect key and value resolution in setOptions in core.ts.",
  "severity": [
    {
      "type": "CVSS_V3",
      "score": "CVSS:3.1/AV:N/AC:L/PR:N/UI:N/S:U/C:H/I:H/A:H"
    }
  ],
  "affected": [
    {
      "package": {
        "ecosystem": "npm",
        "name": "vconsole"
      },
      "ranges": [
        {
          "type": "ECOSYSTEM",
          "events": [
            {
              "introduced": "0"
            },
            {
              "fixed": "3.15.1"
            }
          ]
        }
      ]
    }
  ],
  "references": [
    {
      "type": "ADVISORY",
      "url": "https://nvd.nist.gov/vuln/detail/CVE-2023-30363"
    },
    {
      "type": "WEB",
      "url": "https://github.com/Tencent/vConsole/issues/616"
    },
    {
      "type": "WEB",
      "url": "https://github.com/Tencent/vConsole/commit/b91591703490e032451f7734212f6458bde9be6a"
    },
    {
      "type": "WEB",
      "url": "https://cwe.mitre.org/data/definitions/1321.html"
    },
    {
      "type": "PACKAGE",
      "url": "https://github.com/Tencent/vConsole"
    },
    {
      "type": "WEB",
      "url": "https://github.com/Tencent/vConsole/releases/tag/v3.15.1"
    }
  ],
  "database_specific": {
    "cwe_ids": [
      "CWE-1321"
    ],
    "severity": "CRITICAL",
    "github_reviewed": true,
    "github_reviewed_at": "2023-04-27T13:58:23Z",
    "nvd_published_at": "2023-04-26T21:15:09Z"
  }
}