{
  "schema_version": "1.4.0",
  "id": "GHSA-hf29-9hfh-w63j",
  "modified": "2024-12-23T20:37:17Z",
  "published": "2024-07-04T18:31:11Z",
  "withdrawn": "2024-12-23T20:37:16Z",
  "aliases": [],
  "summary": "Duplicate Advisory: Gogs allows argument injection during the previewing of changes",
  "details": "# Duplicate Advisory\nThis advisory has been withdrawn because it is a duplicate of GHSA-9pp6-wq8c-3w2c. This link is maintained to preserve external references.\n\n# Original Description\nGogs through 0.13.0 allows argument injection during the previewing of changes.",
  "severity": [
    {
      "type": "CVSS_V3",
      "score": "CVSS:3.1/AV:N/AC:L/PR:L/UI:N/S:C/C:H/I:H/A:H"
    },
    {
      "type": "CVSS_V4",
      "score": "CVSS:4.0/AV:N/AC:L/AT:N/PR:L/UI:N/VC:H/VI:H/VA:H/SC:H/SI:H/SA:H"
    }
  ],
  "affected": [
    {
      "package": {
        "ecosystem": "Go",
        "name": "github.com/gogs/gogs"
      },
      "ranges": [
        {
          "type": "ECOSYSTEM",
          "events": [
            {
              "introduced": "0"
            },
            {
              "last_affected": "0.13.0"
            }
          ]
        }
      ]
    }
  ],
  "references": [
    {
      "type": "ADVISORY",
      "url": "https://nvd.nist.gov/vuln/detail/CVE-2024-39932"
    },
    {
      "type": "PACKAGE",
      "url": "https://github.com/gogs/gogs"
    },
    {
      "type": "WEB",
      "url": "https://github.com/gogs/gogs/releases"
    },
    {
      "type": "WEB",
      "url": "https://www.sonarsource.com/blog/securing-developer-tools-unpatched-code-vulnerabilities-in-gogs-1"
    }
  ],
  "database_specific": {
    "cwe_ids": [
      "CWE-94"
    ],
    "severity": "CRITICAL",
    "github_reviewed": true,
    "github_reviewed_at": "2024-07-05T20:04:46Z",
    "nvd_published_at": "2024-07-04T16:15:02Z"
  }
}