{
  "schema_version": "1.4.0",
  "id": "GHSA-78h3-pg4x-j8cv",
  "modified": "2024-11-25T19:28:05Z",
  "published": "2024-05-02T21:30:29Z",
  "aliases": [
    "CVE-2024-34394"
  ],
  "summary": "libxmljs2 vulnerable to type confusion when parsing specially crafted XML",
  "details": "libxmljs2 is vulnerable to a type confusion vulnerability when parsing a specially crafted XML while invoking the `namespaces()` function (which invokes `XmlNode::get_local_namespaces()`) on a grand-child of a node that refers to an entity. This vulnerability can lead to denial of service and remote code execution.",
  "severity": [
    {
      "type": "CVSS_V3",
      "score": "CVSS:3.1/AV:N/AC:H/PR:N/UI:N/S:U/C:H/I:H/A:H"
    },
    {
      "type": "CVSS_V4",
      "score": "CVSS:4.0/AV:N/AC:L/AT:P/PR:N/UI:N/VC:H/VI:H/VA:H/SC:N/SI:N/SA:N"
    }
  ],
  "affected": [
    {
      "package": {
        "ecosystem": "npm",
        "name": "libxmljs2"
      },
      "ranges": [
        {
          "type": "ECOSYSTEM",
          "events": [
            {
              "introduced": "0"
            },
            {
              "last_affected": "0.35.0"
            }
          ]
        }
      ]
    }
  ],
  "references": [
    {
      "type": "ADVISORY",
      "url": "https://nvd.nist.gov/vuln/detail/CVE-2024-34394"
    },
    {
      "type": "WEB",
      "url": "https://github.com/marudor/libxmljs2/issues/205"
    },
    {
      "type": "PACKAGE",
      "url": "https://github.com/marudor/libxmljs2"
    },
    {
      "type": "WEB",
      "url": "https://research.jfrog.com/vulnerabilities/libxmljs2-namespaces-type-confusion-rce-jfsa-2024-001034098"
    }
  ],
  "database_specific": {
    "cwe_ids": [
      "CWE-843"
    ],
    "severity": "CRITICAL",
    "github_reviewed": true,
    "github_reviewed_at": "2024-05-03T20:24:18Z",
    "nvd_published_at": "2024-05-02T19:15:06Z"
  }
}