{
  "schema_version": "1.4.0",
  "id": "GHSA-q9q6-f556-gpm7",
  "modified": "2021-11-15T14:44:13Z",
  "published": "2021-11-10T20:58:42Z",
  "aliases": [
    "CVE-2021-43571"
  ],
  "summary": "Improper Verification of Cryptographic Signature in starkbank-ecdsa",
  "details": "The verify function in the Stark Bank Node.js ECDSA library (ecdsa-node) 1.1.2 fails to check that the signature is non-zero, which allows attackers to forge signatures on arbitrary messages.",
  "severity": [
    {
      "type": "CVSS_V3",
      "score": "CVSS:3.1/AV:N/AC:L/PR:N/UI:N/S:U/C:H/I:H/A:H"
    }
  ],
  "affected": [
    {
      "package": {
        "ecosystem": "npm",
        "name": "starkbank-ecdsa"
      },
      "ranges": [
        {
          "type": "ECOSYSTEM",
          "events": [
            {
              "introduced": "0"
            },
            {
              "fixed": "1.1.3"
            }
          ]
        }
      ]
    }
  ],
  "references": [
    {
      "type": "ADVISORY",
      "url": "https://nvd.nist.gov/vuln/detail/CVE-2021-43571"
    },
    {
      "type": "PACKAGE",
      "url": "https://github.com/starkbank/ecdsa-node"
    },
    {
      "type": "WEB",
      "url": "https://github.com/starkbank/ecdsa-node/releases/tag/v1.1.3"
    },
    {
      "type": "WEB",
      "url": "https://research.nccgroup.com/2021/11/08/technical-advisory-arbitrary-signature-forgery-in-stark-bank-ecdsa-libraries"
    }
  ],
  "database_specific": {
    "cwe_ids": [
      "CWE-347"
    ],
    "severity": "CRITICAL",
    "github_reviewed": true,
    "github_reviewed_at": "2021-11-10T18:27:14Z",
    "nvd_published_at": "2021-11-09T22:15:00Z"
  }
}