{
  "schema_version": "1.4.0",
  "id": "GHSA-vvpf-53qx-cxhh",
  "modified": "2024-12-11T22:02:18Z",
  "published": "2024-02-20T15:31:03Z",
  "aliases": [
    "CVE-2024-25610"
  ],
  "summary": "Liferay Portal has a Stored XSS with Blog entries (Insecure defaults)",
  "details": "In Liferay Portal 7.2.0 through 7.4.3.12, and older unsupported versions, and Liferay DXP 7.4 before update 9, 7.3 before update 4, 7.2 before fix pack 19, and older unsupported versions, the default configuration does not sanitize blog entries of JavaScript, which allows remote authenticated users to inject arbitrary web script or HTML (XSS) via a crafted payload injected into a blog entry\u2019s content text field.",
  "severity": [
    {
      "type": "CVSS_V3",
      "score": "CVSS:3.1/AV:N/AC:L/PR:L/UI:R/S:C/C:H/I:H/A:H"
    }
  ],
  "affected": [
    {
      "package": {
        "ecosystem": "Maven",
        "name": "com.liferay.portal:release.portal.bom"
      },
      "ranges": [
        {
          "type": "ECOSYSTEM",
          "events": [
            {
              "introduced": "0"
            },
            {
              "fixed": "7.4.3.13"
            }
          ]
        }
      ]
    },
    {
      "package": {
        "ecosystem": "Maven",
        "name": "com.liferay.portal:release.dxp.bom"
      },
      "ranges": [
        {
          "type": "ECOSYSTEM",
          "events": [
            {
              "introduced": "7.4.0"
            },
            {
              "fixed": "7.4.13.u9"
            }
          ]
        }
      ]
    },
    {
      "package": {
        "ecosystem": "Maven",
        "name": "com.liferay.portal:release.dxp.bom"
      },
      "ranges": [
        {
          "type": "ECOSYSTEM",
          "events": [
            {
              "introduced": "7.3.0"
            },
            {
              "fixed": "7.3.10.u4"
            }
          ]
        }
      ]
    },
    {
      "package": {
        "ecosystem": "Maven",
        "name": "com.liferay.portal:release.dxp.bom"
      },
      "ranges": [
        {
          "type": "ECOSYSTEM",
          "events": [
            {
              "introduced": "0"
            },
            {
              "fixed": "7.2.10.fp19"
            }
          ]
        }
      ]
    },
    {
      "package": {
        "ecosystem": "Maven",
        "name": "com.liferay.portal:com.liferay.portal.web"
      },
      "ranges": [
        {
          "type": "ECOSYSTEM",
          "events": [
            {
              "introduced": "0"
            },
            {
              "fixed": "5.0.96"
            }
          ]
        }
      ]
    }
  ],
  "references": [
    {
      "type": "ADVISORY",
      "url": "https://nvd.nist.gov/vuln/detail/CVE-2024-25610"
    },
    {
      "type": "PACKAGE",
      "url": "https://github.com/liferay/liferay-portal"
    },
    {
      "type": "WEB",
      "url": "https://liferay.dev/portal/security/known-vulnerabilities/-/asset_publisher/jekt/content/cve-2024-25610"
    }
  ],
  "database_specific": {
    "cwe_ids": [
      "CWE-1188"
    ],
    "severity": "CRITICAL",
    "github_reviewed": true,
    "github_reviewed_at": "2024-12-11T22:02:18Z",
    "nvd_published_at": "2024-02-20T13:15:08Z"
  }
}