{
  "schema_version": "1.4.0",
  "id": "GHSA-2x3r-7jgm-gh8x",
  "modified": "2023-05-05T20:33:39Z",
  "published": "2023-04-26T21:30:37Z",
  "aliases": [
    "CVE-2020-36070"
  ],
  "summary": "Remote code execution in Voyager",
  "details": "Insecure Permission vulnerability found in Voyager v.1.4 and before allows a remote attacker to execute arbitrary code via a crafted .php file to the media component.",
  "severity": [
    {
      "type": "CVSS_V3",
      "score": "CVSS:3.1/AV:N/AC:L/PR:N/UI:N/S:U/C:H/I:H/A:H"
    }
  ],
  "affected": [
    {
      "package": {
        "ecosystem": "Packagist",
        "name": "tcg/voyager"
      },
      "ranges": [
        {
          "type": "ECOSYSTEM",
          "events": [
            {
              "introduced": "0"
            },
            {
              "last_affected": "1.4.0"
            }
          ]
        }
      ]
    }
  ],
  "references": [
    {
      "type": "ADVISORY",
      "url": "https://nvd.nist.gov/vuln/detail/CVE-2020-36070"
    },
    {
      "type": "WEB",
      "url": "https://github.com/the-control-group/voyager"
    }
  ],
  "database_specific": {
    "cwe_ids": [
      "CWE-281"
    ],
    "severity": "CRITICAL",
    "github_reviewed": true,
    "github_reviewed_at": "2023-04-27T14:00:37Z",
    "nvd_published_at": "2023-04-26T20:15:09Z"
  }
}