{
  "schema_version": "1.4.0",
  "id": "GHSA-jj62-mc3m-j769",
  "modified": "2022-09-15T03:30:14Z",
  "published": "2022-09-07T00:01:50Z",
  "aliases": [
    "CVE-2020-21516"
  ],
  "summary": "FeehiCMS has an arbitrary file upload vulnerability",
  "details": "There is an arbitrary file upload vulnerability in FeehiCMS 2.0.8.1 at the head image upload, that allows attackers to execute relevant PHP code.",
  "severity": [
    {
      "type": "CVSS_V3",
      "score": "CVSS:3.1/AV:N/AC:L/PR:N/UI:N/S:U/C:H/I:H/A:H"
    }
  ],
  "affected": [
    {
      "package": {
        "ecosystem": "Packagist",
        "name": "feehi/cms"
      },
      "ranges": [
        {
          "type": "ECOSYSTEM",
          "events": [
            {
              "introduced": "0"
            },
            {
              "fixed": "2.0.8.1"
            }
          ]
        }
      ]
    }
  ],
  "references": [
    {
      "type": "ADVISORY",
      "url": "https://nvd.nist.gov/vuln/detail/CVE-2020-21516"
    },
    {
      "type": "WEB",
      "url": "https://github.com/liufee/cms/issues/46"
    },
    {
      "type": "WEB",
      "url": "https://github.com/liufee/cms/commit/ecbfb0ca77874ead5b6e79b96a5e1f94e67475a9"
    },
    {
      "type": "PACKAGE",
      "url": "https://github.com/liufee/cms"
    },
    {
      "type": "WEB",
      "url": "https://github.com/liufee/cms/releases/tag/2.0.8.1"
    }
  ],
  "database_specific": {
    "cwe_ids": [
      "CWE-434"
    ],
    "severity": "CRITICAL",
    "github_reviewed": true,
    "github_reviewed_at": "2022-09-15T03:30:14Z",
    "nvd_published_at": "2022-09-06T19:15:00Z"
  }
}