{
  "schema_version": "1.4.0",
  "id": "GHSA-w38g-hj45-mjjp",
  "modified": "2024-04-25T23:08:50Z",
  "published": "2022-05-24T16:44:36Z",
  "aliases": [
    "CVE-2017-16558"
  ],
  "summary": "Contao SQL injection in the backend and listing module",
  "details": "Contao 3.0.0 to 3.5.30 and 4.0.0 to 4.4.7 contains an SQL injection vulnerability in the backend as well as in the listing module.",
  "severity": [
    {
      "type": "CVSS_V3",
      "score": "CVSS:3.0/AV:N/AC:L/PR:N/UI:N/S:U/C:H/I:H/A:H"
    }
  ],
  "affected": [
    {
      "package": {
        "ecosystem": "Packagist",
        "name": "contao/contao"
      },
      "ranges": [
        {
          "type": "ECOSYSTEM",
          "events": [
            {
              "introduced": "3.0.0"
            },
            {
              "last_affected": "3.5.30"
            }
          ]
        }
      ]
    },
    {
      "package": {
        "ecosystem": "Packagist",
        "name": "contao/contao"
      },
      "ranges": [
        {
          "type": "ECOSYSTEM",
          "events": [
            {
              "introduced": "4.0.0"
            },
            {
              "fixed": "4.4.8"
            }
          ]
        }
      ]
    },
    {
      "package": {
        "ecosystem": "Packagist",
        "name": "contao/core-bundle"
      },
      "ranges": [
        {
          "type": "ECOSYSTEM",
          "events": [
            {
              "introduced": "4.0.0"
            },
            {
              "fixed": "4.4.8"
            }
          ]
        }
      ]
    },
    {
      "package": {
        "ecosystem": "Packagist",
        "name": "contao/listing-bundle"
      },
      "ranges": [
        {
          "type": "ECOSYSTEM",
          "events": [
            {
              "introduced": "4.0.0"
            },
            {
              "fixed": "4.4.8"
            }
          ]
        }
      ]
    },
    {
      "package": {
        "ecosystem": "Packagist",
        "name": "contao/core-bundle"
      },
      "ranges": [
        {
          "type": "ECOSYSTEM",
          "events": [
            {
              "introduced": "3.0.0"
            },
            {
              "last_affected": "3.5.30"
            }
          ]
        }
      ]
    },
    {
      "package": {
        "ecosystem": "Packagist",
        "name": "contao/listing-bundle"
      },
      "ranges": [
        {
          "type": "ECOSYSTEM",
          "events": [
            {
              "introduced": "3.0.0"
            },
            {
              "last_affected": "3.5.30"
            }
          ]
        }
      ]
    }
  ],
  "references": [
    {
      "type": "ADVISORY",
      "url": "https://nvd.nist.gov/vuln/detail/CVE-2017-16558"
    },
    {
      "type": "WEB",
      "url": "https://github.com/contao/contao/commit/501cb3cd34d61089b94e7ed78da53977bc71fc3e"
    },
    {
      "type": "WEB",
      "url": "https://github.com/contao/contao/commit/6b4a2711edf166c85cfd7a53fed6aea56d4f0544"
    },
    {
      "type": "WEB",
      "url": "https://contao.org/de/changelog/versions/4.4.html"
    },
    {
      "type": "WEB",
      "url": "https://contao.org/en/news/contao-4_4_8.html"
    },
    {
      "type": "WEB",
      "url": "https://github.com/FriendsOfPHP/security-advisories/blob/master/contao/contao/CVE-2017-16558.yaml"
    },
    {
      "type": "WEB",
      "url": "https://github.com/FriendsOfPHP/security-advisories/blob/master/contao/core-bundle/CVE-2017-16558.yaml"
    },
    {
      "type": "WEB",
      "url": "https://github.com/FriendsOfPHP/security-advisories/blob/master/contao/listing-bundle/CVE-2017-16558.yaml"
    },
    {
      "type": "WEB",
      "url": "https://github.com/contao/contao/blob/4.4.57/CHANGELOG.md#448-2017-11-15"
    }
  ],
  "database_specific": {
    "cwe_ids": [
      "CWE-89"
    ],
    "severity": "CRITICAL",
    "github_reviewed": true,
    "github_reviewed_at": "2024-04-25T23:08:50Z",
    "nvd_published_at": "2019-04-25T17:29:00Z"
  }
}