{
  "schema_version": "1.4.0",
  "id": "GHSA-wvj5-r78r-hhfq",
  "modified": "2024-02-08T19:24:05Z",
  "published": "2022-05-14T03:10:21Z",
  "aliases": [
    "CVE-2016-2403"
  ],
  "summary": "Symfony Authentication Bypass",
  "details": "Symfony before 2.8.6 and 3.x before 3.0.6 allows remote attackers to bypass authentication by logging in with an empty password and valid username, which triggers an unauthenticated bind.",
  "severity": [
    {
      "type": "CVSS_V3",
      "score": "CVSS:3.0/AV:N/AC:L/PR:N/UI:N/S:U/C:H/I:H/A:H"
    }
  ],
  "affected": [
    {
      "package": {
        "ecosystem": "Packagist",
        "name": "symfony/security-core"
      },
      "ranges": [
        {
          "type": "ECOSYSTEM",
          "events": [
            {
              "introduced": "2.8.0"
            },
            {
              "fixed": "2.8.6"
            }
          ]
        }
      ]
    },
    {
      "package": {
        "ecosystem": "Packagist",
        "name": "symfony/security-core"
      },
      "ranges": [
        {
          "type": "ECOSYSTEM",
          "events": [
            {
              "introduced": "3.0.0"
            },
            {
              "fixed": "3.0.6"
            }
          ]
        }
      ]
    },
    {
      "package": {
        "ecosystem": "Packagist",
        "name": "symfony/security"
      },
      "ranges": [
        {
          "type": "ECOSYSTEM",
          "events": [
            {
              "introduced": "2.8.0"
            },
            {
              "fixed": "2.8.6"
            }
          ]
        }
      ]
    },
    {
      "package": {
        "ecosystem": "Packagist",
        "name": "symfony/security"
      },
      "ranges": [
        {
          "type": "ECOSYSTEM",
          "events": [
            {
              "introduced": "3.0.0"
            },
            {
              "fixed": "3.0.6"
            }
          ]
        }
      ]
    },
    {
      "package": {
        "ecosystem": "Packagist",
        "name": "symfony/symfony"
      },
      "ranges": [
        {
          "type": "ECOSYSTEM",
          "events": [
            {
              "introduced": "2.8.0"
            },
            {
              "fixed": "2.8.6"
            }
          ]
        }
      ]
    },
    {
      "package": {
        "ecosystem": "Packagist",
        "name": "symfony/symfony"
      },
      "ranges": [
        {
          "type": "ECOSYSTEM",
          "events": [
            {
              "introduced": "3.0.0"
            },
            {
              "fixed": "3.0.6"
            }
          ]
        }
      ]
    }
  ],
  "references": [
    {
      "type": "ADVISORY",
      "url": "https://nvd.nist.gov/vuln/detail/CVE-2016-2403"
    },
    {
      "type": "WEB",
      "url": "https://github.com/FriendsOfPHP/security-advisories/blob/master/symfony/security-core/CVE-2016-2403.yaml"
    },
    {
      "type": "WEB",
      "url": "https://github.com/FriendsOfPHP/security-advisories/blob/master/symfony/security/CVE-2016-2403.yaml"
    },
    {
      "type": "WEB",
      "url": "https://github.com/FriendsOfPHP/security-advisories/blob/master/symfony/symfony/CVE-2016-2403.yaml"
    },
    {
      "type": "WEB",
      "url": "https://symfony.com/cve-2016-2403"
    },
    {
      "type": "WEB",
      "url": "https://web.archive.org/web/20210123224944/http://www.securityfocus.com/bid/96137"
    },
    {
      "type": "WEB",
      "url": "https://www.debian.org/security/2018/dsa-4262"
    },
    {
      "type": "WEB",
      "url": "http://symfony.com/blog/cve-2016-2403-unauthorized-access-on-a-misconfigured-ldap-server-when-using-an-empty-password"
    }
  ],
  "database_specific": {
    "cwe_ids": [
      "CWE-287"
    ],
    "severity": "CRITICAL",
    "github_reviewed": true,
    "github_reviewed_at": "2023-07-31T18:26:03Z",
    "nvd_published_at": "2017-02-07T17:59:00Z"
  }
}