{
  "schema_version": "1.4.0",
  "id": "GHSA-75pc-qvwc-jf3g",
  "modified": "2023-10-02T15:01:12Z",
  "published": "2021-05-18T18:20:48Z",
  "aliases": [
    "CVE-2020-12757"
  ],
  "summary": "Improper Input Validation in HashiCorp Vault",
  "details": "HashiCorp Vault and Vault Enterprise 1.4.x before 1.4.2 in Go package github.com/hashicorp/vault-plugin-secrets-gcp/plugin has Incorrect Access Control.",
  "severity": [
    {
      "type": "CVSS_V3",
      "score": "CVSS:3.1/AV:N/AC:L/PR:N/UI:N/S:U/C:H/I:H/A:H"
    }
  ],
  "affected": [
    {
      "package": {
        "ecosystem": "Go",
        "name": "github.com/hashicorp/vault-plugin-secrets-gcp"
      },
      "ranges": [
        {
          "type": "ECOSYSTEM",
          "events": [
            {
              "introduced": "0"
            },
            {
              "fixed": "0.6.2"
            }
          ]
        }
      ]
    }
  ],
  "references": [
    {
      "type": "ADVISORY",
      "url": "https://nvd.nist.gov/vuln/detail/CVE-2020-12757"
    },
    {
      "type": "WEB",
      "url": "https://github.com/hashicorp/vault-plugin-secrets-gcp/pull/85"
    },
    {
      "type": "WEB",
      "url": "https://github.com/hashicorp/vault-plugin-secrets-gcp/commit/e43d20870c50f7428dead1411debcec075b35fb4"
    },
    {
      "type": "WEB",
      "url": "https://github.com/hashicorp/vault/blob/master/CHANGELOG.md"
    },
    {
      "type": "WEB",
      "url": "https://github.com/hashicorp/vault/blob/master/CHANGELOG.md#142-may-21st-2020"
    },
    {
      "type": "WEB",
      "url": "https://www.hashicorp.com/blog/category/vault"
    }
  ],
  "database_specific": {
    "cwe_ids": [
      "CWE-20"
    ],
    "severity": "CRITICAL",
    "github_reviewed": true,
    "github_reviewed_at": "2021-05-13T14:47:09Z",
    "nvd_published_at": null
  }
}