{
  "schema_version": "1.4.0",
  "id": "GHSA-qhq8-2f3m-gxvp",
  "modified": "2023-03-14T23:03:22Z",
  "published": "2023-03-08T21:30:23Z",
  "aliases": [
    "CVE-2023-24782"
  ],
  "summary": "SQL Injection in Funadmin",
  "details": "Funadmin v3.2.0 was discovered to contain a SQL injection vulnerability via the id parameter at /databases/database/edit.",
  "severity": [
    {
      "type": "CVSS_V3",
      "score": "CVSS:3.1/AV:N/AC:L/PR:N/UI:N/S:U/C:H/I:H/A:H"
    }
  ],
  "affected": [
    {
      "package": {
        "ecosystem": "Packagist",
        "name": "funadmin/funadmin"
      },
      "ranges": [
        {
          "type": "ECOSYSTEM",
          "events": [
            {
              "introduced": "0"
            },
            {
              "last_affected": "3.2.0"
            }
          ]
        }
      ]
    }
  ],
  "references": [
    {
      "type": "ADVISORY",
      "url": "https://nvd.nist.gov/vuln/detail/CVE-2023-24782"
    },
    {
      "type": "WEB",
      "url": "https://github.com/funadmin/funadmin/issues/3"
    }
  ],
  "database_specific": {
    "cwe_ids": [
      "CWE-89"
    ],
    "severity": "CRITICAL",
    "github_reviewed": true,
    "github_reviewed_at": "2023-03-14T23:03:22Z",
    "nvd_published_at": "2023-03-08T21:15:00Z"
  }
}