{
  "schema_version": "1.4.0",
  "id": "GHSA-wp7m-mrvf-599c",
  "modified": "2021-11-01T14:12:07Z",
  "published": "2020-02-14T23:09:10Z",
  "aliases": [
    "CVE-2019-15597"
  ],
  "summary": "Command Injection in node-df",
  "details": "All versions of `node-df` are vulnerable to Command Injection. The package fails to sanitize filenames passed to the  `file` option. If this value is user-controlled it  may allow attackers to run arbitrary commands in the server.\n\n\n## Recommendation\n\nNo fix is currently available. Consider using an alternative package until a fix is made available.",
  "severity": [
    {
      "type": "CVSS_V3",
      "score": "CVSS:3.1/AV:N/AC:L/PR:N/UI:N/S:U/C:H/I:H/A:H"
    }
  ],
  "affected": [
    {
      "package": {
        "ecosystem": "npm",
        "name": "node-df"
      },
      "ranges": [
        {
          "type": "ECOSYSTEM",
          "events": [
            {
              "introduced": "0"
            },
            {
              "last_affected": "0.1.4"
            }
          ]
        }
      ]
    }
  ],
  "references": [
    {
      "type": "ADVISORY",
      "url": "https://nvd.nist.gov/vuln/detail/CVE-2019-15597"
    },
    {
      "type": "WEB",
      "url": "https://hackerone.com/reports/703412"
    },
    {
      "type": "PACKAGE",
      "url": "https://github.com/adriano-di-giovanni/node-df"
    },
    {
      "type": "WEB",
      "url": "https://www.npmjs.com/advisories/1431"
    }
  ],
  "database_specific": {
    "cwe_ids": [
      "CWE-94"
    ],
    "severity": "CRITICAL",
    "github_reviewed": true,
    "github_reviewed_at": "2020-02-13T17:09:46Z",
    "nvd_published_at": "2019-12-18T21:15:00Z"
  }
}