{
  "schema_version": "1.4.0",
  "id": "GHSA-r5pv-7g89-cxmc",
  "modified": "2025-02-13T19:01:55Z",
  "published": "2023-07-25T09:30:18Z",
  "aliases": [
    "CVE-2023-35088"
  ],
  "summary": "SQL injection in audit endpoint",
  "details": "Improper Neutralization of Special Elements Used in an SQL Command ('SQL Injection') vulnerability in Apache Software Foundation Apache InLong.This issue affects Apache InLong: from 1.4.0 through 1.7.0.\u00a0\nIn the toAuditCkSql method, the groupId, streamId, auditId, and dt are directly concatenated into the SQL query statement, which may lead to SQL injection attacks.\nUsers are advised to upgrade to Apache InLong's 1.8.0 or cherry-pick [1] to solve it.\n\n[1]  https://github.com/apache/inlong/pull/8198",
  "severity": [
    {
      "type": "CVSS_V3",
      "score": "CVSS:3.1/AV:N/AC:L/PR:N/UI:N/S:U/C:H/I:H/A:H"
    },
    {
      "type": "CVSS_V4",
      "score": "CVSS:4.0/AV:N/AC:L/AT:N/PR:N/UI:N/VC:H/VI:H/VA:H/SC:N/SI:N/SA:N"
    }
  ],
  "affected": [
    {
      "package": {
        "ecosystem": "Maven",
        "name": "org.apache.inlong:manager-service"
      },
      "ranges": [
        {
          "type": "ECOSYSTEM",
          "events": [
            {
              "introduced": "1.4.0"
            },
            {
              "fixed": "1.8.0"
            }
          ]
        }
      ]
    }
  ],
  "references": [
    {
      "type": "ADVISORY",
      "url": "https://nvd.nist.gov/vuln/detail/CVE-2023-35088"
    },
    {
      "type": "WEB",
      "url": "https://github.com/apache/inlong/pull/8198"
    },
    {
      "type": "WEB",
      "url": "https://github.com/apache/inlong/commit/cab63a8eea6c0f4bf3d30ce245b7e1beee42504d"
    },
    {
      "type": "PACKAGE",
      "url": "https://github.com/apache/inlong"
    },
    {
      "type": "WEB",
      "url": "https://lists.apache.org/thread/os7b66x4n8dbtrdpb7c6x37bb1vjb0tk"
    },
    {
      "type": "WEB",
      "url": "http://seclists.org/fulldisclosure/2023/Jul/43"
    },
    {
      "type": "WEB",
      "url": "http://www.openwall.com/lists/oss-security/2023/07/25/4"
    }
  ],
  "database_specific": {
    "cwe_ids": [
      "CWE-89"
    ],
    "severity": "CRITICAL",
    "github_reviewed": true,
    "github_reviewed_at": "2023-07-25T19:24:11Z",
    "nvd_published_at": "2023-07-25T08:15:10Z"
  }
}