{
  "schema_version": "1.4.0",
  "id": "GHSA-jjgq-jq8g-24w4",
  "modified": "2024-04-24T20:41:24Z",
  "published": "2022-05-17T01:05:38Z",
  "aliases": [
    "CVE-2017-14242"
  ],
  "summary": "Dolibarr SQL injection vulnerability in don/list.php",
  "details": "SQL injection vulnerability in don/list.php in Dolibarr version 6.0.0 allows remote attackers to execute arbitrary SQL commands via the statut parameter.",
  "severity": [
    {
      "type": "CVSS_V3",
      "score": "CVSS:3.0/AV:N/AC:L/PR:N/UI:N/S:U/C:H/I:H/A:H"
    }
  ],
  "affected": [
    {
      "package": {
        "ecosystem": "Packagist",
        "name": "dolibarr/dolibarr"
      },
      "ranges": [
        {
          "type": "ECOSYSTEM",
          "events": [
            {
              "introduced": "0"
            },
            {
              "fixed": "6.0.1"
            }
          ]
        }
      ]
    }
  ],
  "references": [
    {
      "type": "ADVISORY",
      "url": "https://nvd.nist.gov/vuln/detail/CVE-2017-14242"
    },
    {
      "type": "WEB",
      "url": "https://github.com/Dolibarr/dolibarr/commit/33e2179b65331d9d9179b59d746817c5be1fecdb"
    },
    {
      "type": "PACKAGE",
      "url": "https://github.com/Dolibarr/dolibarr"
    }
  ],
  "database_specific": {
    "cwe_ids": [
      "CWE-89"
    ],
    "severity": "CRITICAL",
    "github_reviewed": true,
    "github_reviewed_at": "2024-04-24T20:41:24Z",
    "nvd_published_at": "2017-09-11T09:29:00Z"
  }
}