{
  "schema_version": "1.4.0",
  "id": "GHSA-f6jp-j6w3-w9hm",
  "modified": "2022-08-15T20:07:11Z",
  "published": "2021-09-20T20:18:11Z",
  "aliases": [
    "CVE-2021-41303"
  ],
  "summary": "Apache Shiro vulnerable to a specially crafted HTTP request causing an authentication bypass",
  "details": "Apache Shiro before 1.8.0, when using Apache Shiro with Spring Boot, a specially crafted HTTP request may cause an authentication bypass. Users should update to Apache Shiro 1.8.0.",
  "severity": [
    {
      "type": "CVSS_V3",
      "score": "CVSS:3.1/AV:N/AC:L/PR:N/UI:N/S:U/C:H/I:H/A:H"
    }
  ],
  "affected": [
    {
      "package": {
        "ecosystem": "Maven",
        "name": "org.apache.shiro:shiro-core"
      },
      "ranges": [
        {
          "type": "ECOSYSTEM",
          "events": [
            {
              "introduced": "0"
            },
            {
              "fixed": "1.8.0"
            }
          ]
        }
      ]
    }
  ],
  "references": [
    {
      "type": "ADVISORY",
      "url": "https://nvd.nist.gov/vuln/detail/CVE-2021-41303"
    },
    {
      "type": "WEB",
      "url": "https://lists.apache.org/thread.html/raae98bb934e4bde304465896ea02d9798e257e486d04a42221e2c41b@%3Cuser.shiro.apache.org%3E"
    },
    {
      "type": "WEB",
      "url": "https://lists.apache.org/thread.html/re470be1ffea44bca28ccb0e67a4cf5d744e2d2b981d00fdbbf5abc13%40%3Cannounce.shiro.apache.org%3E"
    },
    {
      "type": "WEB",
      "url": "https://security.netapp.com/advisory/ntap-20220609-0001"
    },
    {
      "type": "WEB",
      "url": "https://www.oracle.com/security-alerts/cpujul2022.html"
    }
  ],
  "database_specific": {
    "cwe_ids": [
      "CWE-287"
    ],
    "severity": "CRITICAL",
    "github_reviewed": true,
    "github_reviewed_at": "2021-09-20T19:17:39Z",
    "nvd_published_at": "2021-09-17T09:15:00Z"
  }
}