{
  "schema_version": "1.4.0",
  "id": "GHSA-gh38-x2wm-xmc8",
  "modified": "2022-01-31T21:45:30Z",
  "published": "2022-01-28T22:13:27Z",
  "aliases": [
    "CVE-2021-45029"
  ],
  "summary": "Code injection in ShenYu",
  "details": "Groovy Code Injection & SpEL Injection which lead to Remote Code Execution. This issue affected Apache ShenYu 2.4.0 and 2.4.1.",
  "severity": [
    {
      "type": "CVSS_V3",
      "score": "CVSS:3.1/AV:N/AC:L/PR:N/UI:N/S:U/C:H/I:H/A:H"
    }
  ],
  "affected": [
    {
      "package": {
        "ecosystem": "Maven",
        "name": "org.apache.shenyu:shenyu-common"
      },
      "ranges": [
        {
          "type": "ECOSYSTEM",
          "events": [
            {
              "introduced": "2.4.0"
            },
            {
              "fixed": "2.4.2"
            }
          ]
        }
      ]
    }
  ],
  "references": [
    {
      "type": "ADVISORY",
      "url": "https://nvd.nist.gov/vuln/detail/CVE-2021-45029"
    },
    {
      "type": "WEB",
      "url": "https://github.com/apache/incubator-shenyu"
    },
    {
      "type": "WEB",
      "url": "https://lists.apache.org/thread/3zzmwvg3012tg306x8o893fvdcssx639"
    },
    {
      "type": "WEB",
      "url": "http://www.openwall.com/lists/oss-security/2022/01/25/8"
    },
    {
      "type": "WEB",
      "url": "http://www.openwall.com/lists/oss-security/2022/01/26/1"
    }
  ],
  "database_specific": {
    "cwe_ids": [
      "CWE-94"
    ],
    "severity": "CRITICAL",
    "github_reviewed": true,
    "github_reviewed_at": "2022-01-26T22:40:21Z",
    "nvd_published_at": "2022-01-25T13:15:00Z"
  }
}