{
  "schema_version": "1.4.0",
  "id": "GHSA-m5p4-7wf9-6w99",
  "modified": "2021-10-01T13:29:07Z",
  "published": "2020-09-01T21:10:53Z",
  "aliases": [],
  "summary": "Malicious Package in regenrator",
  "details": "All versions of `regenrator` are considered malicious. The package is malware designed to take advantage of users making a mistake when typing the name of a module to install. When executed, the package calls home to a Command and Control server to execute arbitrary commands.\n\n\n## Recommendation\n\nThis package was published to the npm Registry for a very short period of time. If you happen to find it in your environment you should revoke and rotate all credentials  found on the compromised machine, as well as completely erase the affected machine and reinstall your Operating System.",
  "severity": [
    {
      "type": "CVSS_V3",
      "score": "CVSS:3.1/AV:N/AC:L/PR:N/UI:N/S:U/C:H/I:H/A:H"
    }
  ],
  "affected": [
    {
      "package": {
        "ecosystem": "npm",
        "name": "regenrator"
      },
      "ranges": [
        {
          "type": "ECOSYSTEM",
          "events": [
            {
              "introduced": "0"
            }
          ]
        }
      ]
    }
  ],
  "references": [
    {
      "type": "WEB",
      "url": "https://www.npmjs.com/advisories/685"
    }
  ],
  "database_specific": {
    "cwe_ids": [
      "CWE-506"
    ],
    "severity": "CRITICAL",
    "github_reviewed": true,
    "github_reviewed_at": "2020-08-31T18:32:43Z",
    "nvd_published_at": null
  }
}