{
  "schema_version": "1.4.0",
  "id": "GHSA-9wmc-988h-2mv2",
  "modified": "2024-12-30T18:45:42Z",
  "published": "2024-12-30T15:31:59Z",
  "aliases": [
    "CVE-2024-50703"
  ],
  "summary": "TeamPass privileges issue",
  "details": "TeamPass before 3.1.3.1 does not properly prevent a user from acting with the privileges of a different user_id.",
  "severity": [
    {
      "type": "CVSS_V3",
      "score": "CVSS:3.1/AV:N/AC:L/PR:L/UI:N/S:U/C:L/I:L/A:N"
    },
    {
      "type": "CVSS_V4",
      "score": "CVSS:4.0/AV:N/AC:L/AT:N/PR:N/UI:N/VC:H/VI:H/VA:N/SC:N/SI:N/SA:N"
    }
  ],
  "affected": [
    {
      "package": {
        "ecosystem": "Packagist",
        "name": "nilsteampassnet/teampass"
      },
      "ranges": [
        {
          "type": "ECOSYSTEM",
          "events": [
            {
              "introduced": "0"
            },
            {
              "fixed": "3.1.3.1"
            }
          ]
        }
      ]
    }
  ],
  "references": [
    {
      "type": "ADVISORY",
      "url": "https://nvd.nist.gov/vuln/detail/CVE-2024-50703"
    },
    {
      "type": "WEB",
      "url": "https://github.com/nilsteampassnet/TeamPass/commit/c7f7f809071eaa9e04505ee79cec7049a42959e9"
    },
    {
      "type": "PACKAGE",
      "url": "https://github.com/nilsteampassnet/TeamPass"
    },
    {
      "type": "WEB",
      "url": "https://github.com/nilsteampassnet/TeamPass/compare/3.1.2...3.1.3.1"
    },
    {
      "type": "WEB",
      "url": "https://github.com/nilsteampassnet/TeamPass/compare/3.1.3...3.1.3.1"
    }
  ],
  "database_specific": {
    "cwe_ids": [
      "CWE-472",
      "CWE-639"
    ],
    "severity": "CRITICAL",
    "github_reviewed": true,
    "github_reviewed_at": "2024-12-30T18:06:34Z",
    "nvd_published_at": "2024-12-30T15:15:10Z"
  }
}