{
  "schema_version": "1.4.0",
  "id": "GHSA-mh82-55cm-6gfh",
  "modified": "2022-06-29T20:42:39Z",
  "published": "2021-06-08T23:16:03Z",
  "aliases": [
    "CVE-2021-25945"
  ],
  "summary": "Prototype pollution vulnerability in js-extend",
  "details": "Prototype pollution vulnerability in 'js-extend' versions 0.0.1 through 1.0.1 allows attacker to cause a denial of service and may lead to remote code execution.",
  "severity": [
    {
      "type": "CVSS_V3",
      "score": "CVSS:3.1/AV:N/AC:L/PR:N/UI:N/S:U/C:H/I:H/A:H"
    }
  ],
  "affected": [
    {
      "package": {
        "ecosystem": "npm",
        "name": "js-extend"
      },
      "ranges": [
        {
          "type": "ECOSYSTEM",
          "events": [
            {
              "introduced": "0"
            },
            {
              "last_affected": "1.0.1"
            }
          ]
        }
      ]
    }
  ],
  "references": [
    {
      "type": "ADVISORY",
      "url": "https://nvd.nist.gov/vuln/detail/CVE-2021-25945"
    },
    {
      "type": "PACKAGE",
      "url": "https://github.com/vmattos/js-extend"
    },
    {
      "type": "WEB",
      "url": "https://www.whitesourcesoftware.com/vulnerability-database/CVE-2021-25945"
    }
  ],
  "database_specific": {
    "cwe_ids": [
      "CWE-1321",
      "CWE-915"
    ],
    "severity": "CRITICAL",
    "github_reviewed": true,
    "github_reviewed_at": "2021-05-27T23:04:49Z",
    "nvd_published_at": "2021-05-26T15:15:00Z"
  }
}