{
  "schema_version": "1.4.0",
  "id": "GHSA-cx2v-jrjc-g54w",
  "modified": "2022-11-22T19:24:22Z",
  "published": "2022-05-13T01:49:41Z",
  "aliases": [
    "CVE-2018-12972"
  ],
  "summary": "OpenTSDB vulnerable to OS Command Injection",
  "details": "An issue was discovered in OpenTSDB 2.3.0. Many parameters to the /q URI can execute commands, including o, key, style, and yrange and y2range and their JSON input.",
  "severity": [
    {
      "type": "CVSS_V3",
      "score": "CVSS:3.0/AV:N/AC:L/PR:N/UI:N/S:U/C:H/I:H/A:H"
    }
  ],
  "affected": [
    {
      "package": {
        "ecosystem": "Maven",
        "name": "net.opentsdb:opentsdb"
      },
      "ranges": [
        {
          "type": "ECOSYSTEM",
          "events": [
            {
              "introduced": "0"
            },
            {
              "last_affected": "2.3.0"
            }
          ]
        }
      ]
    }
  ],
  "references": [
    {
      "type": "ADVISORY",
      "url": "https://nvd.nist.gov/vuln/detail/CVE-2018-12972"
    },
    {
      "type": "WEB",
      "url": "https://github.com/OpenTSDB/opentsdb/issues/1239"
    },
    {
      "type": "PACKAGE",
      "url": "https://github.com/OpenTSDB/opentsdb"
    }
  ],
  "database_specific": {
    "cwe_ids": [
      "CWE-78"
    ],
    "severity": "CRITICAL",
    "github_reviewed": true,
    "github_reviewed_at": "2022-11-22T19:24:22Z",
    "nvd_published_at": "2018-06-29T05:29:00Z"
  }
}