{
  "schema_version": "1.4.0",
  "id": "GHSA-8434-v7xw-8m9x",
  "modified": "2022-05-27T22:48:38Z",
  "published": "2022-01-21T23:03:39Z",
  "aliases": [
    "CVE-2021-21386"
  ],
  "summary": "Improper Neutralization of Argument Delimiters in a Decompiling Package Process in APKLeaks",
  "details": "APKLeaks prior to v2.0.4 allows remote authenticated attackers to execute arbitrary OS commands via package name inside the application manifest.\n\n### Impact\n\nAn authenticated attacker could include arguments that allow unintended commands or code to be executed, allow sensitive data to be read or modified, or could cause other unintended behavior through malicious package names.\n\n\n### References\n\n- a966e781499ff6fd4eea66876d7532301b13a382\n\n### For more information\n\nIf you have any questions or comments about this advisory:\n* Email me at [me@dw1.io](mailto:me@dw1.io)\n",
  "severity": [
    {
      "type": "CVSS_V3",
      "score": "CVSS:3.1/AV:N/AC:L/PR:N/UI:R/S:C/C:H/I:H/A:N"
    }
  ],
  "affected": [
    {
      "package": {
        "ecosystem": "PyPI",
        "name": "APKLeaks"
      },
      "ranges": [
        {
          "type": "ECOSYSTEM",
          "events": [
            {
              "introduced": "0"
            },
            {
              "fixed": "2.0.4"
            }
          ]
        }
      ]
    }
  ],
  "references": [
    {
      "type": "WEB",
      "url": "https://github.com/dwisiswant0/apkleaks/security/advisories/GHSA-8434-v7xw-8m9x"
    },
    {
      "type": "ADVISORY",
      "url": "https://nvd.nist.gov/vuln/detail/CVE-2021-21386"
    },
    {
      "type": "WEB",
      "url": "https://github.com/dwisiswant0/apkleaks/commit/a966e781499ff6fd4eea66876d7532301b13a382"
    },
    {
      "type": "PACKAGE",
      "url": "https://github.com/dwisiswant0/apkleaks"
    }
  ],
  "database_specific": {
    "cwe_ids": [
      "CWE-78",
      "CWE-88"
    ],
    "severity": "CRITICAL",
    "github_reviewed": true,
    "github_reviewed_at": "2022-01-21T21:03:01Z",
    "nvd_published_at": "2021-03-24T21:15:00Z"
  }
}