{
  "schema_version": "1.4.0",
  "id": "GHSA-4hx3-m8w5-g5qh",
  "modified": "2024-04-24T18:32:01Z",
  "published": "2022-05-14T03:31:31Z",
  "aliases": [
    "CVE-2018-8073"
  ],
  "summary": "yii2-redis Potential Remote code execution",
  "details": "Potential remote code execution in LUA context of the redis server via methods `yii\\redis\\ActiveRecord::findOne()` and `yii\\redis\\ActiveRecord::findAll()` in yiisoft/yii2-redis. Attackers could probably manipulate data on the redis server.\n",
  "severity": [
    {
      "type": "CVSS_V3",
      "score": "CVSS:3.0/AV:N/AC:L/PR:N/UI:N/S:U/C:H/I:H/A:H"
    }
  ],
  "affected": [
    {
      "package": {
        "ecosystem": "Packagist",
        "name": "yiisoft/yii2-redis"
      },
      "ranges": [
        {
          "type": "ECOSYSTEM",
          "events": [
            {
              "introduced": "0"
            },
            {
              "fixed": "2.0.8"
            }
          ]
        }
      ]
    }
  ],
  "references": [
    {
      "type": "ADVISORY",
      "url": "https://nvd.nist.gov/vuln/detail/CVE-2018-8073"
    },
    {
      "type": "WEB",
      "url": "https://github.com/FriendsOfPHP/security-advisories/blob/master/yiisoft/yii2-redis/CVE-2018-8073.yaml"
    },
    {
      "type": "PACKAGE",
      "url": "https://github.com/yiisoft/yii2-redis"
    },
    {
      "type": "WEB",
      "url": "https://www.yiiframework.com/news/168/releasing-yii-2-0-15-and-database-extensions-with-security-fixes"
    },
    {
      "type": "WEB",
      "url": "http://www.yiiframework.com/news/168/releasing-yii-2-0-15-and-database-extensions-with-security-fixes"
    }
  ],
  "database_specific": {
    "cwe_ids": [
      "CWE-94"
    ],
    "severity": "CRITICAL",
    "github_reviewed": true,
    "github_reviewed_at": "2024-04-24T18:32:01Z",
    "nvd_published_at": "2018-03-21T18:29:00Z"
  }
}