{
  "schema_version": "1.4.0",
  "id": "GHSA-q2gj-9r85-p832",
  "modified": "2023-06-13T20:47:12Z",
  "published": "2021-08-25T20:48:09Z",
  "aliases": [
    "CVE-2020-35879"
  ],
  "summary": "Data races in rulinalg",
  "details": "The affected version of rulinalg has incorrect lifetime boundary definitions for RowMut::raw_slice and RowMut::raw_slice_mut. They do not conform with Rust's borrowing rule and allows the user to create multiple mutable references to the same location. This may result in unexpected calculation result and data race if both references are used at the same time.",
  "severity": [
    {
      "type": "CVSS_V3",
      "score": "CVSS:3.1/AV:N/AC:L/PR:N/UI:N/S:U/C:H/I:H/A:H"
    }
  ],
  "affected": [
    {
      "package": {
        "ecosystem": "crates.io",
        "name": "rulinalg"
      },
      "ranges": [
        {
          "type": "ECOSYSTEM",
          "events": [
            {
              "introduced": "0.4.0"
            },
            {
              "last_affected": "0.4.2"
            }
          ]
        }
      ]
    }
  ],
  "references": [
    {
      "type": "ADVISORY",
      "url": "https://nvd.nist.gov/vuln/detail/CVE-2020-35879"
    },
    {
      "type": "WEB",
      "url": "https://github.com/AtheMathmo/rulinalg/issues/201"
    },
    {
      "type": "PACKAGE",
      "url": "https://github.com/AtheMathmo/rulinalg"
    },
    {
      "type": "WEB",
      "url": "https://rustsec.org/advisories/RUSTSEC-2020-0023.html"
    }
  ],
  "database_specific": {
    "cwe_ids": [
      "CWE-362"
    ],
    "severity": "CRITICAL",
    "github_reviewed": true,
    "github_reviewed_at": "2021-08-19T21:06:56Z",
    "nvd_published_at": null
  }
}