{
  "schema_version": "1.4.0",
  "id": "GHSA-5vqr-wprc-cpp7",
  "modified": "2025-03-21T16:55:37Z",
  "published": "2025-03-20T12:32:41Z",
  "aliases": [
    "CVE-2024-11041"
  ],
  "summary": "vLLM Deserialization of Untrusted Data vulnerability",
  "details": "vllm-project vllm version v0.6.2 contains a vulnerability in the MessageQueue.dequeue() API function. The function uses pickle.loads to parse received sockets directly, leading to a remote code execution vulnerability. An attacker can exploit this by sending a malicious payload to the MessageQueue, causing the victim's machine to execute arbitrary code.",
  "severity": [
    {
      "type": "CVSS_V3",
      "score": "CVSS:3.0/AV:N/AC:L/PR:N/UI:N/S:U/C:H/I:H/A:H"
    }
  ],
  "affected": [
    {
      "package": {
        "ecosystem": "PyPI",
        "name": "vllm"
      },
      "ranges": [
        {
          "type": "ECOSYSTEM",
          "events": [
            {
              "introduced": "0"
            },
            {
              "last_affected": "0.6.2"
            }
          ]
        }
      ]
    }
  ],
  "references": [
    {
      "type": "ADVISORY",
      "url": "https://nvd.nist.gov/vuln/detail/CVE-2024-11041"
    },
    {
      "type": "PACKAGE",
      "url": "https://github.com/vllm-project/vllm"
    },
    {
      "type": "WEB",
      "url": "https://github.com/vllm-project/vllm/blob/7193774b1ff8603ad5bf4598e5efba0d9a39b436/vllm/distributed/device_communicators/shm_broadcast.py#L441-L443"
    },
    {
      "type": "WEB",
      "url": "https://huntr.com/bounties/00136195-11e0-4ad0-98d5-72db066e867f"
    }
  ],
  "database_specific": {
    "cwe_ids": [
      "CWE-502"
    ],
    "severity": "CRITICAL",
    "github_reviewed": true,
    "github_reviewed_at": "2025-03-21T16:55:37Z",
    "nvd_published_at": "2025-03-20T10:15:23Z"
  }
}