{
  "schema_version": "1.4.0",
  "id": "GHSA-q4q3-r45f-7gwg",
  "modified": "2023-03-10T23:21:38Z",
  "published": "2022-09-01T00:00:26Z",
  "aliases": [
    "CVE-2022-37021"
  ],
  "summary": "Apache Geode vulnerable to Deserialization of Untrusted Data",
  "details": "Apache Geode versions up to 1.12.5, 1.13.4 and 1.14.0 are vulnerable to a deserialization of untrusted data flaw when using JMX over RMI on Java 8. Any user still on Java 8 who wishes to protect against deserialization attacks involving JMX or RMI should upgrade to Apache Geode 1.15 and Java 11. If upgrading to Java 11 is not possible, then upgrade to Apache Geode 1.15 and specify \"--J=-Dgeode.enableGlobalSerialFilter=true\" when starting any Locators or Servers. Follow the documentation for details on specifying any user classes that may be serialized/deserialized with the \"serializable-object-filter\" configuration option. Using a global serial filter will impact performance.",
  "severity": [
    {
      "type": "CVSS_V3",
      "score": "CVSS:3.1/AV:N/AC:L/PR:N/UI:N/S:U/C:H/I:H/A:H"
    }
  ],
  "affected": [
    {
      "package": {
        "ecosystem": "Maven",
        "name": "org.apache.geode:geode-core"
      },
      "ranges": [
        {
          "type": "ECOSYSTEM",
          "events": [
            {
              "introduced": "0"
            },
            {
              "fixed": "1.12.16"
            }
          ]
        }
      ]
    },
    {
      "package": {
        "ecosystem": "Maven",
        "name": "org.apache.geode:geode-core"
      },
      "ranges": [
        {
          "type": "ECOSYSTEM",
          "events": [
            {
              "introduced": "1.13.0"
            },
            {
              "fixed": "1.13.5"
            }
          ]
        }
      ]
    },
    {
      "package": {
        "ecosystem": "Maven",
        "name": "org.apache.geode:geode-core"
      },
      "ranges": [
        {
          "type": "ECOSYSTEM",
          "events": [
            {
              "introduced": "1.14.0"
            },
            {
              "fixed": "1.14.1"
            }
          ]
        }
      ]
    }
  ],
  "references": [
    {
      "type": "ADVISORY",
      "url": "https://nvd.nist.gov/vuln/detail/CVE-2022-37021"
    },
    {
      "type": "WEB",
      "url": "https://lists.apache.org/thread/qrvhmytsshsk5xcb68pwccw3y6m8o8nr"
    }
  ],
  "database_specific": {
    "cwe_ids": [
      "CWE-502"
    ],
    "severity": "CRITICAL",
    "github_reviewed": true,
    "github_reviewed_at": "2023-03-10T23:21:38Z",
    "nvd_published_at": "2022-08-31T07:15:00Z"
  }
}