{
  "schema_version": "1.4.0",
  "id": "GHSA-54p5-gxq6-j98g",
  "modified": "2024-04-25T20:57:31Z",
  "published": "2022-05-24T17:12:08Z",
  "aliases": [
    "CVE-2020-10806"
  ],
  "summary": "eZ Publish Kernel and Legacy Unrestricted Upload of File with Dangerous Type",
  "details": "eZ Publish Kernel before 5.4.14.1, 6.x before 6.13.6.2, and 7.x before 7.5.6.2 and eZ Publish Legacy before 5.4.14.1, 2017 before 2017.12.7.2, and 2019 before 2019.03.4.2 allow remote attackers to execute arbitrary code by uploading PHP code, unless the vhost configuration permits only app.php execution.",
  "severity": [
    {
      "type": "CVSS_V3",
      "score": "CVSS:3.1/AV:N/AC:L/PR:N/UI:N/S:U/C:H/I:H/A:H"
    }
  ],
  "affected": [
    {
      "package": {
        "ecosystem": "Packagist",
        "name": "ezsystems/ezpublish-kernel"
      },
      "ranges": [
        {
          "type": "ECOSYSTEM",
          "events": [
            {
              "introduced": "0"
            },
            {
              "fixed": "5.4.14.1"
            }
          ]
        }
      ]
    },
    {
      "package": {
        "ecosystem": "Packagist",
        "name": "ezsystems/ezpublish-legacy"
      },
      "ranges": [
        {
          "type": "ECOSYSTEM",
          "events": [
            {
              "introduced": "0"
            },
            {
              "fixed": "5.4.14.1"
            }
          ]
        }
      ]
    },
    {
      "package": {
        "ecosystem": "Packagist",
        "name": "ezsystems/ezpublish-kernel"
      },
      "ranges": [
        {
          "type": "ECOSYSTEM",
          "events": [
            {
              "introduced": "6.0"
            },
            {
              "fixed": "6.13.6.2"
            }
          ]
        }
      ]
    },
    {
      "package": {
        "ecosystem": "Packagist",
        "name": "ezsystems/ezpublish-kernel"
      },
      "ranges": [
        {
          "type": "ECOSYSTEM",
          "events": [
            {
              "introduced": "7.0"
            },
            {
              "fixed": "7.5.6.2"
            }
          ]
        }
      ]
    },
    {
      "package": {
        "ecosystem": "Packagist",
        "name": "ezsystems/ezpublish-legacy"
      },
      "ranges": [
        {
          "type": "ECOSYSTEM",
          "events": [
            {
              "introduced": "2017"
            },
            {
              "fixed": "2017.12.7.2"
            }
          ]
        }
      ]
    },
    {
      "package": {
        "ecosystem": "Packagist",
        "name": "ezsystems/ezpublish-legacy"
      },
      "ranges": [
        {
          "type": "ECOSYSTEM",
          "events": [
            {
              "introduced": "2019"
            },
            {
              "fixed": "2019.03.4.2"
            }
          ]
        }
      ]
    }
  ],
  "references": [
    {
      "type": "ADVISORY",
      "url": "https://nvd.nist.gov/vuln/detail/CVE-2020-10806"
    },
    {
      "type": "WEB",
      "url": "https://ezplatform.com/security-advisories/ezsa-2020-001-remote-code-execution-in-file-uploads"
    }
  ],
  "database_specific": {
    "cwe_ids": [],
    "severity": "CRITICAL",
    "github_reviewed": true,
    "github_reviewed_at": "2024-04-25T20:57:31Z",
    "nvd_published_at": "2020-03-22T16:15:00Z"
  }
}