{
  "schema_version": "1.4.0",
  "id": "GHSA-7cgv-v83v-rr87",
  "modified": "2022-09-27T08:12:04Z",
  "published": "2022-09-23T00:00:46Z",
  "aliases": [
    "CVE-2022-40186"
  ],
  "summary": "HashiCorp Vault vulnerable to incorrect metadata access",
  "details": "An issue was discovered in HashiCorp Vault and Vault Enterprise before 1.11.3. A vulnerability in the Identity Engine was found where, in a deployment where an entity has multiple mount accessors with shared alias names, Vault may overwrite metadata to the wrong alias due to an issue with checking the proper alias assigned to an entity. This may allow for unintended access to key/value paths using that metadata in Vault.",
  "severity": [
    {
      "type": "CVSS_V3",
      "score": "CVSS:3.1/AV:N/AC:L/PR:N/UI:N/S:U/C:H/I:H/A:N"
    }
  ],
  "affected": [
    {
      "package": {
        "ecosystem": "Go",
        "name": "github.com/hashicorp/vault"
      },
      "ranges": [
        {
          "type": "ECOSYSTEM",
          "events": [
            {
              "introduced": "1.11.0"
            },
            {
              "fixed": "1.11.3"
            }
          ]
        }
      ]
    },
    {
      "package": {
        "ecosystem": "Go",
        "name": "github.com/hashicorp/vault"
      },
      "ranges": [
        {
          "type": "ECOSYSTEM",
          "events": [
            {
              "introduced": "1.10.0"
            },
            {
              "fixed": "1.10.6"
            }
          ]
        }
      ]
    },
    {
      "package": {
        "ecosystem": "Go",
        "name": "github.com/hashicorp/vault"
      },
      "ranges": [
        {
          "type": "ECOSYSTEM",
          "events": [
            {
              "introduced": "1.8.0"
            },
            {
              "fixed": "1.9.9"
            }
          ]
        }
      ]
    }
  ],
  "references": [
    {
      "type": "ADVISORY",
      "url": "https://nvd.nist.gov/vuln/detail/CVE-2022-40186"
    },
    {
      "type": "WEB",
      "url": "https://discuss.hashicorp.com"
    },
    {
      "type": "WEB",
      "url": "https://discuss.hashicorp.com/t/hcsec-2022-18-vault-entity-alias-metadata-may-leak-between-aliases-with-the-same-name-assigned-to-the-same-entity/44550"
    },
    {
      "type": "WEB",
      "url": "https://github.com/hashicorp/vault"
    },
    {
      "type": "WEB",
      "url": "https://security.netapp.com/advisory/ntap-20221111-0008"
    }
  ],
  "database_specific": {
    "cwe_ids": [],
    "severity": "CRITICAL",
    "github_reviewed": true,
    "github_reviewed_at": "2022-09-23T20:58:54Z",
    "nvd_published_at": "2022-09-22T01:15:00Z"
  }
}