{
  "schema_version": "1.4.0",
  "id": "GHSA-w2hr-3mc8-46gh",
  "modified": "2024-10-23T18:26:56Z",
  "published": "2022-05-24T17:43:23Z",
  "aliases": [
    "CVE-2021-3144"
  ],
  "summary": "SaltStack Salt eauth tokens can be used once after expiration",
  "details": "In SaltStack Salt before 3002.5, eauth tokens can be used once after expiration. (They might be used to run command against the salt master or minions.)",
  "severity": [
    {
      "type": "CVSS_V3",
      "score": "CVSS:3.1/AV:N/AC:L/PR:N/UI:N/S:U/C:H/I:H/A:N"
    }
  ],
  "affected": [
    {
      "package": {
        "ecosystem": "PyPI",
        "name": "salt"
      },
      "ranges": [
        {
          "type": "ECOSYSTEM",
          "events": [
            {
              "introduced": "0"
            },
            {
              "fixed": "2015.8.13"
            }
          ]
        }
      ]
    },
    {
      "package": {
        "ecosystem": "PyPI",
        "name": "salt"
      },
      "ranges": [
        {
          "type": "ECOSYSTEM",
          "events": [
            {
              "introduced": "2016.3.0"
            },
            {
              "fixed": "2016.11.5"
            }
          ]
        }
      ]
    },
    {
      "package": {
        "ecosystem": "PyPI",
        "name": "salt"
      },
      "ranges": [
        {
          "type": "ECOSYSTEM",
          "events": [
            {
              "introduced": "2016.11.7"
            },
            {
              "fixed": "2016.11.10"
            }
          ]
        }
      ]
    },
    {
      "package": {
        "ecosystem": "PyPI",
        "name": "salt"
      },
      "ranges": [
        {
          "type": "ECOSYSTEM",
          "events": [
            {
              "introduced": "2017.5.0"
            },
            {
              "fixed": "2017.7.8"
            }
          ]
        }
      ]
    },
    {
      "package": {
        "ecosystem": "PyPI",
        "name": "salt"
      },
      "ranges": [
        {
          "type": "ECOSYSTEM",
          "events": [
            {
              "introduced": "2018.2.0"
            },
            {
              "last_affected": "2018.3.5"
            }
          ]
        }
      ]
    },
    {
      "package": {
        "ecosystem": "PyPI",
        "name": "salt"
      },
      "ranges": [
        {
          "type": "ECOSYSTEM",
          "events": [
            {
              "introduced": "3000"
            },
            {
              "fixed": "3000.7"
            }
          ]
        }
      ]
    },
    {
      "package": {
        "ecosystem": "PyPI",
        "name": "salt"
      },
      "ranges": [
        {
          "type": "ECOSYSTEM",
          "events": [
            {
              "introduced": "3001"
            },
            {
              "fixed": "3001.5"
            }
          ]
        }
      ]
    },
    {
      "package": {
        "ecosystem": "PyPI",
        "name": "salt"
      },
      "ranges": [
        {
          "type": "ECOSYSTEM",
          "events": [
            {
              "introduced": "3002"
            },
            {
              "fixed": "3002.3"
            }
          ]
        }
      ]
    },
    {
      "package": {
        "ecosystem": "PyPI",
        "name": "salt"
      },
      "ranges": [
        {
          "type": "ECOSYSTEM",
          "events": [
            {
              "introduced": "2019.2.0"
            },
            {
              "fixed": "2019.2.8"
            }
          ]
        }
      ]
    }
  ],
  "references": [
    {
      "type": "ADVISORY",
      "url": "https://nvd.nist.gov/vuln/detail/CVE-2021-3144"
    },
    {
      "type": "WEB",
      "url": "https://www.debian.org/security/2021/dsa-5011"
    },
    {
      "type": "WEB",
      "url": "https://security.gentoo.org/glsa/202310-22"
    },
    {
      "type": "WEB",
      "url": "https://security.gentoo.org/glsa/202103-01"
    },
    {
      "type": "WEB",
      "url": "https://saltproject.io/security_announcements/active-saltstack-cve-release-2021-feb-25"
    },
    {
      "type": "WEB",
      "url": "https://lists.fedoraproject.org/archives/list/package-announce@lists.fedoraproject.org/message/YOGNT2XWPOYV7YT75DN7PS4GIYWFKOK5"
    },
    {
      "type": "WEB",
      "url": "https://lists.fedoraproject.org/archives/list/package-announce@lists.fedoraproject.org/message/FUGLOJ6NXLCIFRD2JTXBYQEMAEF2B6XH"
    },
    {
      "type": "WEB",
      "url": "https://lists.fedoraproject.org/archives/list/package-announce@lists.fedoraproject.org/message/7GRVZ5WAEI3XFN2BDTL6DDXFS5HYSDVB"
    },
    {
      "type": "WEB",
      "url": "https://lists.fedoraproject.org/archives/list/package-announce%40lists.fedoraproject.org/message/YOGNT2XWPOYV7YT75DN7PS4GIYWFKOK5"
    },
    {
      "type": "WEB",
      "url": "https://lists.fedoraproject.org/archives/list/package-announce%40lists.fedoraproject.org/message/FUGLOJ6NXLCIFRD2JTXBYQEMAEF2B6XH"
    },
    {
      "type": "WEB",
      "url": "https://lists.fedoraproject.org/archives/list/package-announce%40lists.fedoraproject.org/message/7GRVZ5WAEI3XFN2BDTL6DDXFS5HYSDVB"
    },
    {
      "type": "WEB",
      "url": "https://lists.debian.org/debian-lts-announce/2021/11/msg00009.html"
    },
    {
      "type": "WEB",
      "url": "https://github.com/saltstack/salt/releases"
    },
    {
      "type": "WEB",
      "url": "https://github.com/saltstack/salt/blob/8f9405cf8e6f7d7776d5000841c886dec6d96250/doc/topics/releases/3002.3.rst#L26"
    },
    {
      "type": "WEB",
      "url": "https://github.com/saltstack/salt/blob/8f9405cf8e6f7d7776d5000841c886dec6d96250/doc/topics/releases/3001.5.rst#L26"
    },
    {
      "type": "WEB",
      "url": "https://github.com/saltstack/salt/blob/8f9405cf8e6f7d7776d5000841c886dec6d96250/doc/topics/releases/3000.7.rst#L26"
    },
    {
      "type": "WEB",
      "url": "https://github.com/saltstack/salt/blob/8f9405cf8e6f7d7776d5000841c886dec6d96250/CHANGELOG.md?plain=1#L2373"
    },
    {
      "type": "PACKAGE",
      "url": "https://github.com/saltstack/salt"
    },
    {
      "type": "WEB",
      "url": "https://github.com/pypa/advisory-database/tree/main/vulns/salt/PYSEC-2021-54.yaml"
    }
  ],
  "database_specific": {
    "cwe_ids": [
      "CWE-613"
    ],
    "severity": "CRITICAL",
    "github_reviewed": true,
    "github_reviewed_at": "2024-04-22T21:16:56Z",
    "nvd_published_at": "2021-02-27T05:15:00Z"
  }
}