{
  "schema_version": "1.4.0",
  "id": "GHSA-w8f3-pvx4-4c3h",
  "modified": "2022-12-03T04:07:10Z",
  "published": "2021-05-06T18:11:39Z",
  "aliases": [
    "CVE-2020-7713"
  ],
  "summary": "Prototype Pollution in arr-flatten-unflatten",
  "details": "All versions of package arr-flatten-unflatten up to and including version 1.1.4 are vulnerable to Prototype Pollution via the constructor.",
  "severity": [
    {
      "type": "CVSS_V3",
      "score": "CVSS:3.1/AV:N/AC:L/PR:N/UI:N/S:U/C:H/I:H/A:H"
    }
  ],
  "affected": [
    {
      "package": {
        "ecosystem": "npm",
        "name": "arr-flatten-unflatten"
      },
      "ranges": [
        {
          "type": "ECOSYSTEM",
          "events": [
            {
              "introduced": "0"
            },
            {
              "last_affected": "1.1.4"
            }
          ]
        }
      ]
    }
  ],
  "references": [
    {
      "type": "ADVISORY",
      "url": "https://nvd.nist.gov/vuln/detail/CVE-2020-7713"
    },
    {
      "type": "WEB",
      "url": "https://github.com/Quernest/arr-flatten-unflatten/pull/8"
    },
    {
      "type": "WEB",
      "url": "https://github.com/Quernest/arr-flatten-unflatten/commit/cb4351c75f87a4fbec3b6140c40ee2993f574372"
    },
    {
      "type": "WEB",
      "url": "https://snyk.io/vuln/SNYK-JS-ARRFLATTENUNFLATTEN-598396"
    }
  ],
  "database_specific": {
    "cwe_ids": [
      "CWE-1321"
    ],
    "severity": "CRITICAL",
    "github_reviewed": true,
    "github_reviewed_at": "2021-05-05T19:00:34Z",
    "nvd_published_at": "2020-09-01T09:15:00Z"
  }
}