{
  "schema_version": "1.4.0",
  "id": "GHSA-2x4v-g8cx-jxrq",
  "modified": "2022-06-02T21:02:24Z",
  "published": "2022-06-02T21:02:24Z",
  "aliases": [],
  "summary": "Login timing attack in ibexa/core",
  "details": "Ibexa DXP is using random execution time to hinder timing attacks against user accounts, a method of discovering whether a given account exists in a system without knowing its password, thus affecting privacy. This implementation was found to not be good enough in some situations. The fix replaces this with constant time functionality, configured in the new security.yml parameter 'ibexa.security.authentication.constant_auth_time'. It will log a warning if the constant time is exceeded. If this happens the setting should be increased.",
  "severity": [],
  "affected": [
    {
      "package": {
        "ecosystem": "Packagist",
        "name": "ibexa/core"
      },
      "ranges": [
        {
          "type": "ECOSYSTEM",
          "events": [
            {
              "introduced": "4.0.0"
            },
            {
              "fixed": "4.0.7"
            }
          ]
        }
      ]
    },
    {
      "package": {
        "ecosystem": "Packagist",
        "name": "ibexa/core"
      },
      "ranges": [
        {
          "type": "ECOSYSTEM",
          "events": [
            {
              "introduced": "4.1.0"
            },
            {
              "fixed": "4.1.4"
            }
          ]
        }
      ]
    }
  ],
  "references": [
    {
      "type": "WEB",
      "url": "https://github.com/ibexa/core/security/advisories/GHSA-2x4v-g8cx-jxrq"
    },
    {
      "type": "WEB",
      "url": "https://developers.ibexa.co/security-advisories/ibexa-sa-2022-006-vulnerabilities-in-page-builder-login-and-commerce"
    },
    {
      "type": "PACKAGE",
      "url": "https://github.com/ibexa/core"
    }
  ],
  "database_specific": {
    "cwe_ids": [
      "CWE-208"
    ],
    "severity": "CRITICAL",
    "github_reviewed": true,
    "github_reviewed_at": "2022-06-02T21:02:24Z",
    "nvd_published_at": null
  }
}