{
  "schema_version": "1.4.0",
  "id": "GHSA-32fw-9wq8-9x9c",
  "modified": "2022-08-10T18:14:29Z",
  "published": "2022-08-03T00:00:57Z",
  "aliases": [
    "CVE-2020-28433"
  ],
  "summary": "node-latex-pdf is susceptible to command injection",
  "details": "A command injection vulnerability affects all versions of the package node-latex-pdf.",
  "severity": [
    {
      "type": "CVSS_V3",
      "score": "CVSS:3.1/AV:N/AC:L/PR:N/UI:N/S:U/C:H/I:H/A:H"
    }
  ],
  "affected": [
    {
      "package": {
        "ecosystem": "npm",
        "name": "node-latex-pdf"
      },
      "ranges": [
        {
          "type": "ECOSYSTEM",
          "events": [
            {
              "introduced": "0"
            },
            {
              "last_affected": "0.0.2"
            }
          ]
        }
      ]
    }
  ],
  "references": [
    {
      "type": "ADVISORY",
      "url": "https://nvd.nist.gov/vuln/detail/CVE-2020-28433"
    },
    {
      "type": "PACKAGE",
      "url": "https://github.com/toolbuddy/node-latex-pdf"
    },
    {
      "type": "WEB",
      "url": "https://security.snyk.io/vuln/SNYK-JS-NODELATEXPDF-1050426"
    }
  ],
  "database_specific": {
    "cwe_ids": [
      "CWE-77"
    ],
    "severity": "CRITICAL",
    "github_reviewed": true,
    "github_reviewed_at": "2022-08-10T18:14:29Z",
    "nvd_published_at": "2022-08-02T14:15:00Z"
  }
}