{
  "schema_version": "1.4.0",
  "id": "GHSA-84mm-prjg-49xm",
  "modified": "2023-02-14T16:47:31Z",
  "published": "2023-02-06T21:30:30Z",
  "aliases": [
    "CVE-2015-10073"
  ],
  "summary": "tinymighty WikiSEO is vulnerable to cross-site scripting via modifyHTML function",
  "details": "A vulnerability was found in tinymighty WikiSEO 1.2.1. This affects the function modifyHTML of the file WikiSEO.body.php of the component Meta Property Tag Handler. The manipulation of the argument content leads to cross site scripting. It is possible to initiate the attack remotely. The exploit has been disclosed to the public and may be used. Upgrading to version 1.2.2 is able to address this issue. The name of the patch is 089a5797be612b18a820f9f1e6593ad9a91b1dba. It is recommended to upgrade the affected component. The associated identifier of this vulnerability is VDB-220215.",
  "severity": [
    {
      "type": "CVSS_V3",
      "score": "CVSS:3.1/AV:N/AC:L/PR:N/UI:R/S:C/C:H/I:H/A:H"
    }
  ],
  "affected": [
    {
      "package": {
        "ecosystem": "Packagist",
        "name": "tinymighty/wiki-seo"
      },
      "ranges": [
        {
          "type": "ECOSYSTEM",
          "events": [
            {
              "introduced": "0"
            },
            {
              "fixed": "1.2.2"
            }
          ]
        }
      ]
    }
  ],
  "references": [
    {
      "type": "ADVISORY",
      "url": "https://nvd.nist.gov/vuln/detail/CVE-2015-10073"
    },
    {
      "type": "WEB",
      "url": "https://github.com/tinymighty/wiki-seo/pull/21"
    },
    {
      "type": "WEB",
      "url": "https://github.com/tinymighty/wiki-seo/commit/089a5797be612b18a820f9f1e6593ad9a91b1dba"
    },
    {
      "type": "PACKAGE",
      "url": "https://github.com/tinymighty/wiki-seo"
    },
    {
      "type": "WEB",
      "url": "https://github.com/tinymighty/wiki-seo/releases/tag/1.2.2"
    },
    {
      "type": "WEB",
      "url": "https://vuldb.com/?ctiid.220215"
    },
    {
      "type": "WEB",
      "url": "https://vuldb.com/?id.220215"
    }
  ],
  "database_specific": {
    "cwe_ids": [
      "CWE-79"
    ],
    "severity": "CRITICAL",
    "github_reviewed": true,
    "github_reviewed_at": "2023-02-07T20:11:12Z",
    "nvd_published_at": "2023-02-06T20:15:00Z"
  }
}