{
  "schema_version": "1.4.0",
  "id": "GHSA-hjmr-xm25-36mh",
  "modified": "2023-02-16T21:52:55Z",
  "published": "2023-02-08T09:30:24Z",
  "aliases": [
    "CVE-2023-0743"
  ],
  "summary": "Answer subject to Cross-site Scripting vulnerability",
  "details": "Cross-site Scripting (XSS) - Generic in GitHub repository answerdev/answer prior to 1.0.4.",
  "severity": [
    {
      "type": "CVSS_V3",
      "score": "CVSS:3.1/AV:N/AC:L/PR:L/UI:R/S:C/C:H/I:H/A:H"
    }
  ],
  "affected": [
    {
      "package": {
        "ecosystem": "Go",
        "name": "github.com/answerdev/answer"
      },
      "ranges": [
        {
          "type": "ECOSYSTEM",
          "events": [
            {
              "introduced": "0"
            },
            {
              "fixed": "1.0.4"
            }
          ]
        }
      ]
    }
  ],
  "references": [
    {
      "type": "ADVISORY",
      "url": "https://nvd.nist.gov/vuln/detail/CVE-2023-0743"
    },
    {
      "type": "WEB",
      "url": "https://github.com/answerdev/answer/commit/860b1a3bd8cfaa8827e6e6f50ab1d98fa4c2c816"
    },
    {
      "type": "PACKAGE",
      "url": "https://github.com/answerdev/answer"
    },
    {
      "type": "WEB",
      "url": "https://huntr.dev/bounties/366cf8bb-19f6-4388-b089-d0a260efd863"
    }
  ],
  "database_specific": {
    "cwe_ids": [
      "CWE-79"
    ],
    "severity": "CRITICAL",
    "github_reviewed": true,
    "github_reviewed_at": "2023-02-08T22:39:02Z",
    "nvd_published_at": "2023-02-08T08:15:00Z"
  }
}