{
  "schema_version": "1.4.0",
  "id": "GHSA-88m4-h43f-wx84",
  "modified": "2025-04-04T21:10:06Z",
  "published": "2025-01-31T17:34:09Z",
  "aliases": [
    "CVE-2025-23215"
  ],
  "summary": "PMD Designer's release key passphrase (GPG) available on Maven Central in cleartext",
  "details": "### Summary\nWhile rebuilding [PMD Designer](https://github.com/pmd/pmd-designer) for Reproducible Builds and digging into issues, I found out that passphrase for `gpg.keyname=0xD0BF1D737C9A1C22` is included in jar published to Maven Central.\n\n### Details\nSee https://github.com/jvm-repo-rebuild/reproducible-central/blob/master/content/net/sourceforge/pmd/pmd-designer/README.md\n\nI removed 2 lines from https://github.com/jvm-repo-rebuild/reproducible-central/blob/master/content/net/sourceforge/pmd/pmd-designer/pmd-designer-7.0.0.diffoscope but real content is:\n\n```\n\u251c\u2500\u2500 net/sourceforge/pmd/util/fxdesigner/designer.properties\n\u2502 @@ -1,14 +1,12 @@\n\u2502  #Properties\n\u2502  checkstyle.plugin.version=3.3.1\n\u2502  checkstyle.version=10.14.0\n\u2502 -gpg.keyname=0xD0BF1D737C9A1C22\n\u2502 -gpg.passphrase=evicx0nuPfvSVhVyeXpw\n\u2502  jar.plugin.version=3.3.0\n\u2502 -java.version=11.0.22\n\u2502 +java.version=11.0.25\n\u2502  javadoc.plugin.version=3.6.3\n\u2502  jflex-output=/home/runner/work/pmd-designer/pmd-designer/target/generated-sources/jflex\n\u2502  junit5.version=5.8.2\n\u2502  kotest.version=5.5.5\n\u2502  kotlin.version=1.7.20\n\u2502  local.lib.repo=/home/runner/work/pmd-designer/pmd-designer/lib/mvn-repo\n\u2502  openjfx.scope=provided\n```\n\n### PoC\n```\n./rebuild.sh content/net/sourceforge/pmd/pmd-designer/pmd-designer-7.0.0.buildspec\n```\n\n### Impact\nAfter further analysis, the passphrase of the following two keys have been compromised:\n\n1. `94A5 2756 9CAF 7A47 AFCA  BDE4 86D3 7ECA 8C2E 4C5B`: PMD Designer (Release Signing Key) <releases@pmd-code.org>\n   This key has been used since 2019 with the release of [net.sourceforge.pmd:pmd-ui:6.14.0](https://repo.maven.apache.org/maven2/net/sourceforge/pmd/pmd-ui/6.14.0/).\n   The following versions are signed with the same key: 6.16.0, 6.17.0, 6.19.0.\n2. `EBB2 41A5 45CB 17C8 7FAC  B2EB D0BF 1D73 7C9A 1C22`: PMD Release Signing Key <releases@pmd-code.org>\n   This key has been used since 2020 with the release of [net.sourceforge.pmd:pmd-ui:6.21.0](https://repo.maven.apache.org/maven2/net/sourceforge/pmd/pmd-ui/6.21.0/)\n   and all the other modules of PMD such as [net.sourceforge.pmd:pmd-core:6.21.0](https://repo.maven.apache.org/maven2/net/sourceforge/pmd/pmd-core/6.21.0/).  \n   This key has also been used for PMD 7, for the designer, e.g. [net.sourceforge.pmd:pmd-designer:7.0.0](https://repo.maven.apache.org/maven2/net/sourceforge/pmd/pmd-designer/7.0.0/)\n   and [net.sourceforge.pmd:pmd-core:7.0.0](https://repo.maven.apache.org/maven2/net/sourceforge/pmd/pmd-core/7.0.0/).\n   The versions between 6.21.0 and 7.9.0 are signed with this key.  \n   Additionally the key has been used to sign the last release of [PMD Eclipse Plugin 7.9.0.v20241227-1626-r](https://github.com/pmd/pmd-eclipse-plugin/releases/tag/7.9.0.v20241227-1626-r).\n\nThe keys have been used exclusively for signing artifacts that we published to Maven Central under group id `net.sourceforge.pmd` and once for our pmd-eclipse-plugin. The private key itself is not known to have been compromised itself, but given its passphrase is, it must also be considered potentially compromised.\n\nAs a mitigation, both compromised keys have been revoked so that no future use of the keys are possible.\nFor future releases of PMD, PMD Designer and PMD Eclipse Plugin we use a new release signing key:\n`2EFA 55D0 785C 31F9 56F2  F87E A0B5 CA1A 4E08 6838` (PMD Release Signing Key <releases@pmd-code.org>).\n\nNote, that the published artifacts in Maven Central under the group id `net.sourceforge.pmd` are **not**\ncompromised and the signatures are valid. No other past usages of the private key is known to the project\nand no future use is possible due to the revocation. If anybody finds a past abuse of the private key,\nplease share with us.\n\nNote, the module `net.sourceforge.pmd:pmd-ui` has been renamed to `net.sourceforge.pmd:pmd-designer` since PMD 7, so there won't be a fixed version for `pmd-ui`.\n\n### Fixes\n* Reworked build script in PMD Designer to not include all system properties\n  * https://github.com/pmd/pmd-designer/commit/1548f5f27ba2981b890827fecbd0612fa70a0362\n  * https://github.com/pmd/pmd-designer/commit/e87a45312753ec46b3e5576c6f6ac1f7de2f5891\n\n### References\n\n* [GHSA-88m4-h43f-wx84](https://github.com/pmd/pmd/security/advisories/GHSA-88m4-h43f-wx84)\n* [CVE-2025-23215](https://www.cve.org/CVERecord?id=CVE-2025-23215)\n* [reproducible-central](https://github.com/jvm-repo-rebuild/reproducible-central?tab=readme-ov-file#reproducible-builds-for-maven-central-repository)",
  "severity": [
    {
      "type": "CVSS_V4",
      "score": "CVSS:4.0/AV:N/AC:L/AT:N/PR:N/UI:N/VC:H/VI:H/VA:H/SC:N/SI:N/SA:N/U:Clear"
    }
  ],
  "affected": [
    {
      "package": {
        "ecosystem": "Maven",
        "name": "net.sourceforge.pmd:pmd-designer"
      },
      "ranges": [
        {
          "type": "ECOSYSTEM",
          "events": [
            {
              "introduced": "7.0.0"
            },
            {
              "fixed": "7.10.0"
            }
          ]
        }
      ]
    },
    {
      "package": {
        "ecosystem": "Maven",
        "name": "net.sourceforge.pmd:pmd-ui"
      },
      "ranges": [
        {
          "type": "ECOSYSTEM",
          "events": [
            {
              "introduced": "6.14.0"
            },
            {
              "last_affected": "6.19.0"
            }
          ]
        }
      ]
    },
    {
      "package": {
        "ecosystem": "Maven",
        "name": "net.sourceforge.pmd:pmd-core"
      },
      "ranges": [
        {
          "type": "ECOSYSTEM",
          "events": [
            {
              "introduced": "6.21.0"
            },
            {
              "fixed": "7.10.0"
            }
          ]
        }
      ]
    }
  ],
  "references": [
    {
      "type": "WEB",
      "url": "https://github.com/pmd/pmd/security/advisories/GHSA-88m4-h43f-wx84"
    },
    {
      "type": "ADVISORY",
      "url": "https://nvd.nist.gov/vuln/detail/CVE-2025-23215"
    },
    {
      "type": "WEB",
      "url": "https://github.com/pmd/pmd-designer/commit/1548f5f27ba2981b890827fecbd0612fa70a0362"
    },
    {
      "type": "WEB",
      "url": "https://github.com/pmd/pmd-designer/commit/e87a45312753ec46b3e5576c6f6ac1f7de2f5891"
    },
    {
      "type": "WEB",
      "url": "https://github.com/jvm-repo-rebuild/reproducible-central/blob/master/content/net/sourceforge/pmd/pmd-designer/README.md"
    },
    {
      "type": "WEB",
      "url": "https://github.com/jvm-repo-rebuild/reproducible-central/blob/master/content/net/sourceforge/pmd/pmd-designer/pmd-designer-7.0.0.diffoscope"
    },
    {
      "type": "WEB",
      "url": "https://github.com/jvm-repo-rebuild/reproducible-central?tab=readme-ov-file#reproducible-builds-for-maven-central-repository"
    },
    {
      "type": "PACKAGE",
      "url": "https://github.com/pmd/pmd"
    }
  ],
  "database_specific": {
    "cwe_ids": [
      "CWE-200",
      "CWE-540"
    ],
    "severity": "CRITICAL",
    "github_reviewed": true,
    "github_reviewed_at": "2025-01-31T17:34:09Z",
    "nvd_published_at": "2025-01-31T16:15:35Z"
  }
}