{
  "schema_version": "1.4.0",
  "id": "GHSA-jqmc-fxxp-r589",
  "modified": "2024-10-28T14:01:52Z",
  "published": "2021-06-18T18:31:05Z",
  "aliases": [
    "CVE-2020-14942"
  ],
  "summary": "Deserialization of Untrusted Data in Tendenci",
  "details": "Tendenci 12.0.10 allows unrestricted deserialization in apps\\helpdesk\\views\\staff.py.",
  "severity": [
    {
      "type": "CVSS_V3",
      "score": "CVSS:3.1/AV:N/AC:L/PR:N/UI:N/S:U/C:H/I:H/A:H"
    },
    {
      "type": "CVSS_V4",
      "score": "CVSS:4.0/AV:N/AC:L/AT:N/PR:N/UI:N/VC:H/VI:H/VA:H/SC:N/SI:N/SA:N"
    }
  ],
  "affected": [
    {
      "package": {
        "ecosystem": "PyPI",
        "name": "tendenci"
      },
      "ranges": [
        {
          "type": "ECOSYSTEM",
          "events": [
            {
              "introduced": "0"
            },
            {
              "fixed": "12.0.11"
            }
          ]
        }
      ],
      "database_specific": {
        "last_known_affected_version_range": "<= 12.0.10"
      }
    }
  ],
  "references": [
    {
      "type": "ADVISORY",
      "url": "https://nvd.nist.gov/vuln/detail/CVE-2020-14942"
    },
    {
      "type": "WEB",
      "url": "https://github.com/tendenci/tendenci/issues/867"
    },
    {
      "type": "ADVISORY",
      "url": "https://github.com/advisories/GHSA-jqmc-fxxp-r589"
    },
    {
      "type": "WEB",
      "url": "https://github.com/pypa/advisory-database/tree/main/vulns/tendenci/PYSEC-2020-112.yaml"
    }
  ],
  "database_specific": {
    "cwe_ids": [
      "CWE-502"
    ],
    "severity": "CRITICAL",
    "github_reviewed": true,
    "github_reviewed_at": "2021-05-11T22:09:21Z",
    "nvd_published_at": "2020-06-21T15:15:00Z"
  }
}