{
  "schema_version": "1.4.0",
  "id": "GHSA-f96g-24cg-f24w",
  "modified": "2022-11-17T18:32:56Z",
  "published": "2021-05-07T15:52:41Z",
  "aliases": [
    "CVE-2016-11024"
  ],
  "summary": "SQL Injection in odata4j",
  "details": "odata4j 0.7.0 allows ExecuteJPQLQueryCommand.java SQL injection. NOTE: this product is apparently discontinued.",
  "severity": [
    {
      "type": "CVSS_V3",
      "score": "CVSS:3.1/AV:N/AC:L/PR:N/UI:N/S:U/C:H/I:H/A:H"
    }
  ],
  "affected": [
    {
      "package": {
        "ecosystem": "Maven",
        "name": "org.odata4j:odata4j-core"
      },
      "ranges": [
        {
          "type": "ECOSYSTEM",
          "events": [
            {
              "introduced": "0"
            },
            {
              "last_affected": "0.7.0"
            }
          ]
        }
      ]
    },
    {
      "package": {
        "ecosystem": "Maven",
        "name": "org.odata4j:odata4j-dist"
      },
      "ranges": [
        {
          "type": "ECOSYSTEM",
          "events": [
            {
              "introduced": "0"
            },
            {
              "last_affected": "0.7.0"
            }
          ]
        }
      ]
    },
    {
      "package": {
        "ecosystem": "Maven",
        "name": "org.odata4j:odata4j-parent"
      },
      "ranges": [
        {
          "type": "ECOSYSTEM",
          "events": [
            {
              "introduced": "0"
            },
            {
              "last_affected": "0.7.0"
            }
          ]
        }
      ]
    }
  ],
  "references": [
    {
      "type": "ADVISORY",
      "url": "https://nvd.nist.gov/vuln/detail/CVE-2016-11024"
    },
    {
      "type": "WEB",
      "url": "https://groups.google.com/d/msg/odata4j-discuss/_lBwwXP30g0/Av6zkZMdBwAJ"
    }
  ],
  "database_specific": {
    "cwe_ids": [
      "CWE-89"
    ],
    "severity": "CRITICAL",
    "github_reviewed": true,
    "github_reviewed_at": "2021-05-06T22:00:11Z",
    "nvd_published_at": "2020-03-30T20:15:00Z"
  }
}