{
  "schema_version": "1.4.0",
  "id": "GHSA-6wm4-3rjj-c8xx",
  "modified": "2024-05-15T22:33:25Z",
  "published": "2024-05-15T22:33:24Z",
  "aliases": [],
  "summary": "Magento Security enhancements that help close RCE,XSS,CSRF and other vulnerabilities",
  "details": "SUPEE-10975, Magento Commerce 1.14.4.0 and Open Source 1.9.4.0 contain multiple security enhancements that help close remote code execution (RCE), cross-site scripting (XSS), cross-site request forgery (CSRF) and other vulnerabilities.",
  "severity": [],
  "affected": [
    {
      "package": {
        "ecosystem": "Packagist",
        "name": "magento/community-edition"
      },
      "ranges": [
        {
          "type": "ECOSYSTEM",
          "events": [
            {
              "introduced": "1.5.0.0"
            },
            {
              "fixed": "1.9.4.0"
            }
          ]
        }
      ]
    }
  ],
  "references": [
    {
      "type": "WEB",
      "url": "https://github.com/FriendsOfPHP/security-advisories/blob/master/magento/magento1ce/2018-11-28.yaml"
    },
    {
      "type": "PACKAGE",
      "url": "https://github.com/magento/magento2"
    },
    {
      "type": "WEB",
      "url": "https://web.archive.org/web/20200929120610/https://magento.com/security/patches/supee-10975"
    }
  ],
  "database_specific": {
    "cwe_ids": [],
    "severity": "CRITICAL",
    "github_reviewed": true,
    "github_reviewed_at": "2024-05-15T22:33:24Z",
    "nvd_published_at": null
  }
}