{
  "schema_version": "1.4.0",
  "id": "GHSA-j9g7-mqhh-9hxf",
  "modified": "2025-03-21T17:24:48Z",
  "published": "2025-03-20T12:32:40Z",
  "aliases": [
    "CVE-2024-10833"
  ],
  "summary": "DB-GPT Absolute Path Traversal in knowledge/{space_name}/document/upload",
  "details": "eosphoros-ai/db-gpt version 0.6.0 is vulnerable to an arbitrary file write through the knowledge API. The endpoint for uploading files as 'knowledge' is susceptible to absolute path traversal, allowing attackers to write files to arbitrary locations on the target server. This vulnerability arises because the 'doc_file.filename' parameter is user-controllable, enabling the construction of absolute paths.",
  "severity": [
    {
      "type": "CVSS_V3",
      "score": "CVSS:3.0/AV:N/AC:L/PR:N/UI:N/S:U/C:N/I:H/A:H"
    }
  ],
  "affected": [
    {
      "package": {
        "ecosystem": "PyPI",
        "name": "dbgpt"
      },
      "ranges": [
        {
          "type": "ECOSYSTEM",
          "events": [
            {
              "introduced": "0"
            },
            {
              "fixed": "0.6.2"
            }
          ]
        }
      ]
    }
  ],
  "references": [
    {
      "type": "ADVISORY",
      "url": "https://nvd.nist.gov/vuln/detail/CVE-2024-10833"
    },
    {
      "type": "WEB",
      "url": "https://github.com/eosphoros-ai/DB-GPT/commit/780ce803e325b87f4ddfbe5824451e379aeee56c"
    },
    {
      "type": "PACKAGE",
      "url": "https://github.com/eosphoros-ai/DB-GPT"
    },
    {
      "type": "WEB",
      "url": "https://huntr.com/bounties/dc58e981-e325-4c11-b4e1-1095890fd15a"
    }
  ],
  "database_specific": {
    "cwe_ids": [
      "CWE-22"
    ],
    "severity": "CRITICAL",
    "github_reviewed": true,
    "github_reviewed_at": "2025-03-21T17:24:47Z",
    "nvd_published_at": "2025-03-20T10:15:20Z"
  }
}