{
  "schema_version": "1.4.0",
  "id": "GHSA-x9p9-v3x6-68mq",
  "modified": "2023-01-10T16:02:34Z",
  "published": "2022-12-31T09:30:42Z",
  "aliases": [
    "CVE-2022-4866"
  ],
  "summary": "usememos/memos vulnerable to Cross-site Scripting",
  "details": "Cross-site Scripting (XSS) - Stored in GitHub repository usememos/memos prior to 0.9.1.",
  "severity": [
    {
      "type": "CVSS_V3",
      "score": "CVSS:3.1/AV:N/AC:L/PR:L/UI:R/S:C/C:H/I:H/A:H"
    }
  ],
  "affected": [
    {
      "package": {
        "ecosystem": "Go",
        "name": "github.com/usememos/memos"
      },
      "ranges": [
        {
          "type": "ECOSYSTEM",
          "events": [
            {
              "introduced": "0"
            },
            {
              "fixed": "0.9.1"
            }
          ]
        }
      ]
    }
  ],
  "references": [
    {
      "type": "ADVISORY",
      "url": "https://nvd.nist.gov/vuln/detail/CVE-2022-4866"
    },
    {
      "type": "WEB",
      "url": "https://github.com/usememos/memos/commit/7670c9536000bb32c6345d4906a91268dcddd5fc"
    },
    {
      "type": "PACKAGE",
      "url": "https://github.com/usememos/memos"
    },
    {
      "type": "WEB",
      "url": "https://huntr.dev/bounties/39c04778-6228-4f07-bdd4-ab17f246dbff"
    }
  ],
  "database_specific": {
    "cwe_ids": [
      "CWE-79"
    ],
    "severity": "CRITICAL",
    "github_reviewed": true,
    "github_reviewed_at": "2023-01-04T15:18:59Z",
    "nvd_published_at": "2022-12-31T09:15:00Z"
  }
}