{
  "schema_version": "1.4.0",
  "id": "GHSA-3gx9-37ww-9qw6",
  "modified": "2022-08-11T21:37:05Z",
  "published": "2022-03-04T00:00:15Z",
  "aliases": [
    "CVE-2022-22947"
  ],
  "summary": "Spring Cloud Gateway vulnerable to Code Injection when Gateway Actuator endpoint enabled, exposed, unsecured",
  "details": "In Spring Cloud Gateway versions prior to 3.1.1+ and 3.0.7+ , applications are vulnerable to a code injection attack when the Gateway Actuator endpoint is enabled, exposed, and unsecured. A remote attacker could make a maliciously crafted request resulting in arbitrary remote execution on the remote host.",
  "severity": [
    {
      "type": "CVSS_V3",
      "score": "CVSS:3.1/AV:N/AC:L/PR:N/UI:N/S:C/C:H/I:H/A:H"
    }
  ],
  "affected": [
    {
      "package": {
        "ecosystem": "Maven",
        "name": "org.springframework.cloud:spring-cloud-gateway"
      },
      "ranges": [
        {
          "type": "ECOSYSTEM",
          "events": [
            {
              "introduced": "0"
            },
            {
              "fixed": "3.0.7"
            }
          ]
        }
      ]
    },
    {
      "package": {
        "ecosystem": "Maven",
        "name": "org.springframework.cloud:spring-cloud-gateway"
      },
      "ranges": [
        {
          "type": "ECOSYSTEM",
          "events": [
            {
              "introduced": "3.1.0"
            },
            {
              "fixed": "3.1.1"
            }
          ]
        }
      ]
    }
  ],
  "references": [
    {
      "type": "ADVISORY",
      "url": "https://nvd.nist.gov/vuln/detail/CVE-2022-22947"
    },
    {
      "type": "WEB",
      "url": "https://tanzu.vmware.com/security/cve-2022-22947"
    },
    {
      "type": "WEB",
      "url": "https://www.oracle.com/security-alerts/cpuapr2022.html"
    },
    {
      "type": "WEB",
      "url": "https://www.oracle.com/security-alerts/cpujul2022.html"
    },
    {
      "type": "WEB",
      "url": "http://packetstormsecurity.com/files/166219/Spring-Cloud-Gateway-3.1.0-Remote-Code-Execution.html"
    },
    {
      "type": "WEB",
      "url": "http://packetstormsecurity.com/files/168742/Spring-Cloud-Gateway-3.1.0-Remote-Code-Execution.html"
    }
  ],
  "database_specific": {
    "cwe_ids": [
      "CWE-917",
      "CWE-94"
    ],
    "severity": "CRITICAL",
    "github_reviewed": true,
    "github_reviewed_at": "2022-03-04T21:06:22Z",
    "nvd_published_at": "2022-03-03T22:15:00Z"
  }
}