{
  "schema_version": "1.4.0",
  "id": "GHSA-4gp3-p7ph-x2jr",
  "modified": "2021-08-23T15:12:51Z",
  "published": "2020-04-14T23:09:00Z",
  "aliases": [
    "CVE-2019-10778"
  ],
  "summary": "OS Command Injection in devcert-sanscache",
  "details": "devcert-sanscache before 0.4.7 allows remote attackers to execute arbitrary code or cause a Command Injection via the exec function. The variable `commonName` controlled by user input is used as part of the `exec` function without any sanitization.",
  "severity": [
    {
      "type": "CVSS_V3",
      "score": "CVSS:3.1/AV:N/AC:L/PR:N/UI:N/S:U/C:H/I:H/A:H"
    }
  ],
  "affected": [
    {
      "package": {
        "ecosystem": "npm",
        "name": "devcert-sanscache"
      },
      "ranges": [
        {
          "type": "ECOSYSTEM",
          "events": [
            {
              "introduced": "0"
            },
            {
              "fixed": "0.4.7"
            }
          ]
        }
      ]
    }
  ],
  "references": [
    {
      "type": "ADVISORY",
      "url": "https://nvd.nist.gov/vuln/detail/CVE-2019-10778"
    },
    {
      "type": "WEB",
      "url": "https://github.com/guybedford/devcert/commit/571f4e6d077f7f21c6aed655ae380d85a7a5d3b8"
    },
    {
      "type": "WEB",
      "url": "https://snyk.io/vuln/SNYK-JS-DEVCERTSANSCACHE-540926"
    }
  ],
  "database_specific": {
    "cwe_ids": [
      "CWE-78"
    ],
    "severity": "CRITICAL",
    "github_reviewed": true,
    "github_reviewed_at": "2020-04-14T15:32:49Z",
    "nvd_published_at": null
  }
}