{
  "schema_version": "1.4.0",
  "id": "GHSA-97xg-phpr-rg8q",
  "modified": "2022-11-08T15:08:59Z",
  "published": "2022-11-07T19:00:22Z",
  "aliases": [
    "CVE-2022-42920"
  ],
  "summary": "Apache Commons BCEL vulnerable to out-of-bounds write",
  "details": "Apache Commons BCEL has a number of APIs that would normally only allow changing specific class characteristics. However, due to an out-of-bounds writing issue, these APIs can be used to produce arbitrary bytecode. This could be abused in applications that pass attacker-controllable data to those APIs, giving the attacker more control over the resulting bytecode than otherwise expected. Update to Apache Commons BCEL 6.6.0.",
  "severity": [
    {
      "type": "CVSS_V3",
      "score": "CVSS:3.1/AV:N/AC:L/PR:N/UI:N/S:U/C:H/I:H/A:H"
    }
  ],
  "affected": [
    {
      "package": {
        "ecosystem": "Maven",
        "name": "org.apache.bcel:bcel"
      },
      "ranges": [
        {
          "type": "ECOSYSTEM",
          "events": [
            {
              "introduced": "0"
            },
            {
              "fixed": "6.6.0"
            }
          ]
        }
      ]
    }
  ],
  "references": [
    {
      "type": "ADVISORY",
      "url": "https://nvd.nist.gov/vuln/detail/CVE-2022-42920"
    },
    {
      "type": "WEB",
      "url": "https://github.com/apache/commons-bcel/pull/147"
    },
    {
      "type": "PACKAGE",
      "url": "https://github.com/apache/commons-bcel"
    },
    {
      "type": "WEB",
      "url": "https://issues.apache.org/jira/browse/BCEL-363"
    },
    {
      "type": "WEB",
      "url": "https://lists.apache.org/thread/lfxk7q8qmnh5bt9jm6nmjlv5hsxjhrz4"
    },
    {
      "type": "WEB",
      "url": "https://lists.fedoraproject.org/archives/list/package-announce%40lists.fedoraproject.org/message/LX3HEB4TV2BVCGDTK5BCLSYOZNQTOBN4"
    },
    {
      "type": "WEB",
      "url": "https://lists.fedoraproject.org/archives/list/package-announce%40lists.fedoraproject.org/message/QAMRHAKGIKZNHRBB4VLYTOIOIMMXCUCD"
    },
    {
      "type": "WEB",
      "url": "https://lists.fedoraproject.org/archives/list/package-announce%40lists.fedoraproject.org/message/QMVX6COVXZVS5GPWDODIRW6Z2GE7RPAQ"
    },
    {
      "type": "WEB",
      "url": "https://lists.fedoraproject.org/archives/list/package-announce@lists.fedoraproject.org/message/LX3HEB4TV2BVCGDTK5BCLSYOZNQTOBN4"
    },
    {
      "type": "WEB",
      "url": "https://lists.fedoraproject.org/archives/list/package-announce@lists.fedoraproject.org/message/QAMRHAKGIKZNHRBB4VLYTOIOIMMXCUCD"
    },
    {
      "type": "WEB",
      "url": "https://lists.fedoraproject.org/archives/list/package-announce@lists.fedoraproject.org/message/QMVX6COVXZVS5GPWDODIRW6Z2GE7RPAQ"
    },
    {
      "type": "WEB",
      "url": "https://security.gentoo.org/glsa/202401-25"
    },
    {
      "type": "WEB",
      "url": "http://www.openwall.com/lists/oss-security/2022/11/07/2"
    }
  ],
  "database_specific": {
    "cwe_ids": [
      "CWE-787"
    ],
    "severity": "CRITICAL",
    "github_reviewed": true,
    "github_reviewed_at": "2022-11-07T21:05:28Z",
    "nvd_published_at": "2022-11-07T13:15:00Z"
  }
}