{
  "schema_version": "1.4.0",
  "id": "GHSA-pgph-mc4p-f8c3",
  "modified": "2024-04-24T17:45:44Z",
  "published": "2022-05-24T17:02:49Z",
  "aliases": [
    "CVE-2019-19617"
  ],
  "summary": "phpMyAdmin unsanitized Git information",
  "details": "phpMyAdmin before 4.9.2 does not escape certain Git information, related to `libraries/classes/Display/GitRevision.php and libraries/classes/Footer.php`.",
  "severity": [
    {
      "type": "CVSS_V3",
      "score": "CVSS:3.1/AV:N/AC:L/PR:N/UI:N/S:U/C:H/I:H/A:H"
    }
  ],
  "affected": [
    {
      "package": {
        "ecosystem": "Packagist",
        "name": "phpmyadmin/phpmyadmin"
      },
      "ranges": [
        {
          "type": "ECOSYSTEM",
          "events": [
            {
              "introduced": "0"
            },
            {
              "fixed": "4.9.2"
            }
          ]
        }
      ]
    }
  ],
  "references": [
    {
      "type": "ADVISORY",
      "url": "https://nvd.nist.gov/vuln/detail/CVE-2019-19617"
    },
    {
      "type": "WEB",
      "url": "https://github.com/phpmyadmin/phpmyadmin/commit/1119de642b136d20e810bb20f545069a01dd7cc9"
    },
    {
      "type": "PACKAGE",
      "url": "https://github.com/phpmyadmin/composer"
    },
    {
      "type": "WEB",
      "url": "https://github.com/phpmyadmin/phpmyadmin/compare/RELEASE_4_9_1...RELEASE_4_9_2"
    },
    {
      "type": "WEB",
      "url": "https://lists.debian.org/debian-lts-announce/2019/12/msg00006.html"
    },
    {
      "type": "WEB",
      "url": "https://lists.debian.org/debian-lts-announce/2020/10/msg00024.html"
    },
    {
      "type": "WEB",
      "url": "https://www.phpmyadmin.net/news/2019/11/22/phpmyadmin-492-released"
    }
  ],
  "database_specific": {
    "cwe_ids": [],
    "severity": "CRITICAL",
    "github_reviewed": true,
    "github_reviewed_at": "2024-04-24T17:45:44Z",
    "nvd_published_at": "2019-12-06T03:15:00Z"
  }
}