{
  "schema_version": "1.4.0",
  "id": "GHSA-ffxg-xm4w-3wg9",
  "modified": "2020-12-17T22:23:13Z",
  "published": "2020-12-18T18:23:04Z",
  "aliases": [
    "CVE-2020-28440"
  ],
  "summary": "Command Injection in corenlp-js-interface",
  "details": "All versions of package corenlp-js-interface are vulnerable to Command Injection via the main function.",
  "severity": [
    {
      "type": "CVSS_V3",
      "score": "CVSS:3.1/AV:N/AC:L/PR:N/UI:N/S:U/C:H/I:H/A:H"
    }
  ],
  "affected": [
    {
      "package": {
        "ecosystem": "npm",
        "name": "corenlp-js-interface"
      },
      "ranges": [
        {
          "type": "ECOSYSTEM",
          "events": [
            {
              "introduced": "0"
            },
            {
              "last_affected": "1.0.3"
            }
          ]
        }
      ]
    }
  ],
  "references": [
    {
      "type": "ADVISORY",
      "url": "https://nvd.nist.gov/vuln/detail/CVE-2020-28440"
    },
    {
      "type": "WEB",
      "url": "https://snyk.io/vuln/SNYK-JS-CORENLPJSINTERFACE-1050435"
    }
  ],
  "database_specific": {
    "cwe_ids": [
      "CWE-78"
    ],
    "severity": "CRITICAL",
    "github_reviewed": true,
    "github_reviewed_at": "2020-12-17T22:23:13Z",
    "nvd_published_at": "2020-12-11T17:15:00Z"
  }
}