{
  "schema_version": "1.4.0",
  "id": "GHSA-m589-mv4q-p7rj",
  "modified": "2023-01-23T18:49:42Z",
  "published": "2023-01-13T21:30:26Z",
  "aliases": [
    "CVE-2022-45299"
  ],
  "summary": "webbrowser-rs allows attackers to access arbitrary files via supplying a crafted URL",
  "details": "An issue in the IpFile argument of rust-lang webbrowser-rs v0.8.2 allows attackers to access arbitrary files via supplying a crafted URL.",
  "severity": [
    {
      "type": "CVSS_V3",
      "score": "CVSS:3.1/AV:N/AC:L/PR:N/UI:N/S:U/C:H/I:H/A:H"
    }
  ],
  "affected": [
    {
      "package": {
        "ecosystem": "crates.io",
        "name": "webbrowser"
      },
      "ranges": [
        {
          "type": "ECOSYSTEM",
          "events": [
            {
              "introduced": "0"
            },
            {
              "fixed": "0.8.3"
            }
          ]
        }
      ]
    }
  ],
  "references": [
    {
      "type": "ADVISORY",
      "url": "https://nvd.nist.gov/vuln/detail/CVE-2022-45299"
    },
    {
      "type": "WEB",
      "url": "https://github.com/amodm/webbrowser-rs/commit/431b5139e274b7e456bea27e768aaa121b97be4c"
    },
    {
      "type": "PACKAGE",
      "url": "https://github.com/amodm/webbrowser-rs"
    },
    {
      "type": "WEB",
      "url": "https://github.com/amodm/webbrowser-rs/releases/tag/v0.8.3"
    },
    {
      "type": "WEB",
      "url": "https://github.com/offalltn/CVE-2022-45299"
    }
  ],
  "database_specific": {
    "cwe_ids": [
      "CWE-22"
    ],
    "severity": "CRITICAL",
    "github_reviewed": true,
    "github_reviewed_at": "2023-01-14T05:18:53Z",
    "nvd_published_at": "2023-01-13T21:15:00Z"
  }
}