{
  "schema_version": "1.4.0",
  "id": "GHSA-p99h-pfg6-qrfg",
  "modified": "2024-09-30T18:51:33Z",
  "published": "2023-12-12T03:31:45Z",
  "withdrawn": "2024-09-30T18:51:33Z",
  "aliases": [],
  "summary": "Duplicate Advisory: Privilege escalation in sap-xssec",
  "details": "## Duplicate Advisory\nThis advisory has been withdrawn because it is a duplicate of GHSA-6mjg-37cp-42x5. This link is maintained to preserve external references.\n\n## Original Description\nSAP\u00a0BTP\u00a0Security Services Integration Library ([Python]\u00a0sap-xssec) - versions < 4.1.0, allow under certain conditions an escalation of privileges. On successful exploitation, an unauthenticated attacker can obtain arbitrary permissions within the application.\n\n",
  "severity": [
    {
      "type": "CVSS_V3",
      "score": "CVSS:3.1/AV:N/AC:L/PR:N/UI:N/S:U/C:H/I:H/A:N"
    }
  ],
  "affected": [
    {
      "package": {
        "ecosystem": "PyPI",
        "name": "sap-xssec"
      },
      "ranges": [
        {
          "type": "ECOSYSTEM",
          "events": [
            {
              "introduced": "0"
            },
            {
              "fixed": "4.1.0"
            }
          ]
        }
      ]
    }
  ],
  "references": [
    {
      "type": "WEB",
      "url": "https://github.com/SAP/cloud-pysec/security/advisories/GHSA-6mjg-37cp-42x5"
    },
    {
      "type": "ADVISORY",
      "url": "https://nvd.nist.gov/vuln/detail/CVE-2023-50423"
    },
    {
      "type": "WEB",
      "url": "https://blogs.sap.com/2023/12/12/unveiling-critical-security-updates-sap-btp-security-note-3411067"
    },
    {
      "type": "PACKAGE",
      "url": "https://github.com/SAP/cloud-pysec"
    },
    {
      "type": "WEB",
      "url": "https://me.sap.com/notes/3411067"
    },
    {
      "type": "WEB",
      "url": "https://pypi.org/project/sap-xssec"
    },
    {
      "type": "WEB",
      "url": "https://www.sap.com/documents/2022/02/fa865ea4-167e-0010-bca6-c68f7e60039b.html"
    }
  ],
  "database_specific": {
    "cwe_ids": [
      "CWE-269",
      "CWE-639",
      "CWE-749"
    ],
    "severity": "CRITICAL",
    "github_reviewed": true,
    "github_reviewed_at": "2023-12-15T03:18:45Z",
    "nvd_published_at": "2023-12-12T02:15:08Z"
  }
}