{
  "schema_version": "1.4.0",
  "id": "GHSA-fj78-2vc5-f6cm",
  "modified": "2023-02-22T00:05:05Z",
  "published": "2023-02-22T00:05:05Z",
  "aliases": [
    "CVE-2023-25805"
  ],
  "summary": "Versionn Command Injection Vulnerability",
  "details": "### Impact\n\nCommand Injection Vulnerability. All versions <1.1.0 are affected.\n \n### Patches\n\nPlease upgrade to versionn@1.1.0",
  "severity": [
    {
      "type": "CVSS_V3",
      "score": "CVSS:3.1/AV:N/AC:L/PR:N/UI:N/S:U/C:H/I:H/A:H"
    }
  ],
  "affected": [
    {
      "package": {
        "ecosystem": "npm",
        "name": "versionn"
      },
      "ranges": [
        {
          "type": "ECOSYSTEM",
          "events": [
            {
              "introduced": "0"
            },
            {
              "fixed": "1.1.0"
            }
          ]
        }
      ]
    }
  ],
  "references": [
    {
      "type": "WEB",
      "url": "https://github.com/commenthol/versionn/security/advisories/GHSA-fj78-2vc5-f6cm"
    },
    {
      "type": "ADVISORY",
      "url": "https://nvd.nist.gov/vuln/detail/CVE-2023-25805"
    },
    {
      "type": "WEB",
      "url": "https://github.com/commenthol/versionn/commit/2ca128823efe962b37f2698f0eb530c2b124842d"
    },
    {
      "type": "PACKAGE",
      "url": "https://github.com/commenthol/versionn"
    }
  ],
  "database_specific": {
    "cwe_ids": [
      "CWE-77"
    ],
    "severity": "CRITICAL",
    "github_reviewed": true,
    "github_reviewed_at": "2023-02-22T00:05:05Z",
    "nvd_published_at": "2023-02-20T16:15:00Z"
  }
}