{
  "schema_version": "1.4.0",
  "id": "GHSA-4jfq-q299-g4cr",
  "modified": "2021-10-01T14:06:36Z",
  "published": "2020-09-02T20:28:57Z",
  "aliases": [],
  "summary": "Malicious Package in reqquest",
  "details": "All versions of `reqquest` typosquatted a popular package of similar name and tracked users who had installed the incorrect package. The package uploaded information to a remote server including: name of the downloaded package, name of the intended package, the Node version and whether the process was running as sudo. There is no further compromise.\n\n\n## Recommendation\n\nRemove the package from your dependencies and always ensure package names are typed correctly upon installation.",
  "severity": [
    {
      "type": "CVSS_V3",
      "score": "CVSS:3.1/AV:N/AC:L/PR:N/UI:N/S:U/C:H/I:H/A:H"
    }
  ],
  "affected": [
    {
      "package": {
        "ecosystem": "npm",
        "name": "reqquest"
      },
      "ranges": [
        {
          "type": "ECOSYSTEM",
          "events": [
            {
              "introduced": "0"
            }
          ]
        }
      ]
    }
  ],
  "references": [
    {
      "type": "WEB",
      "url": "https://www.npmjs.com/advisories/860"
    }
  ],
  "database_specific": {
    "cwe_ids": [
      "CWE-506"
    ],
    "severity": "CRITICAL",
    "github_reviewed": true,
    "github_reviewed_at": "2020-08-31T18:38:30Z",
    "nvd_published_at": null
  }
}