{
  "schema_version": "1.4.0",
  "id": "GHSA-jhcf-j4hg-v64r",
  "modified": "2023-09-26T19:48:39Z",
  "published": "2022-05-24T17:01:23Z",
  "aliases": [
    "CVE-2019-18981"
  ],
  "summary": "Pimcore Access Control Issues",
  "details": "Pimcore before 6.2.2 lacks an Access Denied outcome for a certain scenario of an incorrect recipient ID of a notification.",
  "severity": [
    {
      "type": "CVSS_V3",
      "score": "CVSS:3.1/AV:N/AC:L/PR:N/UI:N/S:U/C:H/I:H/A:H"
    }
  ],
  "affected": [
    {
      "package": {
        "ecosystem": "Packagist",
        "name": "pimcore/pimcore"
      },
      "ranges": [
        {
          "type": "ECOSYSTEM",
          "events": [
            {
              "introduced": "0"
            },
            {
              "fixed": "6.2.2"
            }
          ]
        }
      ]
    }
  ],
  "references": [
    {
      "type": "ADVISORY",
      "url": "https://nvd.nist.gov/vuln/detail/CVE-2019-18981"
    },
    {
      "type": "WEB",
      "url": "https://github.com/pimcore/pimcore/commit/0a5d80b2593b2ebe35d19756b730ba33aa049106"
    },
    {
      "type": "PACKAGE",
      "url": "https://github.com/pimcore/pimcore"
    },
    {
      "type": "WEB",
      "url": "https://github.com/pimcore/pimcore/compare/v6.2.1...v6.2.2"
    }
  ],
  "database_specific": {
    "cwe_ids": [
      "CWE-838"
    ],
    "severity": "CRITICAL",
    "github_reviewed": true,
    "github_reviewed_at": "2023-07-18T22:06:54Z",
    "nvd_published_at": "2019-11-15T05:15:00Z"
  }
}