{
  "schema_version": "1.4.0",
  "id": "GHSA-x8f7-h444-97w4",
  "modified": "2022-04-26T18:57:42Z",
  "published": "2018-10-16T19:33:42Z",
  "aliases": [
    "CVE-2015-2794"
  ],
  "summary": "The installation wizard in DotNetNuke (DNN) allows privilege escalation",
  "details": "The installation wizard in DotNetNuke (DNN) before 7.4.1 allows remote attackers to reinstall the application and gain SuperUser access via a direct request to Install/InstallWizard.aspx.",
  "severity": [
    {
      "type": "CVSS_V3",
      "score": "CVSS:3.0/AV:N/AC:L/PR:N/UI:N/S:U/C:H/I:H/A:H"
    }
  ],
  "affected": [
    {
      "package": {
        "ecosystem": "NuGet",
        "name": "DotNetNuke.Core"
      },
      "ranges": [
        {
          "type": "ECOSYSTEM",
          "events": [
            {
              "introduced": "0"
            },
            {
              "fixed": "7.4.1"
            }
          ]
        }
      ]
    }
  ],
  "references": [
    {
      "type": "ADVISORY",
      "url": "https://nvd.nist.gov/vuln/detail/CVE-2015-2794"
    },
    {
      "type": "WEB",
      "url": "https://dotnetnuke.codeplex.com/releases/view/615317"
    },
    {
      "type": "ADVISORY",
      "url": "https://github.com/advisories/GHSA-x8f7-h444-97w4"
    },
    {
      "type": "WEB",
      "url": "https://www.exploit-db.com/exploits/39777"
    },
    {
      "type": "WEB",
      "url": "http://www.dnnsoftware.com/community-blog/cid/155198/workaround-for-potential-security-issue"
    },
    {
      "type": "WEB",
      "url": "http://www.dnnsoftware.com/community/security/security-center"
    },
    {
      "type": "WEB",
      "url": "http://www.securityfocus.com/bid/96373"
    }
  ],
  "database_specific": {
    "cwe_ids": [],
    "severity": "CRITICAL",
    "github_reviewed": true,
    "github_reviewed_at": "2020-06-16T22:02:45Z",
    "nvd_published_at": null
  }
}