{
  "schema_version": "1.4.0",
  "id": "GHSA-6643-h7h5-x9wh",
  "modified": "2024-09-27T21:37:50Z",
  "published": "2023-06-20T15:31:09Z",
  "aliases": [
    "CVE-2023-34541"
  ],
  "summary": "Langchain vulnerable to arbitrary code execution",
  "details": "Langchain 0.0.171 is vulnerable to Arbitrary code execution in `load_prompt`.",
  "severity": [
    {
      "type": "CVSS_V3",
      "score": "CVSS:3.1/AV:N/AC:L/PR:N/UI:N/S:U/C:H/I:H/A:H"
    },
    {
      "type": "CVSS_V4",
      "score": "CVSS:4.0/AV:N/AC:L/AT:N/PR:N/UI:N/VC:H/VI:H/VA:H/SC:N/SI:N/SA:N"
    }
  ],
  "affected": [
    {
      "package": {
        "ecosystem": "PyPI",
        "name": "langchain"
      },
      "ranges": [
        {
          "type": "ECOSYSTEM",
          "events": [
            {
              "introduced": "0"
            },
            {
              "fixed": "0.0.247"
            }
          ]
        }
      ]
    }
  ],
  "references": [
    {
      "type": "ADVISORY",
      "url": "https://nvd.nist.gov/vuln/detail/CVE-2023-34541"
    },
    {
      "type": "WEB",
      "url": "https://github.com/langchain-ai/langchain/issues/4849"
    },
    {
      "type": "WEB",
      "url": "https://github.com/langchain-ai/langchain/issues/4849#issuecomment-1697896569"
    },
    {
      "type": "WEB",
      "url": "https://github.com/langchain-ai/langchain/pull/8425"
    },
    {
      "type": "WEB",
      "url": "https://github.com/langchain-ai/langchain/commit/fab24457bcf8ede882abd11419769c92bc4e7751"
    },
    {
      "type": "PACKAGE",
      "url": "https://github.com/langchain-ai/langchain"
    },
    {
      "type": "WEB",
      "url": "https://github.com/pypa/advisory-database/tree/main/vulns/langchain/PYSEC-2023-92.yaml"
    }
  ],
  "database_specific": {
    "cwe_ids": [],
    "severity": "CRITICAL",
    "github_reviewed": true,
    "github_reviewed_at": "2023-06-21T22:09:21Z",
    "nvd_published_at": "2023-06-20T15:15:11Z"
  }
}