{
  "schema_version": "1.4.0",
  "id": "GHSA-xxfh-x98p-j8fr",
  "modified": "2021-12-11T21:25:16Z",
  "published": "2021-12-10T20:15:37Z",
  "aliases": [],
  "summary": "Remote code injection in Log4j (through pax-logging-log4j2)",
  "details": "### Impact\nRemote Code Execution.\n\n### Patches\nUsers of pax-logging 1.11.9 should update to 1.11.10.\nUsers of pax-logging 2.0.10 should update to 2.0.11.\n\n### Workarounds\nSet system property `-Dlog4j2.formatMsgNoLookups=true`\n\n### References\nhttps://github.com/advisories/GHSA-jfh8-c2jp-5v3q\n\n",
  "severity": [],
  "affected": [
    {
      "package": {
        "ecosystem": "Maven",
        "name": "org.ops4j.pax.logging:pax-logging-log4j2"
      },
      "ranges": [
        {
          "type": "ECOSYSTEM",
          "events": [
            {
              "introduced": "2.0.0"
            },
            {
              "fixed": "2.0.11"
            }
          ]
        }
      ]
    },
    {
      "package": {
        "ecosystem": "Maven",
        "name": "org.ops4j.pax.logging:pax-logging-log4j2"
      },
      "ranges": [
        {
          "type": "ECOSYSTEM",
          "events": [
            {
              "introduced": "0"
            },
            {
              "fixed": "1.11.10"
            }
          ]
        }
      ]
    }
  ],
  "references": [
    {
      "type": "WEB",
      "url": "https://github.com/ops4j/org.ops4j.pax.logging/security/advisories/GHSA-xxfh-x98p-j8fr"
    },
    {
      "type": "ADVISORY",
      "url": "https://github.com/advisories/GHSA-jfh8-c2jp-5v3q"
    },
    {
      "type": "PACKAGE",
      "url": "https://github.com/ops4j/org.ops4j.pax.logging"
    }
  ],
  "database_specific": {
    "cwe_ids": [],
    "severity": "CRITICAL",
    "github_reviewed": true,
    "github_reviewed_at": "2021-12-10T18:54:56Z",
    "nvd_published_at": null
  }
}