{
  "schema_version": "1.4.0",
  "id": "GHSA-gvjw-8mmr-8f6g",
  "modified": "2022-09-23T13:44:49Z",
  "published": "2022-09-17T00:00:30Z",
  "aliases": [
    "CVE-2022-37258"
  ],
  "summary": "steal vulnerable to Prototype Pollution",
  "details": "Prototype pollution vulnerability in function convertLater in npm-convert.js in stealjs steal 2.2.4 via the packageName variable in npm-convert.js.",
  "severity": [
    {
      "type": "CVSS_V3",
      "score": "CVSS:3.1/AV:N/AC:L/PR:N/UI:N/S:U/C:H/I:H/A:H"
    }
  ],
  "affected": [
    {
      "package": {
        "ecosystem": "npm",
        "name": "steal"
      },
      "ranges": [
        {
          "type": "ECOSYSTEM",
          "events": [
            {
              "introduced": "0"
            },
            {
              "last_affected": "2.3.0"
            }
          ]
        }
      ]
    }
  ],
  "references": [
    {
      "type": "ADVISORY",
      "url": "https://nvd.nist.gov/vuln/detail/CVE-2022-37258"
    },
    {
      "type": "WEB",
      "url": "https://github.com/stealjs/steal/issues/1527"
    },
    {
      "type": "PACKAGE",
      "url": "https://github.com/stealjs/steal"
    },
    {
      "type": "WEB",
      "url": "https://github.com/stealjs/steal/blob/c9dd1eb19ed3f97aeb93cf9dcea5d68ad5d0ced9/ext/npm-convert.js#L362"
    },
    {
      "type": "WEB",
      "url": "https://github.com/stealjs/steal/blob/c9dd1eb19ed3f97aeb93cf9dcea5d68ad5d0ced9/ext/npm-convert.js#L369"
    }
  ],
  "database_specific": {
    "cwe_ids": [
      "CWE-1321"
    ],
    "severity": "CRITICAL",
    "github_reviewed": true,
    "github_reviewed_at": "2022-09-23T13:44:49Z",
    "nvd_published_at": "2022-09-16T22:15:00Z"
  }
}