{
  "schema_version": "1.4.0",
  "id": "GHSA-vpg9-gq7j-mxqg",
  "modified": "2023-09-06T13:18:39Z",
  "published": "2022-05-24T17:00:28Z",
  "aliases": [
    "CVE-2019-8144"
  ],
  "summary": "Magento 2 Community Edition RCE Vulnerability",
  "details": "A remote code execution vulnerability exists in Magento 2.3 prior to 2.3.3 or 2.3.2-p1. An unauthenticated user can insert a malicious payload through PageBuilder template methods.",
  "severity": [
    {
      "type": "CVSS_V3",
      "score": "CVSS:3.1/AV:N/AC:L/PR:N/UI:N/S:U/C:H/I:H/A:H"
    }
  ],
  "affected": [
    {
      "package": {
        "ecosystem": "Packagist",
        "name": "magento/community-edition"
      },
      "ranges": [
        {
          "type": "ECOSYSTEM",
          "events": [
            {
              "introduced": "2.3"
            },
            {
              "fixed": "2.3.2-p1"
            }
          ]
        }
      ]
    }
  ],
  "references": [
    {
      "type": "ADVISORY",
      "url": "https://nvd.nist.gov/vuln/detail/CVE-2019-8144"
    },
    {
      "type": "WEB",
      "url": "https://github.com/FriendsOfPHP/security-advisories/blob/master/magento/product-community-edition/CVE-2019-8144.yaml"
    },
    {
      "type": "PACKAGE",
      "url": "https://github.com/magento/magento2"
    },
    {
      "type": "WEB",
      "url": "https://magento.com/security/patches/magento-2.3.3-and-2.2.10-security-update"
    },
    {
      "type": "WEB",
      "url": "https://web.archive.org/web/20220121051105/https://magento.com/security/patches/magento-2.3.3-and-2.2.10-security-update"
    }
  ],
  "database_specific": {
    "cwe_ids": [],
    "severity": "CRITICAL",
    "github_reviewed": true,
    "github_reviewed_at": "2023-07-18T18:08:28Z",
    "nvd_published_at": "2019-11-06T00:15:00Z"
  }
}