{
  "schema_version": "1.4.0",
  "id": "GHSA-289m-2964-f8q5",
  "modified": "2023-11-02T17:26:30Z",
  "published": "2023-10-06T18:30:32Z",
  "aliases": [
    "CVE-2023-5214"
  ],
  "summary": "Puppet Bolt privilege escalation vulnerability",
  "details": "In Puppet Bolt versions prior to 3.27.4, a path to escalate privileges was identified.\n",
  "severity": [
    {
      "type": "CVSS_V3",
      "score": "CVSS:3.1/AV:N/AC:L/PR:N/UI:N/S:U/C:H/I:H/A:H"
    }
  ],
  "affected": [
    {
      "package": {
        "ecosystem": "RubyGems",
        "name": "bolt"
      },
      "ranges": [
        {
          "type": "ECOSYSTEM",
          "events": [
            {
              "introduced": "0"
            },
            {
              "fixed": "3.27.4"
            }
          ]
        }
      ]
    }
  ],
  "references": [
    {
      "type": "ADVISORY",
      "url": "https://nvd.nist.gov/vuln/detail/CVE-2023-5214"
    },
    {
      "type": "PACKAGE",
      "url": "https://github.com/puppetlabs/bolt"
    },
    {
      "type": "WEB",
      "url": "https://github.com/rubysec/ruby-advisory-db/blob/master/gems/bolt/CVE-2023-5214.yml"
    },
    {
      "type": "WEB",
      "url": "https://www.puppet.com/security/cve/cve-2023-5214-privilege-escalation-puppet-bolt"
    },
    {
      "type": "WEB",
      "url": "https://www.puppet.com/security/cve/cve-2023-5255-denial-service-revocation-auto-renewed-certificates"
    }
  ],
  "database_specific": {
    "cwe_ids": [
      "CWE-269"
    ],
    "severity": "CRITICAL",
    "github_reviewed": true,
    "github_reviewed_at": "2023-10-10T22:28:50Z",
    "nvd_published_at": "2023-10-06T18:15:12Z"
  }
}