{
  "schema_version": "1.4.0",
  "id": "GHSA-76f7-9v52-v2fw",
  "modified": "2023-06-30T22:58:41Z",
  "published": "2023-06-30T22:58:41Z",
  "aliases": [
    "CVE-2023-36812"
  ],
  "summary": "Remote Code Execution for 2.4.1 and earlier",
  "details": "### Impact\nOpenTSDB is vulnerable to Remote Code Execution vulnerability by writing user-controlled input to Gnuplot configuration file and running Gnuplot with the generated configuration.\n\n### Patches\nPatched in [07c4641471c6f5c2ab5aab615969e97211eb50d9](https://github.com/OpenTSDB/opentsdb/commit/07c4641471c6f5c2ab5aab615969e97211eb50d9) and further refined in https://github.com/OpenTSDB/opentsdb/commit/fa88d3e4b5369f9fb73da384fab0b23e246309ba\n\n### Workarounds\nDisable Gunuplot via `tsd.core.enable_ui = true` and remove the shell files https://github.com/OpenTSDB/opentsdb/blob/master/src/mygnuplot.bat and https://github.com/OpenTSDB/opentsdb/blob/master/src/mygnuplot.sh.",
  "severity": [
    {
      "type": "CVSS_V3",
      "score": "CVSS:3.1/AV:N/AC:L/PR:N/UI:N/S:U/C:H/I:H/A:H"
    }
  ],
  "affected": [
    {
      "package": {
        "ecosystem": "Maven",
        "name": "net.opentsdb:opentsdb"
      },
      "ranges": [
        {
          "type": "ECOSYSTEM",
          "events": [
            {
              "introduced": "0"
            },
            {
              "fixed": "2.4.2"
            }
          ]
        }
      ],
      "database_specific": {
        "last_known_affected_version_range": "<= 2.4.1"
      }
    }
  ],
  "references": [
    {
      "type": "WEB",
      "url": "https://github.com/OpenTSDB/opentsdb/security/advisories/GHSA-76f7-9v52-v2fw"
    },
    {
      "type": "ADVISORY",
      "url": "https://nvd.nist.gov/vuln/detail/CVE-2023-36812"
    },
    {
      "type": "WEB",
      "url": "https://github.com/OpenTSDB/opentsdb/commit/07c4641471c6f5c2ab5aab615969e97211eb50d9"
    },
    {
      "type": "WEB",
      "url": "https://github.com/OpenTSDB/opentsdb/commit/fa88d3e4b5369f9fb73da384fab0b23e246309ba"
    },
    {
      "type": "PACKAGE",
      "url": "https://github.com/OpenTSDB/opentsdb"
    },
    {
      "type": "WEB",
      "url": "http://packetstormsecurity.com/files/174570/OpenTSDB-2.4.1-Unauthenticated-Command-Injection.html"
    }
  ],
  "database_specific": {
    "cwe_ids": [
      "CWE-74"
    ],
    "severity": "CRITICAL",
    "github_reviewed": true,
    "github_reviewed_at": "2023-06-30T22:58:41Z",
    "nvd_published_at": "2023-06-30T23:15:10Z"
  }
}