{
  "schema_version": "1.4.0",
  "id": "GHSA-448h-7hmp-99fg",
  "modified": "2023-10-24T12:58:45Z",
  "published": "2022-05-17T02:35:05Z",
  "aliases": [
    "CVE-2017-0223"
  ],
  "summary": "ChakraCore RCE Vulnerability",
  "details": "A remote code execution vulnerability exists in Microsoft Chakra Core in the way JavaScript engines render when handling objects in memory. aka \"Scripting Engine Memory Corruption Vulnerability\". This vulnerability is unique from CVE-2017-0252.",
  "severity": [
    {
      "type": "CVSS_V3",
      "score": "CVSS:3.0/AV:N/AC:L/PR:N/UI:N/S:U/C:H/I:H/A:H"
    }
  ],
  "affected": [
    {
      "package": {
        "ecosystem": "NuGet",
        "name": "Microsoft.ChakraCore"
      },
      "ranges": [
        {
          "type": "ECOSYSTEM",
          "events": [
            {
              "introduced": "0"
            },
            {
              "fixed": "1.4.4"
            }
          ]
        }
      ]
    }
  ],
  "references": [
    {
      "type": "ADVISORY",
      "url": "https://nvd.nist.gov/vuln/detail/CVE-2017-0223"
    },
    {
      "type": "WEB",
      "url": "https://github.com/Microsoft/ChakraCore/pull/2959"
    },
    {
      "type": "WEB",
      "url": "https://github.com/chakra-core/ChakraCore/pull/2959"
    },
    {
      "type": "WEB",
      "url": "https://github.com/chakra-core/ChakraCore/commit/f74773f4520adff6b70a7d445417aa9769f61fa6"
    },
    {
      "type": "PACKAGE",
      "url": "https://github.com/chakra-core/ChakraCore"
    },
    {
      "type": "WEB",
      "url": "https://web.archive.org/web/20210124184849/http://www.securitytracker.com/id/1038425"
    }
  ],
  "database_specific": {
    "cwe_ids": [
      "CWE-119"
    ],
    "severity": "CRITICAL",
    "github_reviewed": true,
    "github_reviewed_at": "2023-07-27T20:10:25Z",
    "nvd_published_at": "2017-05-15T17:29:00Z"
  }
}