{
  "schema_version": "1.4.0",
  "id": "GHSA-8h4j-vm3r-vcq3",
  "modified": "2021-08-19T21:08:47Z",
  "published": "2021-08-25T20:47:48Z",
  "aliases": [
    "CVE-2020-35870"
  ],
  "summary": "Use after free in rusqlite",
  "details": "An issue was discovered in the rusqlite crate before 0.23.0 for Rust. Memory safety can be violated via an Auxdata API use-after-free.",
  "severity": [
    {
      "type": "CVSS_V3",
      "score": "CVSS:3.1/AV:N/AC:L/PR:N/UI:N/S:U/C:H/I:H/A:H"
    }
  ],
  "affected": [
    {
      "package": {
        "ecosystem": "crates.io",
        "name": "rusqlite"
      },
      "ranges": [
        {
          "type": "ECOSYSTEM",
          "events": [
            {
              "introduced": "0"
            },
            {
              "fixed": "0.23.0"
            }
          ]
        }
      ]
    }
  ],
  "references": [
    {
      "type": "ADVISORY",
      "url": "https://nvd.nist.gov/vuln/detail/CVE-2020-35870"
    },
    {
      "type": "WEB",
      "url": "https://github.com/rusqlite/rusqlite/commit/2ef3628dac35aeba0a97d5fb3a57746b4e1d62b3"
    },
    {
      "type": "PACKAGE",
      "url": "https://github.com/rusqlite/rusqlite"
    },
    {
      "type": "WEB",
      "url": "https://github.com/rusqlite/rusqlite/releases/tag/0.23.0"
    },
    {
      "type": "WEB",
      "url": "https://rustsec.org/advisories/RUSTSEC-2020-0014.html"
    }
  ],
  "database_specific": {
    "cwe_ids": [
      "CWE-416"
    ],
    "severity": "CRITICAL",
    "github_reviewed": true,
    "github_reviewed_at": "2021-08-19T21:08:47Z",
    "nvd_published_at": "2020-12-31T10:15:00Z"
  }
}