{
  "schema_version": "1.4.0",
  "id": "GHSA-hvpr-9cr6-q5v7",
  "modified": "2022-11-17T18:54:40Z",
  "published": "2018-10-16T17:21:42Z",
  "aliases": [
    "CVE-2017-3159"
  ],
  "summary": "Apache Camel's camel-snakeyaml component is vulnerable to Java object de-serialization",
  "details": "Apache Camel's camel-snakeyaml component is vulnerable to Java object de-serialization. De-serializing untrusted data can lead to security flaws.",
  "severity": [
    {
      "type": "CVSS_V3",
      "score": "CVSS:3.0/AV:N/AC:L/PR:N/UI:N/S:U/C:H/I:H/A:H"
    }
  ],
  "affected": [
    {
      "package": {
        "ecosystem": "Maven",
        "name": "org.apache.camel:camel-snakeyaml"
      },
      "ranges": [
        {
          "type": "ECOSYSTEM",
          "events": [
            {
              "introduced": "0"
            },
            {
              "fixed": "2.17.5"
            }
          ]
        }
      ]
    },
    {
      "package": {
        "ecosystem": "Maven",
        "name": "org.apache.camel:camel-snakeyaml"
      },
      "ranges": [
        {
          "type": "ECOSYSTEM",
          "events": [
            {
              "introduced": "2.18.0"
            },
            {
              "fixed": "2.18.2"
            }
          ]
        }
      ]
    }
  ],
  "references": [
    {
      "type": "ADVISORY",
      "url": "https://nvd.nist.gov/vuln/detail/CVE-2017-3159"
    },
    {
      "type": "WEB",
      "url": "https://github.com/apache/camel/commit/20e26226107f3133c87d0f5c845e02f824823f69"
    },
    {
      "type": "WEB",
      "url": "https://github.com/apache/camel/commit/21c04b635cacd57bf4d438fc2308533ca1babde9"
    },
    {
      "type": "WEB",
      "url": "https://github.com/apache/camel/commit/2f19ce59cc4d89f21455f47604915fab6a22233b"
    },
    {
      "type": "WEB",
      "url": "https://github.com/apache/camel/commit/6b979d07fd4be6ac913368f2abeae690d3325d37"
    },
    {
      "type": "WEB",
      "url": "https://github.com/apache/camel/commit/bea972e99b5c75dc0edeb93ecbba9ff70c36bb43"
    },
    {
      "type": "WEB",
      "url": "https://github.com/apache/camel/commit/c98e48a7421b813bd47d5ae2717aea35a98d187"
    },
    {
      "type": "WEB",
      "url": "https://github.com/apache/camel/commit/dcb5a74a3987d2264ad195c7844bbb6c8121661"
    },
    {
      "type": "WEB",
      "url": "https://access.redhat.com/errata/RHSA-2017:0868"
    },
    {
      "type": "ADVISORY",
      "url": "https://github.com/advisories/GHSA-hvpr-9cr6-q5v7"
    },
    {
      "type": "PACKAGE",
      "url": "https://github.com/apache/camel"
    },
    {
      "type": "WEB",
      "url": "https://issues.apache.org/jira/browse/CAMEL-10575"
    },
    {
      "type": "WEB",
      "url": "https://lists.apache.org/thread.html/2318d7f7d87724d8716cd650c21b31cb06e4d34f6d0f5ee42f28fdaf@%3Ccommits.camel.apache.org%3E"
    },
    {
      "type": "WEB",
      "url": "https://lists.apache.org/thread.html/b4014ea7c5830ca1fc28edd5cafedfe93ad4af2d9e69c961c5def31d@%3Ccommits.camel.apache.org%3E"
    },
    {
      "type": "WEB",
      "url": "https://www.github.com/mbechler/marshalsec/blob/master/marshalsec.pdf?raw=true"
    },
    {
      "type": "WEB",
      "url": "http://camel.apache.org/security-advisories.data/CVE-2017-3159.txt.asc?version=1&modificationDate=1486565167000&api=v2"
    },
    {
      "type": "WEB",
      "url": "http://www.openwall.com/lists/oss-security/2017/05/22/2"
    },
    {
      "type": "WEB",
      "url": "http://www.securityfocus.com/bid/96321"
    }
  ],
  "database_specific": {
    "cwe_ids": [
      "CWE-502"
    ],
    "severity": "CRITICAL",
    "github_reviewed": true,
    "github_reviewed_at": "2020-06-16T21:41:03Z",
    "nvd_published_at": null
  }
}