{
  "schema_version": "1.4.0",
  "id": "GHSA-p694-23q3-rvrc",
  "modified": "2022-03-18T20:16:31Z",
  "published": "2020-11-04T18:23:25Z",
  "aliases": [
    "CVE-2017-15708"
  ],
  "summary": "Remote Code Execution in Apache Synapse",
  "details": "In Apache Synapse, by default no authentication is required for Java Remote Method Invocation (RMI). So Apache Synapse 3.0.1 or all previous releases (3.0.0, 2.1.0, 2.0.0, 1.2, 1.1.2, 1.1.1) allows remote code execution attacks that can be performed by injecting specially crafted serialized objects. And the presence of Apache Commons Collections 3.2.1 (commons-collections-3.2.1.jar) or previous versions in Synapse distribution makes this exploitable. To mitigate the issue, we need to limit RMI access to trusted users only. Further upgrading to 3.0.1 version will eliminate the risk of having said Commons Collection version. In Synapse 3.0.1, Commons Collection has been updated to 3.2.2 version.",
  "severity": [
    {
      "type": "CVSS_V3",
      "score": "CVSS:3.1/AV:N/AC:L/PR:N/UI:N/S:U/C:H/I:H/A:H"
    }
  ],
  "affected": [
    {
      "package": {
        "ecosystem": "Maven",
        "name": "org.apache.synapse:synapse-core"
      },
      "ranges": [
        {
          "type": "ECOSYSTEM",
          "events": [
            {
              "introduced": "0"
            },
            {
              "fixed": "3.0.1"
            }
          ]
        }
      ]
    }
  ],
  "references": [
    {
      "type": "ADVISORY",
      "url": "https://nvd.nist.gov/vuln/detail/CVE-2017-15708"
    },
    {
      "type": "WEB",
      "url": "https://lists.apache.org/thread.html/77f2accf240d25d91b47033e2f8ebec84ffbc6e6627112b2f98b66c9@%3Cdev.synapse.apache.org%3E"
    },
    {
      "type": "WEB",
      "url": "https://lists.apache.org/thread.html/r0fb289cd38c915b9a13a3376134f96222dd9100f1ef66b41631865c6@%3Ccommits.doris.apache.org%3E"
    },
    {
      "type": "WEB",
      "url": "https://security.gentoo.org/glsa/202107-37"
    },
    {
      "type": "WEB",
      "url": "https://www.oracle.com/security-alerts/cpujan2020.html"
    },
    {
      "type": "WEB",
      "url": "https://www.oracle.com/security-alerts/cpujul2020.html"
    },
    {
      "type": "WEB",
      "url": "http://www.securityfocus.com/bid/102154"
    }
  ],
  "database_specific": {
    "cwe_ids": [
      "CWE-502",
      "CWE-74"
    ],
    "severity": "CRITICAL",
    "github_reviewed": true,
    "github_reviewed_at": "2020-11-04T18:21:43Z",
    "nvd_published_at": "2017-12-11T15:29:00Z"
  }
}