{
  "schema_version": "1.4.0",
  "id": "GHSA-x73w-g8hx-v7rp",
  "modified": "2023-01-28T01:18:11Z",
  "published": "2023-01-20T21:30:32Z",
  "aliases": [
    "CVE-2020-23256"
  ],
  "summary": "Code injection in electerm",
  "details": "An issue was discovered in Electerm 1.3.22, allows attackers to execute arbitrary code via unverified request to electerms service.",
  "severity": [
    {
      "type": "CVSS_V3",
      "score": "CVSS:3.1/AV:N/AC:L/PR:N/UI:N/S:U/C:H/I:H/A:H"
    }
  ],
  "affected": [
    {
      "package": {
        "ecosystem": "npm",
        "name": "electerm"
      },
      "ranges": [
        {
          "type": "ECOSYSTEM",
          "events": [
            {
              "introduced": "0"
            },
            {
              "last_affected": "1.3.22"
            }
          ]
        }
      ]
    }
  ],
  "references": [
    {
      "type": "ADVISORY",
      "url": "https://nvd.nist.gov/vuln/detail/CVE-2020-23256"
    },
    {
      "type": "WEB",
      "url": "https://github.com/electerm/electerm/issues/1686"
    },
    {
      "type": "PACKAGE",
      "url": "https://github.com/electerm/electerm"
    }
  ],
  "database_specific": {
    "cwe_ids": [
      "CWE-94"
    ],
    "severity": "CRITICAL",
    "github_reviewed": true,
    "github_reviewed_at": "2023-01-28T01:18:11Z",
    "nvd_published_at": "2023-01-20T19:15:00Z"
  }
}