{
  "schema_version": "1.4.0",
  "id": "GHSA-9x7m-9hpg-xxmw",
  "modified": "2021-07-19T15:44:57Z",
  "published": "2021-12-10T17:24:16Z",
  "aliases": [
    "CVE-2021-25953"
  ],
  "summary": "Prototype Pollution in putil-merge",
  "details": "Prototype pollution vulnerability in 'putil-merge' versions1.0.0 through 3.6.6 allows attacker to cause a denial of service and may lead to remote code execution.",
  "severity": [
    {
      "type": "CVSS_V3",
      "score": "CVSS:3.1/AV:N/AC:L/PR:N/UI:N/S:U/C:H/I:H/A:H"
    }
  ],
  "affected": [
    {
      "package": {
        "ecosystem": "npm",
        "name": "putil-merge"
      },
      "ranges": [
        {
          "type": "ECOSYSTEM",
          "events": [
            {
              "introduced": "1.0.0"
            },
            {
              "fixed": "3.7.0"
            }
          ]
        }
      ],
      "database_specific": {
        "last_known_affected_version_range": "<= 3.6.6"
      }
    }
  ],
  "references": [
    {
      "type": "ADVISORY",
      "url": "https://nvd.nist.gov/vuln/detail/CVE-2021-25953"
    },
    {
      "type": "WEB",
      "url": "https://www.whitesourcesoftware.com/vulnerability-database/CVE-2021-25953"
    }
  ],
  "database_specific": {
    "cwe_ids": [
      "CWE-1321"
    ],
    "severity": "CRITICAL",
    "github_reviewed": true,
    "github_reviewed_at": "2021-07-15T20:19:36Z",
    "nvd_published_at": "2021-07-14T11:15:00Z"
  }
}