{
  "schema_version": "1.4.0",
  "id": "GHSA-3pww-qvr8-6mhp",
  "modified": "2025-01-09T23:39:59Z",
  "published": "2023-11-16T18:30:31Z",
  "aliases": [
    "CVE-2023-6021"
  ],
  "summary": "Ray Path Traversal vulnerability",
  "details": "LFI in Ray's log API endpoint allows attackers to read any file on the server without authentication. The issue is fixed in version 2.8.1+. Ray maintainers response can be found here: https://www.anyscale.com/blog/update-on-ray-cves-cve-2023-6019-cve-2023-6020-cve-2023-6021-cve-2023-48022-cve-2023-48023",
  "severity": [
    {
      "type": "CVSS_V3",
      "score": "CVSS:3.0/AV:N/AC:L/PR:N/UI:N/S:C/C:H/I:L/A:N"
    }
  ],
  "affected": [
    {
      "package": {
        "ecosystem": "PyPI",
        "name": "ray"
      },
      "ranges": [
        {
          "type": "ECOSYSTEM",
          "events": [
            {
              "introduced": "0"
            },
            {
              "fixed": "2.8.1"
            }
          ]
        }
      ]
    }
  ],
  "references": [
    {
      "type": "ADVISORY",
      "url": "https://nvd.nist.gov/vuln/detail/CVE-2023-6021"
    },
    {
      "type": "WEB",
      "url": "https://github.com/ray-project/ray"
    },
    {
      "type": "WEB",
      "url": "https://github.com/ray-project/ray/releases/tag/ray-2.8.1"
    },
    {
      "type": "WEB",
      "url": "https://huntr.com/bounties/5039c045-f986-4cbc-81ac-370fe4b0d3f8"
    },
    {
      "type": "WEB",
      "url": "https://www.anyscale.com/blog/update-on-ray-cves-cve-2023-6019-cve-2023-6020-cve-2023-6021-cve-2023-48022-cve-2023-48023"
    }
  ],
  "database_specific": {
    "cwe_ids": [
      "CWE-22",
      "CWE-29"
    ],
    "severity": "CRITICAL",
    "github_reviewed": true,
    "github_reviewed_at": "2023-11-27T23:20:39Z",
    "nvd_published_at": "2023-11-16T17:15:09Z"
  }
}