{
  "schema_version": "1.4.0",
  "id": "GHSA-vghm-8cjp-hjw6",
  "modified": "2024-03-01T14:34:32Z",
  "published": "2023-07-18T15:30:36Z",
  "aliases": [
    "CVE-2018-25088"
  ],
  "summary": "postgraas-server vulnerable to SQL injection",
  "details": "A vulnerability, which was classified as critical, was found in Blue Yonder postgraas_server up to 2.0.0b2. Affected is the function `_create_pg_connection/create_postgres_db` of the file `postgraas_server/backends/postgres_cluster/postgres_cluster_driver.py` of the component PostgreSQL Backend Handler. The manipulation leads to sql injection. Upgrading to version 2.0.0 is able to address this issue. The patch is identified as 7cd8d016edc74a78af0d81c948bfafbcc93c937c. It is recommended to upgrade the affected component. VDB-234246 is the identifier assigned to this vulnerability.",
  "severity": [
    {
      "type": "CVSS_V3",
      "score": "CVSS:3.1/AV:N/AC:L/PR:N/UI:N/S:U/C:H/I:H/A:H"
    }
  ],
  "affected": [
    {
      "package": {
        "ecosystem": "PyPI",
        "name": "postgraas-server"
      },
      "ranges": [
        {
          "type": "ECOSYSTEM",
          "events": [
            {
              "introduced": "0"
            },
            {
              "fixed": "2.0.0"
            }
          ]
        }
      ]
    }
  ],
  "references": [
    {
      "type": "ADVISORY",
      "url": "https://nvd.nist.gov/vuln/detail/CVE-2018-25088"
    },
    {
      "type": "WEB",
      "url": "https://github.com/blue-yonder/postgraas_server/commit/7cd8d016edc74a78af0d81c948bfafbcc93c937c"
    },
    {
      "type": "PACKAGE",
      "url": "https://github.com/blue-yonder/postgraas_server"
    },
    {
      "type": "WEB",
      "url": "https://github.com/blue-yonder/postgraas_server/releases/tag/v2.0.0"
    },
    {
      "type": "WEB",
      "url": "https://vuldb.com/?ctiid.234246"
    },
    {
      "type": "WEB",
      "url": "https://vuldb.com/?id.234246"
    }
  ],
  "database_specific": {
    "cwe_ids": [
      "CWE-89"
    ],
    "severity": "CRITICAL",
    "github_reviewed": true,
    "github_reviewed_at": "2023-07-18T18:33:51Z",
    "nvd_published_at": "2023-07-18T13:15:11Z"
  }
}