{
  "schema_version": "1.4.0",
  "id": "GHSA-qh9x-mc42-vg4g",
  "modified": "2024-11-18T16:26:21Z",
  "published": "2022-05-14T03:32:28Z",
  "aliases": [
    "CVE-2018-1000089"
  ],
  "summary": "django-anymail Includes Sensitive Information in Log Files",
  "details": "Anymail django-anymail version version 0.2 through 1.3 contains a CWE-532, CWE-209 vulnerability in WEBHOOK_AUTHORIZATION setting value that can result in An attacker with access to error logs could fabricate email tracking events. This attack appear to be exploitable via If you have exposed your Django error reports, an attacker could discover your ANYMAIL_WEBHOOK setting and use this to post fabricated or malicious Anymail tracking/inbound events to your app. This vulnerability appears to have been fixed in v1.4.",
  "severity": [
    {
      "type": "CVSS_V3",
      "score": "CVSS:3.0/AV:N/AC:H/PR:N/UI:N/S:U/C:H/I:H/A:N"
    },
    {
      "type": "CVSS_V4",
      "score": "CVSS:4.0/AV:N/AC:L/AT:P/PR:N/UI:N/VC:H/VI:H/VA:N/SC:N/SI:N/SA:N"
    }
  ],
  "affected": [
    {
      "package": {
        "ecosystem": "PyPI",
        "name": "django-anymail"
      },
      "ranges": [
        {
          "type": "ECOSYSTEM",
          "events": [
            {
              "introduced": "0.2"
            },
            {
              "fixed": "1.4"
            }
          ]
        }
      ]
    }
  ],
  "references": [
    {
      "type": "ADVISORY",
      "url": "https://nvd.nist.gov/vuln/detail/CVE-2018-1000089"
    },
    {
      "type": "WEB",
      "url": "https://github.com/anymail/django-anymail/commit/1a6086f2b58478d71f89bf27eb034ed81aefe5ef"
    },
    {
      "type": "ADVISORY",
      "url": "https://github.com/advisories/GHSA-qh9x-mc42-vg4g"
    },
    {
      "type": "PACKAGE",
      "url": "https://github.com/anymail/django-anymail"
    },
    {
      "type": "WEB",
      "url": "https://github.com/anymail/django-anymail/releases/tag/v1.4"
    },
    {
      "type": "WEB",
      "url": "https://github.com/pypa/advisory-database/tree/main/vulns/django-anymail/PYSEC-2018-46.yaml"
    }
  ],
  "database_specific": {
    "cwe_ids": [
      "CWE-532"
    ],
    "severity": "CRITICAL",
    "github_reviewed": true,
    "github_reviewed_at": "2022-07-27T21:33:52Z",
    "nvd_published_at": "2018-03-13T15:29:00Z"
  }
}