{
  "schema_version": "1.4.0",
  "id": "GHSA-cm7f-hf2g-ghrp",
  "modified": "2022-12-05T18:28:09Z",
  "published": "2022-11-25T18:30:25Z",
  "aliases": [
    "CVE-2022-37721"
  ],
  "summary": "PyroCMS vulnerable to stored Cross Site Scripting",
  "details": "PyroCMS 3.9 is vulnerable to a stored Cross Site Scripting (XSS) when a low privileged user, such as an author, injects a crafted html and javascript payload in a blog post, leading to full admin account takeover or privilege escalation.",
  "severity": [
    {
      "type": "CVSS_V3",
      "score": "CVSS:3.1/AV:N/AC:L/PR:L/UI:R/S:C/C:H/I:H/A:H"
    }
  ],
  "affected": [
    {
      "package": {
        "ecosystem": "Packagist",
        "name": "pyrocms/pyrocms"
      },
      "ranges": [
        {
          "type": "ECOSYSTEM",
          "events": [
            {
              "introduced": "0"
            },
            {
              "last_affected": "3.9.1"
            }
          ]
        }
      ]
    }
  ],
  "references": [
    {
      "type": "ADVISORY",
      "url": "https://nvd.nist.gov/vuln/detail/CVE-2022-37721"
    },
    {
      "type": "PACKAGE",
      "url": "https://github.com/pyrocms/pyrocms"
    },
    {
      "type": "WEB",
      "url": "https://labs.integrity.pt/advisories/cve-2022-37721"
    }
  ],
  "database_specific": {
    "cwe_ids": [
      "CWE-79"
    ],
    "severity": "CRITICAL",
    "github_reviewed": true,
    "github_reviewed_at": "2022-12-05T18:28:09Z",
    "nvd_published_at": "2022-11-25T17:15:00Z"
  }
}