{
  "schema_version": "1.4.0",
  "id": "GHSA-fm68-j7ww-h9xf",
  "modified": "2023-06-30T20:41:57Z",
  "published": "2023-06-30T20:41:57Z",
  "aliases": [
    "CVE-2023-36470"
  ],
  "summary": "XWiki Platform vulnerable to Code Injection in icon themes",
  "details": "### Impact\nBy either creating a new or editing an existing document with an icon set, an attacker can inject XWiki syntax and Velocity code that is executed with programming rights and thus allows remote code execution. There are different attack vectors, the simplest is the Velocity code in the icon set's HTML or XWiki syntax definition. The [icon picker](https://extensions.xwiki.org/xwiki/bin/view/Extension/Icon%20Theme%20Application#HIconPicker) can be used to trigger the rendering of any icon set. The XWiki syntax variant of the icon set is also used without any escaping in some documents, allowing to inject XWiki syntax including script macros into a document that might have programming right, for this the currently used icon theme needs to be edited. Further, the HTML output of the icon set is output as JSON in the icon picker and this JSON is interpreted as XWiki syntax, allowing again the injection of script macros into a document with programming right and thus allowing remote code execution. This impacts the confidentiality, integrity and availability of the whole XWiki instance.\n\n### Patches\n\nThis has been patched in XWiki 14.10.6 and 15.1. Icon themes now require script right and the code in the icon theme is executed within the context of the icon theme, preventing any rights escalation. A macro for displaying icons has been introduced to avoid injecting the raw wiki syntax of an icon set into another document.\n\n### Workarounds\nThere are no workarounds apart from upgrading to a version containing the fix.\n\n### References\n\n* https://jira.xwiki.org/browse/XWIKI-20524\n* https://github.com/xwiki/xwiki-platform/commit/b0cdfd893912baaa053d106a92e39fa1858843c7\n* https://github.com/xwiki/xwiki-platform/commit/46b542854978e9caa687a5c2b8817b8b17877d94\n* https://github.com/xwiki/xwiki-platform/commit/79418dd92ca11941b46987ef881bf50424898ff4\n",
  "severity": [
    {
      "type": "CVSS_V3",
      "score": "CVSS:3.1/AV:N/AC:L/PR:L/UI:N/S:C/C:H/I:H/A:H"
    }
  ],
  "affected": [
    {
      "package": {
        "ecosystem": "Maven",
        "name": "org.xwiki.platform:xwiki-platform-icon-default"
      },
      "ranges": [
        {
          "type": "ECOSYSTEM",
          "events": [
            {
              "introduced": "6.2-milestone-1"
            },
            {
              "fixed": "14.10.6"
            }
          ]
        }
      ]
    },
    {
      "package": {
        "ecosystem": "Maven",
        "name": "org.xwiki.platform:xwiki-platform-icon-script"
      },
      "ranges": [
        {
          "type": "ECOSYSTEM",
          "events": [
            {
              "introduced": "6.2-milestone-1"
            },
            {
              "fixed": "14.10.6"
            }
          ]
        }
      ]
    },
    {
      "package": {
        "ecosystem": "Maven",
        "name": "org.xwiki.platform:xwiki-platform-icon-script"
      },
      "ranges": [
        {
          "type": "ECOSYSTEM",
          "events": [
            {
              "introduced": "15.0-rc-1"
            },
            {
              "fixed": "15.2-rc-1"
            }
          ]
        }
      ]
    },
    {
      "package": {
        "ecosystem": "Maven",
        "name": "org.xwiki.platform:xwiki-platform-icon-default"
      },
      "ranges": [
        {
          "type": "ECOSYSTEM",
          "events": [
            {
              "introduced": "15.0-rc-1"
            },
            {
              "fixed": "15.2-rc-1"
            }
          ]
        }
      ]
    },
    {
      "package": {
        "ecosystem": "Maven",
        "name": "org.xwiki.platform:xwiki-platform-icon-ui"
      },
      "ranges": [
        {
          "type": "ECOSYSTEM",
          "events": [
            {
              "introduced": "6.2-milestone-1"
            },
            {
              "fixed": "14.10.6"
            }
          ]
        }
      ]
    },
    {
      "package": {
        "ecosystem": "Maven",
        "name": "org.xwiki.platform:xwiki-platform-icon-ui"
      },
      "ranges": [
        {
          "type": "ECOSYSTEM",
          "events": [
            {
              "introduced": "15.0-rc-1"
            },
            {
              "fixed": "15.2-rc-1"
            }
          ]
        }
      ]
    }
  ],
  "references": [
    {
      "type": "WEB",
      "url": "https://github.com/xwiki/xwiki-platform/security/advisories/GHSA-fm68-j7ww-h9xf"
    },
    {
      "type": "ADVISORY",
      "url": "https://nvd.nist.gov/vuln/detail/CVE-2023-36470"
    },
    {
      "type": "WEB",
      "url": "https://github.com/xwiki/xwiki-platform/commit/46b542854978e9caa687a5c2b8817b8b17877d94"
    },
    {
      "type": "WEB",
      "url": "https://github.com/xwiki/xwiki-platform/commit/79418dd92ca11941b46987ef881bf50424898ff4"
    },
    {
      "type": "WEB",
      "url": "https://github.com/xwiki/xwiki-platform/commit/b0cdfd893912baaa053d106a92e39fa1858843c7"
    },
    {
      "type": "PACKAGE",
      "url": "https://github.com/xwiki/xwiki-platform"
    },
    {
      "type": "WEB",
      "url": "https://jira.xwiki.org/browse/XWIKI-20524"
    }
  ],
  "database_specific": {
    "cwe_ids": [
      "CWE-74"
    ],
    "severity": "CRITICAL",
    "github_reviewed": true,
    "github_reviewed_at": "2023-06-30T20:41:57Z",
    "nvd_published_at": "2023-06-29T21:15:09Z"
  }
}