{
  "schema_version": "1.4.0",
  "id": "GHSA-jfph-3hpg-2f65",
  "modified": "2022-05-24T22:02:14Z",
  "published": "2022-05-03T00:00:42Z",
  "aliases": [
    "CVE-2022-28056"
  ],
  "summary": "Incorrect Permission Assignment for Critical Resource in ShopXO",
  "details": "ShopXO v2.2.5 and below was discovered to contain a system re-install vulnerability via the Add function in app/install/controller/Index.php.",
  "severity": [
    {
      "type": "CVSS_V3",
      "score": "CVSS:3.1/AV:N/AC:L/PR:N/UI:N/S:U/C:H/I:H/A:H"
    }
  ],
  "affected": [
    {
      "package": {
        "ecosystem": "Packagist",
        "name": "shopxo/shopxo"
      },
      "ranges": [
        {
          "type": "ECOSYSTEM",
          "events": [
            {
              "introduced": "0"
            },
            {
              "fixed": "2.2.6"
            }
          ]
        }
      ]
    }
  ],
  "references": [
    {
      "type": "ADVISORY",
      "url": "https://nvd.nist.gov/vuln/detail/CVE-2022-28056"
    },
    {
      "type": "WEB",
      "url": "https://github.com/gongfuxiang/shopxo/issues/66"
    },
    {
      "type": "PACKAGE",
      "url": "https://github.com/gongfuxiang/shopxo"
    }
  ],
  "database_specific": {
    "cwe_ids": [
      "CWE-732"
    ],
    "severity": "CRITICAL",
    "github_reviewed": true,
    "github_reviewed_at": "2022-05-24T22:02:14Z",
    "nvd_published_at": "2022-05-02T14:15:00Z"
  }
}