{
  "schema_version": "1.4.0",
  "id": "GHSA-67r3-h899-9w95",
  "modified": "2022-06-02T15:46:06Z",
  "published": "2022-06-02T15:46:06Z",
  "aliases": [],
  "summary": "Embedded Malicious Code in ctx",
  "details": "The ctx hosted project on PyPI was taken over via user account compromise and replaced with a malicious project which contained runtime code which collected the content of os.environ.items() when instantiating Ctx objects.",
  "severity": [],
  "affected": [
    {
      "package": {
        "ecosystem": "PyPI",
        "name": "ctx"
      },
      "ranges": [
        {
          "type": "ECOSYSTEM",
          "events": [
            {
              "introduced": "0.1.2-1"
            }
          ]
        }
      ]
    }
  ],
  "references": [
    {
      "type": "WEB",
      "url": "https://github.com/pypa/advisory-database/tree/main/vulns/ctx/PYSEC-2022-199.yaml"
    },
    {
      "type": "WEB",
      "url": "https://python-security.readthedocs.io/pypi-vuln/index-2022-05-24-ctx-domain-takeover.html"
    }
  ],
  "database_specific": {
    "cwe_ids": [],
    "severity": "CRITICAL",
    "github_reviewed": true,
    "github_reviewed_at": "2022-06-02T15:46:06Z",
    "nvd_published_at": null
  }
}