{
  "schema_version": "1.4.0",
  "id": "GHSA-77h8-5j3h-jcjf",
  "modified": "2023-02-08T22:32:36Z",
  "published": "2023-01-31T18:30:23Z",
  "aliases": [
    "CVE-2023-24162"
  ],
  "summary": "Dromara Hutool Deserialization of Untrusted Data vulnerability",
  "details": "Deserialization vulnerability in Dromara Hutool v5.8.11 allows attacker to execute arbitrary code via the XmlUtil.readObjectFromXml parameter.",
  "severity": [
    {
      "type": "CVSS_V3",
      "score": "CVSS:3.1/AV:N/AC:L/PR:N/UI:N/S:U/C:H/I:H/A:H"
    }
  ],
  "affected": [
    {
      "package": {
        "ecosystem": "Maven",
        "name": "cn.hutool:hutool-all"
      },
      "ranges": [
        {
          "type": "ECOSYSTEM",
          "events": [
            {
              "introduced": "0"
            },
            {
              "last_affected": "5.8.11"
            }
          ]
        }
      ]
    }
  ],
  "references": [
    {
      "type": "ADVISORY",
      "url": "https://nvd.nist.gov/vuln/detail/CVE-2023-24162"
    },
    {
      "type": "WEB",
      "url": "https://github.com/dromara/hutool/issues/2855"
    },
    {
      "type": "PACKAGE",
      "url": "https://gitee.com/dromara/hutool"
    },
    {
      "type": "WEB",
      "url": "https://gitee.com/dromara/hutool/issues/I6AEX2"
    }
  ],
  "database_specific": {
    "cwe_ids": [
      "CWE-502"
    ],
    "severity": "CRITICAL",
    "github_reviewed": true,
    "github_reviewed_at": "2023-02-08T22:32:36Z",
    "nvd_published_at": "2023-01-31T16:15:00Z"
  }
}