{
  "schema_version": "1.4.0",
  "id": "GHSA-r3x4-wr4h-pw33",
  "modified": "2021-07-27T22:20:06Z",
  "published": "2019-10-21T21:58:34Z",
  "aliases": [
    "CVE-2019-10759"
  ],
  "summary": "Sandbox Breakout / Arbitrary Code Execution in safer-eval",
  "details": "Versions of `safer-eval` prior to 1.3.4 are vulnerable to Sandbox Escape leading to Remote Code Execution. A payload using constructor properties can escape the sandbox and execute arbitrary code. For example, evaluating he string `console.constructor.constructor('return process')().env` prints `process.env` to the console.\n\n\n## Recommendation\n\nUpgrade to version 1.3.4 or later.",
  "severity": [
    {
      "type": "CVSS_V3",
      "score": "CVSS:3.1/AV:N/AC:L/PR:L/UI:N/S:C/C:H/I:H/A:H"
    }
  ],
  "affected": [
    {
      "package": {
        "ecosystem": "npm",
        "name": "safer-eval"
      },
      "ranges": [
        {
          "type": "ECOSYSTEM",
          "events": [
            {
              "introduced": "0"
            },
            {
              "fixed": "1.3.4"
            }
          ]
        }
      ]
    }
  ],
  "references": [
    {
      "type": "ADVISORY",
      "url": "https://nvd.nist.gov/vuln/detail/CVE-2019-10759"
    },
    {
      "type": "WEB",
      "url": "https://snyk.io/vuln/SNYK-JS-SAFEREVAL-173772"
    },
    {
      "type": "WEB",
      "url": "https://www.npmjs.com/advisories/1021"
    }
  ],
  "database_specific": {
    "cwe_ids": [
      "CWE-94"
    ],
    "severity": "CRITICAL",
    "github_reviewed": true,
    "github_reviewed_at": "2019-10-17T17:06:35Z",
    "nvd_published_at": "2019-10-15T15:15:00Z"
  }
}