{
  "schema_version": "1.4.0",
  "id": "GHSA-97cv-6pjf-5f9q",
  "modified": "2024-09-04T20:55:08Z",
  "published": "2022-05-14T01:29:12Z",
  "aliases": [
    "CVE-2018-7749"
  ],
  "summary": "AsyncSSH SSH Server Authentication Bypass",
  "details": "The SSH server implementation of AsyncSSH before 1.12.1 does not properly check whether authentication is completed before processing other requests. A customized SSH client can simply skip the authentication step.",
  "severity": [
    {
      "type": "CVSS_V3",
      "score": "CVSS:3.1/AV:N/AC:L/PR:N/UI:N/S:U/C:H/I:H/A:H"
    },
    {
      "type": "CVSS_V4",
      "score": "CVSS:4.0/AV:N/AC:L/AT:N/PR:N/UI:N/VC:H/VI:H/VA:H/SC:N/SI:N/SA:N"
    }
  ],
  "affected": [
    {
      "package": {
        "ecosystem": "PyPI",
        "name": "AsyncSSH"
      },
      "ranges": [
        {
          "type": "ECOSYSTEM",
          "events": [
            {
              "introduced": "0"
            },
            {
              "fixed": "1.12.1"
            }
          ]
        }
      ]
    }
  ],
  "references": [
    {
      "type": "ADVISORY",
      "url": "https://nvd.nist.gov/vuln/detail/CVE-2018-7749"
    },
    {
      "type": "WEB",
      "url": "https://github.com/ronf/asyncssh/commit/16e6ebfa893167c7d9d3f6dc7a2c0d197e47f43a"
    },
    {
      "type": "WEB",
      "url": "https://github.com/ronf/asyncssh/commit/c161e26cdc0d41b745b63d9f17b437f073bf7ba4"
    },
    {
      "type": "WEB",
      "url": "https://github.com/pypa/advisory-database/tree/main/vulns/asyncssh/PYSEC-2018-108.yaml"
    },
    {
      "type": "PACKAGE",
      "url": "https://github.com/ronf/asyncssh"
    },
    {
      "type": "WEB",
      "url": "https://groups.google.com/forum/#!msg/asyncssh-announce/57_5O7kiHSA/8BXZ_hxHAQAJ"
    }
  ],
  "database_specific": {
    "cwe_ids": [
      "CWE-287"
    ],
    "severity": "CRITICAL",
    "github_reviewed": true,
    "github_reviewed_at": "2023-08-03T22:53:06Z",
    "nvd_published_at": "2018-03-12T19:29:00Z"
  }
}