{
  "schema_version": "1.4.0",
  "id": "GHSA-crr2-ph72-c52g",
  "modified": "2021-09-30T17:44:05Z",
  "published": "2020-09-03T17:27:22Z",
  "aliases": [],
  "summary": "Malicious Package in my-very-own-package",
  "details": "All versions of `my-very-own-package` contain malicious code. The package sends the output of `process.versions`, `process.arch` and `process.platform` to a remote server in a postinstall script.\n\n\n## Recommendation\n\nRemove the package from your environment. There are no further signs of compromise.",
  "severity": [
    {
      "type": "CVSS_V3",
      "score": "CVSS:3.1/AV:N/AC:L/PR:N/UI:N/S:U/C:H/I:H/A:H"
    }
  ],
  "affected": [
    {
      "package": {
        "ecosystem": "npm",
        "name": "my-very-own-package"
      },
      "ranges": [
        {
          "type": "ECOSYSTEM",
          "events": [
            {
              "introduced": "0.0.0"
            }
          ]
        }
      ]
    }
  ],
  "references": [
    {
      "type": "WEB",
      "url": "https://www.npmjs.com/advisories/1043"
    }
  ],
  "database_specific": {
    "cwe_ids": [
      "CWE-506"
    ],
    "severity": "CRITICAL",
    "github_reviewed": true,
    "github_reviewed_at": "2020-08-31T18:45:12Z",
    "nvd_published_at": null
  }
}