{
  "schema_version": "1.4.0",
  "id": "GHSA-wgvj-6v57-wjh3",
  "modified": "2021-09-30T21:37:06Z",
  "published": "2020-09-02T21:30:14Z",
  "aliases": [],
  "summary": "Malicious Package in bowee",
  "details": "Version 1.8.4 of `bowee` contained malicious code as a preinstall script. The package downloaded a file from a remote server, executed it and opened a backdoor.\n\n\n## Recommendation\n\nAny computer that has this package installed or running should be considered fully compromised. All secrets and keys stored on that computer should be rotated immediately from a different computer.\n\nThe package should be removed, but as full control of the computer may have been given to an outside entity, there is no guarantee that removing the package will remove all malicious software resulting from installing it.",
  "severity": [
    {
      "type": "CVSS_V3",
      "score": "CVSS:3.1/AV:N/AC:L/PR:N/UI:N/S:U/C:H/I:H/A:H"
    }
  ],
  "affected": [
    {
      "package": {
        "ecosystem": "npm",
        "name": "bowee"
      },
      "ranges": [
        {
          "type": "ECOSYSTEM",
          "events": [
            {
              "introduced": "0"
            }
          ]
        }
      ]
    }
  ],
  "references": [
    {
      "type": "WEB",
      "url": "https://www.npmjs.com/advisories/897"
    }
  ],
  "database_specific": {
    "cwe_ids": [
      "CWE-506"
    ],
    "severity": "CRITICAL",
    "github_reviewed": true,
    "github_reviewed_at": "2020-08-31T18:39:45Z",
    "nvd_published_at": null
  }
}