{
  "schema_version": "1.4.0",
  "id": "GHSA-r58m-v5pr-jhhq",
  "modified": "2023-02-23T22:05:42Z",
  "published": "2023-02-16T00:30:28Z",
  "aliases": [
    "CVE-2020-19825"
  ],
  "summary": "Cross-site Scripting in kimai/kimai",
  "details": "Cross Site Scripting (XSS) vulnerability in kevinpapst kimai2 in /src/Twig/Runtime/MarkdownExtension.php, allows attackers to gain escalated privileges.",
  "severity": [
    {
      "type": "CVSS_V3",
      "score": "CVSS:3.1/AV:N/AC:L/PR:N/UI:R/S:C/C:H/I:H/A:H"
    }
  ],
  "affected": [
    {
      "package": {
        "ecosystem": "Packagist",
        "name": "kimai/kimai"
      },
      "ranges": [
        {
          "type": "ECOSYSTEM",
          "events": [
            {
              "introduced": "0"
            },
            {
              "fixed": "1.1"
            }
          ]
        }
      ]
    }
  ],
  "references": [
    {
      "type": "ADVISORY",
      "url": "https://nvd.nist.gov/vuln/detail/CVE-2020-19825"
    },
    {
      "type": "WEB",
      "url": "https://github.com/kevinpapst/kimai2/pull/962/files"
    },
    {
      "type": "WEB",
      "url": "https://github.com/kimai/kimai/pull/962"
    },
    {
      "type": "WEB",
      "url": "https://github.com/kevinpapst/kimai2"
    },
    {
      "type": "WEB",
      "url": "https://github.com/kimai/kimai/releases/tag/1.1"
    },
    {
      "type": "PACKAGE",
      "url": "https://github.com/kimai/kimai1"
    }
  ],
  "database_specific": {
    "cwe_ids": [
      "CWE-79"
    ],
    "severity": "CRITICAL",
    "github_reviewed": true,
    "github_reviewed_at": "2023-02-16T14:10:11Z",
    "nvd_published_at": "2023-02-15T22:15:00Z"
  }
}