{
  "schema_version": "1.4.0",
  "id": "GHSA-gc25-3vc5-2jf9",
  "modified": "2020-08-31T18:54:57Z",
  "published": "2020-09-04T15:00:58Z",
  "aliases": [],
  "summary": "Sandbox Breakout / Arbitrary Code Execution in sandbox",
  "details": "All versions of `sandbox` are vulnerable to Sandbox Escape leading to Remote Code Execution. The package fails to restrict access to the main context through `this.constructor.constructor` . This may allow attackers to execute arbitrary code in the system. Evaluating the payload `this.constructor.constructor('return process.env')()` prints the contents of `process.env`.\n\n\n## Recommendation\n\nNo fix is currently available. Consider using an alternative package until a fix is made available.",
  "severity": [],
  "affected": [
    {
      "package": {
        "ecosystem": "npm",
        "name": "sandbox"
      },
      "ranges": [
        {
          "type": "ECOSYSTEM",
          "events": [
            {
              "introduced": "0.0.0"
            }
          ]
        }
      ]
    }
  ],
  "references": [
    {
      "type": "WEB",
      "url": "https://www.npmjs.com/advisories/1318"
    }
  ],
  "database_specific": {
    "cwe_ids": [],
    "severity": "CRITICAL",
    "github_reviewed": true,
    "github_reviewed_at": "2020-08-31T18:54:57Z",
    "nvd_published_at": null
  }
}