{
  "schema_version": "1.4.0",
  "id": "GHSA-vcr5-xr9h-mvc5",
  "modified": "2024-10-25T21:20:40Z",
  "published": "2018-11-06T23:12:48Z",
  "aliases": [
    "CVE-2014-1929"
  ],
  "summary": "python-gnupg vulnerable to shell injection",
  "details": "python-gnupg 0.3.5 and 0.3.6 allow for shell injection via a failure to escape backslashes in the `shell_quote()` function. NOTE: this vulnerability exists because of an incomplete fix for CVE-2013-7323.",
  "severity": [
    {
      "type": "CVSS_V3",
      "score": "CVSS:3.1/AV:N/AC:L/PR:N/UI:N/S:U/C:H/I:H/A:H"
    },
    {
      "type": "CVSS_V4",
      "score": "CVSS:4.0/AV:N/AC:L/AT:N/PR:N/UI:N/VC:H/VI:H/VA:H/SC:N/SI:N/SA:N"
    }
  ],
  "affected": [
    {
      "package": {
        "ecosystem": "PyPI",
        "name": "python-gnupg"
      },
      "ranges": [
        {
          "type": "ECOSYSTEM",
          "events": [
            {
              "introduced": "0.3.5"
            },
            {
              "fixed": "0.3.7"
            }
          ]
        }
      ],
      "database_specific": {
        "last_known_affected_version_range": "<= 0.3.6"
      }
    }
  ],
  "references": [
    {
      "type": "ADVISORY",
      "url": "https://nvd.nist.gov/vuln/detail/CVE-2014-1929"
    },
    {
      "type": "WEB",
      "url": "https://alioth-lists.debian.net/pipermail/debian-security-tracker-commits/2014-June/028512.html"
    },
    {
      "type": "WEB",
      "url": "https://code.google.com/archive/p/python-gnupg/issues/98"
    },
    {
      "type": "ADVISORY",
      "url": "https://github.com/advisories/GHSA-vcr5-xr9h-mvc5"
    },
    {
      "type": "WEB",
      "url": "https://github.com/pypa/advisory-database/tree/main/vulns/python-gnupg/PYSEC-2014-92.yaml"
    },
    {
      "type": "PACKAGE",
      "url": "https://github.com/vsajip/python-gnupg"
    },
    {
      "type": "WEB",
      "url": "https://web.archive.org/web/20200228170437/http://www.securityfocus.com/bid/65539"
    },
    {
      "type": "WEB",
      "url": "https://www.openwall.com/lists/oss-security/2014/02/04/3"
    },
    {
      "type": "WEB",
      "url": "https://www.openwall.com/lists/oss-security/2014/02/04/4"
    },
    {
      "type": "WEB",
      "url": "http://seclists.org/oss-sec/2014/q1/245"
    },
    {
      "type": "WEB",
      "url": "http://seclists.org/oss-sec/2014/q1/335"
    },
    {
      "type": "WEB",
      "url": "http://www.debian.org/security/2014/dsa-2946"
    }
  ],
  "database_specific": {
    "cwe_ids": [
      "CWE-20"
    ],
    "severity": "CRITICAL",
    "github_reviewed": true,
    "github_reviewed_at": "2020-06-16T21:57:27Z",
    "nvd_published_at": null
  }
}