{
  "schema_version": "1.4.0",
  "id": "GHSA-85gf-wr67-f83w",
  "modified": "2023-01-24T18:54:27Z",
  "published": "2023-01-16T12:30:17Z",
  "aliases": [
    "CVE-2015-10053"
  ],
  "summary": "curupira is vulnerable to SQL injection",
  "details": "A vulnerability classified as critical has been found in prodigasistemas curupira up to 0.1.3. Affected is an unknown function of the file app/controllers/curupira/passwords_controller.rb. The manipulation leads to sql injection. Upgrading to version 0.1.4 is able to address this issue. The name of the patch is 93a9a77896bb66c949acb8e64bceafc74bc8c271. It is recommended to upgrade the affected component. VDB-218394 is the identifier assigned to this vulnerability.",
  "severity": [
    {
      "type": "CVSS_V3",
      "score": "CVSS:3.1/AV:N/AC:L/PR:N/UI:N/S:U/C:H/I:H/A:H"
    }
  ],
  "affected": [
    {
      "package": {
        "ecosystem": "RubyGems",
        "name": "curupira"
      },
      "ranges": [
        {
          "type": "ECOSYSTEM",
          "events": [
            {
              "introduced": "0"
            },
            {
              "fixed": "0.1.4"
            }
          ]
        }
      ]
    }
  ],
  "references": [
    {
      "type": "ADVISORY",
      "url": "https://nvd.nist.gov/vuln/detail/CVE-2015-10053"
    },
    {
      "type": "WEB",
      "url": "https://github.com/prodigasistemas/curupira/commit/93a9a77896bb66c949acb8e64bceafc74bc8c271"
    },
    {
      "type": "PACKAGE",
      "url": "https://github.com/prodigasistemas/curupira"
    },
    {
      "type": "WEB",
      "url": "https://github.com/prodigasistemas/curupira/releases/tag/v0.1.4"
    },
    {
      "type": "WEB",
      "url": "https://github.com/rubysec/ruby-advisory-db/blob/master/gems/curupira/CVE-2015-10053.yml"
    },
    {
      "type": "WEB",
      "url": "https://vuldb.com/?ctiid.218394"
    },
    {
      "type": "WEB",
      "url": "https://vuldb.com/?id.218394"
    }
  ],
  "database_specific": {
    "cwe_ids": [
      "CWE-89"
    ],
    "severity": "CRITICAL",
    "github_reviewed": true,
    "github_reviewed_at": "2023-01-18T19:03:31Z",
    "nvd_published_at": "2023-01-16T12:15:00Z"
  }
}