{
  "schema_version": "1.4.0",
  "id": "GHSA-8j7c-682x-r9f2",
  "modified": "2024-05-15T22:34:11Z",
  "published": "2024-05-15T22:34:11Z",
  "aliases": [],
  "summary": "Magento RCE,XSS and other vulnerabilities",
  "details": "Magento Commerce and Open Source 2.3.0, 2.2.7 and 2.1.16 contain multiple security enhancements that help close Remote Code Execution (RCE), Cross-Site Scripting (XSS) and other vulnerabilities.\n\n",
  "severity": [],
  "affected": [
    {
      "package": {
        "ecosystem": "Packagist",
        "name": "magento/community-edition"
      },
      "ranges": [
        {
          "type": "ECOSYSTEM",
          "events": [
            {
              "introduced": "2.1"
            },
            {
              "fixed": "2.1.16"
            }
          ]
        }
      ]
    },
    {
      "package": {
        "ecosystem": "Packagist",
        "name": "magento/community-edition"
      },
      "ranges": [
        {
          "type": "ECOSYSTEM",
          "events": [
            {
              "introduced": "2.2"
            },
            {
              "fixed": "2.2.7"
            }
          ]
        }
      ]
    }
  ],
  "references": [
    {
      "type": "WEB",
      "url": "https://github.com/FriendsOfPHP/security-advisories/blob/master/magento/product-community-edition/2018-11-28.yaml"
    },
    {
      "type": "PACKAGE",
      "url": "https://github.com/magento/magento2"
    },
    {
      "type": "WEB",
      "url": "https://web.archive.org/web/20210802095950/https://magento.com/security/patches/magento-2.2.7-and-2.1.16-security-update"
    }
  ],
  "database_specific": {
    "cwe_ids": [],
    "severity": "CRITICAL",
    "github_reviewed": true,
    "github_reviewed_at": "2024-05-15T22:34:11Z",
    "nvd_published_at": null
  }
}