{
  "schema_version": "1.4.0",
  "id": "GHSA-4fr2-j4g9-mppf",
  "modified": "2023-09-07T22:37:35Z",
  "published": "2021-09-24T15:42:21Z",
  "aliases": [
    "CVE-2020-28271"
  ],
  "summary": "Prototype Pollution in deephas",
  "details": "Prototype pollution vulnerability in 'deephas' versions 1.0.0 through 1.0.5 allows attacker to cause a denial of service and may lead to remote code execution.",
  "severity": [
    {
      "type": "CVSS_V3",
      "score": "CVSS:3.1/AV:N/AC:L/PR:N/UI:N/S:U/C:H/I:H/A:H"
    }
  ],
  "affected": [
    {
      "package": {
        "ecosystem": "npm",
        "name": "deephas"
      },
      "ranges": [
        {
          "type": "ECOSYSTEM",
          "events": [
            {
              "introduced": "1.0.0"
            },
            {
              "last_affected": "1.0.5"
            }
          ]
        }
      ]
    }
  ],
  "references": [
    {
      "type": "ADVISORY",
      "url": "https://nvd.nist.gov/vuln/detail/CVE-2020-28271"
    },
    {
      "type": "WEB",
      "url": "https://github.com/sharpred/deepHas/commit/2fe011713a6178c50f7deb6f039a8e5435981e20"
    },
    {
      "type": "WEB",
      "url": "https://www.whitesourcesoftware.com/vulnerability-database/CVE-2020-28271"
    },
    {
      "type": "WEB",
      "url": "https://www.whitesourcesoftware.com/vulnerability-database/CVE-2020-28271,"
    }
  ],
  "database_specific": {
    "cwe_ids": [
      "CWE-1321",
      "CWE-915"
    ],
    "severity": "CRITICAL",
    "github_reviewed": true,
    "github_reviewed_at": "2021-07-26T18:25:52Z",
    "nvd_published_at": "2020-11-12T18:15:00Z"
  }
}