{
  "schema_version": "1.4.0",
  "id": "GHSA-hf62-5vxh-jpwj",
  "modified": "2023-08-01T23:40:34Z",
  "published": "2022-05-24T17:01:23Z",
  "aliases": [
    "CVE-2019-18985"
  ],
  "summary": "Pimcore 2FA Vulnerable to Brute Forcing",
  "details": "Pimcore before 6.2.2 lacks brute force protection for the 2FA token.",
  "severity": [
    {
      "type": "CVSS_V3",
      "score": "CVSS:3.1/AV:N/AC:L/PR:N/UI:N/S:U/C:H/I:H/A:H"
    }
  ],
  "affected": [
    {
      "package": {
        "ecosystem": "Packagist",
        "name": "pimcore/pimcore"
      },
      "ranges": [
        {
          "type": "ECOSYSTEM",
          "events": [
            {
              "introduced": "0"
            },
            {
              "fixed": "6.2.2"
            }
          ]
        }
      ]
    }
  ],
  "references": [
    {
      "type": "ADVISORY",
      "url": "https://nvd.nist.gov/vuln/detail/CVE-2019-18985"
    },
    {
      "type": "WEB",
      "url": "https://github.com/pimcore/pimcore/commit/9f2d075243a8392c114d9a8028858b9faf041e2d"
    },
    {
      "type": "WEB",
      "url": "https://github.com/pimcore/pimcore/compare/v6.2.1...v6.2.2"
    }
  ],
  "database_specific": {
    "cwe_ids": [
      "CWE-307"
    ],
    "severity": "CRITICAL",
    "github_reviewed": true,
    "github_reviewed_at": "2023-08-01T23:40:34Z",
    "nvd_published_at": "2019-11-15T05:15:00Z"
  }
}