{
  "schema_version": "1.4.0",
  "id": "GHSA-7xvc-v44j-46fh",
  "modified": "2023-10-13T19:36:29Z",
  "published": "2023-10-06T06:30:16Z",
  "aliases": [
    "CVE-2023-26153"
  ],
  "summary": "geokit-rails Command Injection vulnerability",
  "details": "Versions of the package geokit-rails before 2.5.0 are vulnerable to Command Injection due to unsafe deserialisation of YAML within the 'geo_location' cookie. This issue can be exploited remotely via a malicious cookie value.\n\n**Note:**\n\n An attacker can use this vulnerability to execute commands on the host system.",
  "severity": [
    {
      "type": "CVSS_V3",
      "score": "CVSS:3.1/AV:N/AC:L/PR:N/UI:N/S:U/C:H/I:H/A:H"
    }
  ],
  "affected": [
    {
      "package": {
        "ecosystem": "RubyGems",
        "name": "geokit-rails"
      },
      "ranges": [
        {
          "type": "ECOSYSTEM",
          "events": [
            {
              "introduced": "0"
            },
            {
              "fixed": "2.5.0"
            }
          ]
        }
      ]
    }
  ],
  "references": [
    {
      "type": "ADVISORY",
      "url": "https://nvd.nist.gov/vuln/detail/CVE-2023-26153"
    },
    {
      "type": "WEB",
      "url": "https://github.com/geokit/geokit-rails/commit/7ffc5813e57f6f417987043e1039925fd0865c43"
    },
    {
      "type": "WEB",
      "url": "https://github.com/geokit/geokit-rails/commit/a93dfe49fb9aeae7164e2f8c4041450a04b5482f"
    },
    {
      "type": "WEB",
      "url": "https://gist.github.com/CalumHutton/b7aa1c2e71c8d4386463ac14f686901d"
    },
    {
      "type": "ADVISORY",
      "url": "https://github.com/advisories/GHSA-7xvc-v44j-46fh"
    },
    {
      "type": "PACKAGE",
      "url": "https://github.com/geokit/geokit-rails"
    },
    {
      "type": "WEB",
      "url": "https://github.com/geokit/geokit-rails/blob/master/lib/geokit-rails/ip_geocode_lookup.rb#L37"
    },
    {
      "type": "WEB",
      "url": "https://github.com/geokit/geokit-rails/blob/master/lib/geokit-rails/ip_geocode_lookup.rb%23L37"
    },
    {
      "type": "WEB",
      "url": "https://github.com/rubysec/ruby-advisory-db/blob/master/gems/geokit-rails/CVE-2023-26153.yml"
    },
    {
      "type": "WEB",
      "url": "https://security.snyk.io/vuln/SNYK-RUBY-GEOKITRAILS-5920323"
    }
  ],
  "database_specific": {
    "cwe_ids": [
      "CWE-502",
      "CWE-77"
    ],
    "severity": "CRITICAL",
    "github_reviewed": true,
    "github_reviewed_at": "2023-10-06T18:45:58Z",
    "nvd_published_at": "2023-10-06T05:15:52Z"
  }
}