{
  "schema_version": "1.4.0",
  "id": "GHSA-m54f-rp6r-rrrm",
  "modified": "2024-05-07T12:45:01Z",
  "published": "2022-09-29T00:00:22Z",
  "aliases": [
    "CVE-2022-40929"
  ],
  "summary": "XXL-JOB contains a Command execution vulnerability in background tasks ",
  "details": "XXL-JOB versions 2.2.0 and prior contain a Command execution vulnerability in background tasks.\n\nNOTE: this is disputed because the issues/4929 report is about an intended and supported use case (running arbitrary Bash scripts on behalf of users).",
  "severity": [
    {
      "type": "CVSS_V3",
      "score": "CVSS:3.1/AV:N/AC:L/PR:N/UI:N/S:U/C:H/I:H/A:H"
    }
  ],
  "affected": [
    {
      "package": {
        "ecosystem": "Maven",
        "name": "com.xuxueli:xxl-job-core"
      },
      "ranges": [
        {
          "type": "ECOSYSTEM",
          "events": [
            {
              "introduced": "0"
            },
            {
              "last_affected": "2.2.0"
            }
          ]
        }
      ]
    }
  ],
  "references": [
    {
      "type": "ADVISORY",
      "url": "https://nvd.nist.gov/vuln/detail/CVE-2022-40929"
    },
    {
      "type": "WEB",
      "url": "https://github.com/xuxueli/xxl-job/issues/2979"
    },
    {
      "type": "PACKAGE",
      "url": "https://github.com/xuxueli/xxl-job"
    }
  ],
  "database_specific": {
    "cwe_ids": [
      "CWE-78"
    ],
    "severity": "CRITICAL",
    "github_reviewed": true,
    "github_reviewed_at": "2022-09-30T06:23:00Z",
    "nvd_published_at": "2022-09-28T18:15:00Z"
  }
}