{
  "schema_version": "1.4.0",
  "id": "GHSA-r84v-qff8-jv5g",
  "modified": "2022-07-20T01:27:19Z",
  "published": "2022-05-24T17:43:20Z",
  "aliases": [
    "CVE-2021-26700"
  ],
  "summary": "Remote code execution in vscode-npm-script",
  "details": "Visual Studio Code npm-script Extension Remote Code Execution Vulnerability",
  "severity": [],
  "affected": [
    {
      "package": {
        "ecosystem": "npm",
        "name": "vscode-npm-script"
      },
      "ranges": [
        {
          "type": "ECOSYSTEM",
          "events": [
            {
              "introduced": "0.0.0"
            }
          ]
        }
      ]
    }
  ],
  "references": [
    {
      "type": "ADVISORY",
      "url": "https://nvd.nist.gov/vuln/detail/CVE-2021-26700"
    },
    {
      "type": "PACKAGE",
      "url": "https://github.com/microsoft/vscode-npm-scripts"
    },
    {
      "type": "WEB",
      "url": "https://portal.msrc.microsoft.com/en-US/security-guidance/advisory/CVE-2021-26700"
    }
  ],
  "database_specific": {
    "cwe_ids": [],
    "severity": "CRITICAL",
    "github_reviewed": true,
    "github_reviewed_at": "2022-07-20T01:27:19Z",
    "nvd_published_at": "2021-02-25T23:15:00Z"
  }
}