{
  "schema_version": "1.4.0",
  "id": "GHSA-q5vx-44v4-gch4",
  "modified": "2023-07-11T00:18:17Z",
  "published": "2022-07-15T00:00:18Z",
  "aliases": [
    "CVE-2022-32214"
  ],
  "summary": "llhttp allows HTTP Request Smuggling via Improper Delimiting of Header Fields",
  "details": "The llhttp parser in the http module in Node.js does not strictly use the CRLF sequence to delimit HTTP requests. The LF character (without CR) is sufficient to delimit HTTP header fields in the lihttp parser. According to RFC7230 section 3, only the CRLF sequence should delimit each header-field. This can lead to HTTP Request Smuggling (HRS).",
  "severity": [
    {
      "type": "CVSS_V3",
      "score": "CVSS:3.1/AV:N/AC:L/PR:N/UI:N/S:U/C:H/I:H/A:N"
    }
  ],
  "affected": [
    {
      "package": {
        "ecosystem": "npm",
        "name": "llhttp"
      },
      "ranges": [
        {
          "type": "ECOSYSTEM",
          "events": [
            {
              "introduced": "0"
            },
            {
              "fixed": "6.0.7"
            }
          ]
        }
      ]
    }
  ],
  "references": [
    {
      "type": "ADVISORY",
      "url": "https://nvd.nist.gov/vuln/detail/CVE-2022-32214"
    },
    {
      "type": "WEB",
      "url": "https://github.com/nodejs/llhttp/commit/18a4afc7ffb4e49dc9e2daebc50588199a6d1dbb"
    },
    {
      "type": "WEB",
      "url": "https://hackerone.com/reports/1524692"
    },
    {
      "type": "WEB",
      "url": "https://datatracker.ietf.org/doc/html/rfc7230#section-3"
    },
    {
      "type": "WEB",
      "url": "https://nodejs.org/en/blog/vulnerability/july-2022-security-releases"
    },
    {
      "type": "WEB",
      "url": "https://security.netapp.com/advisory/ntap-20220915-0001"
    },
    {
      "type": "WEB",
      "url": "https://www.debian.org/security/2023/dsa-5326"
    }
  ],
  "database_specific": {
    "cwe_ids": [
      "CWE-444"
    ],
    "severity": "CRITICAL",
    "github_reviewed": true,
    "github_reviewed_at": "2023-07-11T00:18:17Z",
    "nvd_published_at": "2022-07-14T15:15:00Z"
  }
}