{
  "schema_version": "1.4.0",
  "id": "GHSA-w66j-xc7r-m2jv",
  "modified": "2022-12-06T18:49:45Z",
  "published": "2022-12-05T15:30:28Z",
  "aliases": [
    "CVE-2022-45046"
  ],
  "summary": "camel-ldap component allows LDAP Injection when using the filter option",
  "details": "The camel-ldap component allows LDAP Injection when using the filter option. Users are recommended to either move to the Camel-Spring-Ldap component (which is not affected) or upgrade to 3.14.6 or 3.18.4.",
  "severity": [
    {
      "type": "CVSS_V3",
      "score": "CVSS:3.1/AV:N/AC:L/PR:N/UI:N/S:U/C:H/I:H/A:H"
    }
  ],
  "affected": [
    {
      "package": {
        "ecosystem": "Maven",
        "name": "org.apache.camel:camel-ldap"
      },
      "ranges": [
        {
          "type": "ECOSYSTEM",
          "events": [
            {
              "introduced": "0"
            },
            {
              "fixed": "3.14.6"
            }
          ]
        }
      ]
    },
    {
      "package": {
        "ecosystem": "Maven",
        "name": "org.apache.camel:camel-ldap"
      },
      "ranges": [
        {
          "type": "ECOSYSTEM",
          "events": [
            {
              "introduced": "3.15.0"
            },
            {
              "fixed": "3.18.4"
            }
          ]
        }
      ]
    }
  ],
  "references": [
    {
      "type": "ADVISORY",
      "url": "https://nvd.nist.gov/vuln/detail/CVE-2022-45046"
    },
    {
      "type": "WEB",
      "url": "https://camel.apache.org/security/CVE-2022-45046.html"
    },
    {
      "type": "PACKAGE",
      "url": "https://github.com/apache/camel"
    },
    {
      "type": "WEB",
      "url": "http://www.openwall.com/lists/oss-security/2022/12/05/2"
    }
  ],
  "database_specific": {
    "cwe_ids": [
      "CWE-90"
    ],
    "severity": "CRITICAL",
    "github_reviewed": true,
    "github_reviewed_at": "2022-12-05T23:33:29Z",
    "nvd_published_at": "2022-12-05T14:15:00Z"
  }
}