{
  "schema_version": "1.4.0",
  "id": "GHSA-6c25-cxcc-pmc4",
  "modified": "2024-05-16T17:12:24Z",
  "published": "2023-01-31T18:30:23Z",
  "aliases": [
    "CVE-2023-24163"
  ],
  "summary": "Dromara hutool vulnerable to SQL Injection",
  "details": "SQL Inection vulnerability in Dromara hutool v5.8.11 allows attacker to execute arbitrary code via the aviator template engine.",
  "severity": [
    {
      "type": "CVSS_V3",
      "score": "CVSS:3.1/AV:N/AC:L/PR:N/UI:N/S:U/C:H/I:H/A:H"
    }
  ],
  "affected": [
    {
      "package": {
        "ecosystem": "Maven",
        "name": "cn.hutool:hutool-all"
      },
      "ranges": [
        {
          "type": "ECOSYSTEM",
          "events": [
            {
              "introduced": "0"
            },
            {
              "fixed": "5.8.21"
            }
          ]
        }
      ]
    }
  ],
  "references": [
    {
      "type": "ADVISORY",
      "url": "https://nvd.nist.gov/vuln/detail/CVE-2023-24163"
    },
    {
      "type": "WEB",
      "url": "https://github.com/dromara/hutool/issues/3149"
    },
    {
      "type": "WEB",
      "url": "https://github.com/google/osv.dev/issues/2195"
    },
    {
      "type": "PACKAGE",
      "url": "https://gitee.com/dromara/hutool"
    },
    {
      "type": "WEB",
      "url": "https://gitee.com/dromara/hutool/issues/I6AJWJ#note_15801868"
    },
    {
      "type": "WEB",
      "url": "https://gitee.com/dromara/hutool/issues/I6AJWJ#note_20057806_link"
    },
    {
      "type": "WEB",
      "url": "https://github.com/dromara/hutool/releases/tag/5.8.21"
    }
  ],
  "database_specific": {
    "cwe_ids": [
      "CWE-89"
    ],
    "severity": "CRITICAL",
    "github_reviewed": true,
    "github_reviewed_at": "2023-02-08T22:20:19Z",
    "nvd_published_at": "2023-01-31T16:15:00Z"
  }
}