{
  "schema_version": "1.4.0",
  "id": "GHSA-v9j4-cp63-qv62",
  "modified": "2021-08-30T21:24:59Z",
  "published": "2021-09-01T18:32:02Z",
  "aliases": [
    "CVE-2021-38197"
  ],
  "summary": "Tarslip in go-unarr",
  "details": "unarr.go in go-unarr (aka Go bindings for unarr) 0.1.1 allows Directory Traversal via ../ in a pathname within a TAR archive.",
  "severity": [
    {
      "type": "CVSS_V3",
      "score": "CVSS:3.1/AV:N/AC:L/PR:N/UI:N/S:U/C:H/I:H/A:H"
    }
  ],
  "affected": [
    {
      "package": {
        "ecosystem": "Go",
        "name": "github.com/gen2brain/go-unarr"
      },
      "ranges": [
        {
          "type": "ECOSYSTEM",
          "events": [
            {
              "introduced": "0"
            },
            {
              "fixed": "0.1.4"
            }
          ]
        }
      ]
    }
  ],
  "references": [
    {
      "type": "ADVISORY",
      "url": "https://nvd.nist.gov/vuln/detail/CVE-2021-38197"
    },
    {
      "type": "WEB",
      "url": "https://github.com/gen2brain/go-unarr/issues/21"
    },
    {
      "type": "WEB",
      "url": "https://github.com/gen2brain/go-unarr/commit/239ec404d348280b50bbf671327709e8857fc5f4"
    },
    {
      "type": "WEB",
      "url": "https://github.com/gen2brain/go-unarr/releases/tag/v0.1.4"
    },
    {
      "type": "PACKAGE",
      "url": "github.com/gen2brain/go-unarr"
    }
  ],
  "database_specific": {
    "cwe_ids": [
      "CWE-22"
    ],
    "severity": "CRITICAL",
    "github_reviewed": true,
    "github_reviewed_at": "2021-08-30T21:24:59Z",
    "nvd_published_at": "2021-08-08T16:15:00Z"
  }
}