{
  "schema_version": "1.4.0",
  "id": "GHSA-4j6v-3895-8g2j",
  "modified": "2024-04-25T20:28:35Z",
  "published": "2022-05-24T16:47:47Z",
  "aliases": [
    "CVE-2019-12149"
  ],
  "summary": "silverstripe restfulserver and registry modules SQL injection vulnerability",
  "details": "SQL injection vulnerability in silverstripe/restfulserver module 1.0.x before 1.0.9, 2.0.x before 2.0.4, and 2.1.x before 2.1.2 and silverstripe/registry module 2.1.x before 2.1.1 and 2.2.x before 2.2.1 allows attackers to execute arbitrary SQL commands.",
  "severity": [
    {
      "type": "CVSS_V3",
      "score": "CVSS:3.0/AV:N/AC:L/PR:N/UI:N/S:U/C:H/I:H/A:H"
    }
  ],
  "affected": [
    {
      "package": {
        "ecosystem": "Packagist",
        "name": "silverstripe/restfulserver"
      },
      "ranges": [
        {
          "type": "ECOSYSTEM",
          "events": [
            {
              "introduced": "2.1.0"
            },
            {
              "fixed": "2.1.2"
            }
          ]
        }
      ]
    },
    {
      "package": {
        "ecosystem": "Packagist",
        "name": "silverstripe/registry"
      },
      "ranges": [
        {
          "type": "ECOSYSTEM",
          "events": [
            {
              "introduced": "2.1.0"
            },
            {
              "fixed": "2.1.1"
            }
          ]
        }
      ]
    },
    {
      "package": {
        "ecosystem": "Packagist",
        "name": "silverstripe/registry"
      },
      "ranges": [
        {
          "type": "ECOSYSTEM",
          "events": [
            {
              "introduced": "2.2.0"
            },
            {
              "fixed": "2.2.1"
            }
          ]
        }
      ]
    },
    {
      "package": {
        "ecosystem": "Packagist",
        "name": "silverstripe/restfulserver"
      },
      "ranges": [
        {
          "type": "ECOSYSTEM",
          "events": [
            {
              "introduced": "1.0.0"
            },
            {
              "fixed": "1.0.9"
            }
          ]
        }
      ]
    },
    {
      "package": {
        "ecosystem": "Packagist",
        "name": "silverstripe/restfulserver"
      },
      "ranges": [
        {
          "type": "ECOSYSTEM",
          "events": [
            {
              "introduced": "2.0.0"
            },
            {
              "fixed": "2.0.4"
            }
          ]
        }
      ]
    }
  ],
  "references": [
    {
      "type": "ADVISORY",
      "url": "https://nvd.nist.gov/vuln/detail/CVE-2019-12149"
    },
    {
      "type": "WEB",
      "url": "https://github.com/FriendsOfPHP/security-advisories/blob/master/silverstripe/restfulserver/CVE-2019-12149.yaml"
    },
    {
      "type": "WEB",
      "url": "https://www.silverstripe.org/download/security-releases/cve-2019-12149"
    }
  ],
  "database_specific": {
    "cwe_ids": [
      "CWE-89"
    ],
    "severity": "CRITICAL",
    "github_reviewed": true,
    "github_reviewed_at": "2024-04-25T20:28:35Z",
    "nvd_published_at": "2019-06-11T22:29:00Z"
  }
}