{
  "schema_version": "1.4.0",
  "id": "GHSA-58h5-h554-429q",
  "modified": "2022-11-10T21:42:09Z",
  "published": "2022-11-10T21:42:09Z",
  "aliases": [],
  "summary": "ezplatform-admin-ui vulnerable to Cross-Site Scripting (XSS) ",
  "details": "It is possible to inject JavaScript XSS in the content type entries \"name\" and \"short name\". To exploit this, one must already have permission to edit content types, which limits it in many cases to people who are already administrators. However, please verify which users have this permission. The fix ensures any injections are escaped.",
  "severity": [],
  "affected": [
    {
      "package": {
        "ecosystem": "Packagist",
        "name": "ezsystems/ezplatform-admin-ui"
      },
      "ranges": [
        {
          "type": "ECOSYSTEM",
          "events": [
            {
              "introduced": "2.3.0"
            },
            {
              "fixed": "2.3.26"
            }
          ]
        }
      ]
    }
  ],
  "references": [
    {
      "type": "WEB",
      "url": "https://github.com/ezsystems/ezplatform-admin-ui/security/advisories/GHSA-58h5-h554-429q"
    },
    {
      "type": "WEB",
      "url": "https://github.com/ezsystems/ezplatform-admin-ui/commit/29e156a7bbecca5abd946c99546a261679587d29"
    },
    {
      "type": "WEB",
      "url": "https://developers.ibexa.co/security-advisories/ibexa-sa-2022-009-critical-vulnerabilities-in-graphql-role-assignment-ct-editing-and-drafts-tooltips"
    },
    {
      "type": "PACKAGE",
      "url": "https://github.com/ezsystems/ezplatform-admin-ui"
    }
  ],
  "database_specific": {
    "cwe_ids": [
      "CWE-79"
    ],
    "severity": "CRITICAL",
    "github_reviewed": true,
    "github_reviewed_at": "2022-11-10T21:42:09Z",
    "nvd_published_at": null
  }
}