{
  "schema_version": "1.4.0",
  "id": "GHSA-69q2-p9xp-739v",
  "modified": "2024-10-09T20:47:36Z",
  "published": "2021-04-20T16:32:08Z",
  "withdrawn": "2024-10-09T20:47:08Z",
  "aliases": [],
  "summary": "Duplicate Advisory: XML Injection in petl",
  "details": "## Duplicate Advisory\nThis advisoerey has been withdrawn because it is a duplicate of GHSA-f5gc-p5m3-v347. This link is maintained to preserve external references.\n\n## Original Description\npetl before 1.68, in some configurations, allows resolution of entities in an XML document.",
  "severity": [
    {
      "type": "CVSS_V3",
      "score": "CVSS:3.1/AV:N/AC:L/PR:N/UI:N/S:U/C:H/I:H/A:H"
    }
  ],
  "affected": [
    {
      "package": {
        "ecosystem": "PyPI",
        "name": "petl"
      },
      "ranges": [
        {
          "type": "ECOSYSTEM",
          "events": [
            {
              "introduced": "0"
            },
            {
              "fixed": "1.6.8"
            }
          ]
        }
      ]
    }
  ],
  "references": [
    {
      "type": "WEB",
      "url": "https://github.com/petl-developers/petl/security/advisories/GHSA-f5gc-p5m3-v347"
    },
    {
      "type": "ADVISORY",
      "url": "https://nvd.nist.gov/vuln/detail/CVE-2020-29128"
    },
    {
      "type": "WEB",
      "url": "https://github.com/petl-developers/petl/issues/526"
    },
    {
      "type": "WEB",
      "url": "https://github.com/petl-developers/petl/pull/527"
    },
    {
      "type": "WEB",
      "url": "https://github.com/petl-developers/petl/commit/07420ef8463cc387aea84e2d6241cf556574e2a5"
    },
    {
      "type": "WEB",
      "url": "https://github.com/nvn1729/advisories/blob/master/cve-2020-29128.md"
    },
    {
      "type": "PACKAGE",
      "url": "https://github.com/petl-developers/petl"
    },
    {
      "type": "WEB",
      "url": "https://github.com/petl-developers/petl/compare/v1.6.7...v1.6.8"
    },
    {
      "type": "WEB",
      "url": "https://github.com/pypa/advisory-database/tree/main/vulns/petl/PYSEC-2020-75.yaml"
    },
    {
      "type": "WEB",
      "url": "https://owasp.org/www-community/vulnerabilities/XML_External_Entity_(XXE)_Processing"
    },
    {
      "type": "WEB",
      "url": "https://petl.readthedocs.io/en/stable/changes.html"
    }
  ],
  "database_specific": {
    "cwe_ids": [
      "CWE-91"
    ],
    "severity": "CRITICAL",
    "github_reviewed": true,
    "github_reviewed_at": "2021-04-13T19:20:39Z",
    "nvd_published_at": "2020-11-26T05:15:00Z"
  }
}