{
  "schema_version": "1.4.0",
  "id": "GHSA-cj47-qj6g-x7r4",
  "modified": "2025-03-21T03:30:51Z",
  "published": "2025-03-20T12:32:50Z",
  "aliases": [
    "CVE-2024-9053"
  ],
  "summary": "vLLM allows Remote Code Execution by Pickle Deserialization via AsyncEngineRPCServer() RPC server entrypoints",
  "details": "vllm-project vllm version 0.6.0 contains a vulnerability in the AsyncEngineRPCServer() RPC server entrypoints. The core functionality run_server_loop() calls the function _make_handler_coro(), which directly uses cloudpickle.loads() on received messages without any sanitization. This can result in remote code execution by deserializing malicious pickle data.",
  "severity": [
    {
      "type": "CVSS_V3",
      "score": "CVSS:3.0/AV:N/AC:L/PR:N/UI:N/S:U/C:H/I:H/A:H"
    }
  ],
  "affected": [
    {
      "package": {
        "ecosystem": "PyPI",
        "name": "vllm"
      },
      "ranges": [
        {
          "type": "ECOSYSTEM",
          "events": [
            {
              "introduced": "0"
            },
            {
              "last_affected": "0.6.0"
            }
          ]
        }
      ]
    }
  ],
  "references": [
    {
      "type": "ADVISORY",
      "url": "https://nvd.nist.gov/vuln/detail/CVE-2024-9053"
    },
    {
      "type": "PACKAGE",
      "url": "https://github.com/vllm-project/vllm"
    },
    {
      "type": "WEB",
      "url": "https://huntr.com/bounties/75a544f3-34a3-4da0-b5a3-1495cb031e09"
    }
  ],
  "database_specific": {
    "cwe_ids": [
      "CWE-502"
    ],
    "severity": "CRITICAL",
    "github_reviewed": true,
    "github_reviewed_at": "2025-03-21T03:30:51Z",
    "nvd_published_at": "2025-03-20T10:15:46Z"
  }
}