{
  "schema_version": "1.4.0",
  "id": "GHSA-7r96-8g3x-g36m",
  "modified": "2022-01-04T19:36:52Z",
  "published": "2021-06-28T17:16:56Z",
  "aliases": [],
  "summary": "Improper Verification of Cryptographic Signature",
  "details": "### Impact\nThe `verifyWithMessage` method of `tEnvoyNaClSigningKey` always returns `true` for any signature of a SHA-512 hash matching the SHA-512 hash of the message even if the signature is invalid.\n\n### Patches\nUpgrade to `v7.0.3` immediately to resolve this issue. Since the vulnerability lies within the verification method, the previous signatures are still valid. We highly recommend reverifying any signatures that were previously verified with the vulnerable `verifyWithMessage` method.\n\n### Workarounds\nIn `tenvoy.js` under the `verifyWithMessage` method definition within the `tEnvoyNaClSigningKey` class, ensure that the return statement call to `this.verify` ends in `.verified`. For example, the return statement should start with `return this.verify(signed, password).verified && ` instead of `return this.verify(signed, password) && `.\n\n### For more information\nIf you have any questions or comments about this advisory:\n* Open an issue in [github.com/TogaTech/tEnvoy](https://github.com/TogaTech/tEnvoy)\n",
  "severity": [
    {
      "type": "CVSS_V3",
      "score": "CVSS:3.1/AV:N/AC:L/PR:N/UI:N/S:U/C:H/I:H/A:H"
    }
  ],
  "affected": [
    {
      "package": {
        "ecosystem": "npm",
        "name": "tenvoy"
      },
      "ranges": [
        {
          "type": "ECOSYSTEM",
          "events": [
            {
              "introduced": "0"
            },
            {
              "fixed": "7.0.3"
            }
          ]
        }
      ]
    }
  ],
  "references": [
    {
      "type": "WEB",
      "url": "https://github.com/TogaTech/tEnvoy/security/advisories/GHSA-7r96-8g3x-g36m"
    },
    {
      "type": "WEB",
      "url": "https://github.com/TogaTech/tEnvoy/commit/a121b34a45e289d775c62e58841522891dee686b"
    },
    {
      "type": "PACKAGE",
      "url": "https://github.com/TogaTech/tEnvoy"
    }
  ],
  "database_specific": {
    "cwe_ids": [
      "CWE-347"
    ],
    "severity": "CRITICAL",
    "github_reviewed": true,
    "github_reviewed_at": "2021-06-16T20:14:25Z",
    "nvd_published_at": null
  }
}