{
  "schema_version": "1.4.0",
  "id": "GHSA-jpq3-xf27-5jf2",
  "modified": "2021-05-04T23:40:42Z",
  "published": "2021-05-06T18:26:42Z",
  "aliases": [
    "CVE-2020-7726"
  ],
  "summary": "Prototype Pollution in safe-object2",
  "details": "All versions of package safe-object2 are vulnerable to Prototype Pollution via the setter function.",
  "severity": [
    {
      "type": "CVSS_V3",
      "score": "CVSS:3.1/AV:N/AC:L/PR:N/UI:N/S:U/C:H/I:H/A:H"
    }
  ],
  "affected": [
    {
      "package": {
        "ecosystem": "npm",
        "name": "safe-object2"
      },
      "ranges": [
        {
          "type": "ECOSYSTEM",
          "events": [
            {
              "introduced": "0"
            },
            {
              "last_affected": "1.0.3"
            }
          ]
        }
      ]
    }
  ],
  "references": [
    {
      "type": "ADVISORY",
      "url": "https://nvd.nist.gov/vuln/detail/CVE-2020-7726"
    },
    {
      "type": "WEB",
      "url": "https://snyk.io/vuln/SNYK-JS-SAFEOBJECT2-598801"
    }
  ],
  "database_specific": {
    "cwe_ids": [
      "CWE-1321"
    ],
    "severity": "CRITICAL",
    "github_reviewed": true,
    "github_reviewed_at": "2021-05-04T23:40:42Z",
    "nvd_published_at": "2020-09-01T10:15:00Z"
  }
}