{
  "schema_version": "1.4.0",
  "id": "GHSA-3863-2447-669p",
  "modified": "2024-11-22T20:44:47Z",
  "published": "2023-12-19T15:30:30Z",
  "aliases": [
    "CVE-2023-6730"
  ],
  "summary": "transformers has a Deserialization of Untrusted Data vulnerability",
  "details": "Deserialization of Untrusted Data in GitHub repository huggingface/transformers prior to 4.36.0.",
  "severity": [
    {
      "type": "CVSS_V3",
      "score": "CVSS:3.0/AV:N/AC:L/PR:L/UI:R/S:C/C:H/I:H/A:H"
    }
  ],
  "affected": [
    {
      "package": {
        "ecosystem": "PyPI",
        "name": "transformers"
      },
      "ranges": [
        {
          "type": "ECOSYSTEM",
          "events": [
            {
              "introduced": "0"
            },
            {
              "fixed": "4.36.0"
            }
          ]
        }
      ]
    }
  ],
  "references": [
    {
      "type": "ADVISORY",
      "url": "https://nvd.nist.gov/vuln/detail/CVE-2023-6730"
    },
    {
      "type": "WEB",
      "url": "https://github.com/huggingface/transformers/commit/1d63b0ec361e7a38f1339385e8a5a855085532ce"
    },
    {
      "type": "PACKAGE",
      "url": "https://github.com/huggingface/transformers"
    },
    {
      "type": "WEB",
      "url": "https://github.com/pypa/advisory-database/tree/main/vulns/transformers/PYSEC-2023-300.yaml"
    },
    {
      "type": "WEB",
      "url": "https://huntr.com/bounties/423611ee-7a2a-442a-babb-3ed2f8385c16"
    }
  ],
  "database_specific": {
    "cwe_ids": [
      "CWE-502"
    ],
    "severity": "CRITICAL",
    "github_reviewed": true,
    "github_reviewed_at": "2023-12-19T23:16:40Z",
    "nvd_published_at": "2023-12-19T13:15:43Z"
  }
}