{
  "schema_version": "1.4.0",
  "id": "GHSA-p94q-9q2m-pfh2",
  "modified": "2022-09-08T00:00:35Z",
  "published": "2022-03-04T00:00:17Z",
  "aliases": [
    "CVE-2022-23898"
  ],
  "summary": "SQL injection in net.mingsoft:ms-mcms",
  "details": "MCMS v5.2.5 was discovered to contain a SQL injection vulnerability via the categoryId parameter in the file IContentDao.xml.",
  "severity": [
    {
      "type": "CVSS_V3",
      "score": "CVSS:3.1/AV:N/AC:L/PR:N/UI:N/S:U/C:H/I:H/A:H"
    }
  ],
  "affected": [
    {
      "package": {
        "ecosystem": "Maven",
        "name": "net.mingsoft:ms-mcms"
      },
      "ranges": [
        {
          "type": "ECOSYSTEM",
          "events": [
            {
              "introduced": "0"
            },
            {
              "last_affected": "5.2.5"
            }
          ]
        }
      ]
    }
  ],
  "references": [
    {
      "type": "ADVISORY",
      "url": "https://nvd.nist.gov/vuln/detail/CVE-2022-23898"
    },
    {
      "type": "WEB",
      "url": "https://github.com/ming-soft/MCMS/issues/62"
    },
    {
      "type": "PACKAGE",
      "url": "https://github.com/ming-soft/MCMS"
    }
  ],
  "database_specific": {
    "cwe_ids": [
      "CWE-89"
    ],
    "severity": "CRITICAL",
    "github_reviewed": true,
    "github_reviewed_at": "2022-09-08T00:00:35Z",
    "nvd_published_at": "2022-03-03T19:15:00Z"
  }
}