{
  "schema_version": "1.4.0",
  "id": "GHSA-jf86-9434-f8c2",
  "modified": "2023-09-26T19:53:54Z",
  "published": "2022-05-24T17:02:42Z",
  "aliases": [
    "CVE-2019-14910"
  ],
  "summary": "Keycloak Authentication Error",
  "details": "A vulnerability was found in keycloak 7.x, when keycloak is configured with LDAP user federation and StartTLS is used instead of SSL/TLS from the LDAP server (ldaps), in this case user authentication succeeds even if invalid password has entered.",
  "severity": [
    {
      "type": "CVSS_V3",
      "score": "CVSS:3.1/AV:N/AC:L/PR:N/UI:N/S:U/C:H/I:H/A:H"
    }
  ],
  "affected": [
    {
      "package": {
        "ecosystem": "Maven",
        "name": "org.keycloak:keycloak-parent"
      },
      "ranges": [
        {
          "type": "ECOSYSTEM",
          "events": [
            {
              "introduced": "7.0.0"
            },
            {
              "last_affected": "7.0.1"
            }
          ]
        }
      ]
    }
  ],
  "references": [
    {
      "type": "ADVISORY",
      "url": "https://nvd.nist.gov/vuln/detail/CVE-2019-14910"
    },
    {
      "type": "WEB",
      "url": "https://access.redhat.com/security/cve/cve-2019-14910"
    },
    {
      "type": "WEB",
      "url": "https://bugzilla.redhat.com/show_bug.cgi?id=CVE-2019-14910"
    },
    {
      "type": "PACKAGE",
      "url": "https://github.com/keycloak/keycloak"
    }
  ],
  "database_specific": {
    "cwe_ids": [
      "CWE-278",
      "CWE-295"
    ],
    "severity": "CRITICAL",
    "github_reviewed": true,
    "github_reviewed_at": "2023-07-18T21:50:47Z",
    "nvd_published_at": "2019-12-05T15:15:00Z"
  }
}