{
  "schema_version": "1.4.0",
  "id": "GHSA-phwq-j96m-2c2q",
  "modified": "2022-08-11T14:48:47Z",
  "published": "2022-04-26T00:00:40Z",
  "aliases": [
    "CVE-2022-29078"
  ],
  "summary": "ejs template injection vulnerability",
  "details": "The ejs (aka Embedded JavaScript templates) package 3.1.6 for Node.js allows server-side template injection in settings[view options][outputFunctionName]. This is parsed as an internal option, and overwrites the outputFunctionName option with an arbitrary OS command (which is executed upon template compilation).",
  "severity": [
    {
      "type": "CVSS_V3",
      "score": "CVSS:3.1/AV:N/AC:L/PR:N/UI:N/S:U/C:H/I:H/A:H"
    }
  ],
  "affected": [
    {
      "package": {
        "ecosystem": "npm",
        "name": "ejs"
      },
      "ranges": [
        {
          "type": "ECOSYSTEM",
          "events": [
            {
              "introduced": "0"
            },
            {
              "fixed": "3.1.7"
            }
          ]
        }
      ]
    }
  ],
  "references": [
    {
      "type": "ADVISORY",
      "url": "https://nvd.nist.gov/vuln/detail/CVE-2022-29078"
    },
    {
      "type": "WEB",
      "url": "https://github.com/mde/ejs/commit/15ee698583c98dadc456639d6245580d17a24baf"
    },
    {
      "type": "WEB",
      "url": "https://eslam.io/posts/ejs-server-side-template-injection-rce"
    },
    {
      "type": "PACKAGE",
      "url": "https://github.com/mde/ejs"
    },
    {
      "type": "WEB",
      "url": "https://github.com/mde/ejs/releases"
    },
    {
      "type": "WEB",
      "url": "https://security.netapp.com/advisory/ntap-20220804-0001"
    }
  ],
  "database_specific": {
    "cwe_ids": [
      "CWE-74"
    ],
    "severity": "CRITICAL",
    "github_reviewed": true,
    "github_reviewed_at": "2022-04-27T14:36:21Z",
    "nvd_published_at": "2022-04-25T15:15:00Z"
  }
}