{
  "schema_version": "1.4.0",
  "id": "GHSA-m7vh-pgfq-v4rq",
  "modified": "2023-09-13T14:05:43Z",
  "published": "2023-09-08T21:30:35Z",
  "aliases": [
    "CVE-2023-42268"
  ],
  "summary": "Jeecg boot SQL Injection vulnerability",
  "details": "Jeecg boot up to v3.5.3 was discovered to contain a SQL injection vulnerability via the component `/jeecg-boot/jmreport/show`.",
  "severity": [
    {
      "type": "CVSS_V3",
      "score": "CVSS:3.1/AV:N/AC:L/PR:N/UI:N/S:U/C:H/I:H/A:H"
    }
  ],
  "affected": [
    {
      "package": {
        "ecosystem": "Maven",
        "name": "org.jeecgframework.boot:jeecg-boot-parent"
      },
      "ranges": [
        {
          "type": "ECOSYSTEM",
          "events": [
            {
              "introduced": "0"
            },
            {
              "last_affected": "3.5.3"
            }
          ]
        }
      ]
    }
  ],
  "references": [
    {
      "type": "ADVISORY",
      "url": "https://nvd.nist.gov/vuln/detail/CVE-2023-42268"
    },
    {
      "type": "WEB",
      "url": "https://github.com/jeecgboot/jeecg-boot/issues/5311"
    },
    {
      "type": "PACKAGE",
      "url": "https://github.com/jeecgboot/jeecg-boot"
    }
  ],
  "database_specific": {
    "cwe_ids": [
      "CWE-89"
    ],
    "severity": "CRITICAL",
    "github_reviewed": true,
    "github_reviewed_at": "2023-09-11T14:43:19Z",
    "nvd_published_at": "2023-09-08T19:15:44Z"
  }
}