{
  "schema_version": "1.4.0",
  "id": "GHSA-852q-xxj4-x2rx",
  "modified": "2021-08-17T22:41:38Z",
  "published": "2019-11-08T20:05:45Z",
  "aliases": [
    "CVE-2019-15537"
  ],
  "summary": "SQL Injection in SimpleSAMLphp",
  "details": "The proxystatistics module before 3.1.0 for SimpleSAMLphp allows SQL Injection in lib/Auth/Process/DatabaseCommand.php.",
  "severity": [
    {
      "type": "CVSS_V3",
      "score": "CVSS:3.0/AV:N/AC:L/PR:N/UI:N/S:U/C:H/I:H/A:H"
    }
  ],
  "affected": [
    {
      "package": {
        "ecosystem": "Packagist",
        "name": "cesnet/simplesamlphp-module-proxystatistics"
      },
      "ranges": [
        {
          "type": "ECOSYSTEM",
          "events": [
            {
              "introduced": "0"
            },
            {
              "fixed": "3.1.0"
            }
          ]
        }
      ]
    }
  ],
  "references": [
    {
      "type": "ADVISORY",
      "url": "https://nvd.nist.gov/vuln/detail/CVE-2019-15537"
    },
    {
      "type": "WEB",
      "url": "https://github.com/CESNET/proxystatistics-simplesamlphp-module/pull/18"
    },
    {
      "type": "WEB",
      "url": "https://github.com/CESNET/proxystatistics-simplesamlphp-module/releases/tag/v3.1.0"
    }
  ],
  "database_specific": {
    "cwe_ids": [
      "CWE-89"
    ],
    "severity": "CRITICAL",
    "github_reviewed": true,
    "github_reviewed_at": "2019-09-25T12:51:13Z",
    "nvd_published_at": "2019-08-23T18:15:00Z"
  }
}