{
  "schema_version": "1.4.0",
  "id": "GHSA-2pmw-cvc7-frvh",
  "modified": "2022-03-01T22:02:53Z",
  "published": "2022-02-18T00:00:34Z",
  "aliases": [
    "CVE-2021-44868"
  ],
  "summary": "SQL injection in MCMS",
  "details": "A problem was found in ming-soft MCMS v5.1. There is a sql injection vulnerability in /ms/cms/content/list.do",
  "severity": [
    {
      "type": "CVSS_V3",
      "score": "CVSS:3.1/AV:N/AC:L/PR:N/UI:N/S:U/C:H/I:H/A:H"
    }
  ],
  "affected": [
    {
      "package": {
        "ecosystem": "Maven",
        "name": "net.mingsoft:ms-mcms"
      },
      "ranges": [
        {
          "type": "ECOSYSTEM",
          "events": [
            {
              "introduced": "0"
            },
            {
              "last_affected": "5.1"
            }
          ]
        }
      ]
    }
  ],
  "references": [
    {
      "type": "ADVISORY",
      "url": "https://nvd.nist.gov/vuln/detail/CVE-2021-44868"
    },
    {
      "type": "WEB",
      "url": "https://github.com/ming-soft/MCMS/issues/58"
    }
  ],
  "database_specific": {
    "cwe_ids": [
      "CWE-89"
    ],
    "severity": "CRITICAL",
    "github_reviewed": true,
    "github_reviewed_at": "2022-03-01T21:36:49Z",
    "nvd_published_at": "2022-02-17T16:15:00Z"
  }
}