{
  "schema_version": "1.4.0",
  "id": "GHSA-v726-3vg9-cp34",
  "modified": "2021-07-26T18:29:52Z",
  "published": "2021-08-02T17:28:16Z",
  "aliases": [
    "CVE-2020-27998"
  ],
  "summary": "Missing Authorization in FastReport",
  "details": "An issue was discovered in FastReport before 2020.4.0. It lacks a ScriptSecurity feature and therefore may mishandle (for example) GetType, typeof, TypeOf, DllImport, LoadLibrary, and GetProcAddress.",
  "severity": [
    {
      "type": "CVSS_V3",
      "score": "CVSS:3.1/AV:N/AC:L/PR:N/UI:N/S:U/C:H/I:H/A:H"
    }
  ],
  "affected": [
    {
      "package": {
        "ecosystem": "NuGet",
        "name": "FastReport.OpenSource"
      },
      "ranges": [
        {
          "type": "ECOSYSTEM",
          "events": [
            {
              "introduced": "0"
            },
            {
              "fixed": "2020.4.0"
            }
          ]
        }
      ]
    }
  ],
  "references": [
    {
      "type": "ADVISORY",
      "url": "https://nvd.nist.gov/vuln/detail/CVE-2020-27998"
    },
    {
      "type": "WEB",
      "url": "https://github.com/FastReports/FastReport/pull/206"
    },
    {
      "type": "WEB",
      "url": "https://github.com/FastReports/FastReport/compare/v2020.3.0...v2020.4.0"
    },
    {
      "type": "WEB",
      "url": "https://opensource.fast-report.com/2020/09/report-script-security.html"
    },
    {
      "type": "ADVISORY",
      "url": "https://securitylab.github.com/advisories/GHSL-2020-143-FastReportsInc-FastReports"
    }
  ],
  "database_specific": {
    "cwe_ids": [
      "CWE-862"
    ],
    "severity": "CRITICAL",
    "github_reviewed": true,
    "github_reviewed_at": "2021-07-26T18:29:52Z",
    "nvd_published_at": "2020-10-29T18:15:00Z"
  }
}