{
  "schema_version": "1.4.0",
  "id": "GHSA-f7q4-9gwv-6774",
  "modified": "2024-11-18T16:26:43Z",
  "published": "2024-06-13T09:31:00Z",
  "aliases": [
    "CVE-2024-34103"
  ],
  "summary": "Magento Open Source Improper Authentication vulnerability",
  "details": "Adobe Commerce versions 2.4.7, 2.4.6-p5, 2.4.5-p7, 2.4.4-p8 and earlier are affected by an Improper Authentication vulnerability that could result in privilege escalation. An attacker could exploit this vulnerability to gain unauthorized access or elevated privileges within the application. Exploitation of this issue does not require user interaction, but attack complexity is high.",
  "severity": [
    {
      "type": "CVSS_V3",
      "score": "CVSS:3.1/AV:N/AC:H/PR:N/UI:N/S:U/C:H/I:H/A:H"
    },
    {
      "type": "CVSS_V4",
      "score": "CVSS:4.0/AV:N/AC:H/AT:N/PR:N/UI:N/VC:H/VI:H/VA:H/SC:N/SI:N/SA:N"
    }
  ],
  "affected": [
    {
      "package": {
        "ecosystem": "Packagist",
        "name": "magento/community-edition"
      },
      "versions": [
        "2.4.7"
      ]
    },
    {
      "package": {
        "ecosystem": "Packagist",
        "name": "magento/community-edition"
      },
      "versions": [
        "2.4.6"
      ]
    },
    {
      "package": {
        "ecosystem": "Packagist",
        "name": "magento/community-edition"
      },
      "versions": [
        "2.4.5"
      ]
    },
    {
      "package": {
        "ecosystem": "Packagist",
        "name": "magento/community-edition"
      },
      "versions": [
        "2.4.4"
      ]
    },
    {
      "package": {
        "ecosystem": "Packagist",
        "name": "magento/community-edition"
      },
      "ranges": [
        {
          "type": "ECOSYSTEM",
          "events": [
            {
              "introduced": "2.4.6-p1"
            },
            {
              "fixed": "2.4.6-p6"
            }
          ]
        }
      ]
    },
    {
      "package": {
        "ecosystem": "Packagist",
        "name": "magento/community-edition"
      },
      "ranges": [
        {
          "type": "ECOSYSTEM",
          "events": [
            {
              "introduced": "2.4.5-p1"
            },
            {
              "fixed": "2.4.5-p8"
            }
          ]
        }
      ]
    },
    {
      "package": {
        "ecosystem": "Packagist",
        "name": "magento/community-edition"
      },
      "ranges": [
        {
          "type": "ECOSYSTEM",
          "events": [
            {
              "introduced": "0"
            },
            {
              "fixed": "2.4.4-p9"
            }
          ]
        }
      ]
    }
  ],
  "references": [
    {
      "type": "ADVISORY",
      "url": "https://nvd.nist.gov/vuln/detail/CVE-2024-34103"
    },
    {
      "type": "WEB",
      "url": "https://github.com/magento/magento2/commit/30877fce83b793f71421c47347885cf076e81799"
    },
    {
      "type": "WEB",
      "url": "https://github.com/magento/magento2/commit/a3c6d6e5e95e63031e4df26cfcf76feace7549c2"
    },
    {
      "type": "WEB",
      "url": "https://github.com/magento/magento2/commit/c5c538810b87449886f4669cb8abbe8e5593c83c"
    },
    {
      "type": "WEB",
      "url": "https://github.com/magento/magento2/commit/d10435b11ada4e502dca7539f8fd31d059d3c482"
    },
    {
      "type": "PACKAGE",
      "url": "https://github.com/magento/magento2"
    },
    {
      "type": "WEB",
      "url": "https://helpx.adobe.com/security/products/magento/apsb24-40.html"
    }
  ],
  "database_specific": {
    "cwe_ids": [
      "CWE-287"
    ],
    "severity": "CRITICAL",
    "github_reviewed": true,
    "github_reviewed_at": "2024-08-07T17:43:00Z",
    "nvd_published_at": "2024-06-13T09:15:10Z"
  }
}