{
  "schema_version": "1.4.0",
  "id": "GHSA-jcmh-9fvm-j39w",
  "modified": "2021-09-30T20:13:39Z",
  "published": "2020-09-03T19:42:23Z",
  "aliases": [],
  "summary": "Malicious Package in body-parse-xml",
  "details": "This package contained malicious code. The package uploaded system information such as OS and hostname to a remote server.\n\n\n## Recommendation\n\nRemove the package from your environment. There are no indications of further compromise.",
  "severity": [
    {
      "type": "CVSS_V3",
      "score": "CVSS:3.1/AV:N/AC:L/PR:N/UI:N/S:U/C:H/I:H/A:H"
    }
  ],
  "affected": [
    {
      "package": {
        "ecosystem": "npm",
        "name": "body-parse-xml"
      },
      "ranges": [
        {
          "type": "ECOSYSTEM",
          "events": [
            {
              "introduced": "0.0.0"
            }
          ]
        }
      ]
    }
  ],
  "references": [
    {
      "type": "WEB",
      "url": "https://www.npmjs.com/advisories/1125"
    }
  ],
  "database_specific": {
    "cwe_ids": [
      "CWE-506"
    ],
    "severity": "CRITICAL",
    "github_reviewed": true,
    "github_reviewed_at": "2020-08-31T18:48:08Z",
    "nvd_published_at": null
  }
}