{
  "schema_version": "1.4.0",
  "id": "GHSA-gpq5-7p34-vqx5",
  "modified": "2023-04-20T22:24:46Z",
  "published": "2023-04-20T22:24:46Z",
  "aliases": [
    "CVE-2023-29526"
  ],
  "summary": "XWiki Platform's async and display macro allow displaying and interacting with any document in restricted mode",
  "details": "### Impact\n\nIt's possible to display any page you cannot access through the combination of the async and display macro. \n\nSteps to reproduce:\n\n1. Enable comments for guests by giving guests comment rights\n2. As a guest, create a comment with content ```{{async}}{{display reference=\"Menu.WebHome\" /}}{{/async}}```\n3. Open the comments viewer from the menu (appends ?viewer=comments to the URL)\n\n-> the `Menu.WebHome` is displayed while the expectation would be to have an error that the current user is not allowed to see it\n\n### Patches\n\nThe vulnerability has been patched in XWiki 15.0-rc-1, 14.10.3, 14.4.8, and 13.10.11.\n\n### Workarounds\n\nThere is no known workaround.\n\n### References\n\nhttps://jira.xwiki.org/browse/XWIKI-20394\nhttps://jira.xwiki.org/browse/XRENDERING-694\n\n### For more information\n\nIf you have any questions or comments about this advisory:\n* Open an issue in [Jira XWiki.org](https://jira.xwiki.org/)\n* Email us at [Security Mailing List](mailto:security@xwiki.org)",
  "severity": [
    {
      "type": "CVSS_V3",
      "score": "CVSS:3.1/AV:N/AC:L/PR:L/UI:N/S:C/C:H/I:H/A:H"
    }
  ],
  "affected": [
    {
      "package": {
        "ecosystem": "Maven",
        "name": "org.xwiki.platform:xwiki-platform-oldcore"
      },
      "ranges": [
        {
          "type": "ECOSYSTEM",
          "events": [
            {
              "introduced": "10.11.1"
            },
            {
              "fixed": "13.10.11"
            }
          ]
        }
      ]
    },
    {
      "package": {
        "ecosystem": "Maven",
        "name": "org.xwiki.platform:xwiki-platform-oldcore"
      },
      "ranges": [
        {
          "type": "ECOSYSTEM",
          "events": [
            {
              "introduced": "14.0-rc-1"
            },
            {
              "fixed": "14.4.8"
            }
          ]
        }
      ]
    },
    {
      "package": {
        "ecosystem": "Maven",
        "name": "org.xwiki.platform:xwiki-platform-oldcore"
      },
      "ranges": [
        {
          "type": "ECOSYSTEM",
          "events": [
            {
              "introduced": "14.5"
            },
            {
              "fixed": "14.10.3"
            }
          ]
        }
      ]
    },
    {
      "package": {
        "ecosystem": "Maven",
        "name": "org.xwiki.platform:xwiki-platform-rendering-async-macro"
      },
      "ranges": [
        {
          "type": "ECOSYSTEM",
          "events": [
            {
              "introduced": "10.11.1"
            },
            {
              "fixed": "13.10.11"
            }
          ]
        }
      ]
    },
    {
      "package": {
        "ecosystem": "Maven",
        "name": "org.xwiki.platform:xwiki-platform-rendering-async-macro"
      },
      "ranges": [
        {
          "type": "ECOSYSTEM",
          "events": [
            {
              "introduced": "14.0-rc-1"
            },
            {
              "fixed": "14.4.8"
            }
          ]
        }
      ]
    },
    {
      "package": {
        "ecosystem": "Maven",
        "name": "org.xwiki.platform:xwiki-platform-rendering-async-macro"
      },
      "ranges": [
        {
          "type": "ECOSYSTEM",
          "events": [
            {
              "introduced": "14.5"
            },
            {
              "fixed": "14.10.3"
            }
          ]
        }
      ]
    }
  ],
  "references": [
    {
      "type": "WEB",
      "url": "https://github.com/xwiki/xwiki-platform/security/advisories/GHSA-gpq5-7p34-vqx5"
    },
    {
      "type": "ADVISORY",
      "url": "https://nvd.nist.gov/vuln/detail/CVE-2023-29526"
    },
    {
      "type": "PACKAGE",
      "url": "https://github.com/xwiki/xwiki-platform"
    },
    {
      "type": "WEB",
      "url": "https://jira.xwiki.org/browse/XRENDERING-694"
    },
    {
      "type": "WEB",
      "url": "https://jira.xwiki.org/browse/XWIKI-20394"
    }
  ],
  "database_specific": {
    "cwe_ids": [
      "CWE-284",
      "CWE-74"
    ],
    "severity": "CRITICAL",
    "github_reviewed": true,
    "github_reviewed_at": "2023-04-20T22:24:46Z",
    "nvd_published_at": "2023-04-19T00:15:09Z"
  }
}