{
  "schema_version": "1.4.0",
  "id": "GHSA-qm95-pgcg-qqfq",
  "modified": "2022-11-14T20:01:32Z",
  "published": "2022-10-26T12:00:28Z",
  "aliases": [
    "CVE-2022-2421"
  ],
  "summary": "Insufficient validation when decoding a Socket.IO packet",
  "details": "Due to improper type validation in the `socket.io-parser` library (which is used by the `socket.io` and `socket.io-client` packages to encode and decode Socket.IO packets), it is possible to overwrite the _placeholder object which allows an attacker to place references to functions at arbitrary places in the resulting query object.\n\nExample:\n\n```js\nconst decoder = new Decoder();\n\ndecoder.on(\"decoded\", (packet) => {\n console.log(packet.data); // prints [ 'hello', [Function: splice] ]\n})\n\ndecoder.add('51-[\"hello\",{\"_placeholder\":true,\"num\":\"splice\"}]');\ndecoder.add(Buffer.from(\"world\"));\n```\n\nThis bubbles up in the `socket.io` package:\n\n```js\nio.on(\"connection\", (socket) => {\n socket.on(\"hello\", (val) => {\n // here, \"val\" could be a function instead of a buffer\n });\n});\n```\n\n:warning: IMPORTANT NOTE :warning:\n\nYou need to make sure that the payload that you received from the client is actually a `Buffer` object:\n\n```js\nio.on(\"connection\", (socket) => {\n socket.on(\"hello\", (val) => {\n if (!Buffer.isBuffer(val)) {\n socket.disconnect();\n return;\n }\n // ...\n });\n});\n```\n\n**If that's already the case, then you are not impacted by this issue, and there is no way an attacker could make your server crash (or escalate privileges, ...).**\n\nExample of values that could be sent by a malicious user:\n\n- a number that is out of bounds\n\nSample packet: `451-[\"hello\",{\"_placeholder\":true,\"num\":10}]`\n\n```js\nio.on(\"connection\", (socket) => {\n socket.on(\"hello\", (val) => {\n // val is `undefined`\n });\n});\n```\n\n- a value that is not a number, like `undefined`\n\nSample packet: `451-[\"hello\",{\"_placeholder\":true,\"num\":undefined}]`\n\n```js\nio.on(\"connection\", (socket) => {\n socket.on(\"hello\", (val) => {\n // val is `undefined`\n });\n});\n```\n\n- a string that is part of the prototype of `Array`, like \"push\"\n\nSample packet: `451-[\"hello\",{\"_placeholder\":true,\"num\":\"push\"}]`\n\n```js\nio.on(\"connection\", (socket) => {\n socket.on(\"hello\", (val) => {\n // val is a reference to the \"push\" function\n });\n});\n```\n\n- a string that is part of the prototype of `Object`, like \"hasOwnProperty\"\n\nSample packet: `451-[\"hello\",{\"_placeholder\":true,\"num\":\"hasOwnProperty\"}]`\n\n```js\nio.on(\"connection\", (socket) => {\n socket.on(\"hello\", (val) => {\n // val is a reference to the \"hasOwnProperty\" function\n });\n});\n```\n\nThis should be fixed by:\n\n- https://github.com/socketio/socket.io-parser/commit/b5d0cb7dc56a0601a09b056beaeeb0e43b160050, included in `socket.io-parser@4.2.1`\n- https://github.com/socketio/socket.io-parser/commit/b559f050ee02bd90bd853b9823f8de7fa94a80d4, included in `socket.io-parser@4.0.5`\n- https://github.com/socketio/socket.io-parser/commit/04d23cecafe1b859fb03e0cbf6ba3b74dff56d14, included in `socket.io-parser@3.4.2`\n- https://github.com/socketio/socket.io-parser/commit/fb21e422fc193b34347395a33e0f625bebc09983, included in `socket.io-parser@3.3.3`\n\n### Dependency analysis for the `socket.io` package\n\n| `socket.io` version | `socket.io-parser` version | Covered? |\n|---------------------|---------------------------------------------------------------------------------------------------------|------------------------|\n| `4.5.2...latest` | `~4.2.0` ([ref](https://github.com/socketio/socket.io/commit/9890b036cf942f6b6ad2afeb6a8361c32cd5d528)) | Yes :heavy_check_mark: |\n| `4.1.3...4.5.1` | `~4.0.4` ([ref](https://github.com/socketio/socket.io/commit/7c44893d7878cd5bba1eff43150c3e664f88fb57)) | Yes :heavy_check_mark: |\n| `3.0.5...4.1.2` | `~4.0.3` ([ref](https://github.com/socketio/socket.io/commit/752dfe3b1e5fecda53dae899b4a39e6fed5a1a17)) | Yes :heavy_check_mark: |\n| `3.0.0...3.0.4` | `~4.0.1` ([ref](https://github.com/socketio/socket.io/commit/1af3267e3f5f7884214cf2ca4d5282d620092fb0)) | Yes :heavy_check_mark: |\n| `2.3.0...2.5.0` | `~3.4.0` ([ref](https://github.com/socketio/socket.io/commit/cf39362014f5ff13a17168b74772c43920d6e4fd)) | Yes :heavy_check_mark: |\n\n\n### Dependency analysis for the `socket.io-client` package\n\n| `socket.io-client` version | `socket.io-parser` version | Covered? |\n|----------------------------|----------------------------------------------------------------------------------------------------------------|------------------------------------|\n| `4.5.0...latest` | `~4.2.0` ([ref](https://github.com/socketio/socket.io-client/commit/b862924b7f1720979e5db2f0154906b305d420e3)) | Yes :heavy_check_mark: |\n| `4.3.0...4.4.1` | `~4.1.1` ([ref](https://github.com/socketio/socket.io-client/commit/91b948b8607166fcc79f028a6428819277214188)) | No, but the impact is very limited |\n| `3.1.0...4.2.0` | `~4.0.4` ([ref](https://github.com/socketio/socket.io-client/commit/5d9b4eb42b1f5778e6f033096694acb331b132c4)) | Yes :heavy_check_mark: |\n| `3.0.5` | `~4.0.3` ([ref](https://github.com/socketio/socket.io-client/commit/cf9fc358365cc15a41260a51dc186c881bf086ca)) | Yes :heavy_check_mark: |\n| `3.0.0...3.0.4` | `~4.0.1` ([ref](https://github.com/socketio/socket.io-client/commit/b7e07ba633ceb9c1dc94cc894c10b9bfca536c7a)) | Yes :heavy_check_mark: |\n| `2.2.0...2.5.0` | `~3.3.0` ([ref](https://github.com/socketio/socket.io-client/commit/06e9a4ca2621176c30c352b2ba8b34fa42b8d0ba)) | Yes :heavy_check_mark: |\n",
  "severity": [
    {
      "type": "CVSS_V3",
      "score": "CVSS:3.1/AV:N/AC:L/PR:N/UI:N/S:U/C:H/I:H/A:H"
    }
  ],
  "affected": [
    {
      "package": {
        "ecosystem": "npm",
        "name": "socket.io-parser"
      },
      "ranges": [
        {
          "type": "ECOSYSTEM",
          "events": [
            {
              "introduced": "4.0.0"
            },
            {
              "fixed": "4.0.5"
            }
          ]
        }
      ]
    },
    {
      "package": {
        "ecosystem": "npm",
        "name": "socket.io-parser"
      },
      "ranges": [
        {
          "type": "ECOSYSTEM",
          "events": [
            {
              "introduced": "4.1.0"
            },
            {
              "fixed": "4.2.1"
            }
          ]
        }
      ]
    },
    {
      "package": {
        "ecosystem": "npm",
        "name": "socket.io-parser"
      },
      "ranges": [
        {
          "type": "ECOSYSTEM",
          "events": [
            {
              "introduced": "0"
            },
            {
              "fixed": "3.3.3"
            }
          ]
        }
      ]
    },
    {
      "package": {
        "ecosystem": "npm",
        "name": "socket.io-parser"
      },
      "ranges": [
        {
          "type": "ECOSYSTEM",
          "events": [
            {
              "introduced": "3.4.0"
            },
            {
              "fixed": "3.4.2"
            }
          ]
        }
      ]
    }
  ],
  "references": [
    {
      "type": "ADVISORY",
      "url": "https://nvd.nist.gov/vuln/detail/CVE-2022-2421"
    },
    {
      "type": "WEB",
      "url": "https://github.com/socketio/socket.io-parser/commit/04d23cecafe1b859fb03e0cbf6ba3b74dff56d14"
    },
    {
      "type": "WEB",
      "url": "https://github.com/socketio/socket.io-parser/commit/b559f050ee02bd90bd853b9823f8de7fa94a80d4"
    },
    {
      "type": "WEB",
      "url": "https://github.com/socketio/socket.io-parser/commit/b5d0cb7dc56a0601a09b056beaeeb0e43b160050"
    },
    {
      "type": "WEB",
      "url": "https://github.com/socketio/socket.io-parser/commit/fb21e422fc193b34347395a33e0f625bebc09983"
    },
    {
      "type": "WEB",
      "url": "https://csirt.divd.nl/CVE-2022-2421"
    },
    {
      "type": "WEB",
      "url": "https://csirt.divd.nl/DIVD-2022-00045"
    },
    {
      "type": "WEB",
      "url": "https://csirt.divd.nl/cases/DIVD-2022-00045"
    },
    {
      "type": "WEB",
      "url": "https://csirt.divd.nl/cves/CVE-2022-2421"
    },
    {
      "type": "PACKAGE",
      "url": "https://github.com/socketio/socket.io-parser"
    }
  ],
  "database_specific": {
    "cwe_ids": [
      "CWE-1287",
      "CWE-20",
      "CWE-89"
    ],
    "severity": "CRITICAL",
    "github_reviewed": true,
    "github_reviewed_at": "2022-10-28T20:19:04Z",
    "nvd_published_at": "2022-10-26T10:15:00Z"
  }
}