{
  "schema_version": "1.4.0",
  "id": "GHSA-3xq2-w6j4-c99r",
  "modified": "2024-11-18T16:27:12Z",
  "published": "2024-09-16T14:37:28Z",
  "aliases": [
    "CVE-2024-22399"
  ],
  "summary": "Apache Seata Deserialization of Untrusted Data vulnerability",
  "details": "Deserialization of Untrusted Data vulnerability in Apache Seata.\u00a0\n\nWhen developers disable authentication on the Seata-Server and do not use the Seata client SDK dependencies, they may construct uncontrolled serialized malicious requests by directly sending bytecode based on the Seata private protocol.\n\nThis issue affects Apache Seata: 2.0.0, from 1.0.0 through 1.8.0.\n\nUsers are recommended to upgrade to version 2.1.0/1.8.1, which fixes the issue.",
  "severity": [
    {
      "type": "CVSS_V3",
      "score": "CVSS:3.1/AV:N/AC:H/PR:N/UI:N/S:U/C:H/I:H/A:H"
    },
    {
      "type": "CVSS_V4",
      "score": "CVSS:4.0/AV:N/AC:L/AT:P/PR:N/UI:N/VC:H/VI:H/VA:H/SC:N/SI:N/SA:N"
    }
  ],
  "affected": [
    {
      "package": {
        "ecosystem": "Maven",
        "name": "org.apache.seata:seata-core"
      },
      "ranges": [
        {
          "type": "ECOSYSTEM",
          "events": [
            {
              "introduced": "2.0.0"
            },
            {
              "fixed": "2.1.0"
            }
          ]
        }
      ],
      "versions": [
        "2.0.0"
      ]
    },
    {
      "package": {
        "ecosystem": "Maven",
        "name": "org.apache.seata:seata-core"
      },
      "ranges": [
        {
          "type": "ECOSYSTEM",
          "events": [
            {
              "introduced": "1.0.0"
            },
            {
              "fixed": "1.8.1"
            }
          ]
        }
      ]
    }
  ],
  "references": [
    {
      "type": "ADVISORY",
      "url": "https://nvd.nist.gov/vuln/detail/CVE-2024-22399"
    },
    {
      "type": "PACKAGE",
      "url": "https://github.com/apache/incubator-seata"
    },
    {
      "type": "WEB",
      "url": "https://lists.apache.org/thread/91nzzlxyj4nmks85gbzwkkjtbmnmlkc4"
    }
  ],
  "database_specific": {
    "cwe_ids": [
      "CWE-502"
    ],
    "severity": "CRITICAL",
    "github_reviewed": true,
    "github_reviewed_at": "2024-09-16T20:18:41Z",
    "nvd_published_at": "2024-09-16T12:15:02Z"
  }
}