{
  "schema_version": "1.4.0",
  "id": "GHSA-h86x-mv66-gr5q",
  "modified": "2021-07-26T19:28:18Z",
  "published": "2021-07-26T21:21:43Z",
  "aliases": [
    "CVE-2020-13619"
  ],
  "summary": "OS Command Injection in Locutus",
  "details": "php/exec/escapeshellarg in Locutus PHP through 2.0.11 allows an attacker to achieve code execution.",
  "severity": [
    {
      "type": "CVSS_V3",
      "score": "CVSS:3.1/AV:N/AC:L/PR:N/UI:N/S:U/C:H/I:H/A:H"
    }
  ],
  "affected": [
    {
      "package": {
        "ecosystem": "npm",
        "name": "locutus"
      },
      "ranges": [
        {
          "type": "ECOSYSTEM",
          "events": [
            {
              "introduced": "0"
            },
            {
              "last_affected": "2.0.11"
            }
          ]
        }
      ]
    }
  ],
  "references": [
    {
      "type": "ADVISORY",
      "url": "https://nvd.nist.gov/vuln/detail/CVE-2020-13619"
    },
    {
      "type": "WEB",
      "url": "https://locutus.io/php"
    },
    {
      "type": "WEB",
      "url": "https://web.archive.org/web/20230521185837/https://reallinkers.github.io/CVE-2020-13619"
    },
    {
      "type": "WEB",
      "url": "https://www.npmjs.com/package/locutus"
    }
  ],
  "database_specific": {
    "cwe_ids": [
      "CWE-78"
    ],
    "severity": "CRITICAL",
    "github_reviewed": true,
    "github_reviewed_at": "2021-07-26T19:28:18Z",
    "nvd_published_at": "2020-07-01T17:15:00Z"
  }
}