{
  "schema_version": "1.4.0",
  "id": "GHSA-vhrp-8qx4-vr6c",
  "modified": "2023-08-08T19:59:04Z",
  "published": "2021-11-19T20:18:20Z",
  "aliases": [
    "CVE-2021-43996"
  ],
  "summary": "Incorrect Access Control in Ignition",
  "details": "The Ignition component before 1.16.15, and 2.0.x before 2.0.6, for Laravel has a \"fix variable names\" feature that can lead to incorrect access control.",
  "severity": [
    {
      "type": "CVSS_V3",
      "score": "CVSS:3.1/AV:N/AC:L/PR:N/UI:N/S:U/C:H/I:H/A:H"
    }
  ],
  "affected": [
    {
      "package": {
        "ecosystem": "Packagist",
        "name": "facade/ignition"
      },
      "ranges": [
        {
          "type": "ECOSYSTEM",
          "events": [
            {
              "introduced": "0"
            },
            {
              "fixed": "1.16.15"
            }
          ]
        }
      ]
    },
    {
      "package": {
        "ecosystem": "Packagist",
        "name": "facade/ignition"
      },
      "ranges": [
        {
          "type": "ECOSYSTEM",
          "events": [
            {
              "introduced": "2.0.0"
            },
            {
              "fixed": "2.0.6"
            }
          ]
        }
      ]
    }
  ],
  "references": [
    {
      "type": "ADVISORY",
      "url": "https://nvd.nist.gov/vuln/detail/CVE-2021-43996"
    },
    {
      "type": "WEB",
      "url": "https://github.com/facade/ignition/pull/285"
    },
    {
      "type": "PACKAGE",
      "url": "https://github.com/facade/ignition"
    },
    {
      "type": "WEB",
      "url": "https://github.com/facade/ignition/compare/1.16.14...1.16.15"
    },
    {
      "type": "WEB",
      "url": "https://github.com/facade/ignition/compare/2.0.5...2.0.6"
    }
  ],
  "database_specific": {
    "cwe_ids": [
      "CWE-284"
    ],
    "severity": "CRITICAL",
    "github_reviewed": true,
    "github_reviewed_at": "2021-11-18T21:07:26Z",
    "nvd_published_at": "2021-11-17T20:15:00Z"
  }
}