{
  "schema_version": "1.4.0",
  "id": "GHSA-3vjh-xrhf-v9xh",
  "modified": "2024-11-18T21:23:28Z",
  "published": "2024-11-15T12:31:44Z",
  "aliases": [
    "CVE-2021-3902"
  ],
  "summary": "Improper Restriction of XML External Entity Reference in dompdf/dompdf",
  "details": "An improper restriction of external entities (XXE) vulnerability in dompdf/dompdf's SVG parser allows for Server-Side Request Forgery (SSRF) and deserialization attacks. This issue affects all versions prior to 2.0.0. The vulnerability can be exploited even if the isRemoteEnabled option is set to false. It allows attackers to perform SSRF, disclose internal image files, and cause PHAR deserialization attacks.",
  "severity": [
    {
      "type": "CVSS_V3",
      "score": "CVSS:3.1/AV:N/AC:L/PR:N/UI:N/S:U/C:H/I:H/A:H"
    }
  ],
  "affected": [
    {
      "package": {
        "ecosystem": "Packagist",
        "name": "dompdf/dompdf"
      },
      "ranges": [
        {
          "type": "ECOSYSTEM",
          "events": [
            {
              "introduced": "0"
            },
            {
              "fixed": "2.0.0"
            }
          ]
        }
      ]
    }
  ],
  "references": [
    {
      "type": "ADVISORY",
      "url": "https://nvd.nist.gov/vuln/detail/CVE-2021-3902"
    },
    {
      "type": "WEB",
      "url": "https://github.com/dompdf/dompdf/commit/f56bc8e40be6c0ae0825e6c7396f4db80620b799"
    },
    {
      "type": "PACKAGE",
      "url": "https://github.com/dompdf/dompdf"
    },
    {
      "type": "WEB",
      "url": "https://huntr.com/bounties/a6071c07-806f-429a-8656-a4742e4191b1"
    }
  ],
  "database_specific": {
    "cwe_ids": [
      "CWE-611"
    ],
    "severity": "CRITICAL",
    "github_reviewed": true,
    "github_reviewed_at": "2024-11-15T20:49:33Z",
    "nvd_published_at": "2024-11-15T11:15:06Z"
  }
}