{
  "schema_version": "1.4.0",
  "id": "GHSA-2chv-87wj-pjv2",
  "modified": "2022-11-22T18:45:23Z",
  "published": "2022-05-24T16:54:46Z",
  "aliases": [
    "CVE-2019-15563"
  ],
  "summary": "OHDSI WebAPI vulnerable to SQL Injection",
  "details": "Observational Health Data Sciences and Informatics (OHDSI) WebAPI before 2.7.2 allows SQL injection in `FeatureExtractionService.java`.",
  "severity": [
    {
      "type": "CVSS_V3",
      "score": "CVSS:3.0/AV:N/AC:L/PR:N/UI:N/S:U/C:H/I:H/A:H"
    }
  ],
  "affected": [
    {
      "package": {
        "ecosystem": "Maven",
        "name": "org.ohdsi:WebAPI"
      },
      "ranges": [
        {
          "type": "ECOSYSTEM",
          "events": [
            {
              "introduced": "0"
            },
            {
              "fixed": "2.7.2"
            }
          ]
        }
      ]
    }
  ],
  "references": [
    {
      "type": "ADVISORY",
      "url": "https://nvd.nist.gov/vuln/detail/CVE-2019-15563"
    },
    {
      "type": "WEB",
      "url": "https://github.com/OHDSI/WebAPI/pull/1101"
    },
    {
      "type": "WEB",
      "url": "https://github.com/OHDSI/WebAPI/commit/d7b12b2f5234e425e5bc76545e75de0d6eb3f8fd"
    },
    {
      "type": "PACKAGE",
      "url": "https://github.com/OHDSI/WebAPI"
    },
    {
      "type": "WEB",
      "url": "https://github.com/OHDSI/WebAPI/milestone/28?closed=1"
    },
    {
      "type": "WEB",
      "url": "https://github.com/OHDSI/WebAPI/releases/tag/v2.7.2"
    }
  ],
  "database_specific": {
    "cwe_ids": [
      "CWE-89"
    ],
    "severity": "CRITICAL",
    "github_reviewed": true,
    "github_reviewed_at": "2022-11-22T18:45:23Z",
    "nvd_published_at": "2019-08-26T15:15:00Z"
  }
}