{
  "schema_version": "1.4.0",
  "id": "GHSA-mrhh-3ggq-23p2",
  "modified": "2025-03-20T18:53:09Z",
  "published": "2025-03-20T12:32:38Z",
  "aliases": [
    "CVE-2024-10190"
  ],
  "summary": "Horovod Vulnerable to Command Injection",
  "details": "Horovod versions up to and including v0.28.1 are vulnerable to unauthenticated remote code execution. The vulnerability is due to improper handling of base64-encoded data in the `ElasticRendezvousHandler`, a subclass of `KVStoreHandler`. Specifically, the `_put_value` method in `ElasticRendezvousHandler` calls `codec.loads_base64(value)`, which eventually invokes `cloudpickle.loads(decoded)`. This allows an attacker to send a malicious pickle object via a PUT request, leading to arbitrary code execution on the server.",
  "severity": [
    {
      "type": "CVSS_V3",
      "score": "CVSS:3.0/AV:N/AC:L/PR:N/UI:N/S:U/C:H/I:H/A:H"
    }
  ],
  "affected": [
    {
      "package": {
        "ecosystem": "PyPI",
        "name": "horovod"
      },
      "ranges": [
        {
          "type": "ECOSYSTEM",
          "events": [
            {
              "introduced": "0"
            },
            {
              "last_affected": "0.28.1"
            }
          ]
        }
      ]
    }
  ],
  "references": [
    {
      "type": "ADVISORY",
      "url": "https://nvd.nist.gov/vuln/detail/CVE-2024-10190"
    },
    {
      "type": "PACKAGE",
      "url": "https://github.com/horovod/horovod"
    },
    {
      "type": "WEB",
      "url": "https://huntr.com/bounties/3e398d1f-70c2-4e05-ae22-f5d66b19a754"
    }
  ],
  "database_specific": {
    "cwe_ids": [
      "CWE-77"
    ],
    "severity": "CRITICAL",
    "github_reviewed": true,
    "github_reviewed_at": "2025-03-20T18:53:09Z",
    "nvd_published_at": "2025-03-20T10:15:15Z"
  }
}