{
  "schema_version": "1.4.0",
  "id": "GHSA-rfh6-mg6h-h668",
  "modified": "2023-04-26T22:15:50Z",
  "published": "2023-04-12T20:36:56Z",
  "aliases": [
    "CVE-2023-29511"
  ],
  "summary": "xwiki-platform-administration-ui vulnerable to privilege escalation",
  "details": "### Impact\nAny user with edit rights on a page (e.g., it's own user page), can execute arbitrary Groovy, Python or Velocity code in XWiki leading to full access to the XWiki installation. The root cause is improper escaping of the section ids in `XWiki.AdminFieldsDisplaySheet`. This page is installed by default.\n\nReproduction steps are described in https://jira.xwiki.org/browse/XWIKI-20261\n\n### Patches\nThe vulnerability has been patched in XWiki  15.0-rc-1, 14.10.1, 14.4.8, and 13.10.11.\n\n### Workarounds\nThe issue can be fixed by applying this [patch](https://github.com/xwiki/xwiki-platform/commit/f1e310826a19acdcdecdecdcfe171d21f24d6ede) on `XWiki.AdminFieldsDisplaySheet`.\n\n### For more information\nIf you have any questions or comments about this advisory:\n\n*    Open an issue in [Jira XWiki.org](https://jira.xwiki.org/)\n*    Email us at [Security Mailing List](mailto:security@xwiki.org)\n",
  "severity": [
    {
      "type": "CVSS_V3",
      "score": "CVSS:3.1/AV:N/AC:L/PR:L/UI:N/S:C/C:H/I:H/A:L"
    }
  ],
  "affected": [
    {
      "package": {
        "ecosystem": "Maven",
        "name": "org.xwiki.platform:xwiki-platform-administration-ui"
      },
      "ranges": [
        {
          "type": "ECOSYSTEM",
          "events": [
            {
              "introduced": "1.5M2"
            },
            {
              "fixed": "13.10.11"
            }
          ]
        }
      ]
    },
    {
      "package": {
        "ecosystem": "Maven",
        "name": "org.xwiki.platform:xwiki-platform-administration-ui"
      },
      "ranges": [
        {
          "type": "ECOSYSTEM",
          "events": [
            {
              "introduced": "14.0-rc-1"
            },
            {
              "fixed": "14.4.8"
            }
          ]
        }
      ]
    },
    {
      "package": {
        "ecosystem": "Maven",
        "name": "org.xwiki.platform:xwiki-platform-administration-ui"
      },
      "ranges": [
        {
          "type": "ECOSYSTEM",
          "events": [
            {
              "introduced": "14.5"
            },
            {
              "fixed": "14.10.1"
            }
          ]
        }
      ]
    }
  ],
  "references": [
    {
      "type": "WEB",
      "url": "https://github.com/xwiki/xwiki-platform/security/advisories/GHSA-rfh6-mg6h-h668"
    },
    {
      "type": "ADVISORY",
      "url": "https://nvd.nist.gov/vuln/detail/CVE-2023-29511"
    },
    {
      "type": "WEB",
      "url": "https://github.com/xwiki/xwiki-platform/commit/f1e310826a19acdcdecdecdcfe171d21f24d6ede"
    },
    {
      "type": "PACKAGE",
      "url": "https://github.com/xwiki/xwiki-platform"
    },
    {
      "type": "WEB",
      "url": "https://jira.xwiki.org/browse/XWIKI-20261"
    }
  ],
  "database_specific": {
    "cwe_ids": [
      "CWE-95"
    ],
    "severity": "CRITICAL",
    "github_reviewed": true,
    "github_reviewed_at": "2023-04-12T20:36:56Z",
    "nvd_published_at": "2023-04-16T08:15:00Z"
  }
}