{
  "schema_version": "1.4.0",
  "id": "GHSA-rh3m-pr36-xh2f",
  "modified": "2023-01-12T23:43:29Z",
  "published": "2023-01-07T21:30:38Z",
  "aliases": [
    "CVE-2015-10029"
  ],
  "summary": "kelvinmo simplexrd vulnerable to Improper Restriction of XML External Entity Reference",
  "details": "A vulnerability classified as problematic was found in kelvinmo simplexrd up to 3.1.0. This vulnerability affects unknown code of the file `simplexrd/simplexrd.class.php`. The manipulation leads to xml external entity reference. Upgrading to version 3.1.1 is able to address this issue. The name of the patch is 4c9f2e028523ed705b555eca2c18c64e71f1a35d. It is recommended to upgrade the affected component. VDB-217630 is the identifier assigned to this vulnerability.",
  "severity": [
    {
      "type": "CVSS_V3",
      "score": "CVSS:3.1/AV:N/AC:L/PR:N/UI:N/S:U/C:H/I:H/A:H"
    }
  ],
  "affected": [
    {
      "package": {
        "ecosystem": "Packagist",
        "name": "kelvinmo/simplexrd"
      },
      "ranges": [
        {
          "type": "ECOSYSTEM",
          "events": [
            {
              "introduced": "0"
            },
            {
              "fixed": "3.1.1"
            }
          ]
        }
      ]
    }
  ],
  "references": [
    {
      "type": "ADVISORY",
      "url": "https://nvd.nist.gov/vuln/detail/CVE-2015-10029"
    },
    {
      "type": "WEB",
      "url": "https://github.com/kelvinmo/simplexrd/commit/4c9f2e028523ed705b555eca2c18c64e71f1a35d"
    },
    {
      "type": "PACKAGE",
      "url": "https://github.com/kelvinmo/simplexrd"
    },
    {
      "type": "WEB",
      "url": "https://github.com/kelvinmo/simplexrd/releases/tag/v3.1.1"
    },
    {
      "type": "WEB",
      "url": "https://vuldb.com/?ctiid.217630"
    },
    {
      "type": "WEB",
      "url": "https://vuldb.com/?id.217630"
    }
  ],
  "database_specific": {
    "cwe_ids": [
      "CWE-611"
    ],
    "severity": "CRITICAL",
    "github_reviewed": true,
    "github_reviewed_at": "2023-01-12T23:43:29Z",
    "nvd_published_at": "2023-01-07T20:15:00Z"
  }
}