{
  "schema_version": "1.4.0",
  "id": "GHSA-jp4g-r8c9-3534",
  "modified": "2024-04-23T23:41:33Z",
  "published": "2022-05-13T01:31:16Z",
  "aliases": [
    "CVE-2019-3809"
  ],
  "summary": "Moodle Blind SSRF Risk in /badges/mybackpack.php",
  "details": "A flaw was found in Moodle versions 3.1 to 3.1.15 and earlier unsupported versions. The mybackpack functionality allowed setting the URL of badges, when it should be restricted to the Mozilla Open Badges backpack URL. This resulted in the possibility of blind SSRF via requests made by the page.",
  "severity": [
    {
      "type": "CVSS_V3",
      "score": "CVSS:3.0/AV:N/AC:L/PR:N/UI:N/S:C/C:H/I:H/A:H"
    }
  ],
  "affected": [
    {
      "package": {
        "ecosystem": "Packagist",
        "name": "moodle/moodle"
      },
      "ranges": [
        {
          "type": "ECOSYSTEM",
          "events": [
            {
              "introduced": "3.1"
            },
            {
              "fixed": "3.1.16"
            }
          ]
        }
      ]
    }
  ],
  "references": [
    {
      "type": "ADVISORY",
      "url": "https://nvd.nist.gov/vuln/detail/CVE-2019-3809"
    },
    {
      "type": "WEB",
      "url": "https://bugzilla.redhat.com/show_bug.cgi?id=CVE-2019-3809"
    },
    {
      "type": "PACKAGE",
      "url": "https://github.com/moodle/moodle"
    },
    {
      "type": "WEB",
      "url": "https://moodle.org/mod/forum/discuss.php?d=381229#p1536766"
    },
    {
      "type": "WEB",
      "url": "http://git.moodle.org/gw?p=moodle.git&a=search&h=HEAD&st=commit&s=MDL-64222"
    }
  ],
  "database_specific": {
    "cwe_ids": [
      "CWE-918"
    ],
    "severity": "CRITICAL",
    "github_reviewed": true,
    "github_reviewed_at": "2024-04-23T23:41:33Z",
    "nvd_published_at": "2019-03-25T18:29:00Z"
  }
}