{
  "schema_version": "1.4.0",
  "id": "GHSA-x87g-rgrh-r6g3",
  "modified": "2021-09-30T17:16:09Z",
  "published": "2020-09-03T17:07:15Z",
  "aliases": [],
  "summary": "Malicious Package in rpc-websocket",
  "details": "Versions of `rpc-websocket` >= 0.7.6 contained malicious code. The package opens a backdoor to a remote server and executes arbitrary commands, effectively acting as a backdoor.\n\n\n## Recommendation\n\nAny computer that has these versions of the package installed or running should be considered fully compromised. All secrets and keys stored on that computer should be rotated immediately from a different computer.\n\nThe package should be removed, but as full control of the computer may have been given to an outside entity, there is no guarantee that removing the package will remove all malicious software resulting from installing it.",
  "severity": [
    {
      "type": "CVSS_V3",
      "score": "CVSS:3.1/AV:N/AC:L/PR:N/UI:N/S:U/C:H/I:H/A:H"
    }
  ],
  "affected": [
    {
      "package": {
        "ecosystem": "npm",
        "name": "rpc-websocket"
      },
      "ranges": [
        {
          "type": "ECOSYSTEM",
          "events": [
            {
              "introduced": "0.7.7"
            }
          ]
        }
      ]
    }
  ],
  "references": [
    {
      "type": "WEB",
      "url": "https://www.npmjs.com/advisories/1022"
    }
  ],
  "database_specific": {
    "cwe_ids": [
      "CWE-506"
    ],
    "severity": "CRITICAL",
    "github_reviewed": true,
    "github_reviewed_at": "2020-08-31T18:44:29Z",
    "nvd_published_at": null
  }
}