{
  "schema_version": "1.4.0",
  "id": "GHSA-h3hw-g4hm-7gr4",
  "modified": "2021-04-06T19:46:49Z",
  "published": "2022-02-09T22:18:13Z",
  "aliases": [
    "CVE-2020-23262"
  ],
  "summary": "SQL injection without credentials in ming-soft MCMS",
  "details": "An issue was discovered in ming-soft MCMS v5.0, where a malicious user can exploit SQL injection without logging in through /mcms/view.do.",
  "severity": [
    {
      "type": "CVSS_V3",
      "score": "CVSS:3.1/AV:N/AC:L/PR:N/UI:N/S:U/C:H/I:H/A:H"
    }
  ],
  "affected": [
    {
      "package": {
        "ecosystem": "Maven",
        "name": "net.mingsoft:ms-mcms"
      },
      "ranges": [
        {
          "type": "ECOSYSTEM",
          "events": [
            {
              "introduced": "0"
            },
            {
              "fixed": "5.1"
            }
          ]
        }
      ]
    }
  ],
  "references": [
    {
      "type": "ADVISORY",
      "url": "https://nvd.nist.gov/vuln/detail/CVE-2020-23262"
    },
    {
      "type": "WEB",
      "url": "https://github.com/ming-soft/MCMS/issues/45"
    }
  ],
  "database_specific": {
    "cwe_ids": [
      "CWE-89"
    ],
    "severity": "CRITICAL",
    "github_reviewed": true,
    "github_reviewed_at": "2021-04-06T19:46:49Z",
    "nvd_published_at": "2021-01-26T18:15:00Z"
  }
}