{
  "schema_version": "1.4.0",
  "id": "GHSA-84cm-x2q5-8225",
  "modified": "2023-09-27T12:57:00Z",
  "published": "2018-10-15T22:03:48Z",
  "aliases": [
    "CVE-2018-15494"
  ],
  "summary": "dojox vulnerable to unescaped string injection",
  "details": "In Dojo Toolkit before 1.14.0, there is unescaped string injection in dojox/Grid/DataGrid.",
  "severity": [
    {
      "type": "CVSS_V3",
      "score": "CVSS:3.0/AV:N/AC:L/PR:N/UI:N/S:U/C:H/I:H/A:H"
    }
  ],
  "affected": [
    {
      "package": {
        "ecosystem": "npm",
        "name": "dojox"
      },
      "ranges": [
        {
          "type": "ECOSYSTEM",
          "events": [
            {
              "introduced": "0"
            },
            {
              "fixed": "1.14.0"
            }
          ]
        }
      ]
    }
  ],
  "references": [
    {
      "type": "ADVISORY",
      "url": "https://nvd.nist.gov/vuln/detail/CVE-2018-15494"
    },
    {
      "type": "WEB",
      "url": "https://github.com/dojo/dojox/pull/283"
    },
    {
      "type": "WEB",
      "url": "https://dojotoolkit.org/blog/dojo-1-14-released"
    },
    {
      "type": "ADVISORY",
      "url": "https://github.com/advisories/GHSA-84cm-x2q5-8225"
    },
    {
      "type": "PACKAGE",
      "url": "https://github.com/dojo/dojox"
    },
    {
      "type": "WEB",
      "url": "https://lists.debian.org/debian-lts-announce/2018/09/msg00002.html"
    }
  ],
  "database_specific": {
    "cwe_ids": [
      "CWE-116"
    ],
    "severity": "CRITICAL",
    "github_reviewed": true,
    "github_reviewed_at": "2020-06-16T21:24:12Z",
    "nvd_published_at": null
  }
}