{
  "schema_version": "1.4.0",
  "id": "GHSA-8rq8-f485-7v8x",
  "modified": "2024-04-22T21:11:25Z",
  "published": "2022-07-09T00:00:19Z",
  "aliases": [
    "CVE-2022-35411"
  ],
  "summary": "rpc.py vulnerable to Deserialization of Untrusted Data",
  "details": "rpc.py through 0.6.0 allows Remote Code Execution because an unpickle occurs when the \"serializer: pickle\" HTTP header is sent. In other words, although JSON (not Pickle) is the default data format, an unauthenticated client can cause the data to be processed with unpickle.\n\n[Per the maintainer](https://github.com/abersheeran/rpc.py/issues/22), rpc.py is not designed for an API that is open to the outside world, and external requests cannot reach rpc.py in real world use.\n\nA [fix](https://github.com/abersheeran/rpc.py/commit/491e7a841ed9a754796d6ab047a9fb16e23bf8bd) exists on the `master` branch. As a workaround, use the following code to turn off pickle in older versions:\n```\ndel SERIALIZER_NAMES[PickleSerializer.name]\ndel SERIALIZER_TYPES[PickleSerializer.content_type]",
  "severity": [
    {
      "type": "CVSS_V3",
      "score": "CVSS:3.1/AV:N/AC:L/PR:N/UI:N/S:U/C:H/I:H/A:H"
    }
  ],
  "affected": [
    {
      "package": {
        "ecosystem": "PyPI",
        "name": "rpc.py"
      },
      "ranges": [
        {
          "type": "ECOSYSTEM",
          "events": [
            {
              "introduced": "0.4.2"
            },
            {
              "last_affected": "0.6.0"
            }
          ]
        }
      ]
    }
  ],
  "references": [
    {
      "type": "ADVISORY",
      "url": "https://nvd.nist.gov/vuln/detail/CVE-2022-35411"
    },
    {
      "type": "WEB",
      "url": "https://github.com/abersheeran/rpc.py/issues/22"
    },
    {
      "type": "WEB",
      "url": "https://github.com/abersheeran/rpc.py/commit/491e7a841ed9a754796d6ab047a9fb16e23bf8bd"
    },
    {
      "type": "PACKAGE",
      "url": "https://github.com/abersheeran/rpc.py"
    },
    {
      "type": "WEB",
      "url": "https://github.com/ehtec/rpcpy-exploit"
    },
    {
      "type": "WEB",
      "url": "https://medium.com/%40elias.hohl/remote-code-execution-0-day-in-rpc-py-709c76690c30"
    },
    {
      "type": "WEB",
      "url": "https://medium.com/@elias.hohl/remote-code-execution-0-day-in-rpc-py-709c76690c30"
    },
    {
      "type": "WEB",
      "url": "http://packetstormsecurity.com/files/167872/rpc.py-0.6.0-Remote-Code-Execution.html"
    }
  ],
  "database_specific": {
    "cwe_ids": [
      "CWE-502",
      "CWE-522"
    ],
    "severity": "CRITICAL",
    "github_reviewed": true,
    "github_reviewed_at": "2022-07-12T17:55:02Z",
    "nvd_published_at": "2022-07-08T19:15:00Z"
  }
}