{
  "schema_version": "1.4.0",
  "id": "GHSA-57wj-22w9-wm9r",
  "modified": "2024-04-24T20:44:36Z",
  "published": "2022-05-14T03:15:06Z",
  "aliases": [
    "CVE-2018-10094"
  ],
  "summary": "Dolibarr SQL injection vulnerability",
  "details": "SQL injection vulnerability in Dolibarr before 7.0.2 allows remote attackers to execute arbitrary SQL commands via vectors involving integer parameters without quotes.",
  "severity": [
    {
      "type": "CVSS_V3",
      "score": "CVSS:3.0/AV:N/AC:L/PR:N/UI:N/S:U/C:H/I:H/A:H"
    }
  ],
  "affected": [
    {
      "package": {
        "ecosystem": "Packagist",
        "name": "dolibarr/dolibarr"
      },
      "ranges": [
        {
          "type": "ECOSYSTEM",
          "events": [
            {
              "introduced": "0"
            },
            {
              "fixed": "7.0.2"
            }
          ]
        }
      ]
    }
  ],
  "references": [
    {
      "type": "ADVISORY",
      "url": "https://nvd.nist.gov/vuln/detail/CVE-2018-10094"
    },
    {
      "type": "WEB",
      "url": "https://github.com/Dolibarr/dolibarr/commit/7ade4e37f24d6859987bb9f6232f604325633fdd"
    },
    {
      "type": "PACKAGE",
      "url": "https://github.com/Dolibarr/dolibarr"
    },
    {
      "type": "WEB",
      "url": "https://github.com/Dolibarr/dolibarr/blob/7.0.2/ChangeLog"
    },
    {
      "type": "WEB",
      "url": "https://sysdream.com/news/lab/2018-05-21-cve-2018-10094-dolibarr-sql-injection-vulnerability"
    },
    {
      "type": "WEB",
      "url": "https://www.exploit-db.com/exploits/44805"
    },
    {
      "type": "WEB",
      "url": "http://www.openwall.com/lists/oss-security/2018/05/21/1"
    }
  ],
  "database_specific": {
    "cwe_ids": [
      "CWE-89"
    ],
    "severity": "CRITICAL",
    "github_reviewed": true,
    "github_reviewed_at": "2024-04-24T20:44:36Z",
    "nvd_published_at": "2018-05-22T20:29:00Z"
  }
}