{
  "schema_version": "1.4.0",
  "id": "GHSA-gj76-429m-56wc",
  "modified": "2021-08-19T16:54:03Z",
  "published": "2020-02-04T22:38:22Z",
  "aliases": [
    "CVE-2019-17556"
  ],
  "summary": "Deserialization of Untrusted Data in Apache Olingo",
  "details": "Apache Olingo versions 4.0.0 to 4.6.0 provide the AbstractService class, which is public API, uses ObjectInputStream and doesn't check classes being deserialized. If an attacker can feed malicious metadata to the class, then it may result in running attacker's code in the worse case.",
  "severity": [
    {
      "type": "CVSS_V3",
      "score": "CVSS:3.1/AV:N/AC:L/PR:N/UI:N/S:U/C:H/I:H/A:H"
    }
  ],
  "affected": [
    {
      "package": {
        "ecosystem": "Maven",
        "name": "org.apache.olingo:odata-client-proxy"
      },
      "ranges": [
        {
          "type": "ECOSYSTEM",
          "events": [
            {
              "introduced": "4.0.0"
            },
            {
              "fixed": "4.7.0"
            }
          ]
        }
      ],
      "database_specific": {
        "last_known_affected_version_range": "<= 4.6.0"
      }
    }
  ],
  "references": [
    {
      "type": "ADVISORY",
      "url": "https://nvd.nist.gov/vuln/detail/CVE-2019-17556"
    },
    {
      "type": "WEB",
      "url": "https://github.com/apache/olingo-odata4/pull/60/files"
    },
    {
      "type": "WEB",
      "url": "https://issues.apache.org/jira/browse/OLINGO-1410"
    },
    {
      "type": "WEB",
      "url": "https://mail-archives.apache.org/mod_mbox/olingo-user/201912.mbox/%3CCAGSZ4d4vbSYaVh3aUWAvcVHK2qcFxxCZd3WAx3xbwZXskPX8nw%40mail.gmail.com%3E"
    }
  ],
  "database_specific": {
    "cwe_ids": [
      "CWE-502"
    ],
    "severity": "CRITICAL",
    "github_reviewed": true,
    "github_reviewed_at": "2020-02-04T22:35:09Z",
    "nvd_published_at": null
  }
}