{
  "schema_version": "1.4.0",
  "id": "GHSA-8ffc-79xg-29w8",
  "modified": "2022-08-11T19:20:55Z",
  "published": "2022-02-12T00:00:48Z",
  "aliases": [
    "CVE-2021-44521"
  ],
  "summary": "Apache Cassandra vulnerable to Code Injection due to unsafe configuration",
  "details": "When running Apache Cassandra with the following configuration: enable_user_defined_functions: true enable_scripted_user_defined_functions: true enable_user_defined_functions_threads: false it is possible for an attacker to execute arbitrary code on the host. The attacker would need to have enough permissions to create user defined functions in the cluster to be able to exploit this. Note that this configuration is documented as unsafe, and will continue to be considered unsafe after this CVE.",
  "severity": [
    {
      "type": "CVSS_V3",
      "score": "CVSS:3.1/AV:N/AC:L/PR:H/UI:N/S:C/C:H/I:H/A:H"
    }
  ],
  "affected": [
    {
      "package": {
        "ecosystem": "Maven",
        "name": "org.apache.cassandra:cassandra-all"
      },
      "ranges": [
        {
          "type": "ECOSYSTEM",
          "events": [
            {
              "introduced": "0"
            },
            {
              "fixed": "3.0.26"
            }
          ]
        }
      ]
    },
    {
      "package": {
        "ecosystem": "Maven",
        "name": "org.apache.cassandra:cassandra-all"
      },
      "ranges": [
        {
          "type": "ECOSYSTEM",
          "events": [
            {
              "introduced": "3.11.0"
            },
            {
              "fixed": "3.11.12"
            }
          ]
        }
      ]
    },
    {
      "package": {
        "ecosystem": "Maven",
        "name": "org.apache.cassandra:cassandra-all"
      },
      "ranges": [
        {
          "type": "ECOSYSTEM",
          "events": [
            {
              "introduced": "4.0.0"
            },
            {
              "fixed": "4.0.2"
            }
          ]
        }
      ]
    }
  ],
  "references": [
    {
      "type": "ADVISORY",
      "url": "https://nvd.nist.gov/vuln/detail/CVE-2021-44521"
    },
    {
      "type": "PACKAGE",
      "url": "https://github.com/apache/cassandra"
    },
    {
      "type": "WEB",
      "url": "https://issues.apache.org/jira/browse/CASSANDRA-17352"
    },
    {
      "type": "WEB",
      "url": "https://jfrog.com/blog/cve-2021-44521-exploiting-apache-cassandra-user-defined-functions-for-remote-code-execution"
    },
    {
      "type": "WEB",
      "url": "https://lists.apache.org/thread/y4nb9s4co34j8hdfmrshyl09lokm7356"
    },
    {
      "type": "WEB",
      "url": "https://security.netapp.com/advisory/ntap-20220225-0001"
    },
    {
      "type": "WEB",
      "url": "http://www.openwall.com/lists/oss-security/2022/02/11/4"
    }
  ],
  "database_specific": {
    "cwe_ids": [
      "CWE-732",
      "CWE-94"
    ],
    "severity": "CRITICAL",
    "github_reviewed": true,
    "github_reviewed_at": "2022-02-23T16:10:04Z",
    "nvd_published_at": "2022-02-11T13:15:00Z"
  }
}