{
  "schema_version": "1.4.0",
  "id": "GHSA-8ppf-x4gr-2x7g",
  "modified": "2022-05-25T20:14:09Z",
  "published": "2022-05-17T00:01:46Z",
  "aliases": [
    "CVE-2022-30765"
  ],
  "summary": "SQL injection in calibreweb",
  "details": "Calibre-Web before 0.6.18 allows user table SQL Injection.",
  "severity": [
    {
      "type": "CVSS_V3",
      "score": "CVSS:3.1/AV:N/AC:L/PR:N/UI:N/S:U/C:H/I:H/A:H"
    }
  ],
  "affected": [
    {
      "package": {
        "ecosystem": "PyPI",
        "name": "calibreweb"
      },
      "ranges": [
        {
          "type": "ECOSYSTEM",
          "events": [
            {
              "introduced": "0"
            },
            {
              "fixed": "0.6.18"
            }
          ]
        }
      ]
    }
  ],
  "references": [
    {
      "type": "ADVISORY",
      "url": "https://nvd.nist.gov/vuln/detail/CVE-2022-30765"
    },
    {
      "type": "PACKAGE",
      "url": "https://github.com/janeczku/calibre-web"
    },
    {
      "type": "WEB",
      "url": "https://github.com/janeczku/calibre-web/blob/master/SECURITY.md"
    },
    {
      "type": "WEB",
      "url": "https://github.com/janeczku/calibre-web/releases/tag/0.6.18"
    }
  ],
  "database_specific": {
    "cwe_ids": [
      "CWE-89"
    ],
    "severity": "CRITICAL",
    "github_reviewed": true,
    "github_reviewed_at": "2022-05-25T20:14:09Z",
    "nvd_published_at": "2022-05-16T02:15:00Z"
  }
}