{
  "schema_version": "1.4.0",
  "id": "GHSA-vh8f-xw5v-8993",
  "modified": "2021-04-12T19:01:01Z",
  "published": "2021-04-12T19:01:20Z",
  "aliases": [
    "CVE-2020-7786"
  ],
  "summary": "Command Injection in macfromip",
  "details": "All versions of npm package macfromip are affected by a command injection vulnerability. The injection point is located in line 66 in macfromip.js.",
  "severity": [
    {
      "type": "CVSS_V3",
      "score": "CVSS:3.1/AV:N/AC:L/PR:N/UI:N/S:U/C:H/I:H/A:H"
    }
  ],
  "affected": [
    {
      "package": {
        "ecosystem": "npm",
        "name": "macfromip"
      },
      "ranges": [
        {
          "type": "ECOSYSTEM",
          "events": [
            {
              "introduced": "0"
            },
            {
              "last_affected": "1.1.1"
            }
          ]
        }
      ]
    }
  ],
  "references": [
    {
      "type": "ADVISORY",
      "url": "https://nvd.nist.gov/vuln/detail/CVE-2020-7786"
    },
    {
      "type": "WEB",
      "url": "https://snyk.io/vuln/SNYK-JS-MACFROMIP-1048336"
    },
    {
      "type": "WEB",
      "url": "https://www.npmjs.com/package/macfromip"
    }
  ],
  "database_specific": {
    "cwe_ids": [
      "CWE-74"
    ],
    "severity": "CRITICAL",
    "github_reviewed": true,
    "github_reviewed_at": "2021-03-16T00:59:04Z",
    "nvd_published_at": "2021-02-08T19:15:00Z"
  }
}