{
  "schema_version": "1.4.0",
  "id": "GHSA-w873-xcqq-x922",
  "modified": "2024-10-22T17:29:26Z",
  "published": "2021-09-01T18:37:24Z",
  "aliases": [
    "CVE-2020-19001"
  ],
  "summary": "Command Injection in Simiki",
  "details": "Command Injection in Simiki v1.6.2.1 and prior allows remote attackers to execute arbitrary system commands via line 64 of the component 'simiki/blob/master/simiki/config.py'.",
  "severity": [
    {
      "type": "CVSS_V3",
      "score": "CVSS:3.1/AV:N/AC:L/PR:N/UI:N/S:U/C:H/I:H/A:H"
    }
  ],
  "affected": [
    {
      "package": {
        "ecosystem": "PyPI",
        "name": "simiki"
      },
      "ranges": [
        {
          "type": "ECOSYSTEM",
          "events": [
            {
              "introduced": "0"
            },
            {
              "fixed": "1.6.2.2"
            }
          ]
        }
      ],
      "database_specific": {
        "last_known_affected_version_range": "<= 1.6.2.1"
      }
    }
  ],
  "references": [
    {
      "type": "ADVISORY",
      "url": "https://nvd.nist.gov/vuln/detail/CVE-2020-19001"
    },
    {
      "type": "WEB",
      "url": "https://github.com/tankywoo/simiki/issues/123"
    },
    {
      "type": "WEB",
      "url": "https://github.com/tankywoo/simiki/commit/45da0ab7c1e94b368cac22867e7ac9a42dbb9390"
    },
    {
      "type": "WEB",
      "url": "https://github.com/pypa/advisory-database/tree/main/vulns/simiki/PYSEC-2021-348.yaml"
    },
    {
      "type": "PACKAGE",
      "url": "https://github.com/tankywoo/simiki"
    }
  ],
  "database_specific": {
    "cwe_ids": [
      "CWE-77"
    ],
    "severity": "CRITICAL",
    "github_reviewed": true,
    "github_reviewed_at": "2021-08-30T18:13:07Z",
    "nvd_published_at": "2021-08-27T19:15:00Z"
  }
}