{
  "schema_version": "1.4.0",
  "id": "GHSA-c9c2-wcxh-3w5j",
  "modified": "2023-02-23T21:31:10Z",
  "published": "2023-02-15T15:30:40Z",
  "aliases": [
    "CVE-2023-25765"
  ],
  "summary": "Sandbox escape in Jenkins Email Extension Plugin",
  "details": "In Jenkins Email Extension Plugin 2.93 and earlier, templates defined inside a folder were not subject to Script Security protection, allowing attackers able to define email templates in folders to bypass the sandbox protection and execute arbitrary code in the context of the Jenkins controller JVM.",
  "severity": [
    {
      "type": "CVSS_V3",
      "score": "CVSS:3.1/AV:N/AC:L/PR:L/UI:N/S:C/C:H/I:H/A:H"
    }
  ],
  "affected": [
    {
      "package": {
        "ecosystem": "Maven",
        "name": "org.jenkins-ci.plugins:email-ext"
      },
      "ranges": [
        {
          "type": "ECOSYSTEM",
          "events": [
            {
              "introduced": "0"
            },
            {
              "fixed": "2.94"
            }
          ]
        }
      ],
      "database_specific": {
        "last_known_affected_version_range": "<= 2.93"
      }
    }
  ],
  "references": [
    {
      "type": "ADVISORY",
      "url": "https://nvd.nist.gov/vuln/detail/CVE-2023-25765"
    },
    {
      "type": "WEB",
      "url": "https://github.com/jenkinsci/email-ext-plugin/commit/ffe44a4c1c1830325787d7ef5e9e19ebf9a936f9"
    },
    {
      "type": "PACKAGE",
      "url": "https://github.com/jenkinsci/email-ext-plugin"
    },
    {
      "type": "WEB",
      "url": "https://www.jenkins.io/security/advisory/2023-02-15/#SECURITY-2939"
    },
    {
      "type": "WEB",
      "url": "http://www.openwall.com/lists/oss-security/2023/02/15/4"
    }
  ],
  "database_specific": {
    "cwe_ids": [
      "CWE-693"
    ],
    "severity": "CRITICAL",
    "github_reviewed": true,
    "github_reviewed_at": "2023-02-15T18:29:32Z",
    "nvd_published_at": "2023-02-15T14:15:00Z"
  }
}