{
  "schema_version": "1.4.0",
  "id": "GHSA-9qj6-4rfq-vm84",
  "modified": "2022-01-06T18:38:16Z",
  "published": "2022-01-06T22:20:41Z",
  "aliases": [
    "CVE-2018-25024"
  ],
  "summary": "Out-of-bounds Write in actix-web",
  "details": "An issue was discovered in the actix-web crate before 0.7.15 for Rust. It can unsoundly coerce an immutable reference into a mutable reference, leading to memory corruption.",
  "severity": [
    {
      "type": "CVSS_V3",
      "score": "CVSS:3.1/AV:N/AC:L/PR:N/UI:N/S:U/C:H/I:H/A:H"
    }
  ],
  "affected": [
    {
      "package": {
        "ecosystem": "crates.io",
        "name": "actix-web"
      },
      "ranges": [
        {
          "type": "ECOSYSTEM",
          "events": [
            {
              "introduced": "0"
            },
            {
              "fixed": "0.7.15"
            }
          ]
        }
      ]
    }
  ],
  "references": [
    {
      "type": "ADVISORY",
      "url": "https://nvd.nist.gov/vuln/detail/CVE-2018-25024"
    },
    {
      "type": "WEB",
      "url": "https://github.com/actix/actix-web/issues/289"
    },
    {
      "type": "PACKAGE",
      "url": "https://github.com/actix/actix-web.git"
    },
    {
      "type": "WEB",
      "url": "https://raw.githubusercontent.com/rustsec/advisory-db/main/crates/actix-web/RUSTSEC-2018-0019.md"
    },
    {
      "type": "WEB",
      "url": "https://rustsec.org/advisories/RUSTSEC-2018-0019.html"
    }
  ],
  "database_specific": {
    "cwe_ids": [
      "CWE-787"
    ],
    "severity": "CRITICAL",
    "github_reviewed": true,
    "github_reviewed_at": "2022-01-06T18:38:16Z",
    "nvd_published_at": "2021-12-27T00:15:00Z"
  }
}