{
  "schema_version": "1.4.0",
  "id": "GHSA-6879-xr95-5gf4",
  "modified": "2021-09-30T17:16:35Z",
  "published": "2020-09-03T17:20:15Z",
  "aliases": [],
  "summary": "Malicious Package in malicious-do-not-install",
  "details": "All versions of `malicious-do-not-install` contain malicious code. The package copies the contents of `/etc/passwd` and `/etc/shadow` to files in the local `/tmp/` folder.\n\n\n## Recommendation\n\nRemove the package from your environment and rotate affected credentials.",
  "severity": [
    {
      "type": "CVSS_V3",
      "score": "CVSS:3.1/AV:N/AC:L/PR:N/UI:N/S:U/C:H/I:H/A:H"
    }
  ],
  "affected": [
    {
      "package": {
        "ecosystem": "npm",
        "name": "malicious-do-not-install"
      },
      "ranges": [
        {
          "type": "ECOSYSTEM",
          "events": [
            {
              "introduced": "0.0.0"
            }
          ]
        }
      ]
    }
  ],
  "references": [
    {
      "type": "WEB",
      "url": "https://www.npmjs.com/advisories/1040"
    }
  ],
  "database_specific": {
    "cwe_ids": [
      "CWE-506"
    ],
    "severity": "CRITICAL",
    "github_reviewed": true,
    "github_reviewed_at": "2020-08-31T18:45:05Z",
    "nvd_published_at": null
  }
}