{
  "schema_version": "1.4.0",
  "id": "GHSA-hhpm-5cp2-hg4x",
  "modified": "2022-06-30T15:56:17Z",
  "published": "2022-05-13T01:01:00Z",
  "aliases": [
    "CVE-2018-1000861"
  ],
  "summary": "Deserialization of Untrusted Data in Jenkins",
  "details": "A code execution vulnerability exists in the Stapler web framework used by Jenkins 2.153 and earlier, LTS 2.138.3 and earlier in stapler/core/src/main/java/org/kohsuke/stapler/MetaClass.java that allows attackers to invoke some methods on Java objects by accessing crafted URLs that were not intended to be invoked this way.",
  "severity": [
    {
      "type": "CVSS_V3",
      "score": "CVSS:3.0/AV:N/AC:L/PR:N/UI:N/S:U/C:H/I:H/A:H"
    }
  ],
  "affected": [
    {
      "package": {
        "ecosystem": "Maven",
        "name": "org.jenkins-ci.main:jenkins-core"
      },
      "ranges": [
        {
          "type": "ECOSYSTEM",
          "events": [
            {
              "introduced": "0"
            },
            {
              "fixed": "2.138.4"
            }
          ]
        }
      ],
      "database_specific": {
        "last_known_affected_version_range": "<= 2.138.3"
      }
    },
    {
      "package": {
        "ecosystem": "Maven",
        "name": "org.jenkins-ci.main:jenkins-core"
      },
      "ranges": [
        {
          "type": "ECOSYSTEM",
          "events": [
            {
              "introduced": "2.140"
            },
            {
              "fixed": "2.154"
            }
          ]
        }
      ],
      "database_specific": {
        "last_known_affected_version_range": "<= 2.153"
      }
    }
  ],
  "references": [
    {
      "type": "ADVISORY",
      "url": "https://nvd.nist.gov/vuln/detail/CVE-2018-1000861"
    },
    {
      "type": "WEB",
      "url": "https://github.com/jenkinsci/jenkins/commit/47f38d714c99e1841fb737ad1005618eb26ed852"
    },
    {
      "type": "WEB",
      "url": "https://access.redhat.com/errata/RHBA-2019:0024"
    },
    {
      "type": "WEB",
      "url": "https://jenkins.io/security/advisory/2018-12-05/#SECURITY-595"
    },
    {
      "type": "WEB",
      "url": "http://packetstormsecurity.com/files/166778/Jenkins-Remote-Code-Execution.html"
    },
    {
      "type": "WEB",
      "url": "http://www.securityfocus.com/bid/106176"
    }
  ],
  "database_specific": {
    "cwe_ids": [
      "CWE-502"
    ],
    "severity": "CRITICAL",
    "github_reviewed": true,
    "github_reviewed_at": "2022-06-30T15:56:17Z",
    "nvd_published_at": "2018-12-10T14:29:00Z"
  }
}