{
  "schema_version": "1.4.0",
  "id": "GHSA-gm8g-xhh8-rmwr",
  "modified": "2021-04-19T22:22:45Z",
  "published": "2021-05-10T19:17:25Z",
  "aliases": [
    "CVE-2020-7772"
  ],
  "summary": "Prototype Pollution in doc-path",
  "details": "This affects the package doc-path before 2.1.2.",
  "severity": [
    {
      "type": "CVSS_V3",
      "score": "CVSS:3.1/AV:N/AC:L/PR:N/UI:N/S:U/C:H/I:H/A:H"
    }
  ],
  "affected": [
    {
      "package": {
        "ecosystem": "npm",
        "name": "doc-path"
      },
      "ranges": [
        {
          "type": "ECOSYSTEM",
          "events": [
            {
              "introduced": "0"
            },
            {
              "fixed": "2.1.2"
            }
          ]
        }
      ]
    }
  ],
  "references": [
    {
      "type": "ADVISORY",
      "url": "https://nvd.nist.gov/vuln/detail/CVE-2020-7772"
    },
    {
      "type": "WEB",
      "url": "https://github.com/mrodrig/doc-path/commit/3e2bb168cf303bffcd7fae5f8d05e5300c1541c7"
    },
    {
      "type": "WEB",
      "url": "https://github.com/mrodrig/doc-path/blob/stable/src/path.js%23L54"
    },
    {
      "type": "WEB",
      "url": "https://snyk.io/vuln/SNYK-JS-DOCPATH-1011952"
    }
  ],
  "database_specific": {
    "cwe_ids": [
      "CWE-1321"
    ],
    "severity": "CRITICAL",
    "github_reviewed": true,
    "github_reviewed_at": "2021-04-19T22:22:45Z",
    "nvd_published_at": "2020-11-15T15:15:00Z"
  }
}