{
  "schema_version": "1.4.0",
  "id": "GHSA-9mp7-45qh-r8j8",
  "modified": "2023-06-13T17:04:59Z",
  "published": "2022-01-06T22:13:46Z",
  "aliases": [
    "CVE-2021-45685"
  ],
  "summary": "columnar: Read on uninitialized buffer may cause UB (ColumnarReadExt::read_typed_vec())",
  "details": "Affected versions of this crate passes an uninitialized buffer to a user-provided Read implementation (ColumnarReadExt::read_typed_vec()).\n\nArbitrary Read implementations can read from the uninitialized buffer (memory exposure) and also can return incorrect number of bytes written to the buffer. Reading from uninitialized memory produces undefined values that can quickly invoke undefined behavior.",
  "severity": [
    {
      "type": "CVSS_V3",
      "score": "CVSS:3.1/AV:N/AC:L/PR:N/UI:N/S:U/C:H/I:H/A:H"
    }
  ],
  "affected": [
    {
      "package": {
        "ecosystem": "crates.io",
        "name": "columnar"
      },
      "ranges": [
        {
          "type": "ECOSYSTEM",
          "events": [
            {
              "introduced": "0"
            },
            {
              "last_affected": "0.0.19"
            }
          ]
        }
      ]
    }
  ],
  "references": [
    {
      "type": "ADVISORY",
      "url": "https://nvd.nist.gov/vuln/detail/CVE-2021-45685"
    },
    {
      "type": "WEB",
      "url": "https://github.com/frankmcsherry/columnar/issues/6"
    },
    {
      "type": "PACKAGE",
      "url": "https://github.com/frankmcsherry/columnar.git"
    },
    {
      "type": "WEB",
      "url": "https://raw.githubusercontent.com/rustsec/advisory-db/main/crates/columnar/RUSTSEC-2021-0087.md"
    },
    {
      "type": "WEB",
      "url": "https://rustsec.org/advisories/RUSTSEC-2021-0087.html"
    }
  ],
  "database_specific": {
    "cwe_ids": [
      "CWE-908"
    ],
    "severity": "CRITICAL",
    "github_reviewed": true,
    "github_reviewed_at": "2022-01-06T17:12:24Z",
    "nvd_published_at": "2021-12-27T00:15:00Z"
  }
}