{
  "schema_version": "1.4.0",
  "id": "GHSA-vxr9-p2xw-m8cf",
  "modified": "2024-04-24T18:39:36Z",
  "published": "2022-05-24T19:20:28Z",
  "aliases": [
    "CVE-2021-33816"
  ],
  "summary": "Dolibarr remote PHP code execution",
  "details": "The website builder module in Dolibarr 13.0.2 allows remote PHP code execution because of an incomplete protection mechanism in which system, exec, and shell_exec are blocked but backticks are not blocked.",
  "severity": [
    {
      "type": "CVSS_V3",
      "score": "CVSS:3.1/AV:N/AC:L/PR:N/UI:N/S:U/C:H/I:H/A:H"
    }
  ],
  "affected": [
    {
      "package": {
        "ecosystem": "Packagist",
        "name": "dolibarr/dolibarr"
      },
      "ranges": [
        {
          "type": "ECOSYSTEM",
          "events": [
            {
              "introduced": "13.0.2"
            },
            {
              "fixed": "14.0.0"
            }
          ]
        }
      ],
      "versions": [
        "13.0.2"
      ]
    }
  ],
  "references": [
    {
      "type": "ADVISORY",
      "url": "https://nvd.nist.gov/vuln/detail/CVE-2021-33816"
    },
    {
      "type": "PACKAGE",
      "url": "https://github.com/Dolibarr/dolibarr"
    },
    {
      "type": "WEB",
      "url": "https://trovent.github.io/security-advisories/TRSA-2106-01/TRSA-2106-01.txt"
    },
    {
      "type": "WEB",
      "url": "https://trovent.io/security-advisory-2106-01"
    },
    {
      "type": "WEB",
      "url": "http://seclists.org/fulldisclosure/2021/Nov/39"
    }
  ],
  "database_specific": {
    "cwe_ids": [
      "CWE-94"
    ],
    "severity": "CRITICAL",
    "github_reviewed": true,
    "github_reviewed_at": "2024-04-24T18:39:36Z",
    "nvd_published_at": "2021-11-10T23:15:00Z"
  }
}