{
  "schema_version": "1.4.0",
  "id": "GHSA-rc57-9r3x-98cq",
  "modified": "2024-07-05T14:26:30Z",
  "published": "2022-06-17T00:01:28Z",
  "aliases": [
    "CVE-2021-41411"
  ],
  "summary": "XML External Entity Reference in drools",
  "details": "drools <=7.59.x is affected by an XML External Entity (XXE) vulnerability in KieModuleMarshaller.java. The Validator class is not used correctly, resulting in the XXE injection vulnerability.",
  "severity": [
    {
      "type": "CVSS_V3",
      "score": "CVSS:3.1/AV:N/AC:L/PR:N/UI:N/S:U/C:H/I:H/A:H"
    }
  ],
  "affected": [
    {
      "package": {
        "ecosystem": "Maven",
        "name": "org.drools:drools-core"
      },
      "ranges": [
        {
          "type": "ECOSYSTEM",
          "events": [
            {
              "introduced": "0"
            },
            {
              "fixed": "7.60.0.Final"
            }
          ]
        }
      ],
      "database_specific": {
        "last_known_affected_version_range": "<= 7.59.0.Final"
      }
    }
  ],
  "references": [
    {
      "type": "ADVISORY",
      "url": "https://nvd.nist.gov/vuln/detail/CVE-2021-41411"
    },
    {
      "type": "WEB",
      "url": "https://github.com/apache/incubator-kie-drools/pull/3808"
    },
    {
      "type": "PACKAGE",
      "url": "https://github.com/kiegroup/drools"
    }
  ],
  "database_specific": {
    "cwe_ids": [
      "CWE-611"
    ],
    "severity": "CRITICAL",
    "github_reviewed": true,
    "github_reviewed_at": "2022-06-17T21:54:41Z",
    "nvd_published_at": "2022-06-16T10:15:00Z"
  }
}