{
  "schema_version": "1.4.0",
  "id": "GHSA-h475-7v3c-26q7",
  "modified": "2025-02-13T18:54:14Z",
  "published": "2023-05-03T21:30:18Z",
  "aliases": [
    "CVE-2023-25826"
  ],
  "summary": "Command injection in OpenTSDB",
  "details": "Due to insufficient validation of parameters passed to the legacy HTTP query API, it is possible to inject crafted OS commands into multiple parameters and execute malicious code on the OpenTSDB host system. This exploit exists due to an incomplete fix that was made when this vulnerability was previously disclosed as CVE-2020-35476. Regex validation that was implemented to restrict allowed input to the query API does not work as intended, allowing crafted commands to bypass validation.",
  "severity": [
    {
      "type": "CVSS_V3",
      "score": "CVSS:3.1/AV:N/AC:L/PR:N/UI:N/S:U/C:H/I:H/A:H"
    }
  ],
  "affected": [
    {
      "package": {
        "ecosystem": "Maven",
        "name": "net.opentsdb:opentsdb"
      },
      "ranges": [
        {
          "type": "ECOSYSTEM",
          "events": [
            {
              "introduced": "0"
            },
            {
              "last_affected": "2.4.1"
            }
          ]
        }
      ]
    }
  ],
  "references": [
    {
      "type": "ADVISORY",
      "url": "https://nvd.nist.gov/vuln/detail/CVE-2023-25826"
    },
    {
      "type": "WEB",
      "url": "https://github.com/OpenTSDB/opentsdb/pull/2275"
    },
    {
      "type": "PACKAGE",
      "url": "https://github.com/OpenTSDB/opentsdb"
    },
    {
      "type": "WEB",
      "url": "https://www.synopsys.com/blogs/software-security/opentsdb"
    },
    {
      "type": "WEB",
      "url": "http://packetstormsecurity.com/files/174570/OpenTSDB-2.4.1-Unauthenticated-Command-Injection.html"
    }
  ],
  "database_specific": {
    "cwe_ids": [
      "CWE-78"
    ],
    "severity": "CRITICAL",
    "github_reviewed": true,
    "github_reviewed_at": "2023-05-05T02:23:59Z",
    "nvd_published_at": "2023-05-03T19:15:08Z"
  }
}