{
  "schema_version": "1.4.0",
  "id": "GHSA-g8j8-mgh9-q77p",
  "modified": "2022-03-01T21:32:31Z",
  "published": "2022-02-19T00:01:25Z",
  "aliases": [
    "CVE-2021-46036"
  ],
  "summary": "File upload leading to RCE in MCMS",
  "details": "An arbitrary file upload vulnerability in the component /ms/file/uploadTemplate.do of MCMS v5.2.4 allows attackers to execute arbitrary code.",
  "severity": [
    {
      "type": "CVSS_V3",
      "score": "CVSS:3.1/AV:N/AC:L/PR:N/UI:N/S:U/C:H/I:H/A:H"
    }
  ],
  "affected": [
    {
      "package": {
        "ecosystem": "Maven",
        "name": "net.mingsoft:ms-mcms"
      },
      "ranges": [
        {
          "type": "ECOSYSTEM",
          "events": [
            {
              "introduced": "0"
            },
            {
              "last_affected": "5.2.4"
            }
          ]
        }
      ]
    }
  ],
  "references": [
    {
      "type": "ADVISORY",
      "url": "https://nvd.nist.gov/vuln/detail/CVE-2021-46036"
    },
    {
      "type": "WEB",
      "url": "https://lycshub.github.io/2021/12/28/MCMS-vulnerabilities"
    }
  ],
  "database_specific": {
    "cwe_ids": [
      "CWE-434"
    ],
    "severity": "CRITICAL",
    "github_reviewed": true,
    "github_reviewed_at": "2022-03-01T21:29:04Z",
    "nvd_published_at": "2022-02-18T19:15:00Z"
  }
}