{
  "schema_version": "1.4.0",
  "id": "GHSA-gqvf-3hgp-5hxv",
  "modified": "2024-02-28T19:07:03Z",
  "published": "2023-12-14T15:30:22Z",
  "aliases": [
    "CVE-2023-6572"
  ],
  "summary": "Gradio Exposure of Sensitive Information to an Unauthorized Actor vulnerability",
  "details": "Exposure of Sensitive Information to an Unauthorized Actor in GitHub repository gradio-app/gradio prior to main.",
  "severity": [
    {
      "type": "CVSS_V3",
      "score": "CVSS:3.0/AV:N/AC:L/PR:L/UI:N/S:C/C:H/I:H/A:N"
    }
  ],
  "affected": [
    {
      "package": {
        "ecosystem": "PyPI",
        "name": "gradio"
      },
      "ranges": [
        {
          "type": "ECOSYSTEM",
          "events": [
            {
              "introduced": "0"
            },
            {
              "fixed": "4.14.0"
            }
          ]
        }
      ]
    }
  ],
  "references": [
    {
      "type": "ADVISORY",
      "url": "https://nvd.nist.gov/vuln/detail/CVE-2023-6572"
    },
    {
      "type": "WEB",
      "url": "https://github.com/gradio-app/gradio/commit/5b5af1899dd98d63e1f9b48a93601c2db1f56520"
    },
    {
      "type": "PACKAGE",
      "url": "https://github.com/gradio-app/gradio"
    },
    {
      "type": "WEB",
      "url": "https://github.com/pypa/advisory-database/tree/main/vulns/gradio/PYSEC-2023-255.yaml"
    },
    {
      "type": "WEB",
      "url": "https://huntr.com/bounties/21d2ff0c-d43a-4afd-bb4d-049ee8da5b5c"
    }
  ],
  "database_specific": {
    "cwe_ids": [
      "CWE-200",
      "CWE-77"
    ],
    "severity": "CRITICAL",
    "github_reviewed": true,
    "github_reviewed_at": "2024-02-28T19:07:03Z",
    "nvd_published_at": "2023-12-14T14:15:46Z"
  }
}