{
  "schema_version": "1.4.0",
  "id": "GHSA-2hqf-qqmq-pgpp",
  "modified": "2021-10-01T13:30:38Z",
  "published": "2020-09-02T15:48:16Z",
  "aliases": [],
  "summary": "Malicious Package in commander-js",
  "details": "All versions of `commander-js` are considered malicious. The package is malware designed to take advantage of users making a mistake when typing the name of a module to install. When installed, the package downloads an arbitrary file and executes its contents as a post-install script.\n\n\n## Recommendation\n\nThis package is not available on the npm Registry anymore. If you happen to find this package in your environment you should consider the system it was installed on compromised and assess if further response (such as rotating all credentials found on the compromised machine) is necessary.\n",
  "severity": [
    {
      "type": "CVSS_V3",
      "score": "CVSS:3.1/AV:N/AC:L/PR:N/UI:N/S:U/C:H/I:H/A:H"
    }
  ],
  "affected": [
    {
      "package": {
        "ecosystem": "npm",
        "name": "commander-js"
      },
      "ranges": [
        {
          "type": "ECOSYSTEM",
          "events": [
            {
              "introduced": "0.0.0"
            }
          ]
        }
      ]
    }
  ],
  "references": [
    {
      "type": "WEB",
      "url": "https://www.npmjs.com/advisories/763"
    }
  ],
  "database_specific": {
    "cwe_ids": [
      "CWE-506"
    ],
    "severity": "CRITICAL",
    "github_reviewed": true,
    "github_reviewed_at": "2020-08-31T18:34:51Z",
    "nvd_published_at": null
  }
}