{
  "schema_version": "1.4.0",
  "id": "GHSA-53jx-4wwh-gcqj",
  "modified": "2023-07-27T00:09:48Z",
  "published": "2020-09-11T21:11:34Z",
  "aliases": [],
  "summary": "Malicious Package in angular-location-update",
  "details": "Version 0.0.3 of `angular-location-update` contained malicious code. The code when executed in the browser would enumerate password, cvc and cardnumber fields from forms and send the extracted values to `https://js-metrics.com/minjs.php?pl=`\n\n\n\n## Recommendation\n\nRemove the package from your environment and evaluate your application to determine whether or not user data was compromised.\n\nUsers may consider downgrading to version 0.0.2",
  "severity": [],
  "affected": [
    {
      "package": {
        "ecosystem": "npm",
        "name": "angular-location-update"
      },
      "versions": [
        "0.0.3"
      ]
    }
  ],
  "references": [
    {
      "type": "WEB",
      "url": "https://www.npmjs.com/advisories/930"
    }
  ],
  "database_specific": {
    "cwe_ids": [],
    "severity": "CRITICAL",
    "github_reviewed": true,
    "github_reviewed_at": "2020-08-31T18:40:55Z",
    "nvd_published_at": null
  }
}