{
  "schema_version": "1.4.0",
  "id": "GHSA-7249-8x22-4rg4",
  "modified": "2022-12-06T19:43:30Z",
  "published": "2022-12-05T06:30:22Z",
  "aliases": [
    "CVE-2022-42496"
  ],
  "summary": "nadesiko3 vulnerable to OS Command Injection",
  "details": "OS command injection vulnerability in Nako3edit, editor component of nadesiko3 (PC Version) v3.3.74 and earlier allows a remote attacker to obtain appkey of the product and execute an arbitrary OS command on the product.",
  "severity": [
    {
      "type": "CVSS_V3",
      "score": "CVSS:3.1/AV:N/AC:L/PR:N/UI:N/S:U/C:H/I:H/A:H"
    }
  ],
  "affected": [
    {
      "package": {
        "ecosystem": "npm",
        "name": "nadesiko3"
      },
      "ranges": [
        {
          "type": "ECOSYSTEM",
          "events": [
            {
              "introduced": "0"
            },
            {
              "fixed": "3.3.75"
            }
          ]
        }
      ]
    }
  ],
  "references": [
    {
      "type": "ADVISORY",
      "url": "https://nvd.nist.gov/vuln/detail/CVE-2022-42496"
    },
    {
      "type": "WEB",
      "url": "https://github.com/kujirahand/nadesiko3/issues/1325"
    },
    {
      "type": "WEB",
      "url": "https://github.com/kujirahand/nadesiko3/issues/1347"
    },
    {
      "type": "PACKAGE",
      "url": "https://github.com/kujirahand/nadesiko3"
    },
    {
      "type": "WEB",
      "url": "https://github.com/kujirahand/nadesiko3/releases/tag/3.3.75"
    },
    {
      "type": "WEB",
      "url": "https://jvn.jp/en/jp/JVN56968681/index.html"
    }
  ],
  "database_specific": {
    "cwe_ids": [
      "CWE-78"
    ],
    "severity": "CRITICAL",
    "github_reviewed": true,
    "github_reviewed_at": "2022-12-06T19:43:30Z",
    "nvd_published_at": "2022-12-05T04:15:00Z"
  }
}