{
  "schema_version": "1.4.0",
  "id": "GHSA-8vh6-8w76-v6m3",
  "modified": "2023-07-25T23:30:15Z",
  "published": "2022-05-13T01:24:44Z",
  "aliases": [
    "CVE-2017-1000194"
  ],
  "summary": "October CMS File Upload Vulnerability",
  "details": "October CMS build 412 is vulnerable to Apache configuration modification via file upload functionality resulting in site compromise and possibly other applications on the server.",
  "severity": [
    {
      "type": "CVSS_V3",
      "score": "CVSS:3.0/AV:N/AC:L/PR:N/UI:N/S:U/C:H/I:H/A:H"
    }
  ],
  "affected": [
    {
      "package": {
        "ecosystem": "Packagist",
        "name": "october/october"
      },
      "ranges": [
        {
          "type": "ECOSYSTEM",
          "events": [
            {
              "introduced": "0"
            },
            {
              "fixed": "1.0.413"
            }
          ]
        }
      ],
      "database_specific": {
        "last_known_affected_version_range": "<= 1.0.412"
      }
    }
  ],
  "references": [
    {
      "type": "ADVISORY",
      "url": "https://nvd.nist.gov/vuln/detail/CVE-2017-1000194"
    },
    {
      "type": "PACKAGE",
      "url": "https://github.com/octobercms/october"
    },
    {
      "type": "WEB",
      "url": "https://github.com/octobercms/october/compare/v1.0.412...v1.0.413#diff-c328b7b99eac0d17b3c71eb37038fd61R224"
    }
  ],
  "database_specific": {
    "cwe_ids": [
      "CWE-434"
    ],
    "severity": "CRITICAL",
    "github_reviewed": true,
    "github_reviewed_at": "2023-07-25T23:30:15Z",
    "nvd_published_at": "2017-11-17T02:29:00Z"
  }
}