{
  "schema_version": "1.4.0",
  "id": "GHSA-4rr6-gf59-ggw5",
  "modified": "2024-05-17T22:31:44Z",
  "published": "2024-05-17T22:31:44Z",
  "aliases": [],
  "summary": "namshi/jose - Verification bypass",
  "details": "Several widely-used JSON Web Token (JWT) libraries, including node-jsonwebtoken, pyjwt, namshi/jose, php-jwt, and jsjwt, are affected by critical vulnerabilities that could allow attackers to bypass the verification step when using asymmetric keys (RS256, RS384, RS512, ES256, ES384, ES512).",
  "severity": [],
  "affected": [
    {
      "package": {
        "ecosystem": "Packagist",
        "name": "namshi/jose"
      },
      "ranges": [
        {
          "type": "ECOSYSTEM",
          "events": [
            {
              "introduced": "0"
            },
            {
              "fixed": "2.2.0"
            }
          ]
        }
      ]
    }
  ],
  "references": [
    {
      "type": "WEB",
      "url": "https://auth0.com/blog/2015/03/31/critical-vulnerabilities-in-json-web-token-libraries"
    },
    {
      "type": "WEB",
      "url": "https://auth0.com/blog/critical-vulnerabilities-in-json-web-token-libraries"
    },
    {
      "type": "WEB",
      "url": "https://github.com/FriendsOfPHP/security-advisories/blob/master/namshi/jose/2015-03-10.yaml"
    },
    {
      "type": "PACKAGE",
      "url": "https://github.com/namshi/jose"
    }
  ],
  "database_specific": {
    "cwe_ids": [],
    "severity": "CRITICAL",
    "github_reviewed": true,
    "github_reviewed_at": "2024-05-17T22:31:44Z",
    "nvd_published_at": null
  }
}