{
  "schema_version": "1.4.0",
  "id": "GHSA-c6v5-pf66-xfq8",
  "modified": "2023-07-14T21:50:57Z",
  "published": "2023-07-14T03:32:33Z",
  "aliases": [
    "CVE-2023-3668"
  ],
  "summary": "Froxlor vulnerable to Improper Encoding or Escaping of Output",
  "details": "Improper Encoding or Escaping of Output in GitHub repository froxlor/froxlor prior to 2.0.21.",
  "severity": [
    {
      "type": "CVSS_V3",
      "score": "CVSS:3.0/AV:N/AC:L/PR:H/UI:N/S:C/C:H/I:H/A:H"
    }
  ],
  "affected": [
    {
      "package": {
        "ecosystem": "Packagist",
        "name": "froxlor/froxlor"
      },
      "ranges": [
        {
          "type": "ECOSYSTEM",
          "events": [
            {
              "introduced": "0"
            },
            {
              "fixed": "2.0.21"
            }
          ]
        }
      ]
    }
  ],
  "references": [
    {
      "type": "ADVISORY",
      "url": "https://nvd.nist.gov/vuln/detail/CVE-2023-3668"
    },
    {
      "type": "WEB",
      "url": "https://github.com/froxlor/froxlor/commit/03b5a921ff308eeab21bf9d240f27783c8591965"
    },
    {
      "type": "PACKAGE",
      "url": "https://github.com/froxlor/froxlor"
    },
    {
      "type": "WEB",
      "url": "https://huntr.dev/bounties/df8cccf4-a340-440e-a7e0-1b42e757d66e"
    }
  ],
  "database_specific": {
    "cwe_ids": [
      "CWE-116"
    ],
    "severity": "CRITICAL",
    "github_reviewed": true,
    "github_reviewed_at": "2023-07-14T21:50:57Z",
    "nvd_published_at": "2023-07-14T01:15:08Z"
  }
}