{
  "schema_version": "1.4.0",
  "id": "GHSA-45hc-r4fj-qj89",
  "modified": "2022-04-18T21:49:17Z",
  "published": "2022-04-02T00:00:15Z",
  "aliases": [
    "CVE-2021-44135"
  ],
  "summary": "SQL injection in pagekit/pagekit",
  "details": "Pagekit is a modular and lightweight CMS built with Symfony components and Vue.js. The configAction in SettingsController allow user to set the order of comments listing. The allowed options are ASC and DESC. That config then get concatenated directly to the SQL query. Due to the fact that there wasnt any sanitizion before saving that config, it can lead to the SQL Injection vulnerability.",
  "severity": [
    {
      "type": "CVSS_V3",
      "score": "CVSS:3.1/AV:N/AC:L/PR:N/UI:N/S:U/C:H/I:H/A:H"
    }
  ],
  "affected": [
    {
      "package": {
        "ecosystem": "Packagist",
        "name": "pagekit/pagekit"
      },
      "ranges": [
        {
          "type": "ECOSYSTEM",
          "events": [
            {
              "introduced": "0"
            },
            {
              "last_affected": "1.0.18"
            }
          ]
        }
      ]
    }
  ],
  "references": [
    {
      "type": "ADVISORY",
      "url": "https://nvd.nist.gov/vuln/detail/CVE-2021-44135"
    },
    {
      "type": "PACKAGE",
      "url": "https://github.com/pagekit/pagekit"
    },
    {
      "type": "WEB",
      "url": "https://huntr.dev/bounties/82f09b08-ceeb-4249-8855-b8bc718c4868"
    }
  ],
  "database_specific": {
    "cwe_ids": [
      "CWE-89"
    ],
    "severity": "CRITICAL",
    "github_reviewed": true,
    "github_reviewed_at": "2022-04-05T17:52:07Z",
    "nvd_published_at": "2022-04-01T14:15:00Z"
  }
}