{
  "schema_version": "1.4.0",
  "id": "GHSA-p3hc-fv2j-rp68",
  "modified": "2021-05-07T17:34:38Z",
  "published": "2021-05-10T15:36:30Z",
  "aliases": [
    "CVE-2021-23370"
  ],
  "summary": "Prototype Pollution in swiper",
  "details": "Versions of the package swiper before 6.5.1 are susceptible to prototype pollution.",
  "severity": [
    {
      "type": "CVSS_V3",
      "score": "CVSS:3.1/AV:N/AC:L/PR:N/UI:N/S:U/C:H/I:H/A:H"
    }
  ],
  "affected": [
    {
      "package": {
        "ecosystem": "npm",
        "name": "swiper"
      },
      "ranges": [
        {
          "type": "ECOSYSTEM",
          "events": [
            {
              "introduced": "0"
            },
            {
              "fixed": "6.5.1"
            }
          ]
        }
      ]
    }
  ],
  "references": [
    {
      "type": "ADVISORY",
      "url": "https://nvd.nist.gov/vuln/detail/CVE-2021-23370"
    },
    {
      "type": "WEB",
      "url": "https://github.com/nolimits4web/Swiper/commit/ec358deab79a8cd2529465f07a0ead5dbcc264ad"
    },
    {
      "type": "WEB",
      "url": "https://github.com/nolimits4web/swiper/commit/9dad2739b7474f383474773d5ab898a0c29ac178"
    },
    {
      "type": "WEB",
      "url": "https://github.com/nolimits4web/swiper/blob/master/CHANGELOG.md#651-2021-03-29"
    },
    {
      "type": "WEB",
      "url": "https://snyk.io/vuln/SNYK-JAVA-ORGWEBJARS-1244698"
    },
    {
      "type": "WEB",
      "url": "https://snyk.io/vuln/SNYK-JAVA-ORGWEBJARSBOWER-1244699"
    },
    {
      "type": "WEB",
      "url": "https://snyk.io/vuln/SNYK-JAVA-ORGWEBJARSBOWERGITHUBNOLIMITS4WEB-1244697"
    },
    {
      "type": "WEB",
      "url": "https://snyk.io/vuln/SNYK-JAVA-ORGWEBJARSNPM-1244696"
    },
    {
      "type": "WEB",
      "url": "https://snyk.io/vuln/SNYK-JS-SWIPER-1088062"
    }
  ],
  "database_specific": {
    "cwe_ids": [
      "CWE-1321"
    ],
    "severity": "CRITICAL",
    "github_reviewed": true,
    "github_reviewed_at": "2021-05-07T17:34:38Z",
    "nvd_published_at": "2021-04-12T14:15:00Z"
  }
}