{
  "schema_version": "1.4.0",
  "id": "GHSA-x8x2-wc2h-wc48",
  "modified": "2024-11-22T20:18:35Z",
  "published": "2022-10-14T19:00:44Z",
  "aliases": [
    "CVE-2022-3439"
  ],
  "summary": "Missing rate limit on rdiffweb",
  "details": "Allocation of Resources Without Limits or Throttling in GitHub repository ikus060/rdiffweb prior to 2.5.0. ",
  "severity": [
    {
      "type": "CVSS_V3",
      "score": "CVSS:3.1/AV:N/AC:L/PR:N/UI:N/S:U/C:H/I:H/A:H"
    }
  ],
  "affected": [
    {
      "package": {
        "ecosystem": "PyPI",
        "name": "rdiffweb"
      },
      "ranges": [
        {
          "type": "ECOSYSTEM",
          "events": [
            {
              "introduced": "0"
            },
            {
              "fixed": "2.5.0"
            }
          ]
        }
      ]
    }
  ],
  "references": [
    {
      "type": "ADVISORY",
      "url": "https://nvd.nist.gov/vuln/detail/CVE-2022-3439"
    },
    {
      "type": "WEB",
      "url": "https://github.com/ikus060/rdiffweb/commit/b78ec09f4582e363f6f449df6f987127e126c311"
    },
    {
      "type": "PACKAGE",
      "url": "https://github.com/ikus060/rdiffweb"
    },
    {
      "type": "WEB",
      "url": "https://github.com/pypa/advisory-database/tree/main/vulns/rdiffweb/PYSEC-2022-43159.yaml"
    },
    {
      "type": "WEB",
      "url": "https://huntr.dev/bounties/37b86c45-b240-4626-bd53-b6f02d10e0d7"
    }
  ],
  "database_specific": {
    "cwe_ids": [
      "CWE-770"
    ],
    "severity": "CRITICAL",
    "github_reviewed": true,
    "github_reviewed_at": "2022-10-14T21:30:12Z",
    "nvd_published_at": "2022-10-14T12:15:00Z"
  }
}