{
  "schema_version": "1.4.0",
  "id": "GHSA-h9v8-rm3m-5h5f",
  "modified": "2021-07-28T22:39:13Z",
  "published": "2022-02-10T23:47:47Z",
  "aliases": [
    "CVE-2020-7630"
  ],
  "summary": "OS Command Injection in git-add-remote",
  "details": "git-add-remote through 1.0.0 is vulnerable to Command Injection. It allows execution of arbitrary commands via the name argument.",
  "severity": [
    {
      "type": "CVSS_V3",
      "score": "CVSS:3.1/AV:N/AC:L/PR:N/UI:N/S:U/C:H/I:H/A:H"
    }
  ],
  "affected": [
    {
      "package": {
        "ecosystem": "npm",
        "name": "git-add-remote"
      },
      "ranges": [
        {
          "type": "ECOSYSTEM",
          "events": [
            {
              "introduced": "0"
            },
            {
              "last_affected": "1.0.0"
            }
          ]
        }
      ]
    }
  ],
  "references": [
    {
      "type": "ADVISORY",
      "url": "https://nvd.nist.gov/vuln/detail/CVE-2020-7630"
    },
    {
      "type": "WEB",
      "url": "https://github.com/jonschlinkert/git-add-remote/blob/master/index.js#L21,"
    },
    {
      "type": "WEB",
      "url": "https://snyk.io/vuln/SNYK-JS-GITADDREMOTE-564269"
    }
  ],
  "database_specific": {
    "cwe_ids": [
      "CWE-78"
    ],
    "severity": "CRITICAL",
    "github_reviewed": true,
    "github_reviewed_at": "2021-05-19T18:22:19Z",
    "nvd_published_at": "2020-04-02T22:15:00Z"
  }
}