{
  "schema_version": "1.4.0",
  "id": "GHSA-96hw-v598-jvgh",
  "modified": "2023-10-10T16:39:08Z",
  "published": "2022-05-14T03:49:57Z",
  "aliases": [
    "CVE-2017-1000469"
  ],
  "summary": "Cobbler vulnerable to arbitrary code execution",
  "details": "Cobbler version up to 2.8.2 is vulnerable to a command injection vulnerability in the \"add repo\" component resulting in arbitrary code execution as root user.",
  "severity": [
    {
      "type": "CVSS_V3",
      "score": "CVSS:3.0/AV:N/AC:L/PR:N/UI:N/S:U/C:H/I:H/A:H"
    }
  ],
  "affected": [
    {
      "package": {
        "ecosystem": "PyPI",
        "name": "cobbler"
      },
      "ranges": [
        {
          "type": "ECOSYSTEM",
          "events": [
            {
              "introduced": "0"
            },
            {
              "fixed": "3.0.0"
            }
          ]
        }
      ],
      "database_specific": {
        "last_known_affected_version_range": "<= 2.8.2"
      }
    }
  ],
  "references": [
    {
      "type": "ADVISORY",
      "url": "https://nvd.nist.gov/vuln/detail/CVE-2017-1000469"
    },
    {
      "type": "WEB",
      "url": "https://github.com/cobbler/cobbler/issues/1845"
    },
    {
      "type": "WEB",
      "url": "https://github.com/cobbler/cobbler/commit/4b20397425a5d42a2d8927233654f4d7435bd4c2"
    },
    {
      "type": "PACKAGE",
      "url": "https://github.com/cobbler/cobbler"
    }
  ],
  "database_specific": {
    "cwe_ids": [
      "CWE-20"
    ],
    "severity": "CRITICAL",
    "github_reviewed": true,
    "github_reviewed_at": "2023-07-26T22:26:48Z",
    "nvd_published_at": "2018-01-03T20:29:00Z"
  }
}