{
  "schema_version": "1.4.0",
  "id": "GHSA-6g33-82gc-3pw5",
  "modified": "2022-07-01T20:33:22Z",
  "published": "2022-05-17T00:34:13Z",
  "aliases": [
    "CVE-2017-12621"
  ],
  "summary": "Improper Restriction of XML External Entity Reference in Jelly",
  "details": "During Jelly (xml) file parsing with Apache Xerces, if a custom doctype entity is declared with a \"SYSTEM\" entity with a URL and that entity is used in the body of the Jelly file, during parser instantiation the parser will attempt to connect to said URL. This could lead to XML External Entity (XXE) attacks in Apache Commons Jelly before 1.0.1.",
  "severity": [
    {
      "type": "CVSS_V3",
      "score": "CVSS:3.0/AV:N/AC:L/PR:N/UI:N/S:U/C:H/I:H/A:H"
    }
  ],
  "affected": [
    {
      "package": {
        "ecosystem": "Maven",
        "name": "commons-jelly:commons-jelly"
      },
      "ranges": [
        {
          "type": "ECOSYSTEM",
          "events": [
            {
              "introduced": "0"
            },
            {
              "fixed": "1.0.1"
            }
          ]
        }
      ],
      "database_specific": {
        "last_known_affected_version_range": "<= 1.0"
      }
    }
  ],
  "references": [
    {
      "type": "ADVISORY",
      "url": "https://nvd.nist.gov/vuln/detail/CVE-2017-12621"
    },
    {
      "type": "PACKAGE",
      "url": "https://github.com/apache/commons-jelly"
    },
    {
      "type": "WEB",
      "url": "https://issues.apache.org/jira/browse/JELLY-293"
    },
    {
      "type": "WEB",
      "url": "https://lists.apache.org/thread.html/f1fc3f2c45264af44ce782d54b5908ac95f02bf7ad88bb57bfb04b73@%3Cdev.commons.apache.org%3E"
    },
    {
      "type": "WEB",
      "url": "https://web.archive.org/web/20200227144849/http://www.securityfocus.com/bid/101052"
    },
    {
      "type": "WEB",
      "url": "https://web.archive.org/web/20210303081618/http://www.securitytracker.com/id/1039444"
    }
  ],
  "database_specific": {
    "cwe_ids": [
      "CWE-611"
    ],
    "severity": "CRITICAL",
    "github_reviewed": true,
    "github_reviewed_at": "2022-07-01T20:33:22Z",
    "nvd_published_at": "2017-09-28T01:29:00Z"
  }
}