{
  "schema_version": "1.4.0",
  "id": "GHSA-4j54-mxf6-wxx2",
  "modified": "2021-07-28T21:52:51Z",
  "published": "2021-05-10T18:37:16Z",
  "aliases": [
    "CVE-2020-7620"
  ],
  "summary": "OS Command Injection in pomelo-monitor",
  "details": "pomelo-monitor through 0.3.7 is vulnerable to Command Injection.It allows injection of arbitrary commands as part of 'pomelo-monitor' params.",
  "severity": [
    {
      "type": "CVSS_V3",
      "score": "CVSS:3.1/AV:N/AC:L/PR:N/UI:N/S:U/C:H/I:H/A:H"
    }
  ],
  "affected": [
    {
      "package": {
        "ecosystem": "npm",
        "name": "pomelo-monitor"
      },
      "ranges": [
        {
          "type": "ECOSYSTEM",
          "events": [
            {
              "introduced": "0"
            },
            {
              "last_affected": "0.3.7"
            }
          ]
        }
      ]
    }
  ],
  "references": [
    {
      "type": "ADVISORY",
      "url": "https://nvd.nist.gov/vuln/detail/CVE-2020-7620"
    },
    {
      "type": "WEB",
      "url": "https://github.com/halfblood369/monitor/blob/900b5cadf59edcccac4754e5706a22719925ddb9/lib/processMonitor.js,"
    },
    {
      "type": "WEB",
      "url": "https://snyk.io/vuln/SNYK-JS-POMELOMONITOR-173695"
    }
  ],
  "database_specific": {
    "cwe_ids": [
      "CWE-78"
    ],
    "severity": "CRITICAL",
    "github_reviewed": true,
    "github_reviewed_at": "2021-05-07T18:24:08Z",
    "nvd_published_at": "2020-04-02T21:15:00Z"
  }
}