{
  "schema_version": "1.4.0",
  "id": "GHSA-4xrw-wvmq-8jmh",
  "modified": "2021-07-28T22:30:07Z",
  "published": "2022-02-10T23:46:11Z",
  "aliases": [
    "CVE-2020-7627"
  ],
  "summary": "OS Command Injection in node-key-sender",
  "details": "node-key-sender through 1.0.11 is vulnerable to Command Injection. It allows execution of arbitrary commands via the 'arrParams' argument in the 'execute()' function.",
  "severity": [
    {
      "type": "CVSS_V3",
      "score": "CVSS:3.1/AV:N/AC:L/PR:N/UI:N/S:U/C:H/I:H/A:H"
    }
  ],
  "affected": [
    {
      "package": {
        "ecosystem": "npm",
        "name": "node-key-sender"
      },
      "ranges": [
        {
          "type": "ECOSYSTEM",
          "events": [
            {
              "introduced": "0"
            },
            {
              "last_affected": "1.0.11"
            }
          ]
        }
      ]
    }
  ],
  "references": [
    {
      "type": "ADVISORY",
      "url": "https://nvd.nist.gov/vuln/detail/CVE-2020-7627"
    },
    {
      "type": "WEB",
      "url": "https://github.com/garimpeiro-it/node-key-sender/blob/master/key-sender.js#L117,"
    },
    {
      "type": "WEB",
      "url": "https://snyk.io/vuln/SNYK-JS-NODEKEYSENDER-564261"
    }
  ],
  "database_specific": {
    "cwe_ids": [
      "CWE-78"
    ],
    "severity": "CRITICAL",
    "github_reviewed": true,
    "github_reviewed_at": "2021-05-18T23:40:44Z",
    "nvd_published_at": "2020-04-02T22:15:00Z"
  }
}