{
  "schema_version": "1.4.0",
  "id": "GHSA-qp72-96p2-g644",
  "modified": "2022-07-21T21:36:55Z",
  "published": "2022-07-12T00:00:58Z",
  "aliases": [
    "CVE-2022-31558"
  ],
  "summary": "Tooxie Shiva 0.10.0 allows absolute path traversal because Flask send_file function used unsafely",
  "details": "The tooxie/shiva-server repository through 0.10.0 on GitHub allows absolute path traversal because the Flask send_file function is used unsafely.",
  "severity": [
    {
      "type": "CVSS_V3",
      "score": "CVSS:3.1/AV:N/AC:L/PR:N/UI:N/S:C/C:H/I:N/A:L"
    }
  ],
  "affected": [
    {
      "package": {
        "ecosystem": "PyPI",
        "name": "shiva"
      },
      "ranges": [
        {
          "type": "ECOSYSTEM",
          "events": [
            {
              "introduced": "0"
            },
            {
              "last_affected": "0.10.0"
            }
          ]
        }
      ]
    }
  ],
  "references": [
    {
      "type": "ADVISORY",
      "url": "https://nvd.nist.gov/vuln/detail/CVE-2022-31558"
    },
    {
      "type": "WEB",
      "url": "https://github.com/tooxie/shiva-server/issues/189"
    },
    {
      "type": "PACKAGE",
      "url": "https://github.com/tooxie/shiva-server"
    }
  ],
  "database_specific": {
    "cwe_ids": [
      "CWE-22"
    ],
    "severity": "CRITICAL",
    "github_reviewed": true,
    "github_reviewed_at": "2022-07-21T21:36:55Z",
    "nvd_published_at": "2022-07-11T01:15:00Z"
  }
}