{
  "schema_version": "1.4.0",
  "id": "GHSA-c9cm-5j82-m6pj",
  "modified": "2024-11-18T16:26:55Z",
  "published": "2024-07-24T21:31:30Z",
  "aliases": [
    "CVE-2024-36536"
  ],
  "summary": "fabedge has insecure permissions",
  "details": "Insecure permissions in fabedge v0.8.1 allows attackers to access sensitive data and escalate privileges by obtaining the service account's token.",
  "severity": [
    {
      "type": "CVSS_V3",
      "score": "CVSS:3.1/AV:N/AC:H/PR:N/UI:N/S:U/C:H/I:H/A:N"
    },
    {
      "type": "CVSS_V4",
      "score": "CVSS:4.0/AV:N/AC:L/AT:P/PR:N/UI:N/VC:H/VI:H/VA:N/SC:N/SI:N/SA:N"
    }
  ],
  "affected": [
    {
      "package": {
        "ecosystem": "Go",
        "name": "github.com/fabedge/fabedge"
      },
      "ranges": [
        {
          "type": "ECOSYSTEM",
          "events": [
            {
              "introduced": "0"
            },
            {
              "last_affected": "0.8.1"
            }
          ]
        }
      ]
    }
  ],
  "references": [
    {
      "type": "ADVISORY",
      "url": "https://nvd.nist.gov/vuln/detail/CVE-2024-36536"
    },
    {
      "type": "WEB",
      "url": "https://gist.github.com/HouqiyuA/381f100f2ba82a8ada03994aac5bb2e8"
    },
    {
      "type": "PACKAGE",
      "url": "https://github.com/fabedge/fabedge"
    },
    {
      "type": "WEB",
      "url": "https://pkg.go.dev/vuln/GO-2024-3027"
    }
  ],
  "database_specific": {
    "cwe_ids": [
      "CWE-863"
    ],
    "severity": "CRITICAL",
    "github_reviewed": true,
    "github_reviewed_at": "2024-08-02T13:23:35Z",
    "nvd_published_at": "2024-07-24T19:15:04Z"
  }
}