{
  "schema_version": "1.4.0",
  "id": "GHSA-4286-h47h-m5v6",
  "modified": "2023-09-21T22:49:27Z",
  "published": "2021-10-25T19:43:24Z",
  "aliases": [
    "CVE-2021-41745"
  ],
  "summary": "Showdoc File Upload Vulnerability",
  "details": "A file upload vulnerability exists in Showdoc 2.8.3, which can be exploited by an attacker to gain server privileges.",
  "severity": [
    {
      "type": "CVSS_V3",
      "score": "CVSS:3.1/AV:N/AC:L/PR:N/UI:N/S:U/C:H/I:H/A:H"
    }
  ],
  "affected": [
    {
      "package": {
        "ecosystem": "Packagist",
        "name": "showdoc/showdoc"
      },
      "ranges": [
        {
          "type": "ECOSYSTEM",
          "events": [
            {
              "introduced": "0"
            },
            {
              "fixed": "2.8.5"
            }
          ]
        }
      ]
    }
  ],
  "references": [
    {
      "type": "ADVISORY",
      "url": "https://nvd.nist.gov/vuln/detail/CVE-2021-41745"
    },
    {
      "type": "WEB",
      "url": "https://github.com/star7th/showdoc/commit/aec3df841958059c1db9ab1af25acc2af81e4e0e"
    },
    {
      "type": "WEB",
      "url": "https://github.com/purple-WL/SHOWDOC-file-upload-vulnerability"
    },
    {
      "type": "PACKAGE",
      "url": "https://github.com/star7th/showdoc"
    },
    {
      "type": "WEB",
      "url": "https://www.cnvd.org.cn/flaw/show/CNVD-2020-49480"
    }
  ],
  "database_specific": {
    "cwe_ids": [
      "CWE-287",
      "CWE-434"
    ],
    "severity": "CRITICAL",
    "github_reviewed": true,
    "github_reviewed_at": "2021-10-25T18:46:11Z",
    "nvd_published_at": "2021-10-22T12:15:00Z"
  }
}