{
  "schema_version": "1.4.0",
  "id": "GHSA-7vrv-5m2h-rjw9",
  "modified": "2022-08-06T09:36:29Z",
  "published": "2022-07-26T00:01:05Z",
  "aliases": [
    "CVE-2020-28462"
  ],
  "summary": "ion-parser Prototype Pollution when malicious INI file submitted to application that parses with `parse`",
  "details": "This affects all versions of package ion-parser. If an attacker submits a malicious INI file to an application that parses it with `parse` , they will pollute the prototype on the application. This can be exploited further depending on the context.",
  "severity": [
    {
      "type": "CVSS_V3",
      "score": "CVSS:3.1/AV:N/AC:L/PR:N/UI:N/S:U/C:H/I:H/A:H"
    }
  ],
  "affected": [
    {
      "package": {
        "ecosystem": "npm",
        "name": "ion-parser"
      },
      "ranges": [
        {
          "type": "ECOSYSTEM",
          "events": [
            {
              "introduced": "0"
            },
            {
              "last_affected": "0.5.2"
            }
          ]
        }
      ]
    }
  ],
  "references": [
    {
      "type": "ADVISORY",
      "url": "https://nvd.nist.gov/vuln/detail/CVE-2020-28462"
    },
    {
      "type": "WEB",
      "url": "https://security.snyk.io/vuln/SNYK-JS-IONPARSER-1048971"
    }
  ],
  "database_specific": {
    "cwe_ids": [
      "CWE-1321"
    ],
    "severity": "CRITICAL",
    "github_reviewed": true,
    "github_reviewed_at": "2022-08-06T09:36:29Z",
    "nvd_published_at": "2022-07-25T14:15:00Z"
  }
}