{
  "schema_version": "1.4.0",
  "id": "GHSA-w5mp-8p8w-mhh8",
  "modified": "2021-01-07T22:35:45Z",
  "published": "2020-12-17T21:00:53Z",
  "aliases": [
    "CVE-2020-7781"
  ],
  "summary": "Command injection in connection-tester",
  "details": "This affects the package connection-tester before 0.2.1. The injection point is located in line 15 in index.js. Affected versions of this package are vulnerable to Command Injection",
  "severity": [
    {
      "type": "CVSS_V3",
      "score": "CVSS:3.1/AV:N/AC:L/PR:N/UI:N/S:U/C:H/I:H/A:H"
    }
  ],
  "affected": [
    {
      "package": {
        "ecosystem": "npm",
        "name": "connection-tester"
      },
      "ranges": [
        {
          "type": "ECOSYSTEM",
          "events": [
            {
              "introduced": "0"
            },
            {
              "fixed": "0.2.1"
            }
          ]
        }
      ]
    }
  ],
  "references": [
    {
      "type": "ADVISORY",
      "url": "https://nvd.nist.gov/vuln/detail/CVE-2020-7781"
    },
    {
      "type": "WEB",
      "url": "https://github.com/skoranga/node-connection-tester/pull/10"
    },
    {
      "type": "WEB",
      "url": "https://snyk.io/vuln/SNYK-JS-CONNECTIONTESTER-1048337"
    }
  ],
  "database_specific": {
    "cwe_ids": [
      "CWE-78"
    ],
    "severity": "CRITICAL",
    "github_reviewed": true,
    "github_reviewed_at": "2020-12-17T18:31:49Z",
    "nvd_published_at": "2020-12-16T18:15:00Z"
  }
}