{
  "schema_version": "1.4.0",
  "id": "GHSA-724x-gqhv-9c5x",
  "modified": "2025-02-10T20:22:27Z",
  "published": "2022-05-24T17:21:48Z",
  "aliases": [
    "CVE-2020-9578"
  ],
  "summary": "Magento command injection vulnerability",
  "details": "Magento versions 2.3.4 and earlier, 2.2.11 and earlier (see note), 1.14.4.4 and earlier, and 1.9.4.4 and earlier have a command injection vulnerability. Successful exploitation could lead to arbitrary code execution.",
  "severity": [
    {
      "type": "CVSS_V3",
      "score": "CVSS:3.1/AV:N/AC:L/PR:N/UI:N/S:U/C:H/I:H/A:H"
    }
  ],
  "affected": [
    {
      "package": {
        "ecosystem": "Packagist",
        "name": "magento/community-edition"
      },
      "ranges": [
        {
          "type": "ECOSYSTEM",
          "events": [
            {
              "introduced": "0"
            },
            {
              "last_affected": "2.2.11"
            }
          ]
        }
      ]
    },
    {
      "package": {
        "ecosystem": "Packagist",
        "name": "magento/community-edition"
      },
      "ranges": [
        {
          "type": "ECOSYSTEM",
          "events": [
            {
              "introduced": "2.3.0"
            },
            {
              "fixed": "2.3.4-p2"
            }
          ]
        }
      ]
    },
    {
      "package": {
        "ecosystem": "Packagist",
        "name": "magento/core"
      },
      "ranges": [
        {
          "type": "ECOSYSTEM",
          "events": [
            {
              "introduced": "0"
            },
            {
              "fixed": "1.9.4.5"
            }
          ]
        }
      ]
    },
    {
      "package": {
        "ecosystem": "Packagist",
        "name": "magento/project-community-edition"
      },
      "ranges": [
        {
          "type": "ECOSYSTEM",
          "events": [
            {
              "introduced": "0"
            },
            {
              "last_affected": "2.0.2"
            }
          ]
        }
      ]
    }
  ],
  "references": [
    {
      "type": "ADVISORY",
      "url": "https://nvd.nist.gov/vuln/detail/CVE-2020-9578"
    },
    {
      "type": "WEB",
      "url": "https://github.com/magento/magento2/commit/52d92dbd07f09620d23693ba0c4d4bdb4ba09916"
    },
    {
      "type": "WEB",
      "url": "https://helpx.adobe.com/security/products/magento/apsb20-22.html"
    }
  ],
  "database_specific": {
    "cwe_ids": [
      "CWE-78"
    ],
    "severity": "CRITICAL",
    "github_reviewed": true,
    "github_reviewed_at": "2024-01-11T17:54:46Z",
    "nvd_published_at": "2020-06-26T21:15:00Z"
  }
}