{
  "schema_version": "1.4.0",
  "id": "GHSA-4vp2-mj4m-69m4",
  "modified": "2024-04-24T22:43:36Z",
  "published": "2022-05-24T17:38:58Z",
  "aliases": [
    "CVE-2020-23653"
  ],
  "summary": "ThinkAdmin insecure unserialize vulnerability",
  "details": "An insecure unserialize vulnerability was discovered in ThinkAdmin versions 4.x through 6.x in `app/admin/controller/api/Update.php `and `app/wechat/controller/api/Push.php`, which may lead to arbitrary remote code execution.",
  "severity": [
    {
      "type": "CVSS_V3",
      "score": "CVSS:3.1/AV:N/AC:L/PR:N/UI:N/S:U/C:H/I:H/A:H"
    }
  ],
  "affected": [
    {
      "package": {
        "ecosystem": "Packagist",
        "name": "zoujingli/thinkadmin"
      },
      "ranges": [
        {
          "type": "ECOSYSTEM",
          "events": [
            {
              "introduced": "4.0"
            },
            {
              "last_affected": "6.0"
            }
          ]
        }
      ]
    }
  ],
  "references": [
    {
      "type": "ADVISORY",
      "url": "https://nvd.nist.gov/vuln/detail/CVE-2020-23653"
    },
    {
      "type": "WEB",
      "url": "https://github.com/zoujingli/ThinkAdmin/issues/238"
    },
    {
      "type": "PACKAGE",
      "url": "https://github.com/zoujingli/ThinkAdmin"
    }
  ],
  "database_specific": {
    "cwe_ids": [
      "CWE-502"
    ],
    "severity": "CRITICAL",
    "github_reviewed": true,
    "github_reviewed_at": "2024-04-24T22:43:36Z",
    "nvd_published_at": "2021-01-13T18:15:00Z"
  }
}