{
  "schema_version": "1.4.0",
  "id": "GHSA-v4f4-23wc-99mh",
  "modified": "2024-10-11T21:25:16Z",
  "published": "2023-06-30T21:30:26Z",
  "aliases": [
    "CVE-2023-31543"
  ],
  "summary": "pipreqs vulnerable to Dependency Confusion",
  "details": "A dependency confusion in pipreqs v0.3.0 to v0.4.11 allows attackers to execute arbitrary code via uploading a crafted PyPI package to the chosen repository server.",
  "severity": [
    {
      "type": "CVSS_V3",
      "score": "CVSS:3.1/AV:N/AC:L/PR:N/UI:N/S:U/C:H/I:H/A:H"
    },
    {
      "type": "CVSS_V4",
      "score": "CVSS:4.0/AV:N/AC:L/AT:N/PR:N/UI:N/VC:H/VI:H/VA:H/SC:N/SI:N/SA:N"
    }
  ],
  "affected": [
    {
      "package": {
        "ecosystem": "PyPI",
        "name": "pipreqs"
      },
      "ranges": [
        {
          "type": "ECOSYSTEM",
          "events": [
            {
              "introduced": "0.3.0"
            },
            {
              "fixed": "0.4.12"
            }
          ]
        }
      ]
    }
  ],
  "references": [
    {
      "type": "ADVISORY",
      "url": "https://nvd.nist.gov/vuln/detail/CVE-2023-31543"
    },
    {
      "type": "WEB",
      "url": "https://github.com/bndr/pipreqs/pull/364"
    },
    {
      "type": "WEB",
      "url": "https://github.com/bndr/pipreqs/commit/3f5964fcb90ec6eb6df46d78e651a1b73538d0ba"
    },
    {
      "type": "WEB",
      "url": "https://gist.github.com/adeadfed/ccc834440af354a5638f889bee34bafe"
    },
    {
      "type": "PACKAGE",
      "url": "https://github.com/bndr/pipreqs"
    },
    {
      "type": "WEB",
      "url": "https://github.com/bndr/pipreqs/blob/master/pipreqs/pipreqs.py#L447-L449"
    },
    {
      "type": "WEB",
      "url": "https://github.com/pypa/advisory-database/tree/main/vulns/pipreqs/PYSEC-2023-99.yaml"
    }
  ],
  "database_specific": {
    "cwe_ids": [
      "CWE-427"
    ],
    "severity": "CRITICAL",
    "github_reviewed": true,
    "github_reviewed_at": "2023-06-30T22:12:37Z",
    "nvd_published_at": "2023-06-30T20:15:09Z"
  }
}