{
  "schema_version": "1.4.0",
  "id": "GHSA-rc58-qr9j-cpgw",
  "modified": "2023-01-04T13:54:50Z",
  "published": "2022-12-20T12:30:22Z",
  "aliases": [
    "CVE-2022-46421"
  ],
  "summary": "Apache Airflow Hive Provider vulnerable to Command Injection",
  "details": "Improper Neutralization of Special Elements used in a Command ('Command Injection') vulnerability in Apache Software Foundation Apache Airflow Hive Provider.This issue affects Apache Airflow Hive Provider before 5.0.0.",
  "severity": [
    {
      "type": "CVSS_V3",
      "score": "CVSS:3.1/AV:N/AC:L/PR:N/UI:N/S:U/C:H/I:H/A:H"
    }
  ],
  "affected": [
    {
      "package": {
        "ecosystem": "PyPI",
        "name": "apache-airflow-providers-apache-hive"
      },
      "ranges": [
        {
          "type": "ECOSYSTEM",
          "events": [
            {
              "introduced": "0"
            },
            {
              "fixed": "5.0.0"
            }
          ]
        }
      ]
    }
  ],
  "references": [
    {
      "type": "ADVISORY",
      "url": "https://nvd.nist.gov/vuln/detail/CVE-2022-46421"
    },
    {
      "type": "WEB",
      "url": "https://github.com/apache/airflow/pull/28101"
    },
    {
      "type": "PACKAGE",
      "url": "https://github.com/apache/airflow"
    },
    {
      "type": "WEB",
      "url": "https://lists.apache.org/thread/09twdoyoybldlfj5gvk0qswtofh0rmp4"
    }
  ],
  "database_specific": {
    "cwe_ids": [
      "CWE-77"
    ],
    "severity": "CRITICAL",
    "github_reviewed": true,
    "github_reviewed_at": "2023-01-04T13:54:50Z",
    "nvd_published_at": "2022-12-20T11:15:00Z"
  }
}