{
  "schema_version": "1.4.0",
  "id": "GHSA-6rfv-h5v8-cj7g",
  "modified": "2023-04-07T21:33:30Z",
  "published": "2023-03-31T21:30:37Z",
  "aliases": [
    "CVE-2023-1784"
  ],
  "summary": "jeecg-boot vulnerable to improper authentication ",
  "details": "A vulnerability was found in jeecg-boot 3.5.0 that affects some unknown processing of the component API Documentation. The manipulation leads to improper authentication because the software does not prove or insufficiently proves that an identity claim is correct when an actor claims to have a given identity. The attack may be initiated remotely and the exploit has been disclosed to the public and may be used.",
  "severity": [
    {
      "type": "CVSS_V3",
      "score": "CVSS:3.1/AV:N/AC:L/PR:N/UI:N/S:U/C:H/I:H/A:H"
    }
  ],
  "affected": [
    {
      "package": {
        "ecosystem": "Maven",
        "name": "org.jeecgframework.boot:jeecg-boot-parent"
      },
      "ranges": [
        {
          "type": "ECOSYSTEM",
          "events": [
            {
              "introduced": "0"
            },
            {
              "last_affected": "3.5.0"
            }
          ]
        }
      ]
    }
  ],
  "references": [
    {
      "type": "ADVISORY",
      "url": "https://nvd.nist.gov/vuln/detail/CVE-2023-1784"
    },
    {
      "type": "WEB",
      "url": "https://github.com/jeecgboot/jeecg-boot"
    },
    {
      "type": "WEB",
      "url": "https://note.youdao.com/ynoteshare/index.html?id=7eb8fc804ea3544d8add43749a09173e"
    },
    {
      "type": "WEB",
      "url": "https://vuldb.com/?ctiid.224699"
    },
    {
      "type": "WEB",
      "url": "https://vuldb.com/?id.224699"
    }
  ],
  "database_specific": {
    "cwe_ids": [
      "CWE-287"
    ],
    "severity": "CRITICAL",
    "github_reviewed": true,
    "github_reviewed_at": "2023-04-07T21:33:30Z",
    "nvd_published_at": "2023-03-31T20:15:00Z"
  }
}