{
  "schema_version": "1.4.0",
  "id": "GHSA-h3xg-wv58-5p43",
  "modified": "2025-01-09T23:37:53Z",
  "published": "2023-11-16T18:30:31Z",
  "aliases": [
    "CVE-2023-6019"
  ],
  "summary": "Ray OS Command Injection vulnerability",
  "details": "A command injection exists in Ray's cpu_profile URL parameter allowing attackers to execute os commands on the system running the ray dashboard remotely without authentication.",
  "severity": [
    {
      "type": "CVSS_V3",
      "score": "CVSS:3.1/AV:N/AC:L/PR:N/UI:N/S:U/C:H/I:H/A:H"
    }
  ],
  "affected": [
    {
      "package": {
        "ecosystem": "PyPI",
        "name": "ray"
      },
      "ranges": [
        {
          "type": "ECOSYSTEM",
          "events": [
            {
              "introduced": "0"
            },
            {
              "fixed": "2.8.1"
            }
          ]
        }
      ]
    }
  ],
  "references": [
    {
      "type": "ADVISORY",
      "url": "https://nvd.nist.gov/vuln/detail/CVE-2023-6019"
    },
    {
      "type": "WEB",
      "url": "https://github.com/ray-project/ray"
    },
    {
      "type": "WEB",
      "url": "https://github.com/ray-project/ray/releases/tag/ray-2.8.1"
    },
    {
      "type": "WEB",
      "url": "https://huntr.com/bounties/d0290f3c-b302-4161-89f2-c13bb28b4cfe"
    },
    {
      "type": "WEB",
      "url": "https://www.anyscale.com/blog/update-on-ray-cves-cve-2023-6019-cve-2023-6020-cve-2023-6021-cve-2023-48022-cve-2023-48023"
    }
  ],
  "database_specific": {
    "cwe_ids": [
      "CWE-78"
    ],
    "severity": "CRITICAL",
    "github_reviewed": true,
    "github_reviewed_at": "2023-11-27T23:21:35Z",
    "nvd_published_at": "2023-11-16T17:15:08Z"
  }
}