{
  "schema_version": "1.4.0",
  "id": "GHSA-mcjj-2fvq-mc3r",
  "modified": "2022-10-11T21:20:56Z",
  "published": "2022-10-11T19:00:29Z",
  "aliases": [
    "CVE-2022-32174"
  ],
  "summary": "Gogs vulnerable to Cross-site Scripting",
  "details": "In Gogs, versions v0.6.5 through v0.12.10 are vulnerable to Stored Cross-Site Scripting (XSS) that leads to an account takeover.",
  "severity": [
    {
      "type": "CVSS_V3",
      "score": "CVSS:3.1/AV:N/AC:L/PR:L/UI:R/S:C/C:H/I:H/A:H"
    }
  ],
  "affected": [
    {
      "package": {
        "ecosystem": "Go",
        "name": "gogs.io/gogs"
      },
      "ranges": [
        {
          "type": "ECOSYSTEM",
          "events": [
            {
              "introduced": "0.6.5"
            },
            {
              "last_affected": "0.12.10"
            }
          ]
        }
      ]
    }
  ],
  "references": [
    {
      "type": "ADVISORY",
      "url": "https://nvd.nist.gov/vuln/detail/CVE-2022-32174"
    },
    {
      "type": "PACKAGE",
      "url": "https://github.com/gogs/gogs"
    },
    {
      "type": "WEB",
      "url": "https://github.com/gogs/gogs/blob/v0.12.10/public/js/gogs.js#L263"
    },
    {
      "type": "WEB",
      "url": "https://www.mend.io/vulnerability-database/CVE-2022-32174"
    }
  ],
  "database_specific": {
    "cwe_ids": [
      "CWE-79"
    ],
    "severity": "CRITICAL",
    "github_reviewed": true,
    "github_reviewed_at": "2022-10-11T21:20:56Z",
    "nvd_published_at": "2022-10-11T15:15:00Z"
  }
}