{
  "schema_version": "1.4.0",
  "id": "GHSA-vh2r-x97c-2vpr",
  "modified": "2022-02-25T21:43:52Z",
  "published": "2022-02-17T00:00:26Z",
  "aliases": [
    "CVE-2022-22880"
  ],
  "summary": "SQL Injection in Jeecg-boot",
  "details": "Jeecg-boot v3.0 was discovered to contain a SQL injection vulnerability via the code parameter in /jeecg-boot/sys/user/queryUserByDepId.",
  "severity": [
    {
      "type": "CVSS_V3",
      "score": "CVSS:3.1/AV:N/AC:L/PR:N/UI:N/S:U/C:H/I:H/A:H"
    }
  ],
  "affected": [
    {
      "package": {
        "ecosystem": "Maven",
        "name": "org.jeecgframework.boot:jeecg-boot-base"
      },
      "ranges": [
        {
          "type": "ECOSYSTEM",
          "events": [
            {
              "introduced": "0"
            },
            {
              "last_affected": "3.0"
            }
          ]
        }
      ]
    },
    {
      "package": {
        "ecosystem": "Maven",
        "name": "org.jeecgframework.boot:jeecg-boot-base-core"
      },
      "ranges": [
        {
          "type": "ECOSYSTEM",
          "events": [
            {
              "introduced": "0"
            },
            {
              "last_affected": "3.0"
            }
          ]
        }
      ]
    }
  ],
  "references": [
    {
      "type": "ADVISORY",
      "url": "https://nvd.nist.gov/vuln/detail/CVE-2022-22880"
    },
    {
      "type": "WEB",
      "url": "https://github.com/jeecgboot/jeecg-boot/issues/3347"
    }
  ],
  "database_specific": {
    "cwe_ids": [
      "CWE-89"
    ],
    "severity": "CRITICAL",
    "github_reviewed": true,
    "github_reviewed_at": "2022-02-25T21:43:52Z",
    "nvd_published_at": "2022-02-16T22:15:00Z"
  }
}