{
  "schema_version": "1.4.0",
  "id": "GHSA-cvh4-cjc9-84qm",
  "modified": "2022-12-02T22:20:46Z",
  "published": "2022-11-29T21:30:25Z",
  "aliases": [
    "CVE-2022-3751"
  ],
  "summary": "owncast is vulnerable to SQL Injection",
  "details": "SQL Injection in GitHub repository owncast/owncast prior to 0.0.13.",
  "severity": [
    {
      "type": "CVSS_V3",
      "score": "CVSS:3.1/AV:N/AC:L/PR:N/UI:N/S:U/C:H/I:H/A:H"
    }
  ],
  "affected": [
    {
      "package": {
        "ecosystem": "Go",
        "name": "github.com/owncast/owncast"
      },
      "ranges": [
        {
          "type": "ECOSYSTEM",
          "events": [
            {
              "introduced": "0"
            },
            {
              "fixed": "0.0.13"
            }
          ]
        }
      ]
    }
  ],
  "references": [
    {
      "type": "ADVISORY",
      "url": "https://nvd.nist.gov/vuln/detail/CVE-2022-3751"
    },
    {
      "type": "WEB",
      "url": "https://github.com/owncast/owncast/pull/2257"
    },
    {
      "type": "WEB",
      "url": "https://github.com/owncast/owncast/commit/23b6e5868d5501726c27a3fabbecf49000968591"
    },
    {
      "type": "PACKAGE",
      "url": "https://github.com/owncast/owncast"
    },
    {
      "type": "WEB",
      "url": "https://huntr.dev/bounties/a04cff99-5d53-45e5-a882-771b0fad62c9"
    }
  ],
  "database_specific": {
    "cwe_ids": [
      "CWE-89"
    ],
    "severity": "CRITICAL",
    "github_reviewed": true,
    "github_reviewed_at": "2022-12-02T22:20:46Z",
    "nvd_published_at": "2022-11-29T21:15:00Z"
  }
}