{
  "schema_version": "1.4.0",
  "id": "GHSA-6m53-c78q-7qmg",
  "modified": "2024-10-01T19:29:59Z",
  "published": "2018-07-31T18:18:19Z",
  "aliases": [
    "CVE-2018-14505"
  ],
  "summary": "Mitmweb in mitmproxy allows DNS Rebinding attacks",
  "details": "mitmweb in mitmproxy before v4.0.4 allows DNS Rebinding attacks, related to tools/web/app.py.",
  "severity": [
    {
      "type": "CVSS_V3",
      "score": "CVSS:3.0/AV:N/AC:L/PR:N/UI:R/S:U/C:H/I:H/A:H"
    },
    {
      "type": "CVSS_V4",
      "score": "CVSS:4.0/AV:N/AC:L/AT:P/PR:N/UI:N/VC:H/VI:H/VA:H/SC:N/SI:N/SA:N"
    }
  ],
  "affected": [
    {
      "package": {
        "ecosystem": "PyPI",
        "name": "mitmproxy"
      },
      "ranges": [
        {
          "type": "ECOSYSTEM",
          "events": [
            {
              "introduced": "0"
            },
            {
              "fixed": "4.0.4"
            }
          ]
        }
      ]
    }
  ],
  "references": [
    {
      "type": "ADVISORY",
      "url": "https://nvd.nist.gov/vuln/detail/CVE-2018-14505"
    },
    {
      "type": "WEB",
      "url": "https://github.com/mitmproxy/mitmproxy/issues/3234"
    },
    {
      "type": "WEB",
      "url": "https://github.com/mitmproxy/mitmproxy/pull/3243"
    },
    {
      "type": "WEB",
      "url": "https://github.com/mitmproxy/mitmproxy/commit/7f464b89296881f4d9ec032378c4418e832d17e3"
    },
    {
      "type": "ADVISORY",
      "url": "https://github.com/advisories/GHSA-6m53-c78q-7qmg"
    },
    {
      "type": "PACKAGE",
      "url": "https://github.com/mitmproxy/mitmproxy"
    },
    {
      "type": "WEB",
      "url": "https://github.com/pypa/advisory-database/tree/main/vulns/mitmproxy/PYSEC-2018-56.yaml"
    }
  ],
  "database_specific": {
    "cwe_ids": [
      "CWE-20"
    ],
    "severity": "CRITICAL",
    "github_reviewed": true,
    "github_reviewed_at": "2020-06-16T21:19:42Z",
    "nvd_published_at": null
  }
}