{
  "schema_version": "1.4.0",
  "id": "GHSA-72w9-fcj5-3fcg",
  "modified": "2022-05-04T01:54:57Z",
  "published": "2021-05-07T15:53:10Z",
  "aliases": [
    "CVE-2020-11989"
  ],
  "summary": "Improper Authentication in Apache Shiro",
  "details": "Apache Shiro is a powerful and easy-to-use Java security framework that performs authentication, authorization, cryptography, and session management. Apache Shiro before 1.5.3, when using Apache Shiro with Spring dynamic controllers, a specially crafted request may cause an authentication bypass.",
  "severity": [
    {
      "type": "CVSS_V3",
      "score": "CVSS:3.1/AV:N/AC:L/PR:N/UI:N/S:U/C:H/I:H/A:H"
    }
  ],
  "affected": [
    {
      "package": {
        "ecosystem": "Maven",
        "name": "org.apache.shiro:shiro-core"
      },
      "ranges": [
        {
          "type": "ECOSYSTEM",
          "events": [
            {
              "introduced": "0"
            },
            {
              "fixed": "1.5.3"
            }
          ]
        }
      ]
    }
  ],
  "references": [
    {
      "type": "ADVISORY",
      "url": "https://nvd.nist.gov/vuln/detail/CVE-2020-11989"
    },
    {
      "type": "PACKAGE",
      "url": "https://github.com/apache/shiro"
    },
    {
      "type": "WEB",
      "url": "https://lists.apache.org/thread.html/r2d2612c034ab21a3a19d2132d47d3e4aa70105008dd58af62b653040@%3Ccommits.shiro.apache.org%3E"
    },
    {
      "type": "WEB",
      "url": "https://lists.apache.org/thread.html/r408fe60bc8fdfd7c74135249d646d7abadb807ebf90f6fd2b014df21@%3Cdev.geode.apache.org%3E"
    },
    {
      "type": "WEB",
      "url": "https://lists.apache.org/thread.html/r72815a124a119c450b86189767d06848e0d380b1795c6c511d54a675%40%3Cuser.shiro.apache.org%3E"
    },
    {
      "type": "WEB",
      "url": "https://lists.apache.org/thread.html/r72815a124a119c450b86189767d06848e0d380b1795c6c511d54a675@%3Cdev.shiro.apache.org%3E"
    },
    {
      "type": "WEB",
      "url": "https://lists.apache.org/thread.html/r72815a124a119c450b86189767d06848e0d380b1795c6c511d54a675@%3Cuser.shiro.apache.org%3E"
    },
    {
      "type": "WEB",
      "url": "https://lists.apache.org/thread.html/rab1972d6b177f7b5c3dde9cfb0a40f03bca75f0eaf1d8311e5762cb3@%3Ccommits.shiro.apache.org%3E"
    },
    {
      "type": "WEB",
      "url": "https://lists.apache.org/thread.html/rc8b39ea8b3ef71ddc1cd74ffc866546182683c8adecf19c263fe7ac0@%3Ccommits.shiro.apache.org%3E"
    },
    {
      "type": "WEB",
      "url": "https://lists.apache.org/thread.html/rcf3d8041e1232201fe5d74fc612a193e435784d64002409b448b58fe@%3Cdev.geode.apache.org%3E"
    }
  ],
  "database_specific": {
    "cwe_ids": [
      "CWE-287"
    ],
    "severity": "CRITICAL",
    "github_reviewed": true,
    "github_reviewed_at": "2021-05-06T20:07:20Z",
    "nvd_published_at": "2020-06-22T19:15:00Z"
  }
}