{
  "schema_version": "1.4.0",
  "id": "GHSA-8j7x-pr59-m5h8",
  "modified": "2021-09-30T21:37:21Z",
  "published": "2020-09-02T21:31:18Z",
  "aliases": [],
  "summary": "Malicious Package in whiteproject",
  "details": "All versions of `whiteproject` contain obfuscated malware that uploads Discord user tokens to a remote server. This allows attackers to make purchases on behalf of users if they have credit cards linked to their Discord accounts.\n\n\n## Recommendation\n\nRemove the package from your environment. Review your Discord account access and rotate tokens if possible. If a credit card was linked to a compromised account contact your credit card company.",
  "severity": [
    {
      "type": "CVSS_V3",
      "score": "CVSS:3.1/AV:N/AC:L/PR:N/UI:N/S:U/C:H/I:H/A:H"
    }
  ],
  "affected": [
    {
      "package": {
        "ecosystem": "npm",
        "name": "whiteproject"
      },
      "ranges": [
        {
          "type": "ECOSYSTEM",
          "events": [
            {
              "introduced": "0"
            }
          ]
        }
      ]
    }
  ],
  "references": [
    {
      "type": "WEB",
      "url": "https://www.npmjs.com/advisories/898"
    }
  ],
  "database_specific": {
    "cwe_ids": [
      "CWE-506"
    ],
    "severity": "CRITICAL",
    "github_reviewed": true,
    "github_reviewed_at": "2020-08-31T18:39:48Z",
    "nvd_published_at": null
  }
}