{
  "schema_version": "1.4.0",
  "id": "GHSA-x4wf-678h-2pmq",
  "modified": "2024-08-02T16:07:44Z",
  "published": "2024-04-16T21:31:28Z",
  "aliases": [
    "CVE-2024-3660"
  ],
  "summary": "Keras code injection vulnerability",
  "details": "A arbitrary code injection vulnerability in TensorFlow's Keras framework (<2.13) allows attackers to execute arbitrary code with the same permissions as the application using a model that allow arbitrary code irrespective of the application.",
  "severity": [
    {
      "type": "CVSS_V3",
      "score": "CVSS:3.1/AV:N/AC:L/PR:N/UI:N/S:U/C:H/I:H/A:H"
    },
    {
      "type": "CVSS_V4",
      "score": "CVSS:4.0/AV:N/AC:L/AT:N/PR:N/UI:N/VC:H/VI:H/VA:H/SC:N/SI:N/SA:N"
    }
  ],
  "affected": [
    {
      "package": {
        "ecosystem": "PyPI",
        "name": "keras"
      },
      "ranges": [
        {
          "type": "ECOSYSTEM",
          "events": [
            {
              "introduced": "0"
            },
            {
              "fixed": "2.13.1rc0"
            }
          ]
        }
      ]
    }
  ],
  "references": [
    {
      "type": "ADVISORY",
      "url": "https://nvd.nist.gov/vuln/detail/CVE-2024-3660"
    },
    {
      "type": "PACKAGE",
      "url": "https://github.com/keras-team/keras"
    },
    {
      "type": "WEB",
      "url": "https://github.com/keras-team/keras/compare/r2.12...r2.13"
    },
    {
      "type": "WEB",
      "url": "https://kb.cert.org/vuls/id/253266"
    },
    {
      "type": "WEB",
      "url": "https://www.kb.cert.org/vuls/id/253266"
    }
  ],
  "database_specific": {
    "cwe_ids": [
      "CWE-94"
    ],
    "severity": "CRITICAL",
    "github_reviewed": true,
    "github_reviewed_at": "2024-08-02T16:07:44Z",
    "nvd_published_at": "2024-04-16T21:15:08Z"
  }
}