{
  "schema_version": "1.4.0",
  "id": "GHSA-jc4v-vvg6-xg78",
  "modified": "2022-04-01T17:14:52Z",
  "published": "2022-03-29T00:01:16Z",
  "aliases": [
    "CVE-2021-26599"
  ],
  "summary": "SQL Injection in ImpressCMS",
  "details": "ImpressCMS before 1.4.3 allows include/findusers.php groups SQL Injection.",
  "severity": [
    {
      "type": "CVSS_V3",
      "score": "CVSS:3.1/AV:N/AC:L/PR:N/UI:N/S:U/C:H/I:H/A:H"
    }
  ],
  "affected": [
    {
      "package": {
        "ecosystem": "Packagist",
        "name": "impresscms/impresscms"
      },
      "ranges": [
        {
          "type": "ECOSYSTEM",
          "events": [
            {
              "introduced": "0"
            },
            {
              "fixed": "1.4.3"
            }
          ]
        }
      ]
    }
  ],
  "references": [
    {
      "type": "ADVISORY",
      "url": "https://nvd.nist.gov/vuln/detail/CVE-2021-26599"
    },
    {
      "type": "WEB",
      "url": "https://hackerone.com/reports/1081145"
    },
    {
      "type": "PACKAGE",
      "url": "https://github.com/ImpressCMS/impresscms"
    },
    {
      "type": "WEB",
      "url": "https://github.com/ImpressCMS/impresscms/releases/tag/v1.4.3"
    },
    {
      "type": "WEB",
      "url": "http://karmainsecurity.com/KIS-2022-04"
    },
    {
      "type": "WEB",
      "url": "http://packetstormsecurity.com/files/166404/ImpressCMS-1.4.2-SQL-Injection.html"
    },
    {
      "type": "WEB",
      "url": "http://seclists.org/fulldisclosure/2022/Mar/46"
    }
  ],
  "database_specific": {
    "cwe_ids": [
      "CWE-89"
    ],
    "severity": "CRITICAL",
    "github_reviewed": true,
    "github_reviewed_at": "2022-04-01T17:14:52Z",
    "nvd_published_at": "2022-03-28T01:15:00Z"
  }
}