{
  "schema_version": "1.4.0",
  "id": "GHSA-vg8g-jpm9-jh8r",
  "modified": "2024-10-21T20:51:43Z",
  "published": "2022-05-13T01:44:08Z",
  "aliases": [
    "CVE-2017-16616"
  ],
  "summary": "Unsafe pyyaml load usage in PyAnyAPI",
  "details": "An exploitable vulnerability exists in the YAML parsing functionality in the YAMLParser method in Interfaces.py in PyAnyAPI before 0.6.1. A YAML parser can execute arbitrary Python commands resulting in command execution because `load` is used where `safe_load` should have been used. An attacker can insert Python into loaded YAML to trigger this vulnerability.",
  "severity": [
    {
      "type": "CVSS_V3",
      "score": "CVSS:3.0/AV:N/AC:L/PR:N/UI:N/S:U/C:H/I:H/A:H"
    },
    {
      "type": "CVSS_V4",
      "score": "CVSS:4.0/AV:N/AC:L/AT:N/PR:N/UI:N/VC:H/VI:H/VA:H/SC:N/SI:N/SA:N"
    }
  ],
  "affected": [
    {
      "package": {
        "ecosystem": "PyPI",
        "name": "pyanyapi"
      },
      "ranges": [
        {
          "type": "ECOSYSTEM",
          "events": [
            {
              "introduced": "0"
            },
            {
              "fixed": "0.6.1"
            }
          ]
        }
      ]
    }
  ],
  "references": [
    {
      "type": "ADVISORY",
      "url": "https://nvd.nist.gov/vuln/detail/CVE-2017-16616"
    },
    {
      "type": "WEB",
      "url": "https://github.com/Stranger6667/pyanyapi/issues/41"
    },
    {
      "type": "WEB",
      "url": "https://github.com/Stranger6667/pyanyapi/commit/810db626c18ebc261d5f4299d0f0eac38d5eb3cf"
    },
    {
      "type": "PACKAGE",
      "url": "https://github.com/Stranger6667/pyanyapi"
    },
    {
      "type": "WEB",
      "url": "https://github.com/Stranger6667/pyanyapi/releases/tag/0.6.1"
    },
    {
      "type": "ADVISORY",
      "url": "https://github.com/advisories/GHSA-vg8g-jpm9-jh8r"
    },
    {
      "type": "WEB",
      "url": "https://github.com/pypa/advisory-database/tree/main/vulns/pyanyapi/PYSEC-2017-23.yaml"
    },
    {
      "type": "WEB",
      "url": "https://joel-malwarebenchmark.github.io/blog/2017/11/08/cve-2017-16616-yamlparser-in-pyanyapi"
    },
    {
      "type": "WEB",
      "url": "https://pypi.python.org/pypi/pyanyapi/0.6.1"
    }
  ],
  "database_specific": {
    "cwe_ids": [
      "CWE-502"
    ],
    "severity": "CRITICAL",
    "github_reviewed": true,
    "github_reviewed_at": "2022-05-26T18:45:59Z",
    "nvd_published_at": "2017-11-08T03:29:00Z"
  }
}