{
  "schema_version": "1.4.0",
  "id": "GHSA-g7mq-rfj2-25wq",
  "modified": "2023-09-11T16:19:43Z",
  "published": "2021-12-10T17:26:33Z",
  "aliases": [
    "CVE-2021-23390"
  ],
  "summary": "Code Injection in total4",
  "details": "The package total4 before 0.0.43 are vulnerable to Arbitrary Code Execution via the `U.set()` and `U.get()` functions.",
  "severity": [
    {
      "type": "CVSS_V3",
      "score": "CVSS:3.1/AV:N/AC:L/PR:N/UI:N/S:U/C:H/I:H/A:H"
    }
  ],
  "affected": [
    {
      "package": {
        "ecosystem": "npm",
        "name": "total4"
      },
      "ranges": [
        {
          "type": "ECOSYSTEM",
          "events": [
            {
              "introduced": "0"
            },
            {
              "fixed": "0.0.43"
            }
          ]
        }
      ]
    }
  ],
  "references": [
    {
      "type": "ADVISORY",
      "url": "https://nvd.nist.gov/vuln/detail/CVE-2021-23390"
    },
    {
      "type": "WEB",
      "url": "https://github.com/totaljs/framework4/commit/8a72d8c20f38bbcac031a76a51238aa528f68821"
    },
    {
      "type": "WEB",
      "url": "https://github.com/totaljs/framework4/blob/master/utils.js%23L5430-L5455"
    },
    {
      "type": "WEB",
      "url": "https://snyk.io/vuln/SNYK-JS-TOTAL4-1130527"
    }
  ],
  "database_specific": {
    "cwe_ids": [
      "CWE-94"
    ],
    "severity": "CRITICAL",
    "github_reviewed": true,
    "github_reviewed_at": "2021-07-13T19:43:28Z",
    "nvd_published_at": "2021-07-12T16:15:00Z"
  }
}