{
  "schema_version": "1.4.0",
  "id": "GHSA-9m49-vhwv-422g",
  "modified": "2024-04-24T22:53:36Z",
  "published": "2022-05-14T03:46:35Z",
  "aliases": [
    "CVE-2017-1000480"
  ],
  "summary": "Smarty PHP code injection",
  "details": "Smarty 3 before 3.1.32 is vulnerable to a PHP code injection when calling fetch() or display() functions on custom resources that does not sanitize template name.",
  "severity": [
    {
      "type": "CVSS_V3",
      "score": "CVSS:3.0/AV:N/AC:L/PR:N/UI:N/S:U/C:H/I:H/A:H"
    }
  ],
  "affected": [
    {
      "package": {
        "ecosystem": "Packagist",
        "name": "smarty/smarty"
      },
      "ranges": [
        {
          "type": "ECOSYSTEM",
          "events": [
            {
              "introduced": "3"
            },
            {
              "fixed": "3.1.32"
            }
          ]
        }
      ]
    }
  ],
  "references": [
    {
      "type": "ADVISORY",
      "url": "https://nvd.nist.gov/vuln/detail/CVE-2017-1000480"
    },
    {
      "type": "PACKAGE",
      "url": "https://github.com/smarty-php/smarty"
    },
    {
      "type": "WEB",
      "url": "https://github.com/smarty-php/smarty/blob/master/change_log.txt"
    },
    {
      "type": "WEB",
      "url": "https://lists.debian.org/debian-lts-announce/2018/01/msg00023.html"
    },
    {
      "type": "WEB",
      "url": "https://lists.debian.org/debian-lts-announce/2018/02/msg00000.html"
    },
    {
      "type": "WEB",
      "url": "https://www.debian.org/security/2018/dsa-4094"
    }
  ],
  "database_specific": {
    "cwe_ids": [
      "CWE-94"
    ],
    "severity": "CRITICAL",
    "github_reviewed": true,
    "github_reviewed_at": "2024-04-24T22:53:36Z",
    "nvd_published_at": "2018-01-03T18:29:00Z"
  }
}