{
  "schema_version": "1.4.0",
  "id": "GHSA-cj2f-96jq-phpp",
  "modified": "2023-07-31T18:33:51Z",
  "published": "2022-05-14T02:46:24Z",
  "aliases": [
    "CVE-2016-3109"
  ],
  "summary": "Shopware RCE Vulnerability",
  "details": "The `backend/Login/load/` script in Shopware before 5.1.5 allows remote attackers to execute arbitrary code.",
  "severity": [
    {
      "type": "CVSS_V3",
      "score": "CVSS:3.0/AV:N/AC:L/PR:N/UI:N/S:U/C:H/I:H/A:H"
    }
  ],
  "affected": [
    {
      "package": {
        "ecosystem": "Packagist",
        "name": "shopware/shopware"
      },
      "ranges": [
        {
          "type": "ECOSYSTEM",
          "events": [
            {
              "introduced": "0"
            },
            {
              "fixed": "4.3.7"
            }
          ]
        }
      ]
    },
    {
      "package": {
        "ecosystem": "Packagist",
        "name": "shopware/shopware"
      },
      "ranges": [
        {
          "type": "ECOSYSTEM",
          "events": [
            {
              "introduced": "5.0.0"
            },
            {
              "fixed": "5.1.5"
            }
          ]
        }
      ]
    }
  ],
  "references": [
    {
      "type": "ADVISORY",
      "url": "https://nvd.nist.gov/vuln/detail/CVE-2016-3109"
    },
    {
      "type": "WEB",
      "url": "https://github.com/shopware/shopware/commit/d73e9031a5b2ab6e918eb86d1e2b2e873cd3558d"
    },
    {
      "type": "WEB",
      "url": "https://community.shopware.com/_detail_1918.html"
    },
    {
      "type": "WEB",
      "url": "https://github.com/FriendsOfPHP/security-advisories/blob/master/shopware/shopware/CVE-2016-3109.yaml"
    },
    {
      "type": "WEB",
      "url": "https://web.archive.org/web/20200814090044/http://www.securityfocus.com/archive/1/538173/100/0/threaded"
    },
    {
      "type": "WEB",
      "url": "https://web.archive.org/web/20210125193827/http://www.securityfocus.com/bid/97979"
    },
    {
      "type": "WEB",
      "url": "http://packetstormsecurity.com/files/136781/Shopware-Remote-Code-Execution.html"
    }
  ],
  "database_specific": {
    "cwe_ids": [
      "CWE-20"
    ],
    "severity": "CRITICAL",
    "github_reviewed": true,
    "github_reviewed_at": "2023-07-31T18:33:51Z",
    "nvd_published_at": "2017-04-21T20:59:00Z"
  }
}