{
  "schema_version": "1.4.0",
  "id": "GHSA-r3r5-jhw6-4634",
  "modified": "2022-04-19T18:16:59Z",
  "published": "2022-04-08T00:00:24Z",
  "aliases": [
    "CVE-2022-27818"
  ],
  "summary": "Insecure temporary file usage in SWHKD",
  "details": "SWHKD 1.1.5 unsafely uses the /tmp/swhkd.sock pathname. There can be an information leak or denial of service.",
  "severity": [
    {
      "type": "CVSS_V3",
      "score": "CVSS:3.1/AV:N/AC:L/PR:N/UI:N/S:U/C:H/I:N/A:H"
    }
  ],
  "affected": [
    {
      "package": {
        "ecosystem": "crates.io",
        "name": "Simple-Wayland-HotKey-Daemon"
      },
      "ranges": [
        {
          "type": "ECOSYSTEM",
          "events": [
            {
              "introduced": "0"
            },
            {
              "fixed": "1.2.0"
            }
          ]
        }
      ]
    }
  ],
  "references": [
    {
      "type": "ADVISORY",
      "url": "https://nvd.nist.gov/vuln/detail/CVE-2022-27818"
    },
    {
      "type": "WEB",
      "url": "https://github.com/waycrate/swhkd/commit/f70b99dd575fab79d8a942111a6980431f006818"
    },
    {
      "type": "PACKAGE",
      "url": "https://github.com/waycrate/swhkd"
    },
    {
      "type": "WEB",
      "url": "https://github.com/waycrate/swhkd/releases/tag/1.2.0"
    },
    {
      "type": "WEB",
      "url": "http://www.openwall.com/lists/oss-security/2022/04/14/1"
    }
  ],
  "database_specific": {
    "cwe_ids": [
      "CWE-668"
    ],
    "severity": "CRITICAL",
    "github_reviewed": true,
    "github_reviewed_at": "2022-04-08T22:12:19Z",
    "nvd_published_at": "2022-04-07T02:15:00Z"
  }
}