{
  "schema_version": "1.4.0",
  "id": "GHSA-xjrr-xv9m-4pw5",
  "modified": "2022-09-14T21:57:36Z",
  "published": "2018-10-24T19:42:03Z",
  "aliases": [
    "CVE-2017-18349"
  ],
  "summary": "Improper Input Validation in alilibaba:fastjson",
  "details": "parseObject in Fastjson before 1.2.25, as used in FastjsonEngine in Pippo 1.11.0 and other products, allows remote attackers to execute arbitrary code via a crafted JSON request, as demonstrated by a crafted rmi:// URI in the dataSourceName field of HTTP POST data to the Pippo /json URI, which is mishandled in AjaxApplication.java.",
  "severity": [
    {
      "type": "CVSS_V3",
      "score": "CVSS:3.0/AV:N/AC:L/PR:N/UI:N/S:U/C:H/I:H/A:H"
    }
  ],
  "affected": [
    {
      "package": {
        "ecosystem": "Maven",
        "name": "com.alibaba:fastjson"
      },
      "ranges": [
        {
          "type": "ECOSYSTEM",
          "events": [
            {
              "introduced": "0"
            },
            {
              "fixed": "1.2.31"
            }
          ]
        }
      ],
      "database_specific": {
        "last_known_affected_version_range": "<= 1.2.24"
      }
    },
    {
      "package": {
        "ecosystem": "Maven",
        "name": "ro.pippo:pippo-fastjson"
      },
      "ranges": [
        {
          "type": "ECOSYSTEM",
          "events": [
            {
              "introduced": "0"
            },
            {
              "fixed": "1.12.0"
            }
          ]
        }
      ]
    }
  ],
  "references": [
    {
      "type": "ADVISORY",
      "url": "https://nvd.nist.gov/vuln/detail/CVE-2017-18349"
    },
    {
      "type": "WEB",
      "url": "https://github.com/pippo-java/pippo/issues/466"
    },
    {
      "type": "WEB",
      "url": "https://github.com/pippo-java/pippo/commit/8443377d3c5b35acca190a66894b4f95e4051be2"
    },
    {
      "type": "WEB",
      "url": "https://fortiguard.com/encyclopedia/ips/44059"
    },
    {
      "type": "ADVISORY",
      "url": "https://github.com/advisories/GHSA-xjrr-xv9m-4pw5"
    },
    {
      "type": "PACKAGE",
      "url": "https://github.com/alibaba/fastjson"
    },
    {
      "type": "WEB",
      "url": "https://github.com/alibaba/fastjson/wiki/security_update_20170315"
    }
  ],
  "database_specific": {
    "cwe_ids": [
      "CWE-20"
    ],
    "severity": "CRITICAL",
    "github_reviewed": true,
    "github_reviewed_at": "2020-06-16T22:03:42Z",
    "nvd_published_at": null
  }
}