{
  "schema_version": "1.4.0",
  "id": "GHSA-rrpm-pj7p-7j9q",
  "modified": "2024-05-14T17:55:41Z",
  "published": "2018-10-18T18:05:34Z",
  "aliases": [
    "CVE-2018-1260"
  ],
  "summary": "Spring Security OAuth vulnerable to remote code execution (RCE)",
  "details": "Spring Security OAuth versions prior to 2.3.3, prior to 2.2.2, prior to 2.1.2, and prior to 2.0.15 contain a remote code execution vulnerability. An attacker can craft an authorization request to the authorization endpoint that can lead to remote code execution when the resource owner is forwarded to the approval endpoint. ",
  "severity": [
    {
      "type": "CVSS_V3",
      "score": "CVSS:3.0/AV:N/AC:L/PR:N/UI:N/S:U/C:H/I:H/A:H"
    }
  ],
  "affected": [
    {
      "package": {
        "ecosystem": "Maven",
        "name": "org.springframework.security.oauth:spring-security-oauth2"
      },
      "ranges": [
        {
          "type": "ECOSYSTEM",
          "events": [
            {
              "introduced": "2.3.0"
            },
            {
              "fixed": "2.3.3"
            }
          ]
        }
      ]
    },
    {
      "package": {
        "ecosystem": "Maven",
        "name": "org.springframework.security.oauth:spring-security-oauth2"
      },
      "ranges": [
        {
          "type": "ECOSYSTEM",
          "events": [
            {
              "introduced": "2.2.0"
            },
            {
              "fixed": "2.2.2"
            }
          ]
        }
      ]
    },
    {
      "package": {
        "ecosystem": "Maven",
        "name": "org.springframework.security.oauth:spring-security-oauth2"
      },
      "ranges": [
        {
          "type": "ECOSYSTEM",
          "events": [
            {
              "introduced": "2.1.0"
            },
            {
              "fixed": "2.1.2"
            }
          ]
        }
      ]
    },
    {
      "package": {
        "ecosystem": "Maven",
        "name": "org.springframework.security.oauth:spring-security-oauth2"
      },
      "ranges": [
        {
          "type": "ECOSYSTEM",
          "events": [
            {
              "introduced": "2.0.0"
            },
            {
              "fixed": "2.0.15"
            }
          ]
        }
      ]
    },
    {
      "package": {
        "ecosystem": "Maven",
        "name": "org.springframework.security.oauth:spring-security-oauth2"
      },
      "ranges": [
        {
          "type": "ECOSYSTEM",
          "events": [
            {
              "introduced": "1.0.0"
            },
            {
              "last_affected": "1.0.5"
            }
          ]
        }
      ]
    }
  ],
  "references": [
    {
      "type": "ADVISORY",
      "url": "https://nvd.nist.gov/vuln/detail/CVE-2018-1260"
    },
    {
      "type": "WEB",
      "url": "https://access.redhat.com/errata/RHSA-2018:1809"
    },
    {
      "type": "WEB",
      "url": "https://access.redhat.com/errata/RHSA-2018:2939"
    },
    {
      "type": "ADVISORY",
      "url": "https://github.com/advisories/GHSA-rrpm-pj7p-7j9q"
    },
    {
      "type": "PACKAGE",
      "url": "https://github.com/spring-attic/spring-security-oauth"
    },
    {
      "type": "WEB",
      "url": "https://pivotal.io/security/cve-2018-1260"
    },
    {
      "type": "WEB",
      "url": "https://web.archive.org/web/20200227123539/http://www.securityfocus.com/bid/104158"
    }
  ],
  "database_specific": {
    "cwe_ids": [
      "CWE-94"
    ],
    "severity": "CRITICAL",
    "github_reviewed": true,
    "github_reviewed_at": "2020-06-16T21:55:47Z",
    "nvd_published_at": null
  }
}