{
  "schema_version": "1.4.0",
  "id": "GHSA-pp57-mqmh-44h7",
  "modified": "2021-09-16T18:18:02Z",
  "published": "2018-09-06T23:24:21Z",
  "aliases": [
    "CVE-2018-13797"
  ],
  "summary": "Command Injection in macaddress",
  "details": "All versions of `macaddress` are vulnerable to command injection. For this vulnerability to be exploited an attacker needs to control the `iface` argument to the `one` method.\n\n\n## Recommendation\n\nUpdate to version 0.2.9 or later.",
  "severity": [
    {
      "type": "CVSS_V3",
      "score": "CVSS:3.0/AV:N/AC:L/PR:N/UI:N/S:U/C:H/I:H/A:H"
    }
  ],
  "affected": [
    {
      "package": {
        "ecosystem": "npm",
        "name": "macaddress"
      },
      "ranges": [
        {
          "type": "ECOSYSTEM",
          "events": [
            {
              "introduced": "0"
            },
            {
              "fixed": "0.2.9"
            }
          ]
        }
      ]
    }
  ],
  "references": [
    {
      "type": "ADVISORY",
      "url": "https://nvd.nist.gov/vuln/detail/CVE-2018-13797"
    },
    {
      "type": "WEB",
      "url": "https://github.com/scravy/node-macaddress/pull/20"
    },
    {
      "type": "WEB",
      "url": "https://github.com/scravy/node-macaddress/commit/358fd594adb196a86b94ac9c691f69fe5dad2332"
    },
    {
      "type": "WEB",
      "url": "https://hackerone.com/reports/319467"
    },
    {
      "type": "ADVISORY",
      "url": "https://github.com/advisories/GHSA-pp57-mqmh-44h7"
    },
    {
      "type": "PACKAGE",
      "url": "https://github.com/scravy/node-macaddress"
    },
    {
      "type": "WEB",
      "url": "https://github.com/scravy/node-macaddress/releases/tag/0.2.9"
    },
    {
      "type": "WEB",
      "url": "https://news.ycombinator.com/item?id=17283394"
    },
    {
      "type": "WEB",
      "url": "https://www.npmjs.com/advisories/654"
    }
  ],
  "database_specific": {
    "cwe_ids": [
      "CWE-78"
    ],
    "severity": "CRITICAL",
    "github_reviewed": true,
    "github_reviewed_at": "2020-06-16T21:49:44Z",
    "nvd_published_at": null
  }
}