{
  "schema_version": "1.4.0",
  "id": "GHSA-h2p3-h48h-9jj7",
  "modified": "2024-10-16T16:50:14Z",
  "published": "2022-05-13T01:41:00Z",
  "aliases": [
    "CVE-2017-1000220"
  ],
  "summary": "PIDUsage Enables OS Command Injection",
  "details": "### Overview\nAffected versions of pidusage pass unsanitized input to `child_process.exec()`, resulting in arbitrary code execution in the `ps` method.\n\nThis package is vulnerable to this PoC on Darwin, SunOS, FreeBSD, and AIX.\n\nWindows and Linux are not vulnerable.\n\n### Proof of Concept\n```js\nvar pid = require('pidusage');\npid.stat('1 && /usr/local/bin/python');\n```\n\n### Remediation\nUpdate to version 1.1.5 or later.",
  "severity": [
    {
      "type": "CVSS_V3",
      "score": "CVSS:3.0/AV:N/AC:L/PR:N/UI:N/S:U/C:H/I:H/A:H"
    }
  ],
  "affected": [
    {
      "package": {
        "ecosystem": "npm",
        "name": "pidusage"
      },
      "ranges": [
        {
          "type": "ECOSYSTEM",
          "events": [
            {
              "introduced": "0"
            },
            {
              "fixed": "1.1.5"
            }
          ]
        }
      ],
      "database_specific": {
        "last_known_affected_version_range": "<= 1.1.4"
      }
    }
  ],
  "references": [
    {
      "type": "ADVISORY",
      "url": "https://nvd.nist.gov/vuln/detail/CVE-2017-1000220"
    },
    {
      "type": "WEB",
      "url": "https://github.com/soyuka/pidusage/commit/b70eca15f7ca7f1b82a15f8a5d4bb48737f5a89d"
    },
    {
      "type": "PACKAGE",
      "url": "https://github.com/soyuka/pidusage"
    },
    {
      "type": "WEB",
      "url": "https://web.archive.org/web/20201208183910/https://www.npmjs.com/advisories/356"
    }
  ],
  "database_specific": {
    "cwe_ids": [
      "CWE-78"
    ],
    "severity": "CRITICAL",
    "github_reviewed": true,
    "github_reviewed_at": "2024-04-22T23:18:39Z",
    "nvd_published_at": "2017-11-17T01:29:00Z"
  }
}