{
  "schema_version": "1.4.0",
  "id": "GHSA-vcqg-3p29-xw73",
  "modified": "2024-10-08T13:03:45Z",
  "published": "2021-11-03T18:04:41Z",
  "aliases": [
    "CVE-2020-5310"
  ],
  "summary": "Integer overflow in Pillow",
  "details": "`libImaging/TiffDecode.c` in Pillow before 6.2.2 has a TIFF decoding integer overflow, related to realloc.",
  "severity": [
    {
      "type": "CVSS_V3",
      "score": "CVSS:3.1/AV:N/AC:L/PR:N/UI:R/S:U/C:H/I:H/A:H"
    },
    {
      "type": "CVSS_V4",
      "score": "CVSS:4.0/AV:N/AC:L/AT:N/PR:N/UI:N/VC:H/VI:H/VA:H/SC:N/SI:N/SA:N"
    }
  ],
  "affected": [
    {
      "package": {
        "ecosystem": "PyPI",
        "name": "pillow"
      },
      "ranges": [
        {
          "type": "ECOSYSTEM",
          "events": [
            {
              "introduced": "0"
            },
            {
              "fixed": "6.2.2"
            }
          ]
        }
      ]
    }
  ],
  "references": [
    {
      "type": "ADVISORY",
      "url": "https://nvd.nist.gov/vuln/detail/CVE-2020-5310"
    },
    {
      "type": "WEB",
      "url": "https://github.com/python-pillow/Pillow/commit/4e2def2539ec13e53a82e06c4b3daf00454100c4"
    },
    {
      "type": "ADVISORY",
      "url": "https://github.com/advisories/GHSA-vcqg-3p29-xw73"
    },
    {
      "type": "WEB",
      "url": "https://github.com/pypa/advisory-database/tree/main/vulns/pillow/PYSEC-2020-81.yaml"
    },
    {
      "type": "WEB",
      "url": "https://github.com/pypa/advisory-db/blob/7872b0a91b4d980f749e6d75a81f8cc1af32829f/vulns/pillow/PYSEC-2020-81.yaml"
    },
    {
      "type": "PACKAGE",
      "url": "https://github.com/python-pillow/Pillow"
    },
    {
      "type": "WEB",
      "url": "https://lists.fedoraproject.org/archives/list/package-announce@lists.fedoraproject.org/message/2MMU3WT2X64GS5WHDPKKC2WZA7UIIQ3A"
    },
    {
      "type": "WEB",
      "url": "https://lists.fedoraproject.org/archives/list/package-announce@lists.fedoraproject.org/message/3DUMIBUYGJRAVJCTFUWBRLVQKOUTVX5P"
    },
    {
      "type": "WEB",
      "url": "https://pillow.readthedocs.io/en/stable/releasenotes/6.2.2.html"
    },
    {
      "type": "WEB",
      "url": "https://usn.ubuntu.com/4272-1"
    }
  ],
  "database_specific": {
    "cwe_ids": [
      "CWE-190"
    ],
    "severity": "CRITICAL",
    "github_reviewed": true,
    "github_reviewed_at": "2021-11-03T17:23:34Z",
    "nvd_published_at": "2020-01-03T01:15:00Z"
  }
}