{
  "schema_version": "1.4.0",
  "id": "GHSA-r6mc-mrvr-23cr",
  "modified": "2024-07-16T20:28:26Z",
  "published": "2022-05-13T01:14:26Z",
  "aliases": [
    "CVE-2019-1003030"
  ],
  "summary": "Sandbox bypass in Jenkins Pipeline: Groovy Plugin",
  "details": "A sandbox bypass vulnerability exists in Jenkins Pipeline: Groovy Plugin 2.63 and earlier in pom.xml, src/main/java/org/jenkinsci/plugins/workflow/cps/CpsGroovyShell.java that allows attackers able to control pipeline scripts to execute arbitrary code on the Jenkins master JVM.",
  "severity": [
    {
      "type": "CVSS_V3",
      "score": "CVSS:3.1/AV:N/AC:L/PR:L/UI:N/S:C/C:H/I:H/A:H"
    }
  ],
  "affected": [
    {
      "package": {
        "ecosystem": "Maven",
        "name": "org.jenkins-ci.plugins.workflow:workflow-cps"
      },
      "ranges": [
        {
          "type": "ECOSYSTEM",
          "events": [
            {
              "introduced": "0"
            },
            {
              "fixed": "2.64"
            }
          ]
        }
      ]
    }
  ],
  "references": [
    {
      "type": "ADVISORY",
      "url": "https://nvd.nist.gov/vuln/detail/CVE-2019-1003030"
    },
    {
      "type": "WEB",
      "url": "https://access.redhat.com/errata/RHSA-2019:0739"
    },
    {
      "type": "PACKAGE",
      "url": "https://github.com/jenkinsci/workflow-cps-plugin"
    },
    {
      "type": "WEB",
      "url": "https://jenkins.io/security/advisory/2019-03-06/#SECURITY-1336%20(2)"
    },
    {
      "type": "WEB",
      "url": "http://packetstormsecurity.com/files/159603/Jenkins-2.63-Sandbox-Bypass.html"
    },
    {
      "type": "WEB",
      "url": "http://www.securityfocus.com/bid/107476"
    }
  ],
  "database_specific": {
    "cwe_ids": [
      "CWE-693"
    ],
    "severity": "CRITICAL",
    "github_reviewed": true,
    "github_reviewed_at": "2022-06-01T19:49:38Z",
    "nvd_published_at": "2019-03-08T21:29:00Z"
  }
}