{
  "schema_version": "1.4.0",
  "id": "GHSA-3jfq-742w-xg8j",
  "modified": "2023-02-16T20:47:25Z",
  "published": "2023-02-16T20:47:25Z",
  "aliases": [
    "CVE-2023-23947"
  ],
  "summary": "Users with any cluster secret update access may update out-of-bounds cluster secrets",
  "details": "### Impact\n\nAll Argo CD versions starting with v2.3.0-rc1 are vulnerable to an improper authorization bug which allows users who have the ability to update at least one cluster secret to update any cluster secret.\n\nThe attacker could use this access to escalate privileges (potentially controlling Kubernetes resources) or to break Argo CD functionality (by preventing connections to external clusters).\n\n#### How the Attack Works\n\nArgo CD stores [cluster access configurations](https://argo-cd.readthedocs.io/en/stable/operator-manual/declarative-setup/#clusters) as Kubernetes Secrets. To take advantage of the vulnerability, an attacker must know the server URL for the cluster secret they want to modify. \n\nThe attacker must be authenticated with the Argo CD API server, and they must be authorized to update at least one ([non project-scoped](https://argo-cd.readthedocs.io/en/stable/user-guide/projects/#project-scoped-repositories-and-clusters)) cluster. Then they must craft a malicious request to the Argo CD API server.\n\n#### Removing Deployment Restrictions\n\nA cluster Secret's `clusterResources` field determines whether Argo CD users may deploy cluster-scoped resources to that cluster. The `namespaces` field determines the namespaces to which Argo CD users may deploy resources.\n\nYou can use this command to determine whether any of your cluster configurations employ these restrictions (replace `argocd` with the namespace of your Argo CD installation):\n\n```shell\nkubectl get secret -n argocd -l 'argocd.argoproj.io/secret-type=cluster' -ojson | jq '.items |\n  map(.data |= with_entries(.value |= @base64d)) |  # base64-decode secrets\n  map(select(.data | (\n    (.clusterResources != null and .clusterResources == \"false\") or # we deny cluster-scoped resource management\n    (.namespaces != null and .namespaces != \"\")                     # we are only managing certain clusters\n  )) | .metadata.name)'\n```\n\nThe `clusterResources` and `namespaces` fields are one line of defense against unauthorized management of Kubernetes resources. Users should also have AppProject and RBAC restrictions in place.\n\nIf `clusterResources: \"false\"` or `namespaces: \"some,namespaces\"` are the _only_ mechanisms preventing an attacker from maliciously managing certain resources via Argo CD, then this vulnerability could allow that attacker to manage out-of-bounds resources via Argo CD (create, get, update, delete).\n\n#### Modifying Connection Parameters\n\nCluster secrets also hold client configuration for connecting to the remote cluster. One option is to skip TLS certificate verification. An attacker could disable certificate verification in an effort to achieve a malicious-in-the-middle (MITM) attack.\n\nAlternatively, an attacker could apply an invalid configuration (for example, by setting an invalid bearer token) and achieve a denial-of-service by preventing Argo CD from managing the target cluster.\n\n#### Changing Unscoped Clusters to be Scoped\n\nThe vulnerability also allows an attacker to modify a previously-unscoped cluster and make it [scoped](https://argo-cd.readthedocs.io/en/stable/user-guide/projects/#project-scoped-repositories-and-clusters). This is important if you are using `permitOnlyProjectScopedClusters: true` in a project under which the attacker can deploy. By scoping a previously-unscoped cluster under that project, they can grant themselves the ability to manage resources on the target cluster.\n\n### Patches\n\nA patch for this vulnerability has been released in the following Argo CD versions:\n\n* v2.6.2\n* v2.5.11\n* v2.4.23\n* v2.3.17\n\n### Workarounds\n\nThe best way to mitigate the vulnerability is to upgrade. The following two sections explain other ways to mitigate the vulnerability if you are currently unable to upgrade.\n\n#### Limit Users with Cluster Update Access\n\nThe only complete mitigation besides upgrading is to modify your RBAC configuration to completely revoke all `clusters, update` access.\n\nTo exploit this vulnerability, an attacker must have access to update at least one cluster configuration. Check your [RBAC configuration](https://argo-cd.readthedocs.io/en/stable/operator-manual/rbac/), for lines like this:\n\n```\np, role:developers, clusters, update, *, allow\np, role:developers, clusters, *, *, allow\np, role:developers, *, update, *, allow\n```\n\nRevoke `clusters, update` access for any users who do not absolutely need that access.\n\n#### Restrict Resource Management via AppProjects and RBAC\n\n[AppProjects](https://argo-cd.readthedocs.io/en/stable/user-guide/projects/#projects) are a primary tool to restrict what resources may be managed via Argo CD.\n\nYou can use the `destinations` and `clusterResourceWhitelist` fields to apply similar restrictions as the `namespaces` and `clusterResources` fields described above.\n\n```yaml\napiVersion: argoproj.io/v1alpha1\nkind: AppProject\nspec:\n  destinations:\n  # Only allow Applications managed by this AppProject to manage to the `allowed-namespace` namespace.\n  - namespace: 'allowed-namespace'\n    server: 'https://your-server'\n  # Do not allow Applications managed by this AppProject to manage any cluster-scoped resources.\n  clusterResourceWhitelist: []\n```\n\nAlong with adding AppProject restrictions, make sure that your RBAC restrictions are strict enough.\n\nFor example, limit `projects, update` access to Argo CD administrators only. Also use the `{project}` field in `applications, *, {project}/{application}` field to limit users' access to certain, restricted, AppProjects. \n\nAppProject restrictions can only prevent Applications from managing out-of-bounds resources. It cannot prevent an attacker from maliciously changing cluster connection TLS configuration.\n\n### For more information\n\n* Open an issue in [the Argo CD issue tracker](https://github.com/argoproj/argo-cd/issues) or [discussions](https://github.com/argoproj/argo-cd/discussions)\n* Join us on [Slack](https://argoproj.github.io/community/join-slack) in channel #argo-cd\n",
  "severity": [
    {
      "type": "CVSS_V3",
      "score": "CVSS:3.1/AV:N/AC:L/PR:H/UI:N/S:C/C:H/I:H/A:H"
    }
  ],
  "affected": [
    {
      "package": {
        "ecosystem": "Go",
        "name": "github.com/argoproj/argo-cd"
      },
      "ranges": [
        {
          "type": "ECOSYSTEM",
          "events": [
            {
              "introduced": "2.3.0"
            },
            {
              "fixed": "2.3.17"
            }
          ]
        }
      ]
    },
    {
      "package": {
        "ecosystem": "Go",
        "name": "github.com/argoproj/argo-cd"
      },
      "ranges": [
        {
          "type": "ECOSYSTEM",
          "events": [
            {
              "introduced": "2.4.0"
            },
            {
              "fixed": "2.4.23"
            }
          ]
        }
      ]
    },
    {
      "package": {
        "ecosystem": "Go",
        "name": "github.com/argoproj/argo-cd"
      },
      "ranges": [
        {
          "type": "ECOSYSTEM",
          "events": [
            {
              "introduced": "2.5.0"
            },
            {
              "fixed": "2.5.11"
            }
          ]
        }
      ]
    },
    {
      "package": {
        "ecosystem": "Go",
        "name": "github.com/argoproj/argo-cd"
      },
      "ranges": [
        {
          "type": "ECOSYSTEM",
          "events": [
            {
              "introduced": "2.6.0"
            },
            {
              "fixed": "2.6.2"
            }
          ]
        }
      ]
    }
  ],
  "references": [
    {
      "type": "WEB",
      "url": "https://github.com/argoproj/argo-cd/security/advisories/GHSA-3jfq-742w-xg8j"
    },
    {
      "type": "ADVISORY",
      "url": "https://nvd.nist.gov/vuln/detail/CVE-2023-23947"
    },
    {
      "type": "WEB",
      "url": "https://github.com/argoproj/argo-cd/commit/fbb0b99b1ac3361b253052bd30259fa43a520945"
    },
    {
      "type": "PACKAGE",
      "url": "https://github.com/argoproj/argo-cd"
    }
  ],
  "database_specific": {
    "cwe_ids": [
      "CWE-863"
    ],
    "severity": "CRITICAL",
    "github_reviewed": true,
    "github_reviewed_at": "2023-02-16T20:47:25Z",
    "nvd_published_at": "2023-02-16T18:15:00Z"
  }
}