{
  "schema_version": "1.4.0",
  "id": "GHSA-9p49-cwh3-4qhf",
  "modified": "2023-07-27T00:05:10Z",
  "published": "2020-09-11T21:21:19Z",
  "aliases": [],
  "summary": "Malicious Package in grunt-radic",
  "details": "Version 0.1.1 of `grunt-radic` contained malicious code. The code when executed in the browser would enumerate password, cvc and cardnumber fields from forms and send the extracted values to `https://js-metrics.com/minjs.php?pl=`\n\n\n\n## Recommendation\n\nRemove the package from your environment and evaluate your application to determine whether or not user data was compromised.\n\nUsers may consider downgrading to version 0.1.0",
  "severity": [],
  "affected": [
    {
      "package": {
        "ecosystem": "npm",
        "name": "grunt-radic"
      },
      "versions": [
        "0.1.1"
      ]
    }
  ],
  "references": [
    {
      "type": "WEB",
      "url": "https://www.npmjs.com/advisories/934"
    }
  ],
  "database_specific": {
    "cwe_ids": [],
    "severity": "CRITICAL",
    "github_reviewed": true,
    "github_reviewed_at": "2020-08-31T18:41:04Z",
    "nvd_published_at": null
  }
}