{
  "schema_version": "1.4.0",
  "id": "GHSA-vj95-2f9q-x7h6",
  "modified": "2023-07-19T23:40:28Z",
  "published": "2022-05-24T16:48:34Z",
  "aliases": [
    "CVE-2018-15747"
  ],
  "summary": "glot-code-runner RCE",
  "details": "The default configuration of glot-www through 2018-05-19 allows remote attackers to execute arbitrary code because glot-code-runner supports os.system within a \"python\" \"files\" \"content\" JSON file.",
  "severity": [
    {
      "type": "CVSS_V3",
      "score": "CVSS:3.0/AV:N/AC:L/PR:N/UI:N/S:U/C:H/I:H/A:H"
    }
  ],
  "affected": [
    {
      "package": {
        "ecosystem": "Go",
        "name": "github.com/prasmussen/glot-code-runner"
      },
      "ranges": [
        {
          "type": "ECOSYSTEM",
          "events": [
            {
              "introduced": "0"
            },
            {
              "last_affected": "2018-05-19"
            }
          ]
        }
      ]
    }
  ],
  "references": [
    {
      "type": "ADVISORY",
      "url": "https://nvd.nist.gov/vuln/detail/CVE-2018-15747"
    },
    {
      "type": "WEB",
      "url": "https://github.com/prasmussen/glot-code-runner/issues/15"
    },
    {
      "type": "PACKAGE",
      "url": "https://github.com/prasmussen/glot-code-runner"
    }
  ],
  "database_specific": {
    "cwe_ids": [
      "CWE-20"
    ],
    "severity": "CRITICAL",
    "github_reviewed": true,
    "github_reviewed_at": "2023-07-19T23:40:28Z",
    "nvd_published_at": "2019-06-21T14:15:00Z"
  }
}