{
  "schema_version": "1.4.0",
  "id": "GHSA-fxc2-8m62-m85x",
  "modified": "2025-01-21T17:58:30Z",
  "published": "2024-08-22T21:31:29Z",
  "aliases": [
    "CVE-2024-45201"
  ],
  "summary": "LlamaIndex includes an exec call for `import {cls_name}`",
  "details": "An issue was discovered in llama_index before 0.10.38. `download/integration.py` includes an exec call for `import {cls_name}`.",
  "severity": [
    {
      "type": "CVSS_V3",
      "score": "CVSS:3.1/AV:N/AC:L/PR:N/UI:N/S:U/C:H/I:H/A:H"
    },
    {
      "type": "CVSS_V4",
      "score": "CVSS:4.0/AV:N/AC:L/AT:N/PR:N/UI:N/VC:H/VI:H/VA:H/SC:N/SI:N/SA:N"
    }
  ],
  "affected": [
    {
      "package": {
        "ecosystem": "PyPI",
        "name": "llama-index-core"
      },
      "ranges": [
        {
          "type": "ECOSYSTEM",
          "events": [
            {
              "introduced": "0"
            },
            {
              "fixed": "0.10.38"
            }
          ]
        }
      ]
    }
  ],
  "references": [
    {
      "type": "ADVISORY",
      "url": "https://nvd.nist.gov/vuln/detail/CVE-2024-45201"
    },
    {
      "type": "WEB",
      "url": "https://github.com/run-llama/llama_index/pull/13523"
    },
    {
      "type": "WEB",
      "url": "https://github.com/run-llama/llama_index/commit/bd827c30484fa085ec769fa55dc7f2add8006ac8"
    },
    {
      "type": "WEB",
      "url": "https://github.com/pypa/advisory-database/tree/main/vulns/llama-index/PYSEC-2024-192.yaml"
    },
    {
      "type": "PACKAGE",
      "url": "https://github.com/run-llama/llama_index"
    },
    {
      "type": "WEB",
      "url": "https://github.com/run-llama/llama_index/compare/v0.10.37...v0.10.38"
    }
  ],
  "database_specific": {
    "cwe_ids": [
      "CWE-94"
    ],
    "severity": "CRITICAL",
    "github_reviewed": true,
    "github_reviewed_at": "2024-08-23T18:54:20Z",
    "nvd_published_at": "2024-08-22T20:15:10Z"
  }
}