{
  "schema_version": "1.4.0",
  "id": "GHSA-4qqc-mp5f-ccv4",
  "modified": "2020-09-02T15:04:08Z",
  "published": "2020-09-02T15:05:51Z",
  "aliases": [],
  "summary": "Command Injection in bestzip",
  "details": "Versions of `bestzip` prior to 2.1.7 are vulnerable to Command Injection. The package fails to sanitize input rules and passes it directly to an `exec` call on the `zip` function . This may allow attackers to execute arbitrary code in the system as long as the values of `destination` is user-controlled. This only affects users with a native `zip` command available. The following examples demonstrate the issue from the CLI and also programatically:\n- `bestzip test.zip 'sourcefile; mkdir folder'`\n- `zip({ source: 'sourcefile', destination: './test.zip; mkdir folder' })`",
  "severity": [],
  "affected": [
    {
      "package": {
        "ecosystem": "npm",
        "name": "bestzip"
      },
      "ranges": [
        {
          "type": "ECOSYSTEM",
          "events": [
            {
              "introduced": "0"
            },
            {
              "fixed": "2.1.7"
            }
          ]
        }
      ]
    }
  ],
  "references": [
    {
      "type": "WEB",
      "url": "https://www.npmjs.com/advisories/1554"
    }
  ],
  "database_specific": {
    "cwe_ids": [
      "CWE-77"
    ],
    "severity": "CRITICAL",
    "github_reviewed": true,
    "github_reviewed_at": "2020-09-02T15:04:08Z",
    "nvd_published_at": null
  }
}