{
  "schema_version": "1.4.0",
  "id": "GHSA-97c3-w9cr-6qc2",
  "modified": "2022-12-16T20:32:14Z",
  "published": "2022-05-24T19:19:44Z",
  "aliases": [
    "CVE-2021-21690"
  ],
  "summary": "Multiple vulnerabilities allow bypassing path filtering of agent-to-controller access control in Jenkins",
  "details": "The agent-to-controller security subsystem limits which files on the Jenkins controller can be accessed by agent processes.\n\nMultiple vulnerabilities in the file path filtering implementation of Jenkins 2.318 and earlier, LTS 2.303.2 and earlier allow agent processes to read and write arbitrary files on the Jenkins controller file system, and obtain some information about Jenkins controller file systems.\n\nSECURITY-2486 / CVE-2021-21690: Agent processes are able to completely bypass file path filtering by wrapping the file operation in an agent file path.\n\nWe expect that most of these vulnerabilities have been present since [SECURITY-144 was addressed in the 2014-10-30 security advisory](https://www.jenkins.io/security/advisory/2014-10-30/).\n\nJenkins 2.319, LTS 2.303.3 addresses these security vulnerabilities.\n\nSECURITY-2486 / CVE-2021-21690: Agent processes are no longer able to completely bypass file path filtering by wrapping the file operation in an agent file path.\n\nAs some common operations are now newly subject to access control, it is expected that plugins sending commands from agents to the controller may start failing. Additionally, the newly introduced path canonicalization means that instances using a custom builds directory ([Java system property jenkins.model.Jenkins.buildsDir](https://www.jenkins.io/doc/book/managing/system-properties/#jenkins-model-jenkins-buildsdir)) or partitioning `JENKINS_HOME` using symbolic links may fail access control checks. See [the documentation](https://www.jenkins.io/doc/book/security/controller-isolation/agent-to-controller/#file-access-rules) for how to customize the configuration in case of problems.\n\nIf you are unable to immediately upgrade to Jenkins 2.319, LTS 2.303.3, you can install the [Remoting Security Workaround Plugin](https://www.jenkins.io/redirect/remoting-security-workaround/). It will prevent all agent-to-controller file access using `FilePath` APIs. Because it is more restrictive than Jenkins 2.319, LTS 2.303.3, more plugins are incompatible with it. Make sure to read the plugin documentation before installing it.",
  "severity": [
    {
      "type": "CVSS_V3",
      "score": "CVSS:3.1/AV:N/AC:H/PR:N/UI:N/S:C/C:H/I:H/A:H"
    }
  ],
  "affected": [
    {
      "package": {
        "ecosystem": "Maven",
        "name": "org.jenkins-ci.main:jenkins-core"
      },
      "ranges": [
        {
          "type": "ECOSYSTEM",
          "events": [
            {
              "introduced": "0"
            },
            {
              "fixed": "2.303.3"
            }
          ]
        }
      ],
      "database_specific": {
        "last_known_affected_version_range": "<= 2.303.2"
      }
    },
    {
      "package": {
        "ecosystem": "Maven",
        "name": "org.jenkins-ci.main:jenkins-core"
      },
      "ranges": [
        {
          "type": "ECOSYSTEM",
          "events": [
            {
              "introduced": "2.304"
            },
            {
              "fixed": "2.319"
            }
          ]
        }
      ],
      "database_specific": {
        "last_known_affected_version_range": "<= 2.318"
      }
    }
  ],
  "references": [
    {
      "type": "ADVISORY",
      "url": "https://nvd.nist.gov/vuln/detail/CVE-2021-21690"
    },
    {
      "type": "WEB",
      "url": "https://github.com/jenkinsci/jenkins/commit/104c751d907919dd53f5090f84d53c671a66457b"
    },
    {
      "type": "WEB",
      "url": "https://github.com/jenkinsci/jenkins/commit/5a245e42979abe4a26d41727c839521e36cedd74"
    },
    {
      "type": "WEB",
      "url": "https://github.com/jenkinsci/jenkins/commit/63cde2daadc705edf086f2213b48c8c547f98358"
    },
    {
      "type": "WEB",
      "url": "https://www.jenkins.io/security/advisory/2021-11-04/#SECURITY-2455"
    },
    {
      "type": "PACKAGE",
      "url": "ttps://github.com/jenkinsci/jenkins"
    }
  ],
  "database_specific": {
    "cwe_ids": [
      "CWE-22",
      "CWE-693"
    ],
    "severity": "CRITICAL",
    "github_reviewed": true,
    "github_reviewed_at": "2022-06-23T06:48:21Z",
    "nvd_published_at": "2021-11-04T17:15:00Z"
  }
}