{
  "schema_version": "1.4.0",
  "id": "GHSA-vmqq-7qvx-68qx",
  "modified": "2024-04-22T23:09:42Z",
  "published": "2022-05-24T17:09:13Z",
  "aliases": [
    "CVE-2019-10791"
  ],
  "summary": "promise-probe OS command injection vulnerability",
  "details": "promise-probe before 0.10.0 allows remote attackers to perform a command injection attack. The `file`, `outputFile` and `options` functions can be controlled by users without any sanitization.",
  "severity": [
    {
      "type": "CVSS_V3",
      "score": "CVSS:3.1/AV:N/AC:L/PR:N/UI:N/S:U/C:H/I:H/A:H"
    }
  ],
  "affected": [
    {
      "package": {
        "ecosystem": "npm",
        "name": "promise-probe"
      },
      "ranges": [
        {
          "type": "ECOSYSTEM",
          "events": [
            {
              "introduced": "0"
            },
            {
              "fixed": "0.1.10"
            }
          ]
        }
      ]
    }
  ],
  "references": [
    {
      "type": "ADVISORY",
      "url": "https://nvd.nist.gov/vuln/detail/CVE-2019-10791"
    },
    {
      "type": "WEB",
      "url": "https://github.com/dottgonzo/node-promise-probe/commit/0d9affb67fc1ad985903536d35372cf55efe5a45"
    },
    {
      "type": "WEB",
      "url": "https://snyk.io/vuln/SNYK-JS-PROMISEPROBE-546816"
    }
  ],
  "database_specific": {
    "cwe_ids": [
      "CWE-78"
    ],
    "severity": "CRITICAL",
    "github_reviewed": true,
    "github_reviewed_at": "2024-04-22T23:09:42Z",
    "nvd_published_at": "2020-02-18T17:15:00Z"
  }
}