{
  "schema_version": "1.4.0",
  "id": "GHSA-x2pc-fqrw-hc7f",
  "modified": "2022-07-21T21:04:52Z",
  "published": "2022-07-12T00:00:57Z",
  "aliases": [
    "CVE-2022-31506"
  ],
  "summary": "SatyaLab opendiamond 10.1.1 vulnerable to path traversal because Flask send_file function used unsafely",
  "details": "The cmusatyalab/opendiamond repository through 10.1.1 on GitHub allows absolute path traversal because the Flask send_file function is used unsafely. A patch is available on the `master` branch of the repository.",
  "severity": [
    {
      "type": "CVSS_V3",
      "score": "CVSS:3.1/AV:N/AC:L/PR:N/UI:N/S:C/C:H/I:N/A:L"
    }
  ],
  "affected": [
    {
      "package": {
        "ecosystem": "PyPI",
        "name": "opendiamond"
      },
      "ranges": [
        {
          "type": "ECOSYSTEM",
          "events": [
            {
              "introduced": "0"
            },
            {
              "last_affected": "10.1.1"
            }
          ]
        }
      ]
    }
  ],
  "references": [
    {
      "type": "ADVISORY",
      "url": "https://nvd.nist.gov/vuln/detail/CVE-2022-31506"
    },
    {
      "type": "WEB",
      "url": "https://github.com/cmusatyalab/opendiamond/issues/52"
    },
    {
      "type": "WEB",
      "url": "https://github.com/github/securitylab/issues/669#issuecomment-1117265726"
    },
    {
      "type": "WEB",
      "url": "https://github.com/cmusatyalab/opendiamond/commit/398049c187ee644beabab44d6fece82251c1ea56"
    },
    {
      "type": "PACKAGE",
      "url": "https://github.com/cmusatyalab/opendiamond"
    }
  ],
  "database_specific": {
    "cwe_ids": [
      "CWE-22"
    ],
    "severity": "CRITICAL",
    "github_reviewed": true,
    "github_reviewed_at": "2022-07-21T21:04:52Z",
    "nvd_published_at": "2022-07-11T01:15:00Z"
  }
}