{
  "schema_version": "1.4.0",
  "id": "GHSA-fg5w-w99f-rj6w",
  "modified": "2022-06-29T20:41:05Z",
  "published": "2021-06-08T23:15:35Z",
  "aliases": [
    "CVE-2021-29300"
  ],
  "summary": "Command Injection in @ronomon/opened",
  "details": "The @ronomon/opened library before 1.5.2 is vulnerable to a command injection vulnerability which would allow a remote attacker to execute commands on the system if the library was used with untrusted input.",
  "severity": [
    {
      "type": "CVSS_V3",
      "score": "CVSS:3.1/AV:N/AC:L/PR:N/UI:N/S:U/C:H/I:H/A:H"
    }
  ],
  "affected": [
    {
      "package": {
        "ecosystem": "npm",
        "name": "@ronomon/opened"
      },
      "ranges": [
        {
          "type": "ECOSYSTEM",
          "events": [
            {
              "introduced": "0"
            },
            {
              "fixed": "1.5.2"
            }
          ]
        }
      ]
    }
  ],
  "references": [
    {
      "type": "ADVISORY",
      "url": "https://nvd.nist.gov/vuln/detail/CVE-2021-29300"
    },
    {
      "type": "WEB",
      "url": "https://github.com/ronomon/opened/commit/7effe011d4fea8fac7f78c00615e0a6e69af68ec"
    },
    {
      "type": "WEB",
      "url": "https://advisory.checkmarx.net/advisory/CX-2021-4775"
    },
    {
      "type": "PACKAGE",
      "url": "https://github.com/ronomon/opened"
    }
  ],
  "database_specific": {
    "cwe_ids": [
      "CWE-77"
    ],
    "severity": "CRITICAL",
    "github_reviewed": true,
    "github_reviewed_at": "2021-05-28T16:56:53Z",
    "nvd_published_at": "2021-05-24T16:15:00Z"
  }
}