{
  "schema_version": "1.4.0",
  "id": "GHSA-grvq-vjqr-x8vm",
  "modified": "2023-08-03T19:38:43Z",
  "published": "2023-07-28T15:30:23Z",
  "aliases": [
    "CVE-2023-39015"
  ],
  "summary": "Code injection in webmagic-core",
  "details": "webmagic-extension v0.9.0 and below was discovered to contain a code injection vulnerability via the component us.codecraft.webmagic.downloader.PhantomJSDownloader.",
  "severity": [
    {
      "type": "CVSS_V3",
      "score": "CVSS:3.1/AV:N/AC:L/PR:N/UI:N/S:U/C:H/I:H/A:H"
    }
  ],
  "affected": [
    {
      "package": {
        "ecosystem": "Maven",
        "name": "us.codecraft:webmagic-core"
      },
      "ranges": [
        {
          "type": "ECOSYSTEM",
          "events": [
            {
              "introduced": "0"
            },
            {
              "last_affected": "0.9.0"
            }
          ]
        }
      ]
    }
  ],
  "references": [
    {
      "type": "ADVISORY",
      "url": "https://nvd.nist.gov/vuln/detail/CVE-2023-39015"
    },
    {
      "type": "WEB",
      "url": "https://github.com/code4craft/webmagic/issues/1122"
    },
    {
      "type": "PACKAGE",
      "url": "https://github.com/code4craft/webmagic"
    }
  ],
  "database_specific": {
    "cwe_ids": [
      "CWE-94"
    ],
    "severity": "CRITICAL",
    "github_reviewed": true,
    "github_reviewed_at": "2023-07-28T20:54:55Z",
    "nvd_published_at": "2023-07-28T15:15:12Z"
  }
}