{
  "schema_version": "1.4.0",
  "id": "GHSA-pm55-qfxr-h247",
  "modified": "2022-08-31T18:47:40Z",
  "published": "2022-08-19T00:00:16Z",
  "aliases": [
    "CVE-2020-36599"
  ],
  "summary": "OmniAuth's `lib/omniauth/failure_endpoint.rb` does not escape `message_key` value",
  "details": "lib/omniauth/failure_endpoint.rb in OmniAuth before 1.9.2 (and before 2.0) does not escape the message_key value.",
  "severity": [
    {
      "type": "CVSS_V3",
      "score": "CVSS:3.1/AV:N/AC:L/PR:N/UI:N/S:U/C:H/I:H/A:H"
    }
  ],
  "affected": [
    {
      "package": {
        "ecosystem": "RubyGems",
        "name": "omniauth"
      },
      "ranges": [
        {
          "type": "ECOSYSTEM",
          "events": [
            {
              "introduced": "0"
            },
            {
              "fixed": "1.9.2"
            }
          ]
        }
      ]
    },
    {
      "package": {
        "ecosystem": "RubyGems",
        "name": "omniauth"
      },
      "ranges": [
        {
          "type": "ECOSYSTEM",
          "events": [
            {
              "introduced": "2.0.0.pre.rc1"
            },
            {
              "fixed": "2.0.0"
            }
          ]
        }
      ],
      "versions": [
        "2.0.0.pre.rc1"
      ]
    }
  ],
  "references": [
    {
      "type": "ADVISORY",
      "url": "https://nvd.nist.gov/vuln/detail/CVE-2020-36599"
    },
    {
      "type": "WEB",
      "url": "https://github.com/omniauth/omniauth/commit/43a396f181ef7d0ed2ec8291c939c95e3ed3ff00#diff-575abda9deb9b1a77bf534e898a923029b9a61e991d626db88dc6e8b34260aa2"
    },
    {
      "type": "PACKAGE",
      "url": "https://github.com/omniauth/omniauth"
    },
    {
      "type": "WEB",
      "url": "https://github.com/rubysec/ruby-advisory-db/blob/master/gems/omniauth/CVE-2020-36599.yml"
    },
    {
      "type": "WEB",
      "url": "https://rubygems.org/gems/omniauth/versions/1.9.2"
    }
  ],
  "database_specific": {
    "cwe_ids": [
      "CWE-116"
    ],
    "severity": "CRITICAL",
    "github_reviewed": true,
    "github_reviewed_at": "2022-08-31T18:47:40Z",
    "nvd_published_at": "2022-08-18T23:15:00Z"
  }
}