{
  "schema_version": "1.4.0",
  "id": "GHSA-xvhr-7q4q-qjgp",
  "modified": "2024-04-24T23:02:27Z",
  "published": "2022-05-14T03:22:59Z",
  "aliases": [
    "CVE-2018-10225"
  ],
  "summary": "thinkphp SQL Injection via the index.php s parameter",
  "details": "thinkphp 3.1.3 has SQL Injection via the index.php s parameter.",
  "severity": [
    {
      "type": "CVSS_V3",
      "score": "CVSS:3.0/AV:N/AC:L/PR:N/UI:N/S:U/C:H/I:H/A:H"
    }
  ],
  "affected": [
    {
      "package": {
        "ecosystem": "Packagist",
        "name": "topthink/framework"
      },
      "versions": [
        "3.1.3"
      ]
    }
  ],
  "references": [
    {
      "type": "ADVISORY",
      "url": "https://nvd.nist.gov/vuln/detail/CVE-2018-10225"
    },
    {
      "type": "PACKAGE",
      "url": "https://github.com/top-think/framework"
    },
    {
      "type": "WEB",
      "url": "http://www.blcat.cn/post-39.html"
    }
  ],
  "database_specific": {
    "cwe_ids": [
      "CWE-89"
    ],
    "severity": "CRITICAL",
    "github_reviewed": true,
    "github_reviewed_at": "2024-04-24T23:02:27Z",
    "nvd_published_at": "2018-04-19T08:29:00Z"
  }
}