{
  "schema_version": "1.4.0",
  "id": "GHSA-vqvm-qrwh-69h7",
  "modified": "2022-11-01T20:37:27Z",
  "published": "2022-10-31T19:00:34Z",
  "aliases": [
    "CVE-2022-3771"
  ],
  "summary": "easyii CMS's File Upload Management vulnerable to unrestricted upload",
  "details": "This issue affects the function file of the file helpers/Upload.php of the component File Upload Management. The manipulation leads to unrestricted upload. The attack may be initiated remotely. ",
  "severity": [
    {
      "type": "CVSS_V3",
      "score": "CVSS:3.1/AV:N/AC:L/PR:N/UI:N/S:U/C:H/I:H/A:H"
    }
  ],
  "affected": [
    {
      "package": {
        "ecosystem": "Packagist",
        "name": "noumo/easyii"
      },
      "ranges": [
        {
          "type": "ECOSYSTEM",
          "events": [
            {
              "introduced": "0"
            },
            {
              "last_affected": "0.9"
            }
          ]
        }
      ]
    }
  ],
  "references": [
    {
      "type": "ADVISORY",
      "url": "https://nvd.nist.gov/vuln/detail/CVE-2022-3771"
    },
    {
      "type": "PACKAGE",
      "url": "https://github.com/noumo/easyii"
    },
    {
      "type": "WEB",
      "url": "https://vuldb.com/?id.212501"
    }
  ],
  "database_specific": {
    "cwe_ids": [
      "CWE-284",
      "CWE-434"
    ],
    "severity": "CRITICAL",
    "github_reviewed": true,
    "github_reviewed_at": "2022-10-31T22:56:47Z",
    "nvd_published_at": "2022-10-31T14:15:00Z"
  }
}