{
  "schema_version": "1.4.0",
  "id": "GHSA-vjfr-p6hp-jqqw",
  "modified": "2021-09-23T21:01:14Z",
  "published": "2020-08-31T23:00:10Z",
  "aliases": [
    "CVE-2015-4130"
  ],
  "summary": "Command Injection in ungit",
  "details": "Versions of `ungit` prior to 0.9.0 are affected by a command injection vulnerability in the `url` parameter.\n\n\n## Recommendation\n\nUpdate version 0.9.0 or later.",
  "severity": [],
  "affected": [
    {
      "package": {
        "ecosystem": "npm",
        "name": "ungit"
      },
      "ranges": [
        {
          "type": "ECOSYSTEM",
          "events": [
            {
              "introduced": "0"
            },
            {
              "fixed": "0.9.0"
            }
          ]
        }
      ],
      "database_specific": {
        "last_known_affected_version_range": "<= 0.8.4"
      }
    }
  ],
  "references": [
    {
      "type": "ADVISORY",
      "url": "https://nvd.nist.gov/vuln/detail/CVE-2015-4130"
    },
    {
      "type": "WEB",
      "url": "https://github.com/FredrikNoren/ungit/issues/486"
    },
    {
      "type": "PACKAGE",
      "url": "https://github.com/FredrikNoren/ungit"
    },
    {
      "type": "WEB",
      "url": "https://www.npmjs.com/advisories/40"
    }
  ],
  "database_specific": {
    "cwe_ids": [
      "CWE-77"
    ],
    "severity": "CRITICAL",
    "github_reviewed": true,
    "github_reviewed_at": "2020-08-31T18:08:53Z",
    "nvd_published_at": null
  }
}