{
  "schema_version": "1.4.0",
  "id": "GHSA-7pxg-6p87-8c9v",
  "modified": "2025-02-10T20:43:50Z",
  "published": "2022-05-24T17:33:56Z",
  "aliases": [
    "CVE-2020-24407"
  ],
  "summary": "Magento 2 Community Edition RCE via Unsafe File Upload",
  "details": "Magento versions 2.4.0 and 2.3.5p1 (and earlier) are affected by an unsafe file upload vulnerability that could result in arbitrary code execution. This vulnerability could be abused by authenticated users with administrative permissions to the System/Data and Transfer/Import components.",
  "severity": [
    {
      "type": "CVSS_V3",
      "score": "CVSS:3.1/AV:N/AC:L/PR:H/UI:N/S:C/C:H/I:H/A:H"
    }
  ],
  "affected": [
    {
      "package": {
        "ecosystem": "Packagist",
        "name": "magento/community-edition"
      },
      "ranges": [
        {
          "type": "ECOSYSTEM",
          "events": [
            {
              "introduced": "0"
            },
            {
              "fixed": "2.4.1"
            }
          ]
        }
      ],
      "database_specific": {
        "last_known_affected_version_range": "<= 2.4.0"
      }
    },
    {
      "package": {
        "ecosystem": "Packagist",
        "name": "magento/project-community-edition"
      },
      "ranges": [
        {
          "type": "ECOSYSTEM",
          "events": [
            {
              "introduced": "0"
            },
            {
              "last_affected": "2.0.2"
            }
          ]
        }
      ]
    }
  ],
  "references": [
    {
      "type": "ADVISORY",
      "url": "https://nvd.nist.gov/vuln/detail/CVE-2020-24407"
    },
    {
      "type": "PACKAGE",
      "url": "https://github.com/magento/magento2"
    },
    {
      "type": "WEB",
      "url": "https://helpx.adobe.com/security/products/magento/apsb20-59.html"
    }
  ],
  "database_specific": {
    "cwe_ids": [
      "CWE-434"
    ],
    "severity": "CRITICAL",
    "github_reviewed": true,
    "github_reviewed_at": "2023-07-13T21:54:02Z",
    "nvd_published_at": "2020-11-09T01:15:00Z"
  }
}