{
  "schema_version": "1.4.0",
  "id": "GHSA-rfhw-fm4m-52j6",
  "modified": "2024-09-24T21:22:33Z",
  "published": "2023-02-10T21:30:24Z",
  "aliases": [
    "CVE-2023-0777"
  ],
  "summary": "Authentication Bypass in modoboa",
  "details": "Authentication Bypass by Primary Weakness in GitHub repository modoboa/modoboa prior to 2.0.4.",
  "severity": [
    {
      "type": "CVSS_V3",
      "score": "CVSS:3.1/AV:N/AC:L/PR:N/UI:N/S:U/C:H/I:H/A:H"
    },
    {
      "type": "CVSS_V4",
      "score": "CVSS:4.0/AV:N/AC:L/AT:N/PR:N/UI:N/VC:H/VI:H/VA:H/SC:N/SI:N/SA:N"
    }
  ],
  "affected": [
    {
      "package": {
        "ecosystem": "PyPI",
        "name": "modoboa"
      },
      "ranges": [
        {
          "type": "ECOSYSTEM",
          "events": [
            {
              "introduced": "0"
            },
            {
              "fixed": "2.0.4"
            }
          ]
        }
      ],
      "database_specific": {
        "last_known_affected_version_range": "<= 2.0.3"
      }
    }
  ],
  "references": [
    {
      "type": "ADVISORY",
      "url": "https://nvd.nist.gov/vuln/detail/CVE-2023-0777"
    },
    {
      "type": "WEB",
      "url": "https://github.com/modoboa/modoboa/commit/47d17ac6643f870719691073956a26e4be0a4806"
    },
    {
      "type": "PACKAGE",
      "url": "https://github.com/modoboa/modoboa"
    },
    {
      "type": "WEB",
      "url": "https://github.com/pypa/advisory-database/tree/main/vulns/modoboa/PYSEC-2023-32.yaml"
    },
    {
      "type": "WEB",
      "url": "https://huntr.dev/bounties/a17e7a9f-0fee-4130-a522-5a0466fc17c7"
    },
    {
      "type": "WEB",
      "url": "http://packetstormsecurity.com/files/171744/modoboa-2.0.4-Admin-Takeover.html"
    }
  ],
  "database_specific": {
    "cwe_ids": [
      "CWE-305"
    ],
    "severity": "CRITICAL",
    "github_reviewed": true,
    "github_reviewed_at": "2023-02-10T22:31:45Z",
    "nvd_published_at": "2023-02-10T19:15:00Z"
  }
}