{
  "schema_version": "1.4.0",
  "id": "GHSA-fvrf-9428-527m",
  "modified": "2021-04-30T20:20:59Z",
  "published": "2021-04-22T16:11:01Z",
  "aliases": [
    "CVE-2021-21427"
  ],
  "summary": "Backport for CVE-2021-21024 Blind SQLi from Magento 2",
  "details": "### Impact\nThis vulnerability allows an administrator unauthorized access to restricted resources. \n\nWe fixed a vulnerability in the MySQL adapter to prevent SQL injection attacks. This is a backport of CVE-2021-21024 https://helpx.adobe.com/security/products/magento/apsb21-08.html. \n\n\n### Patches\n_Has the problem been patched? What versions should users upgrade to?_\n> v20.0.9 v19.4.13",
  "severity": [
    {
      "type": "CVSS_V3",
      "score": "CVSS:3.1/AV:N/AC:L/PR:H/UI:N/S:C/C:H/I:H/A:H"
    }
  ],
  "affected": [
    {
      "package": {
        "ecosystem": "Packagist",
        "name": "openmage/magento-lts"
      },
      "ranges": [
        {
          "type": "ECOSYSTEM",
          "events": [
            {
              "introduced": "0"
            },
            {
              "fixed": "19.4.13"
            }
          ]
        }
      ],
      "database_specific": {
        "last_known_affected_version_range": "<= 19.4.12"
      }
    },
    {
      "package": {
        "ecosystem": "Packagist",
        "name": "openmage/magento-lts"
      },
      "ranges": [
        {
          "type": "ECOSYSTEM",
          "events": [
            {
              "introduced": "20.0.0"
            },
            {
              "fixed": "20.0.9"
            }
          ]
        }
      ],
      "database_specific": {
        "last_known_affected_version_range": "<= 20.0.8"
      }
    }
  ],
  "references": [
    {
      "type": "WEB",
      "url": "https://github.com/OpenMage/magento-lts/security/advisories/GHSA-fvrf-9428-527m"
    },
    {
      "type": "ADVISORY",
      "url": "https://nvd.nist.gov/vuln/detail/CVE-2021-21427"
    }
  ],
  "database_specific": {
    "cwe_ids": [
      "CWE-89"
    ],
    "severity": "CRITICAL",
    "github_reviewed": true,
    "github_reviewed_at": "2021-04-21T21:06:43Z",
    "nvd_published_at": "2021-04-21T21:15:00Z"
  }
}