{
  "schema_version": "1.4.0",
  "id": "GHSA-7xf9-74cp-8hx3",
  "modified": "2021-09-30T17:00:58Z",
  "published": "2020-09-03T22:59:21Z",
  "aliases": [],
  "summary": "Malicious Package in js-cha3",
  "details": "Version 0.8.0 contained malicious code. The package targeted the Ethereum cryptocurrency and performed transactions to wallets not controlled by the user.\n\n\n## Recommendation\n\nRemove the package from your environment. Ensure no Ethereum funds were compromised.",
  "severity": [
    {
      "type": "CVSS_V3",
      "score": "CVSS:3.1/AV:N/AC:L/PR:N/UI:N/S:U/C:H/I:H/A:H"
    }
  ],
  "affected": [
    {
      "package": {
        "ecosystem": "npm",
        "name": "js-cha3"
      },
      "ranges": [
        {
          "type": "ECOSYSTEM",
          "events": [
            {
              "introduced": "0.0.0"
            }
          ]
        }
      ]
    }
  ],
  "references": [
    {
      "type": "WEB",
      "url": "https://www.npmjs.com/advisories/1281"
    }
  ],
  "database_specific": {
    "cwe_ids": [
      "CWE-506"
    ],
    "severity": "CRITICAL",
    "github_reviewed": true,
    "github_reviewed_at": "2020-08-31T18:53:37Z",
    "nvd_published_at": null
  }
}