{
  "schema_version": "1.4.0",
  "id": "GHSA-97hm-2mfr-2p97",
  "modified": "2023-07-10T21:43:16Z",
  "published": "2023-07-08T09:30:24Z",
  "aliases": [
    "CVE-2023-3551"
  ],
  "summary": "TeamPass Code Injection vulnerability",
  "details": " Code Injection in GitHub repository nilsteampassnet/teampass prior to 3.0.10.",
  "severity": [
    {
      "type": "CVSS_V3",
      "score": "CVSS:3.0/AV:N/AC:L/PR:H/UI:N/S:C/C:H/I:H/A:H"
    }
  ],
  "affected": [
    {
      "package": {
        "ecosystem": "Packagist",
        "name": "nilsteampassnet/teampass"
      },
      "ranges": [
        {
          "type": "ECOSYSTEM",
          "events": [
            {
              "introduced": "0"
            },
            {
              "fixed": "3.0.10"
            }
          ]
        }
      ]
    }
  ],
  "references": [
    {
      "type": "ADVISORY",
      "url": "https://nvd.nist.gov/vuln/detail/CVE-2023-3551"
    },
    {
      "type": "WEB",
      "url": "https://github.com/nilsteampassnet/teampass/commit/cc6abc76aa46ed4a27736c1d2f21e432a5d54e6f"
    },
    {
      "type": "PACKAGE",
      "url": "https://github.com/nilsteampassnet/teampass"
    },
    {
      "type": "WEB",
      "url": "https://huntr.dev/bounties/cf8878ff-6cd9-49be-b313-7ac2a94fc7f7"
    }
  ],
  "database_specific": {
    "cwe_ids": [
      "CWE-94"
    ],
    "severity": "CRITICAL",
    "github_reviewed": true,
    "github_reviewed_at": "2023-07-10T21:43:16Z",
    "nvd_published_at": "2023-07-08T09:15:42Z"
  }
}