{
  "schema_version": "1.4.0",
  "id": "GHSA-7w3c-jgh7-cwjw",
  "modified": "2024-04-24T18:06:20Z",
  "published": "2022-05-24T17:43:37Z",
  "aliases": [
    "CVE-2020-24914"
  ],
  "summary": "qcubed PHP object injection",
  "details": "A PHP object injection bug in profile.php in qcubed (all versions including 3.1.1) unserializes the untrusted data of the POST-variable \"strProfileData\" and allows an unauthenticated attacker to execute code via a crafted POST request.",
  "severity": [
    {
      "type": "CVSS_V3",
      "score": "CVSS:3.1/AV:N/AC:L/PR:N/UI:N/S:U/C:H/I:H/A:H"
    }
  ],
  "affected": [
    {
      "package": {
        "ecosystem": "Packagist",
        "name": "qcubed/qcubed"
      },
      "ranges": [
        {
          "type": "ECOSYSTEM",
          "events": [
            {
              "introduced": "0"
            },
            {
              "fixed": "3.2"
            }
          ]
        }
      ],
      "database_specific": {
        "last_known_affected_version_range": "<= 3.1.1"
      }
    }
  ],
  "references": [
    {
      "type": "ADVISORY",
      "url": "https://nvd.nist.gov/vuln/detail/CVE-2020-24914"
    },
    {
      "type": "WEB",
      "url": "https://github.com/qcubed/qcubed/pull/1320/files"
    },
    {
      "type": "PACKAGE",
      "url": "https://github.com/qcubed/qcubed"
    },
    {
      "type": "WEB",
      "url": "https://tech.feedyourhead.at/content/QCubed-PHP-Object-Injection-CVE-2020-24914"
    },
    {
      "type": "WEB",
      "url": "https://www.ait.ac.at/themen/cyber-security/pentesting/security-advisories/ait-sa-20210215-01"
    },
    {
      "type": "WEB",
      "url": "http://qcubed.com"
    },
    {
      "type": "WEB",
      "url": "http://seclists.org/fulldisclosure/2021/Mar/28"
    }
  ],
  "database_specific": {
    "cwe_ids": [
      "CWE-915"
    ],
    "severity": "CRITICAL",
    "github_reviewed": true,
    "github_reviewed_at": "2024-04-24T18:06:20Z",
    "nvd_published_at": "2021-03-04T13:15:00Z"
  }
}