{
  "schema_version": "1.4.0",
  "id": "GHSA-73qr-pfmq-6rp8",
  "modified": "2022-09-07T22:16:29Z",
  "published": "2021-11-04T16:22:28Z",
  "aliases": [],
  "summary": "Embedded malware in coa",
  "details": "The npm package\u00a0`coa`\u00a0had versions published with malicious code. Users of affected versions (2.0.3 and above) should downgrade to 2.0.2 as soon as possible and check their systems for suspicious activity. See\u00a0[this issue](https://github.com/veged/coa/issues/99)\u00a0for details as they unfold.\nAny computer that has this package installed or running should be considered fully compromised. All secrets and keys stored on that computer should be rotated immediately from a different computer. The package should be removed, but as full control of the computer may have been given to an outside entity, there is no guarantee that removing the package will remove all malicious software resulting from installing it.",
  "severity": [],
  "affected": [
    {
      "package": {
        "ecosystem": "npm",
        "name": "coa"
      },
      "versions": [
        "2.0.3"
      ]
    },
    {
      "package": {
        "ecosystem": "npm",
        "name": "coa"
      },
      "versions": [
        "2.0.4"
      ]
    },
    {
      "package": {
        "ecosystem": "npm",
        "name": "coa"
      },
      "versions": [
        "2.1.1"
      ]
    },
    {
      "package": {
        "ecosystem": "npm",
        "name": "coa"
      },
      "versions": [
        "2.1.3"
      ]
    },
    {
      "package": {
        "ecosystem": "npm",
        "name": "coa"
      },
      "versions": [
        "3.0.1"
      ]
    },
    {
      "package": {
        "ecosystem": "npm",
        "name": "coa"
      },
      "versions": [
        "3.1.3"
      ]
    }
  ],
  "references": [
    {
      "type": "WEB",
      "url": "https://github.com/veged/coa/issues/99"
    },
    {
      "type": "PACKAGE",
      "url": "https://github.com/veged/coa"
    },
    {
      "type": "WEB",
      "url": "https://therecord.media/malware-found-in-coa-and-rc-two-npm-packages-with-23m-weekly-downloads"
    },
    {
      "type": "WEB",
      "url": "https://www.virustotal.com/gui/file/26451f7f6fe297adf6738295b1dcc70f7678434ef21d8b6aad5ec00beb8a72cf?nocache=1"
    }
  ],
  "database_specific": {
    "cwe_ids": [
      "CWE-506"
    ],
    "severity": "CRITICAL",
    "github_reviewed": true,
    "github_reviewed_at": "2021-11-04T16:19:49Z",
    "nvd_published_at": null
  }
}