{
  "schema_version": "1.4.0",
  "id": "GHSA-g6jc-xrc3-4wwq",
  "modified": "2022-11-10T23:56:13Z",
  "published": "2022-11-10T23:56:13Z",
  "aliases": [],
  "summary": "Ibexa DXP users with the Company admin role can assign any role to any user",
  "details": "Critical severity. Users with the Company admin role (introduced by the company account feature in v4) can assign any role to any user. This also applies to any other user that has the role / assign policy. Any subtree limitation in place does not have any effect.\n\nThe role / assign policy is typically only given to administrators, which limits the scope in most cases, but please verify who has this policy in your installaton. The fix ensures that subtree limitations are working as intended.",
  "severity": [],
  "affected": [
    {
      "package": {
        "ecosystem": "Packagist",
        "name": "ibexa/admin-ui"
      },
      "ranges": [
        {
          "type": "ECOSYSTEM",
          "events": [
            {
              "introduced": "4.2.0"
            },
            {
              "fixed": "4.2.3"
            }
          ]
        }
      ]
    }
  ],
  "references": [
    {
      "type": "WEB",
      "url": "https://github.com/ibexa/admin-ui/security/advisories/GHSA-g6jc-xrc3-4wwq"
    },
    {
      "type": "WEB",
      "url": "https://github.com/ibexa/admin-ui/commit/e34abb0cf4e463ef86a8bda907496a8dd9967807"
    },
    {
      "type": "WEB",
      "url": "https://developers.ibexa.co/security-advisories/ibexa-sa-2022-009-critical-vulnerabilities-in-graphql-role-assignment-ct-editing-and-drafts-tooltips"
    },
    {
      "type": "PACKAGE",
      "url": "https://github.com/ibexa/admin-ui"
    }
  ],
  "database_specific": {
    "cwe_ids": [],
    "severity": "CRITICAL",
    "github_reviewed": true,
    "github_reviewed_at": "2022-11-10T23:56:13Z",
    "nvd_published_at": null
  }
}