{
  "schema_version": "1.4.0",
  "id": "GHSA-rwhh-6x83-84v6",
  "modified": "2024-01-29T19:12:33Z",
  "published": "2024-01-23T15:30:58Z",
  "aliases": [
    "CVE-2023-49657"
  ],
  "summary": "Cross-site Scripting in Apache superset",
  "details": "A stored cross-site scripting (XSS) vulnerability exists in Apache Superset before 3.0.3.\u00a0An authenticated attacker with create/update permissions on charts or dashboards could store a script or add a specific HTML snippet that would act as a stored XSS.\n\nFor 2.X versions, users should change their config to include:\n\nTALISMAN_CONFIG = {\n\u00a0 \u00a0 \"content_security_policy\": {\n\u00a0 \u00a0 \u00a0 \u00a0 \"base-uri\": [\"'self'\"],\n\u00a0 \u00a0 \u00a0 \u00a0 \"default-src\": [\"'self'\"],\n\u00a0 \u00a0 \u00a0 \u00a0 \"img-src\": [\"'self'\", \"blob:\", \"data:\"],\n\u00a0 \u00a0 \u00a0 \u00a0 \"worker-src\": [\"'self'\", \"blob:\"],\n\u00a0 \u00a0 \u00a0 \u00a0 \"connect-src\": [\n\u00a0 \u00a0 \u00a0 \u00a0 \u00a0 \u00a0 \"'self'\",\n\u00a0 \u00a0 \u00a0 \u00a0 \u00a0 \u00a0 \" https://api.mapbox.com\" https://api.mapbox.com\" ;,\n\u00a0 \u00a0 \u00a0 \u00a0 \u00a0 \u00a0 \" https://events.mapbox.com\" https://events.mapbox.com\" ;,\n\u00a0 \u00a0 \u00a0 \u00a0 ],\n\u00a0 \u00a0 \u00a0 \u00a0 \"object-src\": \"'none'\",\n\u00a0 \u00a0 \u00a0 \u00a0 \"style-src\": [\n\u00a0 \u00a0 \u00a0 \u00a0 \u00a0 \u00a0 \"'self'\",\n\u00a0 \u00a0 \u00a0 \u00a0 \u00a0 \u00a0 \"'unsafe-inline'\",\n\u00a0 \u00a0 \u00a0 \u00a0 ],\n\u00a0 \u00a0 \u00a0 \u00a0 \"script-src\": [\"'self'\", \"'strict-dynamic'\"],\n\u00a0 \u00a0 },\n\u00a0 \u00a0 \"content_security_policy_nonce_in\": [\"script-src\"],\n\u00a0 \u00a0 \"force_https\": False,\n\u00a0 \u00a0 \"session_cookie_secure\": False,\n}",
  "severity": [
    {
      "type": "CVSS_V3",
      "score": "CVSS:3.1/AV:N/AC:L/PR:L/UI:N/S:C/C:H/I:H/A:N"
    }
  ],
  "affected": [
    {
      "package": {
        "ecosystem": "PyPI",
        "name": "apache-superset"
      },
      "ranges": [
        {
          "type": "ECOSYSTEM",
          "events": [
            {
              "introduced": "0"
            },
            {
              "fixed": "3.0.3"
            }
          ]
        }
      ]
    }
  ],
  "references": [
    {
      "type": "ADVISORY",
      "url": "https://nvd.nist.gov/vuln/detail/CVE-2023-49657"
    },
    {
      "type": "PACKAGE",
      "url": "https://github.com/apache/superset"
    },
    {
      "type": "WEB",
      "url": "https://lists.apache.org/thread/wjyvz8om9nwd396lh0bt156mtwjxpsvx"
    },
    {
      "type": "WEB",
      "url": "http://www.openwall.com/lists/oss-security/2024/01/23/5"
    }
  ],
  "database_specific": {
    "cwe_ids": [
      "CWE-79"
    ],
    "severity": "CRITICAL",
    "github_reviewed": true,
    "github_reviewed_at": "2024-01-23T20:10:58Z",
    "nvd_published_at": "2024-01-23T15:15:11Z"
  }
}