{
  "schema_version": "1.4.0",
  "id": "GHSA-v558-fhw2-v46w",
  "modified": "2023-10-26T16:14:43Z",
  "published": "2022-05-24T22:00:03Z",
  "aliases": [
    "CVE-2019-10328"
  ],
  "summary": "Unsafe entry in Script Security list of approved signatures in Pipeline Remote Loader Plugin",
  "details": "Jenkins Pipeline Remote Loader Plugin before 1.5 provided a custom whitelist for script security that allowed attackers to invoke arbitrary methods, bypassing typical sandbox protection.",
  "severity": [
    {
      "type": "CVSS_V3",
      "score": "CVSS:3.0/AV:N/AC:L/PR:L/UI:N/S:C/C:H/I:H/A:H"
    }
  ],
  "affected": [
    {
      "package": {
        "ecosystem": "Maven",
        "name": "org.jenkins-ci.plugins:workflow-remote-loader"
      },
      "ranges": [
        {
          "type": "ECOSYSTEM",
          "events": [
            {
              "introduced": "0"
            },
            {
              "fixed": "1.5"
            }
          ]
        }
      ]
    }
  ],
  "references": [
    {
      "type": "ADVISORY",
      "url": "https://nvd.nist.gov/vuln/detail/CVE-2019-10328"
    },
    {
      "type": "WEB",
      "url": "https://github.com/jenkinsci/workflow-remote-loader-plugin/commit/6f9d60f614359720ec98e22b80ba15e8bf88e712"
    },
    {
      "type": "WEB",
      "url": "https://access.redhat.com/errata/RHBA-2019:1605"
    },
    {
      "type": "WEB",
      "url": "https://access.redhat.com/errata/RHSA-2019:1636"
    },
    {
      "type": "PACKAGE",
      "url": "https://github.com/jenkinsci/workflow-remote-loader-plugin"
    },
    {
      "type": "WEB",
      "url": "https://jenkins.io/security/advisory/2019-05-31/#SECURITY-921"
    },
    {
      "type": "WEB",
      "url": "http://www.openwall.com/lists/oss-security/2019/05/31/2"
    },
    {
      "type": "WEB",
      "url": "http://www.securityfocus.com/bid/108540"
    }
  ],
  "database_specific": {
    "cwe_ids": [
      "CWE-183",
      "CWE-693"
    ],
    "severity": "CRITICAL",
    "github_reviewed": true,
    "github_reviewed_at": "2022-08-30T18:21:15Z",
    "nvd_published_at": "2019-05-31T15:29:00Z"
  }
}