{
  "schema_version": "1.4.0",
  "id": "GHSA-5ww9-9qp2-x524",
  "modified": "2022-07-05T18:02:56Z",
  "published": "2022-06-24T00:00:31Z",
  "aliases": [
    "CVE-2022-33127"
  ],
  "summary": "Improper handling of double quotes in file name in Diffy in Windows environment",
  "details": "The function that calls the diff tool in versions of Diffy prior to 3.4.1 does not properly handle double quotes in a filename when run in a Windows environment. This allows attackers to execute arbitrary commands via a crafted string.",
  "severity": [
    {
      "type": "CVSS_V3",
      "score": "CVSS:3.1/AV:N/AC:L/PR:N/UI:N/S:U/C:H/I:H/A:H"
    }
  ],
  "affected": [
    {
      "package": {
        "ecosystem": "RubyGems",
        "name": "diffy"
      },
      "ranges": [
        {
          "type": "ECOSYSTEM",
          "events": [
            {
              "introduced": "0"
            },
            {
              "fixed": "3.4.1"
            }
          ]
        }
      ]
    }
  ],
  "references": [
    {
      "type": "ADVISORY",
      "url": "https://nvd.nist.gov/vuln/detail/CVE-2022-33127"
    },
    {
      "type": "WEB",
      "url": "https://github.com/samg/diffy/commit/478f392082b66d38f54a02b4bb9c41be32fd6593"
    },
    {
      "type": "WEB",
      "url": "https://github.com/rubysec/ruby-advisory-db/blob/master/gems/diffy/CVE-2022-33127.yml"
    },
    {
      "type": "PACKAGE",
      "url": "https://github.com/samg/diffy"
    },
    {
      "type": "WEB",
      "url": "https://github.com/samg/diffy/blob/56fd935aea256742f7352b050592542d3d153bf6/CHANGELOG#L1"
    }
  ],
  "database_specific": {
    "cwe_ids": [],
    "severity": "CRITICAL",
    "github_reviewed": true,
    "github_reviewed_at": "2022-06-25T07:23:10Z",
    "nvd_published_at": "2022-06-23T17:15:00Z"
  }
}