{
  "schema_version": "1.4.0",
  "id": "GHSA-whww-v56c-cgv2",
  "modified": "2021-05-10T21:50:14Z",
  "published": "2022-02-10T22:39:17Z",
  "aliases": [
    "CVE-2020-1948"
  ],
  "summary": "Deserialization of Untrusted Data in Apache Dubbo",
  "details": "This vulnerability can affect all Dubbo users stay on version 2.7.6 or lower. An attacker can send RPC requests with unrecognized service name or method name along with some malicious parameter payloads. When the malicious parameter is deserialized, it will execute some malicious code. More details can be found below.",
  "severity": [
    {
      "type": "CVSS_V3",
      "score": "CVSS:3.1/AV:N/AC:L/PR:N/UI:N/S:U/C:H/I:H/A:H"
    }
  ],
  "affected": [
    {
      "package": {
        "ecosystem": "Maven",
        "name": "org.apache.dubbo:dubbo"
      },
      "ranges": [
        {
          "type": "ECOSYSTEM",
          "events": [
            {
              "introduced": "0"
            },
            {
              "fixed": "2.7.7"
            }
          ]
        }
      ]
    },
    {
      "package": {
        "ecosystem": "Maven",
        "name": "org.apache.dubbo:dubbo-common"
      },
      "ranges": [
        {
          "type": "ECOSYSTEM",
          "events": [
            {
              "introduced": "0"
            },
            {
              "fixed": "2.7.7"
            }
          ]
        }
      ]
    }
  ],
  "references": [
    {
      "type": "ADVISORY",
      "url": "https://nvd.nist.gov/vuln/detail/CVE-2020-1948"
    },
    {
      "type": "WEB",
      "url": "https://lists.apache.org/thread.html/rbaa41711b3e7a8cd20e9013737423ddd079ddc12f90180f86e76523c%40%3Csecurity.dubbo.apache.org%3E"
    },
    {
      "type": "WEB",
      "url": "https://nsfocusglobal.com/apache-dubbo-remote-code-execution-vulnerability-cve-2020-1948-threat-alert"
    }
  ],
  "database_specific": {
    "cwe_ids": [
      "CWE-502"
    ],
    "severity": "CRITICAL",
    "github_reviewed": true,
    "github_reviewed_at": "2021-05-10T21:50:14Z",
    "nvd_published_at": "2020-07-14T14:15:00Z"
  }
}