{
  "schema_version": "1.4.0",
  "id": "GHSA-pf3p-v9xp-mrvf",
  "modified": "2024-09-30T16:41:00Z",
  "published": "2022-05-24T22:00:30Z",
  "aliases": [
    "CVE-2019-16227"
  ],
  "summary": "py-lmdb Invalid write operation",
  "details": "An issue was discovered in py-lmdb 0.97. For certain values of `mn_flags`, `mdb_cursor_set` triggers a memcpy with an invalid write operation within `mdb_xcursor_init1`. NOTE: this outcome occurs when accessing a `data.mdb` file supplied by an attacker.",
  "severity": [
    {
      "type": "CVSS_V3",
      "score": "CVSS:3.1/AV:N/AC:L/PR:N/UI:N/S:U/C:H/I:H/A:H"
    },
    {
      "type": "CVSS_V4",
      "score": "CVSS:4.0/AV:N/AC:L/AT:N/PR:N/UI:N/VC:H/VI:H/VA:H/SC:N/SI:N/SA:N"
    }
  ],
  "affected": [
    {
      "package": {
        "ecosystem": "PyPI",
        "name": "lmdb"
      },
      "ranges": [
        {
          "type": "ECOSYSTEM",
          "events": [
            {
              "introduced": "0"
            },
            {
              "last_affected": "0.97"
            }
          ]
        }
      ]
    }
  ],
  "references": [
    {
      "type": "ADVISORY",
      "url": "https://nvd.nist.gov/vuln/detail/CVE-2019-16227"
    },
    {
      "type": "WEB",
      "url": "https://github.com/TeamSeri0us/pocs/tree/master/lmdb/lmdb%20memcpy%20illegal%20dst"
    },
    {
      "type": "PACKAGE",
      "url": "https://github.com/jnwatson/py-lmdb"
    },
    {
      "type": "WEB",
      "url": "https://github.com/pypa/advisory-database/tree/main/vulns/lmdb/PYSEC-2019-239.yaml"
    },
    {
      "type": "WEB",
      "url": "https://pypi.org/project/lmdb"
    }
  ],
  "database_specific": {
    "cwe_ids": [
      "CWE-787"
    ],
    "severity": "CRITICAL",
    "github_reviewed": true,
    "github_reviewed_at": "2024-04-22T22:36:09Z",
    "nvd_published_at": "2019-09-11T15:15:00Z"
  }
}