{
  "schema_version": "1.4.0",
  "id": "GHSA-fj34-jhjx-xmvv",
  "modified": "2022-06-14T20:04:41Z",
  "published": "2022-06-03T00:00:33Z",
  "aliases": [
    "CVE-2021-33473"
  ],
  "summary": "Arbitrary file write in dragonfly",
  "details": "An argument injection vulnerability in Dragonfly Ruby Gem v1.3.0 allows attackers to read and write arbitrary files when the verify_url option is disabled. This vulnerability is exploited via a crafted URL.",
  "severity": [
    {
      "type": "CVSS_V3",
      "score": "CVSS:3.1/AV:N/AC:L/PR:N/UI:N/S:U/C:H/I:H/A:N"
    }
  ],
  "affected": [
    {
      "package": {
        "ecosystem": "RubyGems",
        "name": "dragonfly"
      },
      "ranges": [
        {
          "type": "ECOSYSTEM",
          "events": [
            {
              "introduced": "0"
            },
            {
              "fixed": "1.4.0"
            }
          ]
        }
      ]
    }
  ],
  "references": [
    {
      "type": "ADVISORY",
      "url": "https://nvd.nist.gov/vuln/detail/CVE-2021-33473"
    },
    {
      "type": "WEB",
      "url": "https://github.com/markevans/dragonfly/issues/513"
    },
    {
      "type": "WEB",
      "url": "https://github.com/markevans/dragonfly/commit/25399297bb457f7fcf8e3f91e85945b255b111b5"
    },
    {
      "type": "PACKAGE",
      "url": "https://github.com/markevans/dragonfly"
    },
    {
      "type": "WEB",
      "url": "https://github.com/rubysec/ruby-advisory-db/blob/master/gems/dragonfly/CVE-2021-33473.yml"
    },
    {
      "type": "WEB",
      "url": "https://security.netapp.com/advisory/ntap-20220715-0004"
    }
  ],
  "database_specific": {
    "cwe_ids": [
      "CWE-88"
    ],
    "severity": "CRITICAL",
    "github_reviewed": true,
    "github_reviewed_at": "2022-06-03T22:16:58Z",
    "nvd_published_at": "2022-06-02T20:15:00Z"
  }
}