{
  "schema_version": "1.4.0",
  "id": "GHSA-rmpj-7c96-mrg8",
  "modified": "2023-06-27T20:51:43Z",
  "published": "2022-06-14T00:00:37Z",
  "aliases": [
    "CVE-2021-37404"
  ],
  "summary": "Apache Hadoop heap overflow before v2.10.2, v3.2.3, v3.3.2",
  "details": "There is a potential heap buffer overflow in Apache Hadoop libhdfs native code. Opening a file path provided by user without validation may result in a denial of service or arbitrary code execution. Users should upgrade to Apache Hadoop 2.10.2, 3.2.3, 3.3.2 or higher.",
  "severity": [
    {
      "type": "CVSS_V3",
      "score": "CVSS:3.1/AV:N/AC:L/PR:N/UI:N/S:U/C:H/I:H/A:H"
    }
  ],
  "affected": [
    {
      "package": {
        "ecosystem": "Maven",
        "name": "org.apache.hadoop:hadoop-common"
      },
      "ranges": [
        {
          "type": "ECOSYSTEM",
          "events": [
            {
              "introduced": "3.3.0"
            },
            {
              "fixed": "3.3.2"
            }
          ]
        }
      ]
    },
    {
      "package": {
        "ecosystem": "Maven",
        "name": "org.apache.hadoop:hadoop-common"
      },
      "ranges": [
        {
          "type": "ECOSYSTEM",
          "events": [
            {
              "introduced": "3.0.0"
            },
            {
              "fixed": "3.2.3"
            }
          ]
        }
      ]
    },
    {
      "package": {
        "ecosystem": "Maven",
        "name": "org.apache.hadoop:hadoop-common"
      },
      "ranges": [
        {
          "type": "ECOSYSTEM",
          "events": [
            {
              "introduced": "0"
            },
            {
              "fixed": "2.10.2"
            }
          ]
        }
      ]
    }
  ],
  "references": [
    {
      "type": "ADVISORY",
      "url": "https://nvd.nist.gov/vuln/detail/CVE-2021-37404"
    },
    {
      "type": "PACKAGE",
      "url": "https://github.com/apache/hadoop"
    },
    {
      "type": "WEB",
      "url": "https://lists.apache.org/thread/2h56ztcj3ojc66qzf1nno88vjw9vd4wo"
    },
    {
      "type": "WEB",
      "url": "https://security.netapp.com/advisory/ntap-20220715-0007"
    }
  ],
  "database_specific": {
    "cwe_ids": [
      "CWE-120",
      "CWE-131",
      "CWE-787"
    ],
    "severity": "CRITICAL",
    "github_reviewed": true,
    "github_reviewed_at": "2022-06-17T01:09:36Z",
    "nvd_published_at": "2022-06-13T07:15:00Z"
  }
}