{
  "schema_version": "1.4.0",
  "id": "GHSA-c6pw-q7f2-97hv",
  "modified": "2021-06-15T17:25:24Z",
  "published": "2020-09-04T17:57:43Z",
  "aliases": [
    "CVE-2019-0219"
  ],
  "summary": "Privilege Escalation in cordova-plugin-inappbrowser",
  "details": "Versions of `cordova-plugin-inappbrowser` prior to 3.1.0 are vulnerable to Privilege Escalation. A website running in the InAppBrowser webview on Android could execute arbitrary JavaScript in the main application's webview using a specially crafted gap-iab: URI. This affects Cordova Android applications using the package.\n\n\n## Recommendation\n\nUpgrade to version 3.1.0 or later.",
  "severity": [
    {
      "type": "CVSS_V3",
      "score": "CVSS:3.1/AV:N/AC:L/PR:N/UI:N/S:U/C:H/I:H/A:H"
    }
  ],
  "affected": [
    {
      "package": {
        "ecosystem": "npm",
        "name": "cordova-plugin-inappbrowser"
      },
      "ranges": [
        {
          "type": "ECOSYSTEM",
          "events": [
            {
              "introduced": "0"
            },
            {
              "fixed": "3.1.0"
            }
          ]
        }
      ]
    }
  ],
  "references": [
    {
      "type": "ADVISORY",
      "url": "https://nvd.nist.gov/vuln/detail/CVE-2019-0219"
    },
    {
      "type": "WEB",
      "url": "https://lists.apache.org/thread.html/197482d5ab80c0bff4a5ec16e1b0466df38389d9a4b5331d777f14fc%40%3Cdev.cordova.apache.org%3E"
    },
    {
      "type": "WEB",
      "url": "https://lists.apache.org/thread/4vtg0trdrh5203dktt4f3vkd5z2d5ndj"
    },
    {
      "type": "WEB",
      "url": "https://www.npmjs.com/advisories/1467"
    },
    {
      "type": "WEB",
      "url": "https://www.oracle.com//security-alerts/cpujul2021.html"
    },
    {
      "type": "WEB",
      "url": "https://www.oracle.com/security-alerts/cpuApr2021.html"
    },
    {
      "type": "WEB",
      "url": "https://www.oracle.com/security-alerts/cpujul2022.html"
    },
    {
      "type": "WEB",
      "url": "http://www.openwall.com/lists/oss-security/2019/11/28/1"
    }
  ],
  "database_specific": {
    "cwe_ids": [
      "CWE-79"
    ],
    "severity": "CRITICAL",
    "github_reviewed": true,
    "github_reviewed_at": "2020-08-31T19:00:21Z",
    "nvd_published_at": "2020-01-14T15:15:00Z"
  }
}