{
  "schema_version": "1.4.0",
  "id": "GHSA-gx4p-6w86-f8jx",
  "modified": "2024-01-12T20:44:15Z",
  "published": "2022-04-22T00:24:17Z",
  "aliases": [
    "CVE-2011-3583"
  ],
  "summary": "Typo3 SQL injection due to faulty prepared statements",
  "details": "It was found that Typo3 Core versions 4.5.0 - 4.5.5 uses prepared statements that, if the parameter values are not properly replaced, could lead to a SQL Injection vulnerability. This issue can only be exploited if two or more parameters are bound to the query and at least two come from user input.",
  "severity": [
    {
      "type": "CVSS_V3",
      "score": "CVSS:3.1/AV:N/AC:L/PR:N/UI:N/S:U/C:H/I:H/A:H"
    }
  ],
  "affected": [
    {
      "package": {
        "ecosystem": "Packagist",
        "name": "typo3/cms"
      },
      "ranges": [
        {
          "type": "ECOSYSTEM",
          "events": [
            {
              "introduced": "4.5.0"
            },
            {
              "last_affected": "4.5.5"
            }
          ]
        }
      ]
    }
  ],
  "references": [
    {
      "type": "ADVISORY",
      "url": "https://nvd.nist.gov/vuln/detail/CVE-2011-3583"
    },
    {
      "type": "WEB",
      "url": "https://access.redhat.com/security/cve/cve-2011-3583"
    },
    {
      "type": "WEB",
      "url": "https://bugs.debian.org/cgi-bin/bugreport.cgi?bug=641682"
    },
    {
      "type": "PACKAGE",
      "url": "https://github.com/TYPO3/typo3"
    },
    {
      "type": "WEB",
      "url": "https://security-tracker.debian.org/tracker/CVE-2011-3583"
    },
    {
      "type": "WEB",
      "url": "https://typo3.org/security/advisory/typo3-core-sa-2011-002"
    }
  ],
  "database_specific": {
    "cwe_ids": [
      "CWE-89"
    ],
    "severity": "CRITICAL",
    "github_reviewed": true,
    "github_reviewed_at": "2024-01-12T20:44:15Z",
    "nvd_published_at": "2019-11-26T00:15:00Z"
  }
}