{
  "schema_version": "1.4.0",
  "id": "GHSA-jgjc-332c-8cmc",
  "modified": "2021-08-19T16:24:16Z",
  "published": "2020-01-16T21:56:15Z",
  "aliases": [
    "CVE-2019-18622"
  ],
  "summary": "SQL injection in phpMyAdmin",
  "details": "An issue was discovered in phpMyAdmin before 4.9.2. A crafted database/table name can be used to trigger a SQL injection attack through the designer feature.",
  "severity": [
    {
      "type": "CVSS_V3",
      "score": "CVSS:3.1/AV:N/AC:L/PR:N/UI:N/S:U/C:H/I:H/A:H"
    }
  ],
  "affected": [
    {
      "package": {
        "ecosystem": "Packagist",
        "name": "phpmyadmin/phpmyadmin"
      },
      "ranges": [
        {
          "type": "ECOSYSTEM",
          "events": [
            {
              "introduced": "0"
            },
            {
              "fixed": "4.9.2"
            }
          ]
        }
      ]
    }
  ],
  "references": [
    {
      "type": "ADVISORY",
      "url": "https://nvd.nist.gov/vuln/detail/CVE-2019-18622"
    },
    {
      "type": "WEB",
      "url": "https://github.com/phpmyadmin/composer/commit/51acbf53564d9b52e78509a5688ec2b68976b5f7"
    },
    {
      "type": "WEB",
      "url": "https://lists.fedoraproject.org/archives/list/package-announce@lists.fedoraproject.org/message/BA4DGF7KTQS6WA2DRNJSW66L43WB7LRV"
    },
    {
      "type": "WEB",
      "url": "https://lists.fedoraproject.org/archives/list/package-announce@lists.fedoraproject.org/message/W5GW4KEMNCBQYZCIXEJYC42OEBBN2NSH"
    },
    {
      "type": "WEB",
      "url": "https://security.gentoo.org/glsa/202003-39"
    },
    {
      "type": "WEB",
      "url": "https://www.phpmyadmin.net/security/PMASA-2019-5"
    },
    {
      "type": "WEB",
      "url": "http://lists.opensuse.org/opensuse-security-announce/2019-12/msg00002.html"
    },
    {
      "type": "WEB",
      "url": "http://lists.opensuse.org/opensuse-security-announce/2020-01/msg00024.html"
    }
  ],
  "database_specific": {
    "cwe_ids": [
      "CWE-89"
    ],
    "severity": "CRITICAL",
    "github_reviewed": true,
    "github_reviewed_at": "2020-01-16T21:54:54Z",
    "nvd_published_at": null
  }
}