{
  "schema_version": "1.4.0",
  "id": "GHSA-w7pm-cc4v-f3g8",
  "modified": "2024-08-28T15:29:16Z",
  "published": "2022-05-24T17:12:05Z",
  "aliases": [
    "CVE-2020-7961"
  ],
  "summary": "Deserialization of Untrusted Data in Liferay Portal",
  "details": "Deserialization of Untrusted Data in Liferay Portal prior to 7.2.1 CE GA2 allows remote attackers to execute arbitrary code via JSON web services (JSONWS).",
  "severity": [
    {
      "type": "CVSS_V3",
      "score": "CVSS:3.1/AV:N/AC:L/PR:N/UI:N/S:U/C:H/I:H/A:H"
    },
    {
      "type": "CVSS_V4",
      "score": "CVSS:4.0/AV:N/AC:L/AT:N/PR:N/UI:N/VC:H/VI:H/VA:H/SC:N/SI:N/SA:N"
    }
  ],
  "affected": [
    {
      "package": {
        "ecosystem": "Maven",
        "name": "com.liferay.portal:com.liferay.portal.kernel"
      },
      "ranges": [
        {
          "type": "ECOSYSTEM",
          "events": [
            {
              "introduced": "0"
            },
            {
              "fixed": "4.35.3"
            }
          ]
        }
      ]
    }
  ],
  "references": [
    {
      "type": "ADVISORY",
      "url": "https://nvd.nist.gov/vuln/detail/CVE-2020-7961"
    },
    {
      "type": "PACKAGE",
      "url": "https://github.com/liferay/liferay-portal"
    },
    {
      "type": "WEB",
      "url": "https://github.com/liferay/liferay-portal/blob/7.2.1-ga2/portal-kernel/bnd.bnd"
    },
    {
      "type": "WEB",
      "url": "https://portal.liferay.dev/learn/security/known-vulnerabilities"
    },
    {
      "type": "WEB",
      "url": "https://portal.liferay.dev/learn/security/known-vulnerabilities/-/asset_publisher/HbL5mxmVrnXW/content/id/117954271"
    },
    {
      "type": "WEB",
      "url": "https://research.checkpoint.com/2021/freakout-leveraging-newest-vulnerabilities-for-creating-a-botnet"
    },
    {
      "type": "WEB",
      "url": "http://packetstormsecurity.com/files/157254/Liferay-Portal-Java-Unmarshalling-Remote-Code-Execution.html"
    },
    {
      "type": "WEB",
      "url": "http://packetstormsecurity.com/files/158392/Liferay-Portal-Remote-Code-Execution.html"
    }
  ],
  "database_specific": {
    "cwe_ids": [
      "CWE-502"
    ],
    "severity": "CRITICAL",
    "github_reviewed": true,
    "github_reviewed_at": "2022-06-23T06:57:17Z",
    "nvd_published_at": "2020-03-20T19:15:00Z"
  }
}