{
  "schema_version": "1.4.0",
  "id": "GHSA-jx6q-fq9h-6g7q",
  "modified": "2023-12-28T21:04:50Z",
  "published": "2023-12-19T15:30:29Z",
  "aliases": [
    "CVE-2019-25158"
  ],
  "summary": "Pedroetb TTS-API OS Command Injection",
  "details": "A vulnerability has been found in pedroetb tts-api up to 2.1.4 and classified as critical. This vulnerability affects the function onSpeechDone of the file app.js. The manipulation leads to os command injection. Upgrading to version 2.2.0 is able to address this issue. The patch is identified as 29d9c25415911ea2f8b6de247cb5c4607d13d434. It is recommended to upgrade the affected component. VDB-248278 is the identifier assigned to this vulnerability.",
  "severity": [
    {
      "type": "CVSS_V3",
      "score": "CVSS:3.1/AV:N/AC:L/PR:N/UI:N/S:U/C:H/I:H/A:H"
    }
  ],
  "affected": [
    {
      "package": {
        "ecosystem": "npm",
        "name": "tts-api"
      },
      "ranges": [
        {
          "type": "ECOSYSTEM",
          "events": [
            {
              "introduced": "0"
            },
            {
              "fixed": "2.2.0"
            }
          ]
        }
      ]
    }
  ],
  "references": [
    {
      "type": "ADVISORY",
      "url": "https://nvd.nist.gov/vuln/detail/CVE-2019-25158"
    },
    {
      "type": "WEB",
      "url": "https://github.com/pedroetb/tts-api/commit/29d9c25415911ea2f8b6de247cb5c4607d13d434"
    },
    {
      "type": "PACKAGE",
      "url": "https://github.com/pedroetb/tts-api"
    },
    {
      "type": "WEB",
      "url": "https://github.com/pedroetb/tts-api/releases/tag/v2.2.0"
    },
    {
      "type": "WEB",
      "url": "https://vuldb.com/?ctiid.248278"
    },
    {
      "type": "WEB",
      "url": "https://vuldb.com/?id.248278"
    }
  ],
  "database_specific": {
    "cwe_ids": [
      "CWE-78"
    ],
    "severity": "CRITICAL",
    "github_reviewed": true,
    "github_reviewed_at": "2023-12-19T20:53:24Z",
    "nvd_published_at": "2023-12-19T13:15:43Z"
  }
}