{
  "schema_version": "1.4.0",
  "id": "GHSA-5qxq-vgmm-q39m",
  "modified": "2022-10-29T00:29:08Z",
  "published": "2022-10-29T00:29:08Z",
  "aliases": [
    "CVE-2022-39365"
  ],
  "summary": "RCE vulnerability in Pimcore/Mail & Dynamic Text Layout",
  "details": "### Impact\nThe user controlled twig templates rendering in `Pimcore/Mail` & `ClassDefinition\\Layout\\Text` is vulnerable to server-side template Injection RCE.\n\n### Patches\nUpdate to version 10.5.9 or apply this patch manually https://github.com/pimcore/pimcore/pull/13347.patch\n\n### Workarounds\nApply https://github.com/pimcore/pimcore/pull/13347.patch manually.\n\n### References\nCredits: @nth347 from Viettel Cyber Security \n",
  "severity": [
    {
      "type": "CVSS_V3",
      "score": "CVSS:3.1/AV:N/AC:L/PR:N/UI:N/S:U/C:H/I:H/A:H"
    }
  ],
  "affected": [
    {
      "package": {
        "ecosystem": "Packagist",
        "name": "pimcore/pimcore"
      },
      "ranges": [
        {
          "type": "ECOSYSTEM",
          "events": [
            {
              "introduced": "0"
            },
            {
              "fixed": "10.5.9"
            }
          ]
        }
      ]
    }
  ],
  "references": [
    {
      "type": "WEB",
      "url": "https://github.com/pimcore/pimcore/security/advisories/GHSA-5qxq-vgmm-q39m"
    },
    {
      "type": "ADVISORY",
      "url": "https://nvd.nist.gov/vuln/detail/CVE-2022-39365"
    },
    {
      "type": "WEB",
      "url": "https://github.com/pimcore/pimcore/pull/13347"
    },
    {
      "type": "WEB",
      "url": "https://github.com/pimcore/pimcore/pull/13347.patch"
    },
    {
      "type": "WEB",
      "url": "https://github.com/pimcore/pimcore/commit/43aa34e018f5cd447bceb864358285ba92f68372"
    },
    {
      "type": "PACKAGE",
      "url": "https://github.com/pimcore/pimcore"
    }
  ],
  "database_specific": {
    "cwe_ids": [
      "CWE-94"
    ],
    "severity": "CRITICAL",
    "github_reviewed": true,
    "github_reviewed_at": "2022-10-29T00:29:08Z",
    "nvd_published_at": "2022-10-27T15:15:00Z"
  }
}