{
  "schema_version": "1.4.0",
  "id": "GHSA-ffvr-gmp3-xx43",
  "modified": "2025-02-19T17:48:09Z",
  "published": "2025-02-14T15:31:05Z",
  "aliases": [
    "CVE-2024-56180"
  ],
  "summary": "Apache EventMesh: raft Hessian Deserialization Vulnerability allowing remote code execution",
  "details": "CWE-502 Deserialization of Untrusted Data at the eventmesh-meta-raft\u00a0plugin\u00a0module in Apache EventMesh master branch without release version on windows\\linux\\mac os e.g. platforms allows attackers to send controlled message and remote code execute\u00a0via hessian deserialization rpc protocol. Users can use the code under the master branch in project repo or version 1.11.0 to fix this issue.",
  "severity": [
    {
      "type": "CVSS_V3",
      "score": "CVSS:3.1/AV:N/AC:L/PR:N/UI:N/S:U/C:H/I:H/A:H"
    }
  ],
  "affected": [
    {
      "package": {
        "ecosystem": "Maven",
        "name": "org.apache.eventmesh:eventmesh-meta-raft"
      },
      "ranges": [
        {
          "type": "ECOSYSTEM",
          "events": [
            {
              "introduced": "1.10.1"
            },
            {
              "fixed": "1.11.0"
            }
          ]
        }
      ]
    }
  ],
  "references": [
    {
      "type": "ADVISORY",
      "url": "https://nvd.nist.gov/vuln/detail/CVE-2024-56180"
    },
    {
      "type": "PACKAGE",
      "url": "https://github.com/apache/eventmesh"
    },
    {
      "type": "WEB",
      "url": "https://lists.apache.org/thread/k9fw0t5r7t1vbx53gs8d1r8c54rhx0wd"
    },
    {
      "type": "WEB",
      "url": "https://www.cve.org/CVERecord?id=CVE-2024-56180"
    },
    {
      "type": "WEB",
      "url": "http://www.openwall.com/lists/oss-security/2025/02/14/7"
    }
  ],
  "database_specific": {
    "cwe_ids": [
      "CWE-502"
    ],
    "severity": "CRITICAL",
    "github_reviewed": true,
    "github_reviewed_at": "2025-02-19T17:48:09Z",
    "nvd_published_at": "2025-02-14T14:15:32Z"
  }
}