{
  "schema_version": "1.4.0",
  "id": "GHSA-mph8-6787-r8hw",
  "modified": "2022-06-22T18:20:01Z",
  "published": "2022-05-24T19:05:34Z",
  "aliases": [
    "CVE-2021-24037"
  ],
  "summary": "Use After Free in Hermes",
  "details": "A use after free in hermes, while emitting certain error messages, prior to commit d86e185e485b6330216dee8e854455c694e3a36e allows attackers to potentially execute arbitrary code via crafted JavaScript. Note that this is only exploitable if the application using Hermes permits evaluation of untrusted JavaScript. Hence, most React Native applications are not affected.",
  "severity": [
    {
      "type": "CVSS_V3",
      "score": "CVSS:3.1/AV:N/AC:L/PR:N/UI:N/S:U/C:H/I:H/A:H"
    }
  ],
  "affected": [
    {
      "package": {
        "ecosystem": "npm",
        "name": "hermes-engine"
      },
      "ranges": [
        {
          "type": "ECOSYSTEM",
          "events": [
            {
              "introduced": "0"
            },
            {
              "fixed": "0.8.0"
            }
          ]
        }
      ],
      "database_specific": {
        "last_known_affected_version_range": "<= 0.7.2"
      }
    }
  ],
  "references": [
    {
      "type": "ADVISORY",
      "url": "https://nvd.nist.gov/vuln/detail/CVE-2021-24037"
    },
    {
      "type": "WEB",
      "url": "https://github.com/facebook/hermes/commit/d86e185e485b6330216dee8e854455c694e3a36e"
    },
    {
      "type": "PACKAGE",
      "url": "https://github.com/facebook/hermes"
    },
    {
      "type": "WEB",
      "url": "https://www.facebook.com/security/advisories/CVE-2021-24037"
    }
  ],
  "database_specific": {
    "cwe_ids": [
      "CWE-416"
    ],
    "severity": "CRITICAL",
    "github_reviewed": true,
    "github_reviewed_at": "2022-06-22T18:20:01Z",
    "nvd_published_at": "2021-06-15T22:15:00Z"
  }
}