{
  "schema_version": "1.4.0",
  "id": "GHSA-wp34-mqw5-jj85",
  "modified": "2023-06-13T20:02:46Z",
  "published": "2021-08-25T20:52:00Z",
  "aliases": [
    "CVE-2021-28032"
  ],
  "summary": "Use after free in nano_arena",
  "details": "Affected versions of this crate assumed that Borrow<Idx> was guaranteed to return the same value on .borrow(). The borrowed index value was used to retrieve a mutable reference to a value.\n\nIf the Borrow<Idx> implementation returned a different index, the split arena would allow retrieving the index as a mutable reference creating two mutable references to the same element. This violates Rust's aliasing rules and allows for memory safety issues such as writing out of bounds and use-after-frees.\n\nThe flaw was corrected in commit `6b83f9d` by storing the .borrow() value in a temporary variable.",
  "severity": [
    {
      "type": "CVSS_V3",
      "score": "CVSS:3.1/AV:N/AC:L/PR:N/UI:N/S:U/C:H/I:H/A:H"
    }
  ],
  "affected": [
    {
      "package": {
        "ecosystem": "crates.io",
        "name": "nano_arena"
      },
      "ranges": [
        {
          "type": "ECOSYSTEM",
          "events": [
            {
              "introduced": "0"
            },
            {
              "fixed": "0.5.2"
            }
          ]
        }
      ]
    }
  ],
  "references": [
    {
      "type": "ADVISORY",
      "url": "https://nvd.nist.gov/vuln/detail/CVE-2021-28032"
    },
    {
      "type": "WEB",
      "url": "https://github.com/bennetthardwick/nano-arena/issues/1"
    },
    {
      "type": "WEB",
      "url": "https://github.com/bennetthardwick/nano-arena/commit/6b83f9d0708337a9f8b709c1624a8587021ceba2"
    },
    {
      "type": "PACKAGE",
      "url": "https://github.com/bennetthardwick/nano-arena"
    },
    {
      "type": "WEB",
      "url": "https://rustsec.org/advisories/RUSTSEC-2021-0031.html"
    }
  ],
  "database_specific": {
    "cwe_ids": [
      "CWE-416"
    ],
    "severity": "CRITICAL",
    "github_reviewed": true,
    "github_reviewed_at": "2021-08-19T17:23:52Z",
    "nvd_published_at": null
  }
}