{
  "schema_version": "1.4.0",
  "id": "GHSA-q8cr-xphm-7gfv",
  "modified": "2024-04-25T21:34:47Z",
  "published": "2022-05-13T01:24:28Z",
  "aliases": [
    "CVE-2017-1000009"
  ],
  "summary": "Akeneo PIM vulnerable to shell injection in the mass edition",
  "details": "Akeneo PIM CE and EE <1.6.6, <1.5.15, <1.4.28 are vulnerable to shell injection in the mass edition, resulting in remote execution.",
  "severity": [
    {
      "type": "CVSS_V3",
      "score": "CVSS:3.1/AV:N/AC:L/PR:N/UI:N/S:U/C:H/I:H/A:H"
    }
  ],
  "affected": [
    {
      "package": {
        "ecosystem": "Packagist",
        "name": "akeneo/pim-community-dev"
      },
      "ranges": [
        {
          "type": "ECOSYSTEM",
          "events": [
            {
              "introduced": "1.4"
            },
            {
              "fixed": "1.4.28"
            }
          ]
        }
      ]
    },
    {
      "package": {
        "ecosystem": "Packagist",
        "name": "akeneo/pim-community-dev"
      },
      "ranges": [
        {
          "type": "ECOSYSTEM",
          "events": [
            {
              "introduced": "1.5"
            },
            {
              "fixed": "1.5.15"
            }
          ]
        }
      ]
    },
    {
      "package": {
        "ecosystem": "Packagist",
        "name": "akeneo/pim-community-dev"
      },
      "ranges": [
        {
          "type": "ECOSYSTEM",
          "events": [
            {
              "introduced": "1.6"
            },
            {
              "fixed": "1.6.6"
            }
          ]
        }
      ]
    }
  ],
  "references": [
    {
      "type": "ADVISORY",
      "url": "https://nvd.nist.gov/vuln/detail/CVE-2017-1000009"
    },
    {
      "type": "PACKAGE",
      "url": "https://github.com/akeneo/pim-community-dev"
    },
    {
      "type": "WEB",
      "url": "https://github.com/akeneo/pim-community-dev/blob/1.5/CHANGELOG-1.5.md#bug-fixes-2"
    },
    {
      "type": "WEB",
      "url": "https://github.com/akeneo/pim-community-dev/blob/master/CHANGELOG-1.4.md#bug-fixes"
    },
    {
      "type": "WEB",
      "url": "https://github.com/akeneo/pim-community-dev/blob/master/CHANGELOG-1.6.md#bug-fixes-2"
    }
  ],
  "database_specific": {
    "cwe_ids": [
      "CWE-78"
    ],
    "severity": "CRITICAL",
    "github_reviewed": true,
    "github_reviewed_at": "2024-04-25T21:34:47Z",
    "nvd_published_at": "2017-07-17T13:18:00Z"
  }
}