{
  "schema_version": "1.4.0",
  "id": "GHSA-jc94-wp59-pq4f",
  "modified": "2023-07-07T15:31:10Z",
  "published": "2022-05-14T01:22:27Z",
  "aliases": [
    "CVE-2017-10842"
  ],
  "summary": "baserCMS SQL Injection vulnerability",
  "details": "SQL injection vulnerability in the baserCMS 3.0.14 and earlier, 4.0.5 and earlier allows remote attackers to execute arbitrary SQL commands via unspecified vectors.",
  "severity": [
    {
      "type": "CVSS_V3",
      "score": "CVSS:3.0/AV:N/AC:L/PR:N/UI:N/S:U/C:H/I:H/A:H"
    }
  ],
  "affected": [
    {
      "package": {
        "ecosystem": "Packagist",
        "name": "baserproject/basercms"
      },
      "ranges": [
        {
          "type": "ECOSYSTEM",
          "events": [
            {
              "introduced": "0"
            },
            {
              "fixed": "3.0.15"
            }
          ]
        }
      ],
      "database_specific": {
        "last_known_affected_version_range": "<= 3.0.14"
      }
    },
    {
      "package": {
        "ecosystem": "Packagist",
        "name": "baserproject/basercms"
      },
      "ranges": [
        {
          "type": "ECOSYSTEM",
          "events": [
            {
              "introduced": "4.0.0"
            },
            {
              "fixed": "4.0.6"
            }
          ]
        }
      ],
      "database_specific": {
        "last_known_affected_version_range": "<= 4.0.5"
      }
    }
  ],
  "references": [
    {
      "type": "ADVISORY",
      "url": "https://nvd.nist.gov/vuln/detail/CVE-2017-10842"
    },
    {
      "type": "WEB",
      "url": "https://basercms.net/security/JVN78151490"
    },
    {
      "type": "WEB",
      "url": "https://github.com/baserproject/basercms"
    },
    {
      "type": "WEB",
      "url": "http://jvn.jp/en/jp/JVN78151490/index.html"
    }
  ],
  "database_specific": {
    "cwe_ids": [
      "CWE-89"
    ],
    "severity": "CRITICAL",
    "github_reviewed": true,
    "github_reviewed_at": "2023-07-07T15:31:10Z",
    "nvd_published_at": "2017-08-29T01:35:00Z"
  }
}