{
  "schema_version": "1.4.0",
  "id": "GHSA-ch3r-vp46-8g22",
  "modified": "2021-08-31T21:00:31Z",
  "published": "2021-08-09T20:39:52Z",
  "aliases": [
    "CVE-2020-17952"
  ],
  "summary": "Code injection in topthink/think",
  "details": "A remote code execution (RCE) vulnerability in /library/think/App.php of Twothink v2.0 allows attackers to execute arbitrary PHP code.",
  "severity": [
    {
      "type": "CVSS_V3",
      "score": "CVSS:3.1/AV:N/AC:L/PR:N/UI:N/S:U/C:H/I:H/A:H"
    }
  ],
  "affected": [
    {
      "package": {
        "ecosystem": "Packagist",
        "name": "topthink/think"
      },
      "ranges": [
        {
          "type": "ECOSYSTEM",
          "events": [
            {
              "introduced": "0"
            },
            {
              "last_affected": "6.0.9"
            }
          ]
        }
      ]
    }
  ],
  "references": [
    {
      "type": "ADVISORY",
      "url": "https://nvd.nist.gov/vuln/detail/CVE-2020-17952"
    },
    {
      "type": "WEB",
      "url": "https://github.com/twothink/twothink/issues/1"
    },
    {
      "type": "PACKAGE",
      "url": "https://github.com/twothink/twothink"
    }
  ],
  "database_specific": {
    "cwe_ids": [
      "CWE-74"
    ],
    "severity": "CRITICAL",
    "github_reviewed": true,
    "github_reviewed_at": "2021-08-02T21:43:12Z",
    "nvd_published_at": "2021-07-26T20:15:00Z"
  }
}