{
  "schema_version": "1.4.0",
  "id": "GHSA-hx8p-9m48-g76r",
  "modified": "2025-02-14T18:35:02Z",
  "published": "2023-04-04T15:30:27Z",
  "aliases": [
    "CVE-2020-20913"
  ],
  "summary": "Ming-Soft MCMS vulnerable to SQL injection",
  "details": "SQL Injection vulnerability found in Ming-Soft MCMS v.4.7.2 allows a remote attacker to execute arbitrary code via `basic_title` parameter. This issue is resolved in v5.1.",
  "severity": [
    {
      "type": "CVSS_V3",
      "score": "CVSS:3.1/AV:N/AC:L/PR:N/UI:N/S:U/C:H/I:H/A:H"
    }
  ],
  "affected": [
    {
      "package": {
        "ecosystem": "Maven",
        "name": "net.mingsoft:ms-mcms"
      },
      "ranges": [
        {
          "type": "ECOSYSTEM",
          "events": [
            {
              "introduced": "0"
            },
            {
              "fixed": "5.1"
            }
          ]
        }
      ]
    }
  ],
  "references": [
    {
      "type": "ADVISORY",
      "url": "https://nvd.nist.gov/vuln/detail/CVE-2020-20913"
    },
    {
      "type": "WEB",
      "url": "https://github.com/ming-soft/MCMS/issues/27"
    },
    {
      "type": "PACKAGE",
      "url": "https://github.com/ming-soft/MCMS"
    }
  ],
  "database_specific": {
    "cwe_ids": [
      "CWE-89"
    ],
    "severity": "CRITICAL",
    "github_reviewed": true,
    "github_reviewed_at": "2023-04-04T21:23:19Z",
    "nvd_published_at": "2023-04-04T15:15:00Z"
  }
}