{
  "schema_version": "1.4.0",
  "id": "GHSA-m5v7-pr32-mjx2",
  "modified": "2021-11-18T20:37:40Z",
  "published": "2021-10-12T16:29:13Z",
  "aliases": [
    "CVE-2020-13909"
  ],
  "summary": "Critical severity vulnerability in Ignition",
  "details": "The Ignition page before version 2.0.5 for Laravel mishandles globals, _get, _post, _cookie, and _env.\n\nNOTE: in the 1.x series, versions 1.16.15 and later are unaffected as a consequence of the CVE-2021-43996 fix.",
  "severity": [
    {
      "type": "CVSS_V3",
      "score": "CVSS:3.1/AV:N/AC:L/PR:N/UI:N/S:U/C:H/I:H/A:H"
    }
  ],
  "affected": [
    {
      "package": {
        "ecosystem": "Packagist",
        "name": "facade/ignition"
      },
      "ranges": [
        {
          "type": "ECOSYSTEM",
          "events": [
            {
              "introduced": "2.0.0"
            },
            {
              "fixed": "2.0.5"
            }
          ]
        }
      ]
    },
    {
      "package": {
        "ecosystem": "Packagist",
        "name": "facade/ignition"
      },
      "ranges": [
        {
          "type": "ECOSYSTEM",
          "events": [
            {
              "introduced": "0"
            },
            {
              "fixed": "1.16.15"
            }
          ]
        }
      ]
    }
  ],
  "references": [
    {
      "type": "ADVISORY",
      "url": "https://nvd.nist.gov/vuln/detail/CVE-2020-13909"
    },
    {
      "type": "WEB",
      "url": "https://github.com/github/advisory-database/issues/2316"
    },
    {
      "type": "PACKAGE",
      "url": "https://github.com/facade/ignition"
    },
    {
      "type": "WEB",
      "url": "https://github.com/facade/ignition/compare/2.0.4...2.0.5"
    },
    {
      "type": "WEB",
      "url": "https://github.com/facade/ignition/releases/tag/2.0.5"
    },
    {
      "type": "WEB",
      "url": "https://www.cve.org/CVERecord?id=CVE-2020-13909"
    }
  ],
  "database_specific": {
    "cwe_ids": [],
    "severity": "CRITICAL",
    "github_reviewed": true,
    "github_reviewed_at": "2021-10-08T22:26:02Z",
    "nvd_published_at": "2020-06-07T20:15:00Z"
  }
}