{
  "schema_version": "1.4.0",
  "id": "GHSA-xxvj-8g5m-4qgw",
  "modified": "2024-10-21T21:12:02Z",
  "published": "2022-05-17T01:22:50Z",
  "aliases": [
    "CVE-2017-12791"
  ],
  "summary": "SaltStack Salt Directory traversal vulnerability in minion id validation",
  "details": "Directory traversal vulnerability in minion id validation in SaltStack Salt before 2016.11.7 and 2017.7.x before 2017.7.1 allows remote minions with incorrect credentials to authenticate to a master via a crafted minion ID.",
  "severity": [
    {
      "type": "CVSS_V3",
      "score": "CVSS:3.0/AV:N/AC:L/PR:N/UI:N/S:U/C:H/I:H/A:H"
    }
  ],
  "affected": [
    {
      "package": {
        "ecosystem": "PyPI",
        "name": "salt"
      },
      "ranges": [
        {
          "type": "ECOSYSTEM",
          "events": [
            {
              "introduced": "0"
            },
            {
              "fixed": "2016.11.7"
            }
          ]
        }
      ]
    },
    {
      "package": {
        "ecosystem": "PyPI",
        "name": "salt"
      },
      "ranges": [
        {
          "type": "ECOSYSTEM",
          "events": [
            {
              "introduced": "2017.7.0"
            },
            {
              "fixed": "2017.7.1"
            }
          ]
        }
      ]
    }
  ],
  "references": [
    {
      "type": "ADVISORY",
      "url": "https://nvd.nist.gov/vuln/detail/CVE-2017-12791"
    },
    {
      "type": "WEB",
      "url": "https://github.com/saltstack/salt/pull/42944"
    },
    {
      "type": "WEB",
      "url": "https://bugs.debian.org/cgi-bin/bugreport.cgi?bug=872399"
    },
    {
      "type": "WEB",
      "url": "https://bugzilla.redhat.com/show_bug.cgi?id=1482006"
    },
    {
      "type": "WEB",
      "url": "https://docs.saltstack.com/en/2016.11/topics/releases/2016.11.7.html"
    },
    {
      "type": "WEB",
      "url": "https://docs.saltstack.com/en/latest/topics/releases/2017.7.1.html"
    },
    {
      "type": "WEB",
      "url": "https://github.com/pypa/advisory-database/tree/main/vulns/salt/PYSEC-2017-35.yaml"
    },
    {
      "type": "PACKAGE",
      "url": "https://github.com/saltstack/salt"
    }
  ],
  "database_specific": {
    "cwe_ids": [
      "CWE-22"
    ],
    "severity": "CRITICAL",
    "github_reviewed": true,
    "github_reviewed_at": "2024-04-22T22:20:04Z",
    "nvd_published_at": "2017-08-23T14:29:00Z"
  }
}