{
  "schema_version": "1.4.0",
  "id": "GHSA-m5c3-3gvf-q8j5",
  "modified": "2024-04-24T20:40:17Z",
  "published": "2022-05-24T17:07:30Z",
  "aliases": [
    "CVE-2020-7995"
  ],
  "summary": "Dolibarr Improper Restriction of Excessive Authentication Attempts",
  "details": "The htdocs/index.php?mainmenu=home login page in Dolibarr 10.0.6 allows an unlimited rate of failed authentication attempts.",
  "severity": [
    {
      "type": "CVSS_V3",
      "score": "CVSS:3.1/AV:N/AC:L/PR:N/UI:N/S:U/C:H/I:H/A:H"
    }
  ],
  "affected": [
    {
      "package": {
        "ecosystem": "Packagist",
        "name": "dolibarr/dolibarr"
      },
      "versions": [
        "10.0.6"
      ]
    }
  ],
  "references": [
    {
      "type": "ADVISORY",
      "url": "https://nvd.nist.gov/vuln/detail/CVE-2020-7995"
    },
    {
      "type": "PACKAGE",
      "url": "https://github.com/Dolibarr/dolibarr"
    },
    {
      "type": "WEB",
      "url": "https://github.com/tufangungor/tufangungor.github.io/blob/master/_posts/2020-01-19-dolibarr-10.0.6-brute-force.md"
    },
    {
      "type": "WEB",
      "url": "https://tufangungor.github.io/exploit/2020/01/18/dolibarr-10.0.6-brute-force.html"
    },
    {
      "type": "WEB",
      "url": "http://packetstormsecurity.com/files/163541/Dolibarr-ERP-CRM-10.0.6-Login-Brute-Forcer.html"
    }
  ],
  "database_specific": {
    "cwe_ids": [
      "CWE-287",
      "CWE-307"
    ],
    "severity": "CRITICAL",
    "github_reviewed": true,
    "github_reviewed_at": "2024-04-24T20:40:17Z",
    "nvd_published_at": "2020-01-26T23:15:00Z"
  }
}