{
  "schema_version": "1.4.0",
  "id": "GHSA-jffq-528j-mp6c",
  "modified": "2025-01-17T13:09:07Z",
  "published": "2022-05-24T17:12:53Z",
  "aliases": [
    "CVE-2020-10991"
  ],
  "summary": "Improper Restriction of XML External Entity Reference in Mulesoft APIkit",
  "details": "Mulesoft APIkit through 1.3.0 allows XXE because of validation/RestXmlSchemaValidator.java",
  "severity": [
    {
      "type": "CVSS_V3",
      "score": "CVSS:3.1/AV:N/AC:L/PR:N/UI:N/S:U/C:H/I:H/A:H"
    }
  ],
  "affected": [
    {
      "package": {
        "ecosystem": "Maven",
        "name": "org.mule.modules:mule-apikit-module"
      },
      "ranges": [
        {
          "type": "ECOSYSTEM",
          "events": [
            {
              "introduced": "0"
            },
            {
              "fixed": "1.3.1"
            }
          ]
        }
      ],
      "database_specific": {
        "last_known_affected_version_range": "<= 1.3.0"
      }
    }
  ],
  "references": [
    {
      "type": "ADVISORY",
      "url": "https://nvd.nist.gov/vuln/detail/CVE-2020-10991"
    },
    {
      "type": "WEB",
      "url": "https://github.com/mulesoft/apikit/issues/547"
    },
    {
      "type": "PACKAGE",
      "url": "https://github.com/mulesoft/apikit"
    }
  ],
  "database_specific": {
    "cwe_ids": [
      "CWE-611"
    ],
    "severity": "CRITICAL",
    "github_reviewed": true,
    "github_reviewed_at": "2022-06-24T01:26:08Z",
    "nvd_published_at": "2020-03-27T00:15:00Z"
  }
}