{
  "schema_version": "1.4.0",
  "id": "GHSA-j76q-99x2-v7vq",
  "modified": "2023-11-07T17:56:12Z",
  "published": "2022-05-17T02:51:56Z",
  "aliases": [
    "CVE-2016-6807"
  ],
  "summary": "Apache Ambari Improper Access Control",
  "details": "Custom commands may be executed on Ambari Agent (2.4.x, before 2.4.2) hosts without authorization, leading to unauthorized access to operations that may affect the underlying system. Such operations are invoked by the Ambari Agent process on Ambari Agent hosts, as the user executing the Ambari Agent process.",
  "severity": [
    {
      "type": "CVSS_V3",
      "score": "CVSS:3.0/AV:N/AC:L/PR:N/UI:N/S:U/C:H/I:H/A:H"
    }
  ],
  "affected": [
    {
      "package": {
        "ecosystem": "Maven",
        "name": "org.apache.ambari:ambari"
      },
      "ranges": [
        {
          "type": "ECOSYSTEM",
          "events": [
            {
              "introduced": "2.4.0"
            },
            {
              "fixed": "2.4.2"
            }
          ]
        }
      ]
    }
  ],
  "references": [
    {
      "type": "ADVISORY",
      "url": "https://nvd.nist.gov/vuln/detail/CVE-2016-6807"
    },
    {
      "type": "WEB",
      "url": "https://cwiki.apache.org/confluence/display/AMBARI/Ambari+Vulnerabilities#AmbariVulnerabilities-FixedinAmbari2.4.2"
    },
    {
      "type": "PACKAGE",
      "url": "https://github.com/apache/ambari"
    },
    {
      "type": "WEB",
      "url": "https://web.archive.org/web/20200227181557/http://www.securityfocus.com/bid/97184"
    }
  ],
  "database_specific": {
    "cwe_ids": [
      "CWE-284"
    ],
    "severity": "CRITICAL",
    "github_reviewed": true,
    "github_reviewed_at": "2023-07-31T19:33:06Z",
    "nvd_published_at": "2017-03-28T20:59:00Z"
  }
}