{
  "schema_version": "1.4.0",
  "id": "GHSA-mw6v-crh8-8533",
  "modified": "2024-10-28T14:24:41Z",
  "published": "2019-04-30T15:36:41Z",
  "aliases": [
    "CVE-2018-7575"
  ],
  "summary": "Integer Overflow or Wraparound in Google TensorFlow",
  "details": "### Issue Description\nGoogle TensorFlow 1.7.x and earlier is affected by a Buffer Overflow vulnerability. The type of exploitation is context-dependent. The block size in meta file might contain a large int64 value which causes an integer overflow upon addition. Subsequent code using n as index may cause an out-of-bounds read.\n\n### Impact\nA maliciously crafted meta checkpoint could be used to cause the TensorFlow process to perform an out of bounds read on in process memory.\n",
  "severity": [
    {
      "type": "CVSS_V3",
      "score": "CVSS:3.0/AV:N/AC:L/PR:N/UI:N/S:U/C:H/I:H/A:H"
    },
    {
      "type": "CVSS_V4",
      "score": "CVSS:4.0/AV:N/AC:L/AT:N/PR:N/UI:N/VC:H/VI:H/VA:H/SC:N/SI:N/SA:N"
    }
  ],
  "affected": [
    {
      "package": {
        "ecosystem": "PyPI",
        "name": "tensorflow"
      },
      "ranges": [
        {
          "type": "ECOSYSTEM",
          "events": [
            {
              "introduced": "1.0.0"
            },
            {
              "fixed": "1.7.1"
            }
          ]
        }
      ]
    },
    {
      "package": {
        "ecosystem": "PyPI",
        "name": "tensorflow-gpu"
      },
      "ranges": [
        {
          "type": "ECOSYSTEM",
          "events": [
            {
              "introduced": "1.0.0"
            },
            {
              "fixed": "1.7.1"
            }
          ]
        }
      ]
    }
  ],
  "references": [
    {
      "type": "ADVISORY",
      "url": "https://nvd.nist.gov/vuln/detail/CVE-2018-7575"
    },
    {
      "type": "WEB",
      "url": "https://github.com/tensorflow/tensorflow/commit/d107fee1e4a9a4462f01564798d345802acc2aef"
    },
    {
      "type": "ADVISORY",
      "url": "https://github.com/advisories/GHSA-mw6v-crh8-8533"
    },
    {
      "type": "WEB",
      "url": "https://github.com/pypa/advisory-database/tree/main/vulns/tensorflow-cpu/PYSEC-2019-223.yaml"
    },
    {
      "type": "WEB",
      "url": "https://github.com/pypa/advisory-database/tree/main/vulns/tensorflow-gpu/PYSEC-2019-230.yaml"
    },
    {
      "type": "WEB",
      "url": "https://github.com/pypa/advisory-database/tree/main/vulns/tensorflow/PYSEC-2019-205.yaml"
    },
    {
      "type": "PACKAGE",
      "url": "https://github.com/tensorflow/tensorflow"
    },
    {
      "type": "WEB",
      "url": "https://github.com/tensorflow/tensorflow/blob/master/tensorflow/security/advisory/tfsa-2018-004.md"
    }
  ],
  "database_specific": {
    "cwe_ids": [
      "CWE-190"
    ],
    "severity": "CRITICAL",
    "github_reviewed": true,
    "github_reviewed_at": "2019-04-30T15:16:08Z",
    "nvd_published_at": "2019-04-24T21:29:00Z"
  }
}