{
  "schema_version": "1.4.0",
  "id": "GHSA-hpf7-4c2g-9chf",
  "modified": "2021-09-30T18:36:14Z",
  "published": "2021-09-23T23:17:07Z",
  "aliases": [
    "CVE-2021-31819"
  ],
  "summary": "Remote Code Execution in Halibut",
  "details": "In Halibut versions prior to 4.4.7 there is a deserialisation vulnerability that could allow remote code execution on systems that already trust each other based on certificate verification.",
  "severity": [
    {
      "type": "CVSS_V3",
      "score": "CVSS:3.1/AV:N/AC:L/PR:N/UI:N/S:U/C:H/I:H/A:H"
    }
  ],
  "affected": [
    {
      "package": {
        "ecosystem": "NuGet",
        "name": "Halibut"
      },
      "ranges": [
        {
          "type": "ECOSYSTEM",
          "events": [
            {
              "introduced": "0"
            },
            {
              "fixed": "4.4.7"
            }
          ]
        }
      ]
    }
  ],
  "references": [
    {
      "type": "ADVISORY",
      "url": "https://nvd.nist.gov/vuln/detail/CVE-2021-31819"
    },
    {
      "type": "WEB",
      "url": "https://advisories.octopus.com/adv/2021-08---Remote-Code-Execution-via-Deserialisation-in-the-Halibut-Protocol-(CVE-2021-31819).2250309681.html"
    },
    {
      "type": "PACKAGE",
      "url": "https://github.com/OctopusDeploy/Halibut"
    }
  ],
  "database_specific": {
    "cwe_ids": [
      "CWE-502"
    ],
    "severity": "CRITICAL",
    "github_reviewed": true,
    "github_reviewed_at": "2021-09-23T17:18:19Z",
    "nvd_published_at": "2021-09-22T02:15:00Z"
  }
}