{
  "schema_version": "1.4.0",
  "id": "GHSA-99c3-qc2q-p94m",
  "modified": "2023-02-22T19:16:06Z",
  "published": "2023-02-22T19:16:06Z",
  "aliases": [
    "CVE-2023-25158"
  ],
  "summary": "GeoTools OGC Filter SQL Injection Vulnerabilities",
  "details": "### Impact\n\nGeoTools includes support for OGC Filter expression language parsing, encoding and execution against a range of datastore.\n\nSQL Injection Vulnerabilities have been found when executing OGC Filters with JDBCDataStore implementations:\n\n1. ``PropertyIsLike`` filter\n   * Requires PostGIS DataStore with \"encode functions\" enabled\n   * Or any JDBCDataStore (all relational databases) with String field (no mitigation)\n3. ``strEndsWith`` function\n   * Requires PostGIS DataStore with \"encode functions\" enabled\n5. ``strStartsWith`` function\n   * Requires PostGIS DataStore with \"encode functions\" enabled\n6. ``FeatureId`` filter\n   * Requires JDBCDataStore (all relational databases) with prepared statements disabled and table with String primary key (Oracle not affected, SQL Server and MySQL have no settings to enabled prepared statements, PostGIS does)\n7. ``jsonArrayContains`` function\n   * Requires PostGIS and Oracle DataStore with String or JSON field\n8. ``DWithin`` filter\n   * Happens only in Oracle DataStore, no mitigation\n\n### Patches\n\n* GeoTools 28.2\n* GeoTools 27.4\n* GeoTools 26.7\n* GeoTools 25.7\n* GeoTools 24.7\n\n### Workarounds\n\nPartial mitigation:\n\n* In PostGIS DataStore disable \"encode functions\"\n* In any PostGIS enable \"prepared statements\" (only database with such settings)\n\n```java\n        Map<String, Object> params = new HashMap<>();\n        params.put(\"dbtype\", \"postgis\");\n        params.put(\"host\", \"localhost\");\n        params.put(\"port\", 5432);\n        params.put(\"schema\", \"public\");\n        params.put(\"database\", \"database\");\n        params.put(\"user\", \"postgres\");\n        params.put(\"passwd\", \"postgres\");\n        params.put(\"preparedStatements\", true ); // mitigation\n        params.put(\"encode functions\", false ); // mitigation\n\n        DataStore dataStore = DataStoreFinder.getDataStore(params);\n```\n\n### References\n\n* [OGC Filter SQL Injection Vulnerabilities](https://github.com/geoserver/geoserver/security/advisories/GHSA-7g5f-wrx8-5ccf) (GeoServer)\n",
  "severity": [
    {
      "type": "CVSS_V3",
      "score": "CVSS:3.1/AV:N/AC:L/PR:N/UI:N/S:U/C:H/I:H/A:H"
    }
  ],
  "affected": [
    {
      "package": {
        "ecosystem": "Maven",
        "name": "org.geotools:gt-jdbc"
      },
      "ranges": [
        {
          "type": "ECOSYSTEM",
          "events": [
            {
              "introduced": "28.0"
            },
            {
              "fixed": "28.2"
            }
          ]
        }
      ]
    },
    {
      "package": {
        "ecosystem": "Maven",
        "name": "org.geotools:gt-jdbc"
      },
      "ranges": [
        {
          "type": "ECOSYSTEM",
          "events": [
            {
              "introduced": "27.0"
            },
            {
              "fixed": "27.4"
            }
          ]
        }
      ]
    },
    {
      "package": {
        "ecosystem": "Maven",
        "name": "org.geotools:gt-jdbc"
      },
      "ranges": [
        {
          "type": "ECOSYSTEM",
          "events": [
            {
              "introduced": "26.0"
            },
            {
              "fixed": "26.7"
            }
          ]
        }
      ]
    },
    {
      "package": {
        "ecosystem": "Maven",
        "name": "org.geotools:gt-jdbc"
      },
      "ranges": [
        {
          "type": "ECOSYSTEM",
          "events": [
            {
              "introduced": "25.0"
            },
            {
              "fixed": "25.7"
            }
          ]
        }
      ]
    },
    {
      "package": {
        "ecosystem": "Maven",
        "name": "org.geotools:gt-jdbc"
      },
      "ranges": [
        {
          "type": "ECOSYSTEM",
          "events": [
            {
              "introduced": "0"
            },
            {
              "fixed": "24.7"
            }
          ]
        }
      ]
    }
  ],
  "references": [
    {
      "type": "WEB",
      "url": "https://github.com/geotools/geotools/security/advisories/GHSA-99c3-qc2q-p94m"
    },
    {
      "type": "ADVISORY",
      "url": "https://nvd.nist.gov/vuln/detail/CVE-2023-25158"
    },
    {
      "type": "WEB",
      "url": "https://github.com/geotools/geotools/commit/64fb4c47f43ca818c2fe96a94651bff1b3b3ed2b"
    },
    {
      "type": "PACKAGE",
      "url": "https://github.com/geotools/geotools"
    }
  ],
  "database_specific": {
    "cwe_ids": [
      "CWE-89"
    ],
    "severity": "CRITICAL",
    "github_reviewed": true,
    "github_reviewed_at": "2023-02-22T19:16:06Z",
    "nvd_published_at": "2023-02-21T21:15:00Z"
  }
}