{
  "schema_version": "1.4.0",
  "id": "GHSA-wfw7-6632-xcv2",
  "modified": "2024-03-04T21:59:33Z",
  "published": "2022-05-13T01:30:07Z",
  "aliases": [
    "CVE-2015-8103"
  ],
  "summary": "Jenkins CLI Deserialization of Untrusted Data vulnerability",
  "details": "The Jenkins CLI subsystem in Jenkins before 1.638 and LTS before 1.625.2 allows remote attackers to execute arbitrary code via a crafted serialized Java object, related to a problematic `webapps/ROOT/WEB-INF/lib/commons-collections-*.jar` file and the \"Groovy variant in `ysoserial`\".",
  "severity": [
    {
      "type": "CVSS_V3",
      "score": "CVSS:3.1/AV:N/AC:L/PR:N/UI:N/S:U/C:H/I:H/A:H"
    }
  ],
  "affected": [
    {
      "package": {
        "ecosystem": "Maven",
        "name": "org.jenkins-ci.main:cli"
      },
      "ranges": [
        {
          "type": "ECOSYSTEM",
          "events": [
            {
              "introduced": "0"
            },
            {
              "fixed": "1.625.2"
            }
          ]
        }
      ]
    },
    {
      "package": {
        "ecosystem": "Maven",
        "name": "org.jenkins-ci.main:cli"
      },
      "ranges": [
        {
          "type": "ECOSYSTEM",
          "events": [
            {
              "introduced": "1.626"
            },
            {
              "fixed": "1.638"
            }
          ]
        }
      ]
    }
  ],
  "references": [
    {
      "type": "ADVISORY",
      "url": "https://nvd.nist.gov/vuln/detail/CVE-2015-8103"
    },
    {
      "type": "WEB",
      "url": "https://github.com/jenkinsci/jenkins/commit/5bd9b55a2a3249939fd78c501b8959a804c1164b"
    },
    {
      "type": "WEB",
      "url": "https://github.com/jenkinsci/jenkins/commit/b4193d1132089286ebeaf9d8872c839ad473329c"
    },
    {
      "type": "WEB",
      "url": "https://access.redhat.com/errata/RHSA-2016:0070"
    },
    {
      "type": "PACKAGE",
      "url": "https://github.com/jenkinsci/jenkins"
    },
    {
      "type": "WEB",
      "url": "https://jenkins-ci.org/content/mitigating-unauthenticated-remote-code-execution-0-day-jenkins-cli"
    },
    {
      "type": "WEB",
      "url": "https://web.archive.org/web/20151225025917/http://www.securityfocus.com/bid/77636"
    },
    {
      "type": "WEB",
      "url": "https://wiki.jenkins-ci.org/display/SECURITY/Jenkins+Security+Advisory+2015-11-11"
    },
    {
      "type": "WEB",
      "url": "https://www.exploit-db.com/exploits/38983"
    },
    {
      "type": "WEB",
      "url": "http://foxglovesecurity.com/2015/11/06/what-do-weblogic-websphere-jboss-jenkins-opennms-and-your-application-have-in-common-this-vulnerability/#jenkins"
    },
    {
      "type": "WEB",
      "url": "http://packetstormsecurity.com/files/134805/Jenkins-CLI-RMI-Java-Deserialization.html"
    },
    {
      "type": "WEB",
      "url": "http://rhn.redhat.com/errata/RHSA-2016-0489.html"
    },
    {
      "type": "WEB",
      "url": "http://www.openwall.com/lists/oss-security/2015/11/09/5"
    },
    {
      "type": "WEB",
      "url": "http://www.openwall.com/lists/oss-security/2015/11/18/11"
    },
    {
      "type": "WEB",
      "url": "http://www.openwall.com/lists/oss-security/2015/11/18/13"
    },
    {
      "type": "WEB",
      "url": "http://www.openwall.com/lists/oss-security/2015/11/18/2"
    }
  ],
  "database_specific": {
    "cwe_ids": [
      "CWE-502"
    ],
    "severity": "CRITICAL",
    "github_reviewed": true,
    "github_reviewed_at": "2024-01-09T16:32:01Z",
    "nvd_published_at": "2015-11-25T20:59:00Z"
  }
}