{
  "schema_version": "1.4.0",
  "id": "GHSA-p46c-w9m3-7qr2",
  "modified": "2023-06-13T18:08:03Z",
  "published": "2022-01-06T22:18:35Z",
  "aliases": [
    "CVE-2021-45684"
  ],
  "summary": "Use of Uninitialized Resource in flumedb.",
  "details": "Affected versions of this crate passes an uninitialized buffer to a user-provided Read implementation. There are two of such cases (go_offset_log::read_entry() & offset_log::read_entry()).\n\nArbitrary Read implementations can read from the uninitialized buffer (memory exposure) and also can return incorrect number of bytes written to the buffer. Reading from uninitialized memory produces undefined values that can quickly invoke undefined behavior.",
  "severity": [
    {
      "type": "CVSS_V3",
      "score": "CVSS:3.1/AV:N/AC:L/PR:N/UI:N/S:U/C:H/I:H/A:H"
    }
  ],
  "affected": [
    {
      "package": {
        "ecosystem": "crates.io",
        "name": "flumedb"
      },
      "ranges": [
        {
          "type": "ECOSYSTEM",
          "events": [
            {
              "introduced": "0"
            },
            {
              "fixed": "0.1.6"
            }
          ]
        }
      ]
    }
  ],
  "references": [
    {
      "type": "ADVISORY",
      "url": "https://nvd.nist.gov/vuln/detail/CVE-2021-45684"
    },
    {
      "type": "WEB",
      "url": "https://github.com/sunrise-choir/flumedb-rs/issues/10"
    },
    {
      "type": "WEB",
      "url": "https://github.com/sunrise-choir/flumedb-rs/pull/12"
    },
    {
      "type": "WEB",
      "url": "https://github.com/sunrise-choir/flumedb-rs/commit/14b7440271c9d2316fab52c745e21087559364f6"
    },
    {
      "type": "PACKAGE",
      "url": "https://github.com/sunrise-choir/flumedb-rs"
    },
    {
      "type": "WEB",
      "url": "https://raw.githubusercontent.com/rustsec/advisory-db/main/crates/flumedb/RUSTSEC-2021-0086.md"
    },
    {
      "type": "WEB",
      "url": "https://rustsec.org/advisories/RUSTSEC-2021-0086.html"
    }
  ],
  "database_specific": {
    "cwe_ids": [
      "CWE-908"
    ],
    "severity": "CRITICAL",
    "github_reviewed": true,
    "github_reviewed_at": "2022-01-06T18:10:24Z",
    "nvd_published_at": "2021-12-27T00:15:00Z"
  }
}