{
  "schema_version": "1.4.0",
  "id": "GHSA-76j4-gggq-7rg9",
  "modified": "2022-04-07T15:28:23Z",
  "published": "2022-03-28T00:00:20Z",
  "aliases": [
    "CVE-2022-26245"
  ],
  "summary": "SQLinjection in falcon-plus",
  "details": "Falcon-plus v0.3 was discovered to contain a SQL injection vulnerability via the parameter grpName in /config/service/host.go.",
  "severity": [
    {
      "type": "CVSS_V3",
      "score": "CVSS:3.1/AV:N/AC:L/PR:N/UI:N/S:U/C:H/I:H/A:H"
    }
  ],
  "affected": [
    {
      "package": {
        "ecosystem": "Go",
        "name": "github.com/open-falcon/falcon-plus"
      },
      "ranges": [
        {
          "type": "ECOSYSTEM",
          "events": [
            {
              "introduced": "0"
            },
            {
              "last_affected": "0.3.0"
            }
          ]
        }
      ]
    }
  ],
  "references": [
    {
      "type": "ADVISORY",
      "url": "https://nvd.nist.gov/vuln/detail/CVE-2022-26245"
    },
    {
      "type": "WEB",
      "url": "https://github.com/open-falcon/falcon-plus/issues/951"
    },
    {
      "type": "PACKAGE",
      "url": "github.com/open-falcon/falcon-plus"
    }
  ],
  "database_specific": {
    "cwe_ids": [
      "CWE-89"
    ],
    "severity": "CRITICAL",
    "github_reviewed": true,
    "github_reviewed_at": "2022-04-07T15:28:23Z",
    "nvd_published_at": "2022-03-27T14:15:00Z"
  }
}