{
  "schema_version": "1.4.0",
  "id": "GHSA-xfjq-w3cw-h5fq",
  "modified": "2023-11-01T18:10:05Z",
  "published": "2022-05-14T02:19:45Z",
  "aliases": [
    "CVE-2016-4861"
  ],
  "summary": "Zend Framework Allows SQL Injection",
  "details": "The (1) order and (2) group methods in Zend_Db_Select in the Zend Framework before 1.12.20 might allow remote attackers to conduct SQL injection attacks by leveraging failure to remove comments from an SQL statement before validation.",
  "severity": [
    {
      "type": "CVSS_V3",
      "score": "CVSS:3.0/AV:N/AC:L/PR:N/UI:N/S:U/C:H/I:H/A:H"
    }
  ],
  "affected": [
    {
      "package": {
        "ecosystem": "Packagist",
        "name": "zendframework/zendframework"
      },
      "ranges": [
        {
          "type": "ECOSYSTEM",
          "events": [
            {
              "introduced": "0"
            },
            {
              "fixed": "1.12.20"
            }
          ]
        }
      ]
    }
  ],
  "references": [
    {
      "type": "ADVISORY",
      "url": "https://nvd.nist.gov/vuln/detail/CVE-2016-4861"
    },
    {
      "type": "WEB",
      "url": "https://framework.zend.com/security/advisory/ZF2016-03"
    },
    {
      "type": "PACKAGE",
      "url": "https://github.com/zendframework/zendframework"
    },
    {
      "type": "WEB",
      "url": "https://lists.debian.org/debian-lts-announce/2018/06/msg00012.html"
    },
    {
      "type": "WEB",
      "url": "https://lists.fedoraproject.org/archives/list/package-announce@lists.fedoraproject.org/message/2JUKFTI6ABK7ZN7IEAGPCLAHCFANMID2"
    },
    {
      "type": "WEB",
      "url": "https://lists.fedoraproject.org/archives/list/package-announce@lists.fedoraproject.org/message/N27AV6AL6B4KGEP3VIMIHQ5LFAKF5FTU"
    },
    {
      "type": "WEB",
      "url": "https://lists.fedoraproject.org/archives/list/package-announce@lists.fedoraproject.org/message/UR5HXNGIUSSIZKMSZYMPBEPZEZTYFTIT"
    },
    {
      "type": "WEB",
      "url": "https://security.gentoo.org/glsa/201804-10"
    },
    {
      "type": "WEB",
      "url": "http://jvn.jp/en/jp/JVN18926672/index.html"
    },
    {
      "type": "WEB",
      "url": "http://jvndb.jvn.jp/jvndb/JVNDB-2016-000158"
    }
  ],
  "database_specific": {
    "cwe_ids": [
      "CWE-89"
    ],
    "severity": "CRITICAL",
    "github_reviewed": true,
    "github_reviewed_at": "2023-07-28T20:07:47Z",
    "nvd_published_at": "2017-02-17T02:59:00Z"
  }
}