{
  "schema_version": "1.4.0",
  "id": "GHSA-gpq8-963w-8qc9",
  "modified": "2025-02-13T19:00:52Z",
  "published": "2023-07-12T12:31:36Z",
  "aliases": [
    "CVE-2023-37582"
  ],
  "summary": "RocketMQ NameServer component Code Injection vulnerability",
  "details": "The RocketMQ NameServer component still has a remote command execution vulnerability as the CVE-2023-33246 issue was not completely fixed in version 5.1.1. \n\nWhen NameServer address are leaked on the extranet and lack permission verification, an attacker can exploit this vulnerability by using the update configuration function on the NameServer component to execute commands as the system users that RocketMQ is running as. \n\nIt is recommended for users to upgrade their NameServer version to 5.1.2 or above for RocketMQ 5.x or 4.9.7 or above for RocketMQ 4.x to prevent these attacks.",
  "severity": [
    {
      "type": "CVSS_V3",
      "score": "CVSS:3.1/AV:N/AC:L/PR:N/UI:N/S:U/C:H/I:H/A:H"
    }
  ],
  "affected": [
    {
      "package": {
        "ecosystem": "Maven",
        "name": "org.apache.rocketmq:rocketmq-namesrv"
      },
      "ranges": [
        {
          "type": "ECOSYSTEM",
          "events": [
            {
              "introduced": "0"
            },
            {
              "fixed": "4.9.7"
            }
          ]
        }
      ]
    },
    {
      "package": {
        "ecosystem": "Maven",
        "name": "org.apache.rocketmq:rocketmq-namesrv"
      },
      "ranges": [
        {
          "type": "ECOSYSTEM",
          "events": [
            {
              "introduced": "5.0.0"
            },
            {
              "fixed": "5.1.2"
            }
          ]
        }
      ]
    }
  ],
  "references": [
    {
      "type": "ADVISORY",
      "url": "https://nvd.nist.gov/vuln/detail/CVE-2023-37582"
    },
    {
      "type": "PACKAGE",
      "url": "https://github.com/apache/rocketmq"
    },
    {
      "type": "WEB",
      "url": "https://lists.apache.org/thread/m614czxtpvlztd7mfgcs2xcsg36rdbnc"
    },
    {
      "type": "WEB",
      "url": "http://www.openwall.com/lists/oss-security/2023/07/12/1"
    }
  ],
  "database_specific": {
    "cwe_ids": [
      "CWE-94"
    ],
    "severity": "CRITICAL",
    "github_reviewed": true,
    "github_reviewed_at": "2023-07-12T17:30:39Z",
    "nvd_published_at": "2023-07-12T10:15:11Z"
  }
}