{
  "schema_version": "1.4.0",
  "id": "GHSA-p5hg-3xm3-gcjg",
  "modified": "2025-01-31T18:51:12Z",
  "published": "2018-10-17T20:05:59Z",
  "aliases": [
    "CVE-2018-1270"
  ],
  "summary": "Spring Framework allows applications to expose STOMP over WebSocket endpoints",
  "details": "Spring Framework, versions 5.0 prior to 5.0.5 and versions 4.3 prior to 4.3.16 and older unsupported versions, allow applications to expose STOMP over WebSocket endpoints with a simple, in-memory STOMP broker through the spring-messaging module. A malicious user (or attacker) can craft a message to the broker that can lead to a remote code execution attack.",
  "severity": [
    {
      "type": "CVSS_V3",
      "score": "CVSS:3.0/AV:N/AC:L/PR:N/UI:N/S:U/C:H/I:H/A:H"
    }
  ],
  "affected": [
    {
      "package": {
        "ecosystem": "Maven",
        "name": "org.springframework:spring-messaging"
      },
      "ranges": [
        {
          "type": "ECOSYSTEM",
          "events": [
            {
              "introduced": "5.0.0.RELEASE"
            },
            {
              "fixed": "5.0.5.RELEASE"
            }
          ]
        }
      ]
    },
    {
      "package": {
        "ecosystem": "Maven",
        "name": "org.springframework:spring-messaging"
      },
      "ranges": [
        {
          "type": "ECOSYSTEM",
          "events": [
            {
              "introduced": "0"
            },
            {
              "fixed": "4.3.16.RELEASE"
            }
          ]
        }
      ]
    }
  ],
  "references": [
    {
      "type": "ADVISORY",
      "url": "https://nvd.nist.gov/vuln/detail/CVE-2018-1270"
    },
    {
      "type": "WEB",
      "url": "https://github.com/spring-projects/spring-framework/commit/0009806debb578e884f6dc98bd1f2dc668020021"
    },
    {
      "type": "WEB",
      "url": "https://github.com/spring-projects/spring-framework/commit/e0de9126ed8cf25cf141d3e66420da94e350708a"
    },
    {
      "type": "WEB",
      "url": "https://www.oracle.com/technetwork/security-advisory/cpujul2019-5072835.html"
    },
    {
      "type": "WEB",
      "url": "https://www.oracle.com/technetwork/security-advisory/cpujan2019-5072801.html"
    },
    {
      "type": "WEB",
      "url": "https://www.oracle.com/security-alerts/cpuoct2021.html"
    },
    {
      "type": "WEB",
      "url": "https://www.oracle.com/security-alerts/cpujul2020.html"
    },
    {
      "type": "WEB",
      "url": "https://www.exploit-db.com/exploits/44796"
    },
    {
      "type": "WEB",
      "url": "https://web.archive.org/web/20200227125035/https://www.securityfocus.com/bid/103696"
    },
    {
      "type": "WEB",
      "url": "https://pivotal.io/security/cve-2018-1270"
    },
    {
      "type": "WEB",
      "url": "https://lists.debian.org/debian-lts-announce/2021/04/msg00022.html"
    },
    {
      "type": "WEB",
      "url": "https://lists.apache.org/thread.html/rf1bbc0ea4a9f014cf94df9a12a6477d24a27f52741dbc87f2fd52ff2@%3Cissues.geode.apache.org%3E"
    },
    {
      "type": "WEB",
      "url": "https://lists.apache.org/thread.html/dcf8599b80e43a6b60482607adb76c64672772dc2d9209ae2170f369@%3Cissues.activemq.apache.org%3E"
    },
    {
      "type": "WEB",
      "url": "https://lists.apache.org/thread.html/ab825fcade0b49becfa30235b3d54f4a51bb74ea96b6c9adb5d1378c@%3Cissues.activemq.apache.org%3E"
    },
    {
      "type": "WEB",
      "url": "https://lists.apache.org/thread.html/6d3d34adcf3dfc48e36342aa1f18ce3c20bb8e4c458a97508d5bfed1@%3Cissues.activemq.apache.org%3E"
    },
    {
      "type": "WEB",
      "url": "https://lists.apache.org/thread.html/4ed49b103f64a0cecb38064f26cbf1389afc12124653da2d35166dbe@%3Cissues.activemq.apache.org%3E"
    },
    {
      "type": "PACKAGE",
      "url": "https://github.com/spring-projects/spring-framework"
    },
    {
      "type": "WEB",
      "url": "https://access.redhat.com/errata/RHSA-2018:2939"
    },
    {
      "type": "WEB",
      "url": "http://www.oracle.com/technetwork/security-advisory/cpujul2018-4258247.html"
    },
    {
      "type": "WEB",
      "url": "http://www.oracle.com/technetwork/security-advisory/cpuoct2018-4428296.html"
    }
  ],
  "database_specific": {
    "cwe_ids": [
      "CWE-358",
      "CWE-94"
    ],
    "severity": "CRITICAL",
    "github_reviewed": true,
    "github_reviewed_at": "2020-06-16T21:47:59Z",
    "nvd_published_at": "2018-04-06T13:29:00Z"
  }
}