{
  "schema_version": "1.4.0",
  "id": "GHSA-jrcv-3c5h-rh3q",
  "modified": "2024-10-22T17:46:12Z",
  "published": "2022-05-13T01:53:52Z",
  "aliases": [
    "CVE-2018-9160"
  ],
  "summary": "SiCKRAGE Discloses Plaintext Credentials",
  "details": "SickRage before v2018.03.09-1 includes cleartext credentials in HTTP responses.",
  "severity": [
    {
      "type": "CVSS_V3",
      "score": "CVSS:3.0/AV:N/AC:L/PR:N/UI:N/S:U/C:H/I:H/A:H"
    }
  ],
  "affected": [
    {
      "package": {
        "ecosystem": "PyPI",
        "name": "sickrage"
      },
      "ranges": [
        {
          "type": "ECOSYSTEM",
          "events": [
            {
              "introduced": "0"
            },
            {
              "fixed": "2018.03.09-1"
            }
          ]
        }
      ]
    }
  ],
  "references": [
    {
      "type": "ADVISORY",
      "url": "https://nvd.nist.gov/vuln/detail/CVE-2018-9160"
    },
    {
      "type": "WEB",
      "url": "https://github.com/SickRage/SickRage/commit/8156a74a68aea930d1e1047baba8b115c3abfc44"
    },
    {
      "type": "PACKAGE",
      "url": "https://github.com/SickRage/SickRage"
    },
    {
      "type": "WEB",
      "url": "https://github.com/pypa/advisory-database/tree/main/vulns/sickrage/PYSEC-2018-101.yaml"
    },
    {
      "type": "WEB",
      "url": "https://www.exploit-db.com/exploits/44545"
    }
  ],
  "database_specific": {
    "cwe_ids": [
      "CWE-522"
    ],
    "severity": "CRITICAL",
    "github_reviewed": true,
    "github_reviewed_at": "2023-07-24T19:47:16Z",
    "nvd_published_at": "2018-03-31T21:29:00Z"
  }
}