{
  "schema_version": "1.4.0",
  "id": "GHSA-q22q-2rrf-m27p",
  "modified": "2024-11-18T16:26:58Z",
  "published": "2024-08-01T15:32:23Z",
  "aliases": [
    "CVE-2024-39777"
  ],
  "summary": "Mattermost allows unsolicited invites to expose access to local channels",
  "details": "Mattermost versions 9.9.x <= 9.9.0, 9.5.x <= 9.5.6, 9.7.x <= 9.7.5 and 9.8.x <= 9.8.1 fail to disallow\u00a0unsolicited invites to expose access to local channels, when shared channels are enabled,\u00a0which allows a malicious\u00a0remote to send an invite with the ID of an existing local channel, and that local channel will then become shared without the consent of the local admin.",
  "severity": [
    {
      "type": "CVSS_V3",
      "score": "CVSS:3.1/AV:N/AC:L/PR:H/UI:N/S:C/C:H/I:H/A:N"
    },
    {
      "type": "CVSS_V4",
      "score": "CVSS:4.0/AV:N/AC:L/AT:N/PR:H/UI:N/VC:H/VI:H/VA:N/SC:H/SI:H/SA:N"
    }
  ],
  "affected": [
    {
      "package": {
        "ecosystem": "Go",
        "name": "github.com/mattermost/mattermost/server/v8"
      },
      "ranges": [
        {
          "type": "ECOSYSTEM",
          "events": [
            {
              "introduced": "9.9.0"
            },
            {
              "fixed": "9.9.1"
            }
          ]
        }
      ]
    },
    {
      "package": {
        "ecosystem": "Go",
        "name": "github.com/mattermost/mattermost/server/v8"
      },
      "ranges": [
        {
          "type": "ECOSYSTEM",
          "events": [
            {
              "introduced": "9.5.0"
            },
            {
              "fixed": "9.5.7"
            }
          ]
        }
      ]
    },
    {
      "package": {
        "ecosystem": "Go",
        "name": "github.com/mattermost/mattermost/server/v8"
      },
      "ranges": [
        {
          "type": "ECOSYSTEM",
          "events": [
            {
              "introduced": "9.7.0"
            },
            {
              "fixed": "9.7.6"
            }
          ]
        }
      ]
    },
    {
      "package": {
        "ecosystem": "Go",
        "name": "github.com/mattermost/mattermost/server/v8"
      },
      "ranges": [
        {
          "type": "ECOSYSTEM",
          "events": [
            {
              "introduced": "9.8.0"
            },
            {
              "fixed": "9.8.1"
            }
          ]
        }
      ]
    }
  ],
  "references": [
    {
      "type": "ADVISORY",
      "url": "https://nvd.nist.gov/vuln/detail/CVE-2024-39777"
    },
    {
      "type": "PACKAGE",
      "url": "https://github.com/mattermost/mattermost"
    },
    {
      "type": "WEB",
      "url": "https://mattermost.com/security-updates"
    }
  ],
  "database_specific": {
    "cwe_ids": [
      "CWE-284"
    ],
    "severity": "CRITICAL",
    "github_reviewed": true,
    "github_reviewed_at": "2024-08-23T18:51:05Z",
    "nvd_published_at": "2024-08-01T15:15:12Z"
  }
}