{
  "schema_version": "1.4.0",
  "id": "GHSA-97rv-88gf-phvr",
  "modified": "2025-02-13T19:28:14Z",
  "published": "2023-12-15T09:30:17Z",
  "aliases": [
    "CVE-2023-46279"
  ],
  "summary": "Apache Dubbo: Bypass deny serialize list check in Apache Dubbo",
  "details": "Deserialization of Untrusted Data vulnerability in Apache Dubbo.This issue only affects Apache Dubbo 3.1.5.\n\nUsers are recommended to upgrade to the latest version, which fixes the issue.",
  "severity": [
    {
      "type": "CVSS_V3",
      "score": "CVSS:3.1/AV:N/AC:L/PR:N/UI:N/S:U/C:H/I:H/A:H"
    }
  ],
  "affected": [
    {
      "package": {
        "ecosystem": "Maven",
        "name": "org.apache.dubbo:dubbo"
      },
      "ranges": [
        {
          "type": "ECOSYSTEM",
          "events": [
            {
              "introduced": "3.1.5"
            },
            {
              "fixed": "3.1.6"
            }
          ]
        }
      ],
      "versions": [
        "3.1.5"
      ]
    }
  ],
  "references": [
    {
      "type": "ADVISORY",
      "url": "https://nvd.nist.gov/vuln/detail/CVE-2023-46279"
    },
    {
      "type": "PACKAGE",
      "url": "https://github.com/apache/dubbo"
    },
    {
      "type": "WEB",
      "url": "https://lists.apache.org/thread/zw53nxrkrfswmk9n3sfwxmcj7x030nmo"
    },
    {
      "type": "WEB",
      "url": "http://www.openwall.com/lists/oss-security/2023/12/15/3"
    }
  ],
  "database_specific": {
    "cwe_ids": [
      "CWE-502"
    ],
    "severity": "CRITICAL",
    "github_reviewed": true,
    "github_reviewed_at": "2023-12-15T23:25:04Z",
    "nvd_published_at": "2023-12-15T09:15:07Z"
  }
}