{
  "schema_version": "1.4.0",
  "id": "GHSA-p5xh-vx83-mxcj",
  "modified": "2024-11-25T18:33:22Z",
  "published": "2020-03-31T15:40:12Z",
  "aliases": [
    "CVE-2020-10109"
  ],
  "summary": "HTTP Request Smuggling in Twisted",
  "details": "In Twisted Web through 20.3.0, there was an HTTP request splitting vulnerability. When presented with a content-length and a chunked encoding header, the content-length took precedence and the remainder of the request body was interpreted as a pipelined request.",
  "severity": [
    {
      "type": "CVSS_V3",
      "score": "CVSS:3.1/AV:N/AC:L/PR:N/UI:N/S:U/C:H/I:H/A:H"
    },
    {
      "type": "CVSS_V4",
      "score": "CVSS:4.0/AV:N/AC:L/AT:N/PR:N/UI:N/VC:H/VI:H/VA:H/SC:N/SI:N/SA:N"
    }
  ],
  "affected": [
    {
      "package": {
        "ecosystem": "PyPI",
        "name": "Twisted"
      },
      "ranges": [
        {
          "type": "ECOSYSTEM",
          "events": [
            {
              "introduced": "0"
            },
            {
              "fixed": "20.3.0"
            }
          ]
        }
      ]
    }
  ],
  "references": [
    {
      "type": "ADVISORY",
      "url": "https://nvd.nist.gov/vuln/detail/CVE-2020-10109"
    },
    {
      "type": "WEB",
      "url": "https://github.com/twisted/twisted/commit/4a7d22e490bb8ff836892cc99a1f54b85ccb0281"
    },
    {
      "type": "ADVISORY",
      "url": "https://github.com/advisories/GHSA-p5xh-vx83-mxcj"
    },
    {
      "type": "WEB",
      "url": "https://github.com/pypa/advisory-database/tree/main/vulns/twisted/PYSEC-2020-260.yaml"
    },
    {
      "type": "PACKAGE",
      "url": "https://github.com/twisted/twisted"
    },
    {
      "type": "WEB",
      "url": "https://github.com/twisted/twisted/blob/6ff2c40e42416c83203422ff70dfc49d2681c8e2/NEWS.rst#twisted-2030-2020-03-13"
    },
    {
      "type": "WEB",
      "url": "https://know.bishopfox.com/advisories"
    },
    {
      "type": "WEB",
      "url": "https://know.bishopfox.com/advisories/twisted-version-19.10.0"
    },
    {
      "type": "WEB",
      "url": "https://lists.debian.org/debian-lts-announce/2022/02/msg00021.html"
    },
    {
      "type": "WEB",
      "url": "https://lists.fedoraproject.org/archives/list/package-announce%40lists.fedoraproject.org/message/6ISMZFZBWW4EV6ETJGXAYIXN3AT7GBPL"
    },
    {
      "type": "WEB",
      "url": "https://lists.fedoraproject.org/archives/list/package-announce%40lists.fedoraproject.org/message/YW3NIL7VXSGJND2Q4BSXM3CFTAFU6T7D"
    },
    {
      "type": "WEB",
      "url": "https://lists.fedoraproject.org/archives/list/package-announce@lists.fedoraproject.org/message/6ISMZFZBWW4EV6ETJGXAYIXN3AT7GBPL"
    },
    {
      "type": "WEB",
      "url": "https://lists.fedoraproject.org/archives/list/package-announce@lists.fedoraproject.org/message/YW3NIL7VXSGJND2Q4BSXM3CFTAFU6T7D"
    },
    {
      "type": "WEB",
      "url": "https://security.gentoo.org/glsa/202007-24"
    },
    {
      "type": "WEB",
      "url": "https://usn.ubuntu.com/4308-1"
    },
    {
      "type": "WEB",
      "url": "https://usn.ubuntu.com/4308-2"
    }
  ],
  "database_specific": {
    "cwe_ids": [
      "CWE-444"
    ],
    "severity": "CRITICAL",
    "github_reviewed": true,
    "github_reviewed_at": "2020-03-31T15:28:17Z",
    "nvd_published_at": "2020-03-12T13:15:00Z"
  }
}