{
  "schema_version": "1.4.0",
  "id": "GHSA-9qmm-4mfr-r3wj",
  "modified": "2022-05-24T21:59:55Z",
  "published": "2022-05-10T00:00:21Z",
  "aliases": [
    "CVE-2022-23066"
  ],
  "summary": "Incorrect Calculation in solana_rbpf",
  "details": "In Solana rBPF versions 0.2.26 and 0.2.27 are affected by Incorrect Calculation which is caused by improper implementation of sdiv instruction. This can lead to the wrong execution path, resulting in huge loss in specific cases. For example, the result of a sdiv instruction may decide whether to transfer tokens or not. The vulnerability affects both integrity and may cause serious availability problems.",
  "severity": [
    {
      "type": "CVSS_V3",
      "score": "CVSS:3.1/AV:N/AC:L/PR:N/UI:N/S:U/C:N/I:H/A:H"
    }
  ],
  "affected": [
    {
      "package": {
        "ecosystem": "crates.io",
        "name": "solana_rbpf"
      },
      "ranges": [
        {
          "type": "ECOSYSTEM",
          "events": [
            {
              "introduced": "0.2.26"
            },
            {
              "fixed": "0.2.28"
            }
          ]
        }
      ]
    }
  ],
  "references": [
    {
      "type": "ADVISORY",
      "url": "https://nvd.nist.gov/vuln/detail/CVE-2022-23066"
    },
    {
      "type": "WEB",
      "url": "https://github.com/solana-labs/rbpf/commit/e61e045f8c244de978401d186dcfd50838817297"
    },
    {
      "type": "WEB",
      "url": "https://blocksecteam.medium.com/how-a-critical-bug-in-solana-network-was-detected-and-timely-patched-a701870e1324"
    },
    {
      "type": "PACKAGE",
      "url": "https://github.com/solana-labs/rbpf"
    },
    {
      "type": "WEB",
      "url": "https://www.whitesourcesoftware.com/vulnerability-database/CVE-2022-23066"
    }
  ],
  "database_specific": {
    "cwe_ids": [
      "CWE-682"
    ],
    "severity": "CRITICAL",
    "github_reviewed": true,
    "github_reviewed_at": "2022-05-24T21:59:55Z",
    "nvd_published_at": "2022-05-09T07:15:00Z"
  }
}