{
  "schema_version": "1.4.0",
  "id": "GHSA-m8xh-cqc2-5q6f",
  "modified": "2022-04-01T17:14:56Z",
  "published": "2022-03-29T00:01:16Z",
  "aliases": [
    "CVE-2021-26600"
  ],
  "summary": "Type Confusion in ImpressCMS",
  "details": "ImpressCMS before 1.4.3 has plugins/preloads/autologin.php type confusion with resultant Authentication Bypass (!= instead of !==).",
  "severity": [
    {
      "type": "CVSS_V3",
      "score": "CVSS:3.1/AV:N/AC:L/PR:N/UI:N/S:U/C:H/I:H/A:H"
    }
  ],
  "affected": [
    {
      "package": {
        "ecosystem": "Packagist",
        "name": "impresscms/impresscms"
      },
      "ranges": [
        {
          "type": "ECOSYSTEM",
          "events": [
            {
              "introduced": "0"
            },
            {
              "fixed": "1.4.3"
            }
          ]
        }
      ]
    }
  ],
  "references": [
    {
      "type": "ADVISORY",
      "url": "https://nvd.nist.gov/vuln/detail/CVE-2021-26600"
    },
    {
      "type": "WEB",
      "url": "https://hackerone.com/reports/1081986"
    },
    {
      "type": "PACKAGE",
      "url": "https://github.com/ImpressCMS/impresscms"
    },
    {
      "type": "WEB",
      "url": "https://github.com/ImpressCMS/impresscms/releases/tag/v1.4.3"
    },
    {
      "type": "WEB",
      "url": "http://karmainsecurity.com/KIS-2022-01"
    },
    {
      "type": "WEB",
      "url": "http://packetstormsecurity.com/files/166393/ImpressCMS-1.4.2-Authentication-Bypass.html"
    },
    {
      "type": "WEB",
      "url": "http://seclists.org/fulldisclosure/2022/Mar/43"
    }
  ],
  "database_specific": {
    "cwe_ids": [
      "CWE-843"
    ],
    "severity": "CRITICAL",
    "github_reviewed": true,
    "github_reviewed_at": "2022-04-01T17:14:56Z",
    "nvd_published_at": "2022-03-28T01:15:00Z"
  }
}