{
  "schema_version": "1.4.0",
  "id": "GHSA-4rv9-5vc4-88cg",
  "modified": "2021-03-16T00:59:16Z",
  "published": "2021-03-19T21:21:06Z",
  "aliases": [
    "CVE-2020-7785"
  ],
  "summary": "Command injection in node-ps",
  "details": "This affects all versions of package node-ps. The injection point is located in line 72 in lib/index.js.",
  "severity": [
    {
      "type": "CVSS_V3",
      "score": "CVSS:3.1/AV:N/AC:L/PR:N/UI:N/S:U/C:H/I:H/A:H"
    }
  ],
  "affected": [
    {
      "package": {
        "ecosystem": "npm",
        "name": "node-ps"
      },
      "ranges": [
        {
          "type": "ECOSYSTEM",
          "events": [
            {
              "introduced": "0"
            },
            {
              "last_affected": "0.0.2"
            }
          ]
        }
      ]
    }
  ],
  "references": [
    {
      "type": "ADVISORY",
      "url": "https://nvd.nist.gov/vuln/detail/CVE-2020-7785"
    },
    {
      "type": "WEB",
      "url": "https://github.com/fortruce/node-ps/blob/master/lib/index.js#L72"
    },
    {
      "type": "WEB",
      "url": "https://snyk.io/vuln/SNYK-JS-NODEPS-1048335"
    },
    {
      "type": "WEB",
      "url": "https://www.npmjs.com/package/node-ps"
    }
  ],
  "database_specific": {
    "cwe_ids": [
      "CWE-78"
    ],
    "severity": "CRITICAL",
    "github_reviewed": true,
    "github_reviewed_at": "2021-03-16T00:59:16Z",
    "nvd_published_at": "2021-02-08T19:15:00Z"
  }
}