{
  "schema_version": "1.4.0",
  "id": "GHSA-j2gj-g3p9-7mrr",
  "modified": "2023-09-01T21:43:04Z",
  "published": "2023-09-01T03:30:14Z",
  "aliases": [
    "CVE-2023-4696"
  ],
  "summary": "Account TakeOver Due to Improper Handling of JWT Tokens in usememos/memos",
  "details": "Improper Access Control in GitHub repository usememos/memos prior to 0.13.2. As of commit `c9aa2eeb9` access tokens which fail validation are rejected.",
  "severity": [
    {
      "type": "CVSS_V3",
      "score": "CVSS:3.0/AV:N/AC:L/PR:N/UI:N/S:U/C:H/I:H/A:H"
    }
  ],
  "affected": [
    {
      "package": {
        "ecosystem": "Go",
        "name": "github.com/usememos/memos"
      },
      "ranges": [
        {
          "type": "ECOSYSTEM",
          "events": [
            {
              "introduced": "0"
            },
            {
              "fixed": "0.13.2"
            }
          ]
        }
      ]
    }
  ],
  "references": [
    {
      "type": "ADVISORY",
      "url": "https://nvd.nist.gov/vuln/detail/CVE-2023-4696"
    },
    {
      "type": "WEB",
      "url": "https://github.com/usememos/memos/commit/c9aa2eeb9852047e4f41915eb30726bd25f07ecd"
    },
    {
      "type": "WEB",
      "url": "https://huntr.dev/bounties/4747a485-77c3-4bb5-aab0-21253ef303ca"
    }
  ],
  "database_specific": {
    "cwe_ids": [
      "CWE-284"
    ],
    "severity": "CRITICAL",
    "github_reviewed": true,
    "github_reviewed_at": "2023-09-01T21:43:04Z",
    "nvd_published_at": "2023-09-01T01:15:08Z"
  }
}