{
  "schema_version": "1.4.0",
  "id": "GHSA-hgjh-723h-mx2j",
  "modified": "2022-03-03T19:19:03Z",
  "published": "2022-02-21T00:00:21Z",
  "aliases": [
    "CVE-2022-0686"
  ],
  "summary": "Authorization Bypass Through User-Controlled Key in url-parse",
  "details": "url-parse prior to version 1.5.8 is vulnerable to Authorization Bypass Through User-Controlled Key.",
  "severity": [
    {
      "type": "CVSS_V3",
      "score": "CVSS:3.1/AV:N/AC:L/PR:N/UI:N/S:U/C:H/I:H/A:N"
    }
  ],
  "affected": [
    {
      "package": {
        "ecosystem": "npm",
        "name": "url-parse"
      },
      "ranges": [
        {
          "type": "ECOSYSTEM",
          "events": [
            {
              "introduced": "0"
            },
            {
              "fixed": "1.5.8"
            }
          ]
        }
      ]
    }
  ],
  "references": [
    {
      "type": "ADVISORY",
      "url": "https://nvd.nist.gov/vuln/detail/CVE-2022-0686"
    },
    {
      "type": "WEB",
      "url": "https://github.com/unshiftio/url-parse/commit/d5c64791ef496ca5459ae7f2176a31ea53b127e5"
    },
    {
      "type": "PACKAGE",
      "url": "https://github.com/unshiftio/url-parse"
    },
    {
      "type": "WEB",
      "url": "https://huntr.dev/bounties/55fd06cd-9054-4d80-83be-eb5a454be78c"
    },
    {
      "type": "WEB",
      "url": "https://lists.debian.org/debian-lts-announce/2023/02/msg00030.html"
    },
    {
      "type": "WEB",
      "url": "https://security.netapp.com/advisory/ntap-20220325-0006"
    }
  ],
  "database_specific": {
    "cwe_ids": [
      "CWE-639"
    ],
    "severity": "CRITICAL",
    "github_reviewed": true,
    "github_reviewed_at": "2022-02-23T21:26:48Z",
    "nvd_published_at": "2022-02-20T13:15:00Z"
  }
}