{
  "schema_version": "1.4.0",
  "id": "GHSA-vh6r-g38f-q3w8",
  "modified": "2021-05-05T22:34:04Z",
  "published": "2021-05-06T17:27:58Z",
  "aliases": [
    "CVE-2020-17479"
  ],
  "summary": "Validation bypass in jpv",
  "details": "jpv (aka Json Pattern Validator) before 2.2.2 does not properly validate input, as demonstrated by a corrupted array.",
  "severity": [
    {
      "type": "CVSS_V3",
      "score": "CVSS:3.1/AV:N/AC:L/PR:N/UI:N/S:U/C:H/I:H/A:H"
    }
  ],
  "affected": [
    {
      "package": {
        "ecosystem": "npm",
        "name": "jpv"
      },
      "ranges": [
        {
          "type": "ECOSYSTEM",
          "events": [
            {
              "introduced": "0"
            },
            {
              "fixed": "2.2.2"
            }
          ]
        }
      ]
    }
  ],
  "references": [
    {
      "type": "ADVISORY",
      "url": "https://nvd.nist.gov/vuln/detail/CVE-2020-17479"
    },
    {
      "type": "WEB",
      "url": "https://github.com/manvel-khnkoyan/jpv/issues/10"
    },
    {
      "type": "WEB",
      "url": "https://github.com/manvel-khnkoyan/jpv/commit/e3eec1215caa8d5c560f5e88d0943422831927d6"
    },
    {
      "type": "WEB",
      "url": "https://blog.sonatype.com/cve-2020-17479"
    },
    {
      "type": "WEB",
      "url": "https://www.npmjs.com/package/jpv"
    }
  ],
  "database_specific": {
    "cwe_ids": [
      "CWE-20"
    ],
    "severity": "CRITICAL",
    "github_reviewed": true,
    "github_reviewed_at": "2021-05-05T22:34:04Z",
    "nvd_published_at": "2020-08-10T20:15:00Z"
  }
}