{
  "schema_version": "1.4.0",
  "id": "GHSA-7cfq-72w2-24q4",
  "modified": "2023-09-25T13:55:19Z",
  "published": "2023-09-21T06:30:25Z",
  "aliases": [
    "CVE-2015-5467"
  ],
  "summary": "Yii2 allows attackers to execute any local .php file via a relative path in the view parameter",
  "details": "web\\ViewAction in Yii (aka Yii2) 2.x before 2.0.5 allows attackers to execute any local .php file via a relative path in the view parameeter.",
  "severity": [
    {
      "type": "CVSS_V3",
      "score": "CVSS:3.1/AV:N/AC:L/PR:N/UI:N/S:U/C:H/I:H/A:H"
    }
  ],
  "affected": [
    {
      "package": {
        "ecosystem": "Packagist",
        "name": "yiisoft/yii2"
      },
      "ranges": [
        {
          "type": "ECOSYSTEM",
          "events": [
            {
              "introduced": "2.0.0"
            },
            {
              "fixed": "2.0.5"
            }
          ]
        }
      ]
    }
  ],
  "references": [
    {
      "type": "ADVISORY",
      "url": "https://nvd.nist.gov/vuln/detail/CVE-2015-5467"
    },
    {
      "type": "WEB",
      "url": "https://github.com/FriendsOfPHP/security-advisories/blob/master/yiisoft/yii2-dev/CVE-2015-5467.yaml"
    },
    {
      "type": "WEB",
      "url": "https://github.com/FriendsOfPHP/security-advisories/blob/master/yiisoft/yii2/CVE-2015-5467.yaml"
    },
    {
      "type": "PACKAGE",
      "url": "https://github.com/yiisoft/yii2-framework"
    },
    {
      "type": "WEB",
      "url": "https://www.yiiframework.com/news/87/yii-2-0-5-is-released-security-fix"
    }
  ],
  "database_specific": {
    "cwe_ids": [
      "CWE-22",
      "CWE-98"
    ],
    "severity": "CRITICAL",
    "github_reviewed": true,
    "github_reviewed_at": "2023-09-21T16:55:31Z",
    "nvd_published_at": "2023-09-21T06:15:10Z"
  }
}