{
  "schema_version": "1.4.0",
  "id": "GHSA-v756-4whv-48vc",
  "modified": "2021-07-29T18:13:50Z",
  "published": "2021-05-17T21:00:24Z",
  "aliases": [
    "CVE-2020-7675"
  ],
  "summary": "Code Injection in cd-messenger",
  "details": "cd-messenger through 2.7.26 is vulnerable to Arbitrary Code Execution. User input provided to the `color` argument executed by the `eval` function resulting in code execution.",
  "severity": [
    {
      "type": "CVSS_V3",
      "score": "CVSS:3.1/AV:N/AC:L/PR:N/UI:N/S:U/C:H/I:H/A:H"
    }
  ],
  "affected": [
    {
      "package": {
        "ecosystem": "npm",
        "name": "cd-messenger"
      },
      "ranges": [
        {
          "type": "ECOSYSTEM",
          "events": [
            {
              "introduced": "0"
            },
            {
              "last_affected": "2.7.26"
            }
          ]
        }
      ]
    }
  ],
  "references": [
    {
      "type": "ADVISORY",
      "url": "https://nvd.nist.gov/vuln/detail/CVE-2020-7675"
    },
    {
      "type": "WEB",
      "url": "https://snyk.io/vuln/SNYK-JS-CDMESSENGER-571493"
    }
  ],
  "database_specific": {
    "cwe_ids": [
      "CWE-94"
    ],
    "severity": "CRITICAL",
    "github_reviewed": true,
    "github_reviewed_at": "2021-05-13T18:52:11Z",
    "nvd_published_at": "2020-06-10T16:15:00Z"
  }
}