{
  "schema_version": "1.4.0",
  "id": "GHSA-5vrc-7jfr-4642",
  "modified": "2022-08-14T00:24:25Z",
  "published": "2022-08-03T00:00:56Z",
  "aliases": [
    "CVE-2020-28423"
  ],
  "summary": "monorepo-build Command Injection vulnerability",
  "details": "A command injection vulnerability affects all versions of package monorepo-build.",
  "severity": [
    {
      "type": "CVSS_V3",
      "score": "CVSS:3.1/AV:N/AC:L/PR:N/UI:N/S:U/C:H/I:H/A:H"
    }
  ],
  "affected": [
    {
      "package": {
        "ecosystem": "npm",
        "name": "monorepo-build"
      },
      "ranges": [
        {
          "type": "ECOSYSTEM",
          "events": [
            {
              "introduced": "0"
            },
            {
              "last_affected": "0.1.9"
            }
          ]
        }
      ]
    }
  ],
  "references": [
    {
      "type": "ADVISORY",
      "url": "https://nvd.nist.gov/vuln/detail/CVE-2020-28423"
    },
    {
      "type": "WEB",
      "url": "https://security.snyk.io/vuln/SNYK-JS-MONOREPOBUILD-1050392"
    }
  ],
  "database_specific": {
    "cwe_ids": [
      "CWE-77"
    ],
    "severity": "CRITICAL",
    "github_reviewed": true,
    "github_reviewed_at": "2022-08-14T00:24:25Z",
    "nvd_published_at": "2022-08-02T14:15:00Z"
  }
}