{
  "schema_version": "1.4.0",
  "id": "GHSA-pv4p-cwwg-4rph",
  "modified": "2024-09-03T21:53:30Z",
  "published": "2024-08-07T15:30:42Z",
  "aliases": [
    "CVE-2024-42005"
  ],
  "summary": "Django SQL injection vulnerability",
  "details": "An issue was discovered in Django 5.0 before 5.0.8 and 4.2 before 4.2.15. QuerySet.values() and values_list() methods on models with a JSONField are subject to SQL injection in column aliases via a crafted JSON object key as a passed *arg.",
  "severity": [
    {
      "type": "CVSS_V3",
      "score": "CVSS:3.1/AV:N/AC:L/PR:N/UI:N/S:U/C:H/I:H/A:N"
    },
    {
      "type": "CVSS_V4",
      "score": "CVSS:4.0/AV:N/AC:L/AT:N/PR:N/UI:N/VC:H/VI:H/VA:N/SC:N/SI:N/SA:N"
    }
  ],
  "affected": [
    {
      "package": {
        "ecosystem": "PyPI",
        "name": "Django"
      },
      "ranges": [
        {
          "type": "ECOSYSTEM",
          "events": [
            {
              "introduced": "5.0"
            },
            {
              "fixed": "5.0.8"
            }
          ]
        }
      ]
    },
    {
      "package": {
        "ecosystem": "PyPI",
        "name": "Django"
      },
      "ranges": [
        {
          "type": "ECOSYSTEM",
          "events": [
            {
              "introduced": "4.2"
            },
            {
              "fixed": "4.2.15"
            }
          ]
        }
      ]
    }
  ],
  "references": [
    {
      "type": "ADVISORY",
      "url": "https://nvd.nist.gov/vuln/detail/CVE-2024-42005"
    },
    {
      "type": "WEB",
      "url": "https://github.com/django/django/commit/32ebcbf2e1fe3e5ba79a6554a167efce81f7422d"
    },
    {
      "type": "WEB",
      "url": "https://github.com/django/django/commit/f4af67b9b41e0f4c117a8741da3abbd1c869ab28"
    },
    {
      "type": "WEB",
      "url": "https://docs.djangoproject.com/en/dev/releases/security"
    },
    {
      "type": "PACKAGE",
      "url": "https://github.com/django/django"
    },
    {
      "type": "WEB",
      "url": "https://github.com/pypa/advisory-database/tree/main/vulns/django/PYSEC-2024-70.yaml"
    },
    {
      "type": "WEB",
      "url": "https://groups.google.com/forum/#%21forum/django-announce"
    },
    {
      "type": "WEB",
      "url": "https://www.djangoproject.com/weblog/2024/aug/06/security-releases"
    }
  ],
  "database_specific": {
    "cwe_ids": [
      "CWE-89"
    ],
    "severity": "CRITICAL",
    "github_reviewed": true,
    "github_reviewed_at": "2024-08-07T19:02:40Z",
    "nvd_published_at": "2024-08-07T15:15:56Z"
  }
}