{
  "schema_version": "1.4.0",
  "id": "GHSA-rmqp-9w4c-gc7w",
  "modified": "2025-02-13T19:11:39Z",
  "published": "2023-09-05T15:30:25Z",
  "aliases": [
    "CVE-2023-40743"
  ],
  "summary": "Apache Axis 1.x (EOL) may allow RCE when untrusted input is passed to getService",
  "details": "When integrating Apache Axis 1.x in an application, it may not have been obvious that looking up a service through \"ServiceFactory.getService\" allows potentially dangerous lookup mechanisms such as LDAP. When passing untrusted input to this API method, this could expose the application to DoS, SSRF and even attacks leading to RCE.\n\nAs Axis 1 has been EOL we recommend you migrate to a different SOAP engine, such as Apache Axis 2/Java. As a workaround, you may review your code to verify no untrusted or unsanitized input is passed to \"ServiceFactory.getService\", or by applying the patch from  https://github.com/apache/axis-axis1-java/commit/7e66753427466590d6def0125e448d2791723210 . The Apache Axis project does not expect to create an Axis 1.x release fixing this problem, though contributors that would like to work towards this are welcome.",
  "severity": [
    {
      "type": "CVSS_V3",
      "score": "CVSS:3.1/AV:N/AC:L/PR:N/UI:N/S:U/C:H/I:H/A:H"
    },
    {
      "type": "CVSS_V4",
      "score": "CVSS:4.0/AV:N/AC:L/AT:N/PR:N/UI:N/VC:H/VI:H/VA:H/SC:N/SI:N/SA:N"
    }
  ],
  "affected": [
    {
      "package": {
        "ecosystem": "Maven",
        "name": "org.apache.axis:axis"
      },
      "ranges": [
        {
          "type": "ECOSYSTEM",
          "events": [
            {
              "introduced": "0"
            },
            {
              "last_affected": "1.4"
            }
          ]
        }
      ]
    },
    {
      "package": {
        "ecosystem": "Maven",
        "name": "axis:axis"
      },
      "ranges": [
        {
          "type": "ECOSYSTEM",
          "events": [
            {
              "introduced": "0"
            },
            {
              "last_affected": "1.4"
            }
          ]
        }
      ]
    }
  ],
  "references": [
    {
      "type": "ADVISORY",
      "url": "https://nvd.nist.gov/vuln/detail/CVE-2023-40743"
    },
    {
      "type": "WEB",
      "url": "https://github.com/apache/axis-axis1-java/commit/7e66753427466590d6def0125e448d2791723210"
    },
    {
      "type": "PACKAGE",
      "url": "https://github.com/apache/axis-axis1-java"
    },
    {
      "type": "WEB",
      "url": "https://lists.apache.org/thread/gs0qgk2mgss7zfhzdd6ftfjvm4kp7v82"
    },
    {
      "type": "WEB",
      "url": "https://lists.debian.org/debian-lts-announce/2023/10/msg00025.html"
    }
  ],
  "database_specific": {
    "cwe_ids": [
      "CWE-20",
      "CWE-75"
    ],
    "severity": "CRITICAL",
    "github_reviewed": true,
    "github_reviewed_at": "2023-10-18T22:22:36Z",
    "nvd_published_at": "2023-09-05T15:15:42Z"
  }
}