{
  "schema_version": "1.4.0",
  "id": "GHSA-mwhw-6p27-4crc",
  "modified": "2022-09-16T17:41:19Z",
  "published": "2022-09-01T00:00:23Z",
  "aliases": [
    "CVE-2022-2466"
  ],
  "summary": "Quarkus does not terminate HTTP requests header context",
  "details": "Quarkus is a Cloud Native, (Linux) Container First framework for writing Java applications. It was found that Quarkus 2.10.x does not terminate HTTP requests header context which may lead to unpredictable behavior. This issue was fixed in version 2.10.4Final.",
  "severity": [
    {
      "type": "CVSS_V3",
      "score": "CVSS:3.1/AV:N/AC:L/PR:N/UI:N/S:U/C:H/I:H/A:H"
    }
  ],
  "affected": [
    {
      "package": {
        "ecosystem": "Maven",
        "name": "io.quarkus:quarkus-core-parent"
      },
      "ranges": [
        {
          "type": "ECOSYSTEM",
          "events": [
            {
              "introduced": "2.10.0"
            },
            {
              "fixed": "2.10.4"
            }
          ]
        }
      ]
    }
  ],
  "references": [
    {
      "type": "ADVISORY",
      "url": "https://nvd.nist.gov/vuln/detail/CVE-2022-2466"
    },
    {
      "type": "WEB",
      "url": "https://github.com/quarkusio/quarkus/issues/26748"
    },
    {
      "type": "PACKAGE",
      "url": "https://github.com/quarkusio/quarkus"
    },
    {
      "type": "WEB",
      "url": "https://github.com/quarkusio/quarkus/releases/tag/2.10.4.Final"
    }
  ],
  "database_specific": {
    "cwe_ids": [
      "CWE-444"
    ],
    "severity": "CRITICAL",
    "github_reviewed": true,
    "github_reviewed_at": "2022-09-16T17:41:19Z",
    "nvd_published_at": "2022-08-31T16:15:00Z"
  }
}