{
  "schema_version": "1.4.0",
  "id": "GHSA-jmw7-ph6p-33cc",
  "modified": "2022-11-02T00:40:17Z",
  "published": "2022-05-14T03:58:15Z",
  "aliases": [
    "CVE-2016-0791"
  ],
  "summary": "Exposure of Sensitive Information in Jenkins Core",
  "details": "Jenkins before 1.650 and LTS before 1.642.2 do not use a constant-time algorithm to verify CSRF tokens, which makes it easier for remote attackers to bypass a CSRF protection mechanism via a brute-force approach.",
  "severity": [
    {
      "type": "CVSS_V3",
      "score": "CVSS:3.0/AV:N/AC:L/PR:N/UI:N/S:U/C:H/I:H/A:H"
    }
  ],
  "affected": [
    {
      "package": {
        "ecosystem": "Maven",
        "name": "org.jenkins-ci.main:jenkins-core"
      },
      "ranges": [
        {
          "type": "ECOSYSTEM",
          "events": [
            {
              "introduced": "0"
            },
            {
              "fixed": "1.650"
            }
          ]
        }
      ]
    }
  ],
  "references": [
    {
      "type": "ADVISORY",
      "url": "https://nvd.nist.gov/vuln/detail/CVE-2016-0791"
    },
    {
      "type": "WEB",
      "url": "https://access.redhat.com/errata/RHSA-2016:0711"
    },
    {
      "type": "WEB",
      "url": "https://wiki.jenkins-ci.org/display/SECURITY/Jenkins+Security+Advisory+2016-02-24"
    },
    {
      "type": "WEB",
      "url": "http://rhn.redhat.com/errata/RHSA-2016-1773.html"
    }
  ],
  "database_specific": {
    "cwe_ids": [
      "CWE-200"
    ],
    "severity": "CRITICAL",
    "github_reviewed": true,
    "github_reviewed_at": "2022-11-02T00:40:17Z",
    "nvd_published_at": "2016-04-07T23:59:00Z"
  }
}