{
  "schema_version": "1.4.0",
  "id": "GHSA-3pmw-h7j4-rf54",
  "modified": "2024-09-24T20:38:19Z",
  "published": "2022-05-14T02:05:56Z",
  "aliases": [
    "CVE-2014-9462"
  ],
  "summary": "Mercurial vulnerable to arbitrary command execution via a crafted repository name in a clone command",
  "details": "The _validaterepo function in sshpeer in Mercurial before 3.2.4 allows remote attackers to execute arbitrary commands via a crafted repository name in a clone command.",
  "severity": [
    {
      "type": "CVSS_V3",
      "score": "CVSS:3.1/AV:N/AC:L/PR:N/UI:N/S:U/C:H/I:H/A:H"
    },
    {
      "type": "CVSS_V4",
      "score": "CVSS:4.0/AV:N/AC:L/AT:N/PR:N/UI:N/VC:H/VI:H/VA:H/SC:N/SI:N/SA:N"
    }
  ],
  "affected": [
    {
      "package": {
        "ecosystem": "PyPI",
        "name": "mercurial"
      },
      "ranges": [
        {
          "type": "ECOSYSTEM",
          "events": [
            {
              "introduced": "0"
            },
            {
              "fixed": "3.2.4"
            }
          ]
        }
      ]
    }
  ],
  "references": [
    {
      "type": "ADVISORY",
      "url": "https://nvd.nist.gov/vuln/detail/CVE-2014-9462"
    },
    {
      "type": "WEB",
      "url": "https://github.com/pypa/advisory-database/tree/main/vulns/mercurial/PYSEC-2015-14.yaml"
    },
    {
      "type": "WEB",
      "url": "https://security.gentoo.org/glsa/201612-19"
    },
    {
      "type": "WEB",
      "url": "http://chargen.matasano.com/chargen/2015/3/17/this-new-vulnerability-mercurial-command-injection-cve-2014-9462.html"
    },
    {
      "type": "WEB",
      "url": "http://lists.opensuse.org/opensuse-updates/2015-03/msg00085.html"
    },
    {
      "type": "WEB",
      "url": "http://mercurial.selenic.com/wiki/WhatsNew"
    },
    {
      "type": "WEB",
      "url": "http://www.debian.org/security/2015/dsa-3257"
    },
    {
      "type": "WEB",
      "url": "http://www.oracle.com/technetwork/topics/security/bulletinjul2015-2511963.html"
    }
  ],
  "database_specific": {
    "cwe_ids": [
      "CWE-20"
    ],
    "severity": "CRITICAL",
    "github_reviewed": true,
    "github_reviewed_at": "2024-05-01T16:51:43Z",
    "nvd_published_at": "2015-03-31T14:59:00Z"
  }
}