{
  "schema_version": "1.4.0",
  "id": "GHSA-6hr9-4692-fch9",
  "modified": "2024-06-04T18:24:58Z",
  "published": "2022-02-10T23:45:54Z",
  "withdrawn": "2024-06-04T18:24:58Z",
  "aliases": [
    "CVE-2020-7624"
  ],
  "summary": "Withdrawn Advisory: OS Command Injection in effect",
  "details": "## Withdrawn Advisory\nThis advisory has been withdrawn because the [npm package effect](https://www.npmjs.com/package/effect), for which alerts were issued, does not correspond with https://github.com/Javascipt/effect, the repository with the vulnerable code. https://github.com/Javascipt/effect is not in any [supported ecosystem](https://docs.github.com/en/code-security/security-advisories/working-with-global-security-advisories-from-the-github-advisory-database/about-the-github-advisory-database#github-reviewed-advisories).\n\nAdditionally, the CVE Numbering Authority that issued the CVE for CVE-2020-7624 has updated [their advisory](https://snyk.io/vuln/SNYK-JS-EFFECT-564256) stating that \"This was deemed not a vulnerability.\"\n\n## Original Description\neffect through 1.0.4 is vulnerable to Command Injection. It allows execution of arbitrary command via the options argument.",
  "severity": [
    {
      "type": "CVSS_V3",
      "score": "CVSS:3.1/AV:N/AC:L/PR:N/UI:N/S:U/C:H/I:H/A:H"
    }
  ],
  "affected": [
    {
      "package": {
        "ecosystem": "npm",
        "name": "effect"
      },
      "ranges": [
        {
          "type": "ECOSYSTEM",
          "events": [
            {
              "introduced": "0"
            },
            {
              "last_affected": "1.0.4"
            }
          ]
        }
      ]
    }
  ],
  "references": [
    {
      "type": "ADVISORY",
      "url": "https://nvd.nist.gov/vuln/detail/CVE-2020-7624"
    },
    {
      "type": "WEB",
      "url": "https://github.com/Javascipt/effect/blob/master/helper.js#L24,"
    },
    {
      "type": "WEB",
      "url": "https://snyk.io/vuln/SNYK-JS-EFFECT-564256"
    }
  ],
  "database_specific": {
    "cwe_ids": [
      "CWE-78"
    ],
    "severity": "CRITICAL",
    "github_reviewed": true,
    "github_reviewed_at": "2021-05-18T23:10:14Z",
    "nvd_published_at": "2020-04-02T22:15:00Z"
  }
}