{
  "schema_version": "1.4.0",
  "id": "GHSA-6433-x5p4-8jc7",
  "modified": "2024-11-25T19:27:36Z",
  "published": "2024-05-02T21:30:29Z",
  "aliases": [
    "CVE-2024-34391"
  ],
  "summary": "libxmljs vulnerable to type confusion when parsing specially crafted XML",
  "details": "libxmljs is vulnerable to a type confusion vulnerability when parsing a specially crafted XML while invoking a function on the result of `attrs()` that was called on a parsed node. This vulnerability might lead to denial of service (on both 32-bit systems and 64-bit systems), data leak, infinite loop and remote code execution (on 32-bit systems with the XML_PARSE_HUGE flag enabled).",
  "severity": [
    {
      "type": "CVSS_V3",
      "score": "CVSS:3.1/AV:N/AC:H/PR:N/UI:N/S:U/C:H/I:H/A:H"
    },
    {
      "type": "CVSS_V4",
      "score": "CVSS:4.0/AV:N/AC:L/AT:P/PR:N/UI:N/VC:H/VI:H/VA:H/SC:N/SI:N/SA:N"
    }
  ],
  "affected": [
    {
      "package": {
        "ecosystem": "npm",
        "name": "libxmljs"
      },
      "ranges": [
        {
          "type": "ECOSYSTEM",
          "events": [
            {
              "introduced": "0"
            },
            {
              "last_affected": "1.0.11"
            }
          ]
        }
      ]
    }
  ],
  "references": [
    {
      "type": "ADVISORY",
      "url": "https://nvd.nist.gov/vuln/detail/CVE-2024-34391"
    },
    {
      "type": "WEB",
      "url": "https://github.com/libxmljs/libxmljs/issues/645"
    },
    {
      "type": "PACKAGE",
      "url": "https://github.com/libxmljs/libxmljs"
    },
    {
      "type": "WEB",
      "url": "https://research.jfrog.com/vulnerabilities/libxmljs-attrs-type-confusion-rce-jfsa-2024-001033988"
    }
  ],
  "database_specific": {
    "cwe_ids": [
      "CWE-843"
    ],
    "severity": "CRITICAL",
    "github_reviewed": true,
    "github_reviewed_at": "2024-05-03T20:24:29Z",
    "nvd_published_at": "2024-05-02T19:15:06Z"
  }
}