{
  "schema_version": "1.4.0",
  "id": "GHSA-9qgm-w87q-hx89",
  "modified": "2022-04-22T21:03:44Z",
  "published": "2022-04-13T00:00:25Z",
  "aliases": [
    "CVE-2022-27263"
  ],
  "summary": "Unrestricted Upload of File with Dangerous Type in Strapi",
  "details": "An arbitrary file upload vulnerability in the file upload module of Strapi v4.1.5 allows attackers to execute arbitrary code via a crafted file.",
  "severity": [
    {
      "type": "CVSS_V3",
      "score": "CVSS:3.1/AV:N/AC:L/PR:N/UI:N/S:U/C:H/I:H/A:H"
    }
  ],
  "affected": [
    {
      "package": {
        "ecosystem": "npm",
        "name": "strapi"
      },
      "ranges": [
        {
          "type": "ECOSYSTEM",
          "events": [
            {
              "introduced": "0"
            },
            {
              "last_affected": "4.1.5"
            }
          ]
        }
      ]
    }
  ],
  "references": [
    {
      "type": "ADVISORY",
      "url": "https://nvd.nist.gov/vuln/detail/CVE-2022-27263"
    },
    {
      "type": "PACKAGE",
      "url": "https://github.com/strapi/strapi"
    },
    {
      "type": "WEB",
      "url": "https://www.youtube.com/watch?v=LEeabouqRrg"
    }
  ],
  "database_specific": {
    "cwe_ids": [
      "CWE-434"
    ],
    "severity": "CRITICAL",
    "github_reviewed": true,
    "github_reviewed_at": "2022-04-22T21:03:44Z",
    "nvd_published_at": "2022-04-12T17:15:00Z"
  }
}