{
  "schema_version": "1.4.0",
  "id": "GHSA-xhgx-7974-c8v6",
  "modified": "2024-01-04T22:18:15Z",
  "published": "2023-12-27T21:31:01Z",
  "aliases": [
    "CVE-2023-51084"
  ],
  "summary": "hyavijava stack overflow vulnerability",
  "details": "hyavijava v6.0.07.1 was discovered to contain a stack overflow via the `ResultConverter.convert2Xml` method.",
  "severity": [
    {
      "type": "CVSS_V3",
      "score": "CVSS:3.1/AV:N/AC:L/PR:N/UI:N/S:U/C:H/I:H/A:H"
    }
  ],
  "affected": [
    {
      "package": {
        "ecosystem": "Maven",
        "name": "com.github:hyavijava"
      },
      "ranges": [
        {
          "type": "ECOSYSTEM",
          "events": [
            {
              "introduced": "0"
            },
            {
              "last_affected": "6.0.07.1"
            }
          ]
        }
      ]
    }
  ],
  "references": [
    {
      "type": "ADVISORY",
      "url": "https://nvd.nist.gov/vuln/detail/CVE-2023-51084"
    },
    {
      "type": "WEB",
      "url": "https://github.com/PoppingSnack/VulReport/issues/12"
    },
    {
      "type": "PACKAGE",
      "url": "https://github.com/hyavijava/hyavijava"
    }
  ],
  "database_specific": {
    "cwe_ids": [
      "CWE-787"
    ],
    "severity": "CRITICAL",
    "github_reviewed": true,
    "github_reviewed_at": "2024-01-04T22:18:15Z",
    "nvd_published_at": "2023-12-27T21:15:08Z"
  }
}