{
  "schema_version": "1.4.0",
  "id": "GHSA-h3c2-x77c-7pvr",
  "modified": "2023-02-03T20:44:46Z",
  "published": "2018-08-21T17:03:33Z",
  "aliases": [
    "CVE-2018-3785"
  ],
  "summary": "Command Injection in git-dummy-commit",
  "details": "A command injection in git-dummy-commit v1.3.0 allows os level commands to be executed due to an unescaped parameter.",
  "severity": [
    {
      "type": "CVSS_V3",
      "score": "CVSS:3.1/AV:N/AC:L/PR:N/UI:N/S:U/C:H/I:H/A:H"
    }
  ],
  "affected": [
    {
      "package": {
        "ecosystem": "npm",
        "name": "git-dummy-commit"
      },
      "ranges": [
        {
          "type": "ECOSYSTEM",
          "events": [
            {
              "introduced": "0"
            },
            {
              "last_affected": "1.3.0"
            }
          ]
        }
      ]
    }
  ],
  "references": [
    {
      "type": "ADVISORY",
      "url": "https://nvd.nist.gov/vuln/detail/CVE-2018-3785"
    },
    {
      "type": "WEB",
      "url": "https://hackerone.com/reports/341710"
    },
    {
      "type": "ADVISORY",
      "url": "https://github.com/advisories/GHSA-h3c2-x77c-7pvr"
    }
  ],
  "database_specific": {
    "cwe_ids": [
      "CWE-78"
    ],
    "severity": "CRITICAL",
    "github_reviewed": true,
    "github_reviewed_at": "2020-06-16T21:38:34Z",
    "nvd_published_at": "2018-08-17T13:29:00Z"
  }
}