{
  "schema_version": "1.4.0",
  "id": "GHSA-w6pw-5gh5-4952",
  "modified": "2024-10-14T21:20:03Z",
  "published": "2022-05-17T04:32:00Z",
  "aliases": [
    "CVE-2012-5495"
  ],
  "summary": "Plone python code injection",
  "details": "python_scripts.py in Plone before 4.2.3 and 4.3 before beta 1 allows remote attackers to execute Python code via a crafted URL, related to \"go_back.\"",
  "severity": [
    {
      "type": "CVSS_V3",
      "score": "CVSS:3.1/AV:N/AC:L/PR:N/UI:N/S:U/C:H/I:H/A:H"
    },
    {
      "type": "CVSS_V4",
      "score": "CVSS:4.0/AV:N/AC:L/AT:N/PR:N/UI:N/VC:H/VI:H/VA:H/SC:N/SI:N/SA:N"
    }
  ],
  "affected": [
    {
      "package": {
        "ecosystem": "PyPI",
        "name": "Plone"
      },
      "ranges": [
        {
          "type": "ECOSYSTEM",
          "events": [
            {
              "introduced": "0"
            },
            {
              "fixed": "4.2.3"
            }
          ]
        }
      ]
    },
    {
      "package": {
        "ecosystem": "PyPI",
        "name": "Plone"
      },
      "ranges": [
        {
          "type": "ECOSYSTEM",
          "events": [
            {
              "introduced": "4.3a1"
            },
            {
              "fixed": "4.3b1"
            }
          ]
        }
      ]
    }
  ],
  "references": [
    {
      "type": "ADVISORY",
      "url": "https://nvd.nist.gov/vuln/detail/CVE-2012-5495"
    },
    {
      "type": "PACKAGE",
      "url": "https://github.com/plone/Plone"
    },
    {
      "type": "WEB",
      "url": "https://github.com/plone/Products.CMFPlone/blob/4.2.3/docs/CHANGES.txt"
    },
    {
      "type": "WEB",
      "url": "https://github.com/pypa/advisory-database/tree/main/vulns/plone/PYSEC-2014-37.yaml"
    },
    {
      "type": "WEB",
      "url": "https://plone.org/products/plone-hotfix/releases/20121106"
    },
    {
      "type": "WEB",
      "url": "https://plone.org/products/plone/security/advisories/20121106/11"
    },
    {
      "type": "WEB",
      "url": "http://www.openwall.com/lists/oss-security/2012/11/10/1"
    }
  ],
  "database_specific": {
    "cwe_ids": [
      "CWE-94"
    ],
    "severity": "CRITICAL",
    "github_reviewed": true,
    "github_reviewed_at": "2023-08-29T21:30:16Z",
    "nvd_published_at": "2014-09-30T14:55:00Z"
  }
}