{
  "schema_version": "1.4.0",
  "id": "GHSA-q3q5-qvh5-cmw5",
  "modified": "2023-06-27T21:59:07Z",
  "published": "2023-06-20T15:31:08Z",
  "aliases": [
    "CVE-2020-21174"
  ],
  "summary": "liufee CMS File Upload vulnerability",
  "details": "File Upload vulnerability in liufee CMS v.2.0.7.1 allows a remote attacker to execute arbitrary code via the image suffix function.",
  "severity": [
    {
      "type": "CVSS_V3",
      "score": "CVSS:3.1/AV:N/AC:L/PR:N/UI:N/S:U/C:H/I:H/A:H"
    }
  ],
  "affected": [
    {
      "package": {
        "ecosystem": "Packagist",
        "name": "feehi/cms"
      },
      "ranges": [
        {
          "type": "ECOSYSTEM",
          "events": [
            {
              "introduced": "0"
            },
            {
              "fixed": "2.0.8.1"
            }
          ]
        }
      ]
    }
  ],
  "references": [
    {
      "type": "ADVISORY",
      "url": "https://nvd.nist.gov/vuln/detail/CVE-2020-21174"
    },
    {
      "type": "WEB",
      "url": "https://github.com/liufee/cms/issues/44"
    },
    {
      "type": "WEB",
      "url": "https://github.com/liufee/cms/commit/ecbfb0ca77874ead5b6e79b96a5e1f94e67475a9"
    },
    {
      "type": "PACKAGE",
      "url": "https://github.com/liufee/cms"
    }
  ],
  "database_specific": {
    "cwe_ids": [
      "CWE-434"
    ],
    "severity": "CRITICAL",
    "github_reviewed": true,
    "github_reviewed_at": "2023-06-21T22:09:57Z",
    "nvd_published_at": "2023-06-20T15:15:11Z"
  }
}