{
  "schema_version": "1.4.0",
  "id": "GHSA-gfqf-9w98-7jmx",
  "modified": "2024-02-13T19:41:22Z",
  "published": "2024-02-06T00:30:28Z",
  "aliases": [
    "CVE-2024-24398"
  ],
  "summary": "Stimulsoft Dashboard.JS directory traversal vulnerability",
  "details": "Directory Traversal vulnerability in Stimulsoft GmbH Stimulsoft Dashboard.JS before v.2024.1.3 allows a remote attacker to execute arbitrary code via a crafted payload to the fileName parameter of the Save function.",
  "severity": [
    {
      "type": "CVSS_V3",
      "score": "CVSS:3.1/AV:N/AC:L/PR:N/UI:N/S:U/C:N/I:H/A:H"
    }
  ],
  "affected": [
    {
      "package": {
        "ecosystem": "npm",
        "name": "stimulsoft-dashboards-js"
      },
      "ranges": [
        {
          "type": "ECOSYSTEM",
          "events": [
            {
              "introduced": "0"
            },
            {
              "fixed": "2024.1.3"
            }
          ]
        }
      ]
    }
  ],
  "references": [
    {
      "type": "ADVISORY",
      "url": "https://nvd.nist.gov/vuln/detail/CVE-2024-24398"
    },
    {
      "type": "WEB",
      "url": "https://cloud-trustit.spp.at/s/Pi78FFazHamJQ5R"
    },
    {
      "type": "WEB",
      "url": "https://cves.at/posts/cve-2024-24398/writeup"
    },
    {
      "type": "PACKAGE",
      "url": "https://github.com/stimulsoft/Dashboards.JS"
    },
    {
      "type": "WEB",
      "url": "http://stimulsoft.com"
    }
  ],
  "database_specific": {
    "cwe_ids": [
      "CWE-22"
    ],
    "severity": "CRITICAL",
    "github_reviewed": true,
    "github_reviewed_at": "2024-02-06T18:23:19Z",
    "nvd_published_at": "2024-02-06T00:15:08Z"
  }
}