{
  "schema_version": "1.4.0",
  "id": "GHSA-gcjf-29m9-888q",
  "modified": "2024-11-22T18:20:03Z",
  "published": "2022-12-07T09:30:23Z",
  "aliases": [
    "CVE-2022-46742"
  ],
  "summary": "PaddlePaddle vulnerable to Code Injection",
  "details": "Code injection in `paddle.audio.functional.get_window` in PaddlePaddle 2.4.0-rc0 allows arbitrary code execution. A [patch](https://github.com/PaddlePaddle/Paddle/commit/26c419ca386aeae3c461faf2b828d00b48e908eb) is available on the `develop` branch of the repository and anticipated to be part of a 2.4 release.",
  "severity": [
    {
      "type": "CVSS_V3",
      "score": "CVSS:3.1/AV:N/AC:L/PR:N/UI:N/S:U/C:H/I:H/A:H"
    },
    {
      "type": "CVSS_V4",
      "score": "CVSS:4.0/AV:N/AC:L/AT:N/PR:N/UI:N/VC:H/VI:H/VA:H/SC:N/SI:N/SA:N"
    }
  ],
  "affected": [
    {
      "package": {
        "ecosystem": "PyPI",
        "name": "paddlepaddle"
      },
      "ranges": [
        {
          "type": "ECOSYSTEM",
          "events": [
            {
              "introduced": "0"
            },
            {
              "fixed": "2.4.0"
            }
          ]
        }
      ]
    }
  ],
  "references": [
    {
      "type": "ADVISORY",
      "url": "https://nvd.nist.gov/vuln/detail/CVE-2022-46742"
    },
    {
      "type": "WEB",
      "url": "https://github.com/PaddlePaddle/Paddle/pull/47386"
    },
    {
      "type": "WEB",
      "url": "https://github.com/PaddlePaddle/Paddle/commit/26c419ca386aeae3c461faf2b828d00b48e908eb"
    },
    {
      "type": "PACKAGE",
      "url": "https://github.com/PaddlePaddle/Paddle"
    },
    {
      "type": "WEB",
      "url": "https://github.com/PaddlePaddle/Paddle/blob/develop/security/advisory/pdsa-2022-002.md"
    },
    {
      "type": "WEB",
      "url": "https://github.com/pypa/advisory-database/tree/main/vulns/paddlepaddle/PYSEC-2022-43063.yaml"
    }
  ],
  "database_specific": {
    "cwe_ids": [
      "CWE-94"
    ],
    "severity": "CRITICAL",
    "github_reviewed": true,
    "github_reviewed_at": "2022-12-07T14:55:31Z",
    "nvd_published_at": "2022-12-07T09:15:00Z"
  }
}