{
  "schema_version": "1.4.0",
  "id": "GHSA-62q7-qj6g-gvr7",
  "modified": "2024-04-24T22:10:15Z",
  "published": "2022-05-24T16:44:30Z",
  "aliases": [
    "CVE-2018-20434"
  ],
  "summary": "LibreNMS arbitrary OS commands execution",
  "details": "LibreNMS 1.46 allows remote attackers to execute arbitrary OS commands by using the `$_POST['community']` parameter to `html/pages/addhost.inc.php` during creation of a new device, and then making a `/ajax_output.php?id=capture&format=text&type=snmpwalk&hostname=localhost request that triggers html/includes/output/capture.inc.php` command mishandling.",
  "severity": [
    {
      "type": "CVSS_V3",
      "score": "CVSS:3.0/AV:N/AC:L/PR:N/UI:N/S:U/C:H/I:H/A:H"
    }
  ],
  "affected": [
    {
      "package": {
        "ecosystem": "Packagist",
        "name": "librenms/librenms"
      },
      "versions": [
        "1.46"
      ]
    }
  ],
  "references": [
    {
      "type": "ADVISORY",
      "url": "https://nvd.nist.gov/vuln/detail/CVE-2018-20434"
    },
    {
      "type": "WEB",
      "url": "https://drive.google.com/file/d/1LcGmOY8x-TG-wnNr-cM_f854kxk0etva/view?usp=sharing"
    },
    {
      "type": "WEB",
      "url": "https://gist.github.com/mhaskar/516df57aafd8c6e3a1d70765075d372d"
    },
    {
      "type": "PACKAGE",
      "url": "https://github.com/librenms/librenms"
    },
    {
      "type": "WEB",
      "url": "https://shells.systems/librenms-v1-46-remote-code-execution-cve-2018-20434"
    }
  ],
  "database_specific": {
    "cwe_ids": [
      "CWE-78"
    ],
    "severity": "CRITICAL",
    "github_reviewed": true,
    "github_reviewed_at": "2024-04-24T22:10:15Z",
    "nvd_published_at": "2019-04-24T21:29:00Z"
  }
}