{
  "schema_version": "1.4.0",
  "id": "GHSA-cg42-4wrc-gp47",
  "modified": "2021-07-29T18:12:49Z",
  "published": "2021-05-17T21:00:37Z",
  "aliases": [
    "CVE-2020-7673"
  ],
  "summary": "Code Injection in node-extend",
  "details": "node-extend through 0.2.0 is vulnerable to Arbitrary Code Execution. User input provided to the argument `A` of `extend` function`(A,B,as,isAargs)` located within `lib/extend.js` is executed by the `eval` function, resulting in code execution.",
  "severity": [
    {
      "type": "CVSS_V3",
      "score": "CVSS:3.1/AV:N/AC:L/PR:N/UI:N/S:U/C:H/I:H/A:H"
    }
  ],
  "affected": [
    {
      "package": {
        "ecosystem": "npm",
        "name": "node-extend"
      },
      "ranges": [
        {
          "type": "ECOSYSTEM",
          "events": [
            {
              "introduced": "0"
            },
            {
              "last_affected": "0.2.0"
            }
          ]
        }
      ]
    }
  ],
  "references": [
    {
      "type": "ADVISORY",
      "url": "https://nvd.nist.gov/vuln/detail/CVE-2020-7673"
    },
    {
      "type": "WEB",
      "url": "https://snyk.io/vuln/SNYK-JS-NODEEXTEND-571491"
    }
  ],
  "database_specific": {
    "cwe_ids": [
      "CWE-94"
    ],
    "severity": "CRITICAL",
    "github_reviewed": true,
    "github_reviewed_at": "2021-05-13T17:00:57Z",
    "nvd_published_at": "2020-06-10T16:15:00Z"
  }
}