{
  "schema_version": "1.4.0",
  "id": "GHSA-w8qp-hmh5-4v9v",
  "modified": "2022-04-29T16:22:58Z",
  "published": "2022-04-29T16:22:58Z",
  "aliases": [],
  "summary": "Object state limitation has no effect",
  "details": "Object state limitation is a policy you can use in your roles to limit access to content based on specific object state values. Due to a flawed earlier update, these limitations were ineffective in releases made since February 16th 2022. They would grant access to the given content regardless of the object state. Depending on how your frontent is designed, knowing the URL to the content may or may not be required to access it. If you are using object state limitations in your roles, this issue is critical. Please apply the fix as soon as possible.\n\n",
  "severity": [],
  "affected": [
    {
      "package": {
        "ecosystem": "Packagist",
        "name": "ezsystems/ezplatform-kernel"
      },
      "ranges": [
        {
          "type": "ECOSYSTEM",
          "events": [
            {
              "introduced": "1.3.0"
            },
            {
              "fixed": "1.3.17"
            }
          ]
        }
      ]
    }
  ],
  "references": [
    {
      "type": "WEB",
      "url": "https://github.com/ezsystems/ezplatform-kernel/security/advisories/GHSA-w8qp-hmh5-4v9v"
    },
    {
      "type": "WEB",
      "url": "https://developers.ibexa.co/security-advisories/ibexa-sa-2022-004-ineffective-object-state-limitation-and-unauthenticated-fastly-purge"
    },
    {
      "type": "PACKAGE",
      "url": "https://github.com/ezsystems/ezplatform-kernel"
    }
  ],
  "database_specific": {
    "cwe_ids": [
      "CWE-281"
    ],
    "severity": "CRITICAL",
    "github_reviewed": true,
    "github_reviewed_at": "2022-04-29T16:22:58Z",
    "nvd_published_at": null
  }
}