{
  "schema_version": "1.4.0",
  "id": "GHSA-g9wf-393q-4w38",
  "modified": "2021-09-30T17:44:24Z",
  "published": "2020-09-03T17:28:26Z",
  "aliases": [],
  "summary": "Malicious Package in only-test-not-install",
  "details": "All versions of `only-test-not-install` contain malicious code. The package deletes the folder `~/test` from the system as a postinstall script.\n\n\n## Recommendation\n\nRemove the package from your environment. There are no further signs of compromise.",
  "severity": [
    {
      "type": "CVSS_V3",
      "score": "CVSS:3.1/AV:N/AC:L/PR:N/UI:N/S:U/C:H/I:H/A:H"
    }
  ],
  "affected": [
    {
      "package": {
        "ecosystem": "npm",
        "name": "only-test-not-install"
      },
      "ranges": [
        {
          "type": "ECOSYSTEM",
          "events": [
            {
              "introduced": "0.0.0"
            }
          ]
        }
      ]
    }
  ],
  "references": [
    {
      "type": "WEB",
      "url": "https://www.npmjs.com/advisories/1044"
    }
  ],
  "database_specific": {
    "cwe_ids": [
      "CWE-506"
    ],
    "severity": "CRITICAL",
    "github_reviewed": true,
    "github_reviewed_at": "2020-08-31T18:45:15Z",
    "nvd_published_at": null
  }
}