{
  "schema_version": "1.4.0",
  "id": "GHSA-8jxq-75rw-fhj9",
  "modified": "2024-09-20T17:17:54Z",
  "published": "2018-07-12T20:29:35Z",
  "aliases": [
    "CVE-2018-8097"
  ],
  "summary": "Eve allows execution of arbitrary code",
  "details": "`io/mongo/parser.py` in Eve (aka pyeve) before 0.7.5 allows remote attackers to execute arbitrary code via Code Injection in the `where` parameter.",
  "severity": [
    {
      "type": "CVSS_V3",
      "score": "CVSS:3.0/AV:N/AC:L/PR:N/UI:N/S:U/C:H/I:H/A:H"
    },
    {
      "type": "CVSS_V4",
      "score": "CVSS:4.0/AV:N/AC:L/AT:N/PR:N/UI:N/VC:H/VI:H/VA:H/SC:N/SI:N/SA:N"
    }
  ],
  "affected": [
    {
      "package": {
        "ecosystem": "PyPI",
        "name": "eve"
      },
      "ranges": [
        {
          "type": "ECOSYSTEM",
          "events": [
            {
              "introduced": "0"
            },
            {
              "fixed": "0.7.5"
            }
          ]
        }
      ]
    }
  ],
  "references": [
    {
      "type": "ADVISORY",
      "url": "https://nvd.nist.gov/vuln/detail/CVE-2018-8097"
    },
    {
      "type": "WEB",
      "url": "https://github.com/pyeve/eve/issues/1101"
    },
    {
      "type": "WEB",
      "url": "https://github.com/pyeve/eve/commit/f8f7019ffdf9b4e05faf95e1f04e204aa4c91f98"
    },
    {
      "type": "ADVISORY",
      "url": "https://github.com/advisories/GHSA-8jxq-75rw-fhj9"
    },
    {
      "type": "PACKAGE",
      "url": "https://github.com/pyeve/eve"
    },
    {
      "type": "WEB",
      "url": "https://github.com/pypa/advisory-database/tree/main/vulns/eve/PYSEC-2018-8.yaml"
    }
  ],
  "database_specific": {
    "cwe_ids": [
      "CWE-94"
    ],
    "severity": "CRITICAL",
    "github_reviewed": true,
    "github_reviewed_at": "2020-06-16T21:25:51Z",
    "nvd_published_at": null
  }
}