{
  "schema_version": "1.4.0",
  "id": "GHSA-x65v-g96x-c6gw",
  "modified": "2025-03-26T19:48:26Z",
  "published": "2025-03-24T21:30:34Z",
  "aliases": [
    "CVE-2025-29315"
  ],
  "summary": "OpenDaylight SFC Allows Unauthorized Privileged Execution via Crafted Request",
  "details": "An issue in the Shiro-based RBAC (Role-based Access Control) mechanism of OpenDaylight Service Function Chaining (SFC) Subproject SFC Sodium-SR4 and below allows attackers to execute privileged operations via a crafted request.",
  "severity": [
    {
      "type": "CVSS_V3",
      "score": "CVSS:3.1/AV:N/AC:L/PR:N/UI:N/S:U/C:H/I:H/A:H"
    }
  ],
  "affected": [
    {
      "package": {
        "ecosystem": "Maven",
        "name": "org.opendaylight.sfc:sfc-parent"
      },
      "ranges": [
        {
          "type": "ECOSYSTEM",
          "events": [
            {
              "introduced": "0"
            },
            {
              "last_affected": "0.10.4"
            }
          ]
        }
      ]
    }
  ],
  "references": [
    {
      "type": "ADVISORY",
      "url": "https://nvd.nist.gov/vuln/detail/CVE-2025-29315"
    },
    {
      "type": "WEB",
      "url": "https://blog.csdn.net/weixin_43959580/article/details/144794289"
    },
    {
      "type": "PACKAGE",
      "url": "https://github.com/opendaylight/sfc"
    }
  ],
  "database_specific": {
    "cwe_ids": [
      "CWE-284"
    ],
    "severity": "CRITICAL",
    "github_reviewed": true,
    "github_reviewed_at": "2025-03-26T19:48:26Z",
    "nvd_published_at": "2025-03-24T21:15:18Z"
  }
}