{
  "schema_version": "1.4.0",
  "id": "GHSA-3qr5-h7w4-3gx3",
  "modified": "2024-09-20T16:27:57Z",
  "published": "2022-05-14T01:15:39Z",
  "aliases": [
    "CVE-2019-7537"
  ],
  "summary": "Donfig Command Injection in collect_yaml method",
  "details": "An issue was discovered in Donfig 0.3.0. There is a vulnerability in the `collect_yaml` method in `config_obj.py`. It can execute arbitrary Python commands, resulting in command execution.",
  "severity": [
    {
      "type": "CVSS_V3",
      "score": "CVSS:3.0/AV:N/AC:L/PR:N/UI:N/S:U/C:H/I:H/A:H"
    },
    {
      "type": "CVSS_V4",
      "score": "CVSS:4.0/AV:N/AC:L/AT:N/PR:N/UI:N/VC:H/VI:H/VA:H/SC:N/SI:N/SA:N"
    }
  ],
  "affected": [
    {
      "package": {
        "ecosystem": "PyPI",
        "name": "donfig"
      },
      "ranges": [
        {
          "type": "ECOSYSTEM",
          "events": [
            {
              "introduced": "0"
            },
            {
              "fixed": "0.4.0"
            }
          ]
        }
      ],
      "database_specific": {
        "last_known_affected_version_range": "<= 0.3.0"
      }
    }
  ],
  "references": [
    {
      "type": "ADVISORY",
      "url": "https://nvd.nist.gov/vuln/detail/CVE-2019-7537"
    },
    {
      "type": "WEB",
      "url": "https://github.com/pytroll/donfig/issues/5"
    },
    {
      "type": "WEB",
      "url": "https://github.com/pytroll/donfig/commit/1f9dbf83b17419a06d63c14ef3fbd29dbc1b8ce5"
    },
    {
      "type": "WEB",
      "url": "https://github.com/pypa/advisory-database/tree/main/vulns/donfig/PYSEC-2019-21.yaml"
    },
    {
      "type": "PACKAGE",
      "url": "https://github.com/pytroll/donfig"
    },
    {
      "type": "WEB",
      "url": "https://github.com/pytroll/donfig/commits/master"
    }
  ],
  "database_specific": {
    "cwe_ids": [
      "CWE-77"
    ],
    "severity": "CRITICAL",
    "github_reviewed": true,
    "github_reviewed_at": "2023-07-19T19:52:48Z",
    "nvd_published_at": "2019-03-21T20:29:00Z"
  }
}