{
  "schema_version": "1.4.0",
  "id": "GHSA-jv2r-jx6q-89jg",
  "modified": "2022-01-07T16:16:57Z",
  "published": "2022-01-06T22:16:32Z",
  "aliases": [
    "CVE-2021-45682"
  ],
  "summary": "Use of Uninitialized Resource in bronzedb-protocol.",
  "details": "An issue was discovered in the bronzedb-protocol crate through 2021-01-03 for Rust. ReadKVExt may read from uninitialized memory locations.",
  "severity": [
    {
      "type": "CVSS_V3",
      "score": "CVSS:3.1/AV:N/AC:L/PR:N/UI:N/S:U/C:H/I:H/A:H"
    }
  ],
  "affected": [
    {
      "package": {
        "ecosystem": "crates.io",
        "name": "bronzedb-protocol"
      },
      "ranges": [
        {
          "type": "ECOSYSTEM",
          "events": [
            {
              "introduced": "0"
            },
            {
              "last_affected": "0.1.0"
            }
          ]
        }
      ]
    }
  ],
  "references": [
    {
      "type": "ADVISORY",
      "url": "https://nvd.nist.gov/vuln/detail/CVE-2021-45682"
    },
    {
      "type": "WEB",
      "url": "https://github.com/Hexilee/BronzeDB/issues/1"
    },
    {
      "type": "PACKAGE",
      "url": "https://github.com/Hexilee/BronzeDB"
    },
    {
      "type": "WEB",
      "url": "https://raw.githubusercontent.com/rustsec/advisory-db/main/crates/bronzedb-protocol/RUSTSEC-2021-0084.md"
    },
    {
      "type": "WEB",
      "url": "https://rustsec.org/advisories/RUSTSEC-2021-0084.html"
    }
  ],
  "database_specific": {
    "cwe_ids": [
      "CWE-908"
    ],
    "severity": "CRITICAL",
    "github_reviewed": true,
    "github_reviewed_at": "2022-01-06T17:49:03Z",
    "nvd_published_at": "2021-12-27T00:15:00Z"
  }
}