{
  "schema_version": "1.4.0",
  "id": "GHSA-9xfq-8j3r-xp5g",
  "modified": "2024-05-20T21:55:17Z",
  "published": "2023-09-28T06:30:20Z",
  "aliases": [
    "CVE-2023-44273"
  ],
  "summary": "Consensys gnark-crypto allows Signature Malleability",
  "details": "Consensys gnark-crypto through 0.11.2 allows Signature Malleability. This occurs because deserialisation of EdDSA and ECDSA signatures does not ensure that the data is in a certain interval.",
  "severity": [
    {
      "type": "CVSS_V3",
      "score": "CVSS:3.1/AV:N/AC:L/PR:N/UI:N/S:U/C:H/I:H/A:H"
    }
  ],
  "affected": [
    {
      "package": {
        "ecosystem": "Go",
        "name": "github.com/Consensys/gnark-crypto"
      },
      "ranges": [
        {
          "type": "ECOSYSTEM",
          "events": [
            {
              "introduced": "0"
            },
            {
              "fixed": "0.12.0"
            }
          ]
        }
      ]
    },
    {
      "package": {
        "ecosystem": "Go",
        "name": "github.com/consensys/gnark-crypto"
      },
      "ranges": [
        {
          "type": "ECOSYSTEM",
          "events": [
            {
              "introduced": "0"
            },
            {
              "fixed": "0.12.0"
            }
          ]
        }
      ]
    }
  ],
  "references": [
    {
      "type": "ADVISORY",
      "url": "https://nvd.nist.gov/vuln/detail/CVE-2023-44273"
    },
    {
      "type": "WEB",
      "url": "https://github.com/Consensys/gnark-crypto/pull/449"
    },
    {
      "type": "PACKAGE",
      "url": "https://github.com/Consensys/gnark-crypto"
    },
    {
      "type": "WEB",
      "url": "https://github.com/Consensys/gnark-crypto/releases"
    },
    {
      "type": "WEB",
      "url": "https://github.com/Consensys/gnark-crypto/releases/tag/v0.12.0"
    },
    {
      "type": "WEB",
      "url": "https://verichains.io"
    }
  ],
  "database_specific": {
    "cwe_ids": [
      "CWE-502"
    ],
    "severity": "CRITICAL",
    "github_reviewed": true,
    "github_reviewed_at": "2023-09-28T16:42:58Z",
    "nvd_published_at": "2023-09-28T04:15:12Z"
  }
}