{
  "schema_version": "1.4.0",
  "id": "GHSA-j7cg-h9v9-6vqp",
  "modified": "2023-09-07T22:07:24Z",
  "published": "2021-05-06T17:29:19Z",
  "aliases": [
    "CVE-2020-7708"
  ],
  "summary": "Prototype Pollution in irrelon-path and @irrelon/path",
  "details": "The package irrelon-path before 4.7.0; the package @irrelon/path before 4.7.0 are vulnerable to Prototype Pollution via the set, unSet, pushVal and pullVal functions.",
  "severity": [
    {
      "type": "CVSS_V3",
      "score": "CVSS:3.1/AV:N/AC:L/PR:N/UI:N/S:U/C:H/I:H/A:H"
    }
  ],
  "affected": [
    {
      "package": {
        "ecosystem": "npm",
        "name": "irrelon-path"
      },
      "ranges": [
        {
          "type": "ECOSYSTEM",
          "events": [
            {
              "introduced": "0"
            },
            {
              "fixed": "4.7.0"
            }
          ]
        }
      ]
    },
    {
      "package": {
        "ecosystem": "npm",
        "name": "@irrelon/path"
      },
      "ranges": [
        {
          "type": "ECOSYSTEM",
          "events": [
            {
              "introduced": "0"
            },
            {
              "fixed": "4.7.0"
            }
          ]
        }
      ]
    }
  ],
  "references": [
    {
      "type": "ADVISORY",
      "url": "https://nvd.nist.gov/vuln/detail/CVE-2020-7708"
    },
    {
      "type": "WEB",
      "url": "https://github.com/Irrelon/irrelon-path/commit/8a126b160c1a854ae511659c111413ad9910ebe3"
    },
    {
      "type": "PACKAGE",
      "url": "https://github.com/Irrelon/irrelon-path"
    },
    {
      "type": "WEB",
      "url": "https://snyk.io/vuln/SNYK-JS-IRRELONPATH-598672"
    },
    {
      "type": "WEB",
      "url": "https://snyk.io/vuln/SNYK-JS-IRRELONPATH-598673"
    }
  ],
  "database_specific": {
    "cwe_ids": [
      "CWE-1321",
      "CWE-915"
    ],
    "severity": "CRITICAL",
    "github_reviewed": true,
    "github_reviewed_at": "2021-05-05T21:25:03Z",
    "nvd_published_at": "2020-08-18T15:15:00Z"
  }
}