{
  "schema_version": "1.4.0",
  "id": "GHSA-x64g-wjmw-w328",
  "modified": "2024-09-24T18:37:57Z",
  "published": "2019-07-05T21:10:52Z",
  "aliases": [
    "CVE-2015-5306"
  ],
  "summary": "Injection vulnerability that affects ironic-discoverd",
  "details": "OpenStack Ironic Inspector (aka ironic-inspector or ironic-discoverd), when debug mode is enabled, might allow remote attackers to access the Flask console and execute arbitrary Python code by triggering an error.",
  "severity": [
    {
      "type": "CVSS_V3",
      "score": "CVSS:3.1/AV:N/AC:H/PR:N/UI:N/S:U/C:H/I:H/A:H"
    },
    {
      "type": "CVSS_V4",
      "score": "CVSS:4.0/AV:N/AC:L/AT:P/PR:N/UI:N/VC:H/VI:H/VA:H/SC:N/SI:N/SA:N"
    }
  ],
  "affected": [
    {
      "package": {
        "ecosystem": "PyPI",
        "name": "python-ironic-inspector-client"
      },
      "ranges": [
        {
          "type": "ECOSYSTEM",
          "events": [
            {
              "introduced": "0"
            },
            {
              "fixed": "0.2.5"
            }
          ]
        }
      ]
    },
    {
      "package": {
        "ecosystem": "PyPI",
        "name": "ironic-inspector"
      },
      "ranges": [
        {
          "type": "ECOSYSTEM",
          "events": [
            {
              "introduced": "0"
            },
            {
              "fixed": "2.2.2"
            }
          ]
        }
      ]
    }
  ],
  "references": [
    {
      "type": "ADVISORY",
      "url": "https://nvd.nist.gov/vuln/detail/CVE-2015-5306"
    },
    {
      "type": "WEB",
      "url": "https://access.redhat.com/errata/RHSA-2015:1929"
    },
    {
      "type": "WEB",
      "url": "https://access.redhat.com/errata/RHSA-2015:2685"
    },
    {
      "type": "WEB",
      "url": "https://access.redhat.com/security/cve/CVE-2015-5306"
    },
    {
      "type": "WEB",
      "url": "https://bugs.launchpad.net/ironic-inspector/+bug/1506419"
    },
    {
      "type": "WEB",
      "url": "https://bugzilla.redhat.com/show_bug.cgi?id=1273698"
    },
    {
      "type": "WEB",
      "url": "https://github.com/pypa/advisory-database/tree/main/vulns/ironic-inspector/PYSEC-2015-28.yaml"
    },
    {
      "type": "PACKAGE",
      "url": "https://opendev.org/openstack/ironic-inspector"
    },
    {
      "type": "WEB",
      "url": "https://opendev.org/openstack/ironic-inspector/commit/2c64da2bee6eeea27c08eb7a94894feaa5494910"
    },
    {
      "type": "WEB",
      "url": "https://opendev.org/openstack/ironic-inspector/commit/77d0052c5133034490386fbfadfdb1bdb49aa44f"
    },
    {
      "type": "WEB",
      "url": "http://rhn.redhat.com/errata/RHSA-2015-2685.html"
    }
  ],
  "database_specific": {
    "cwe_ids": [],
    "severity": "CRITICAL",
    "github_reviewed": true,
    "github_reviewed_at": "2020-06-16T22:02:22Z",
    "nvd_published_at": "2015-11-25T20:59:00Z"
  }
}