{
  "schema_version": "1.4.0",
  "id": "GHSA-3989-4c6x-725f",
  "modified": "2023-04-20T22:00:14Z",
  "published": "2023-04-20T22:00:14Z",
  "aliases": [
    "CVE-2023-29516"
  ],
  "summary": "XWiki Platform vulnerable to privilege escalation from view right on XWiki.AttachmentSelector",
  "details": "### Impact\nAny user with view rights on `XWiki.AttachmentSelector` can execute arbitrary Groovy, Python or Velocity code in XWiki leading to full access to the XWiki installation. The root cause is improper escaping in the \"Cancel and return to page\" button. This page is installed by default.\n\nSee https://jira.xwiki.org/browse/XWIKI-20275 for the reproduction steps.\n\n### Patches\nThe vulnerability has been patched in XWiki 15.0-rc-1, 14.10.1, 14.4.8, and 13.10.11.\n\n### Workarounds\nThe issue can be fixed by applying this [patch](https://github.com/xwiki/xwiki-platform/commit/aca1d677c58563bbe6e35c9e1c29fd8b12ebb996) on `XWiki.AttachmentSelector`.\n\n### References\n- https://github.com/xwiki/xwiki-platform/commit/aca1d677c58563bbe6e35c9e1c29fd8b12ebb996\n- https://jira.xwiki.org/browse/XWIKI-20275\n\n### For more information\n\nIf you have any questions or comments about this advisory:\n\n*    Open an issue in [Jira XWiki.org](https://jira.xwiki.org/)\n*    Email us at [Security Mailing List](mailto:security@xwiki.org)\n",
  "severity": [
    {
      "type": "CVSS_V3",
      "score": "CVSS:3.1/AV:N/AC:L/PR:L/UI:N/S:C/C:H/I:H/A:L"
    }
  ],
  "affected": [
    {
      "package": {
        "ecosystem": "Maven",
        "name": "org.xwiki.platform:xwiki-platform-attachment-ui"
      },
      "ranges": [
        {
          "type": "ECOSYSTEM",
          "events": [
            {
              "introduced": "2.0-rc-2"
            },
            {
              "fixed": "13.10.11"
            }
          ]
        }
      ]
    },
    {
      "package": {
        "ecosystem": "Maven",
        "name": "org.xwiki.platform:xwiki-platform-attachment-ui"
      },
      "ranges": [
        {
          "type": "ECOSYSTEM",
          "events": [
            {
              "introduced": "14.0-rc-1"
            },
            {
              "fixed": "14.4.8"
            }
          ]
        }
      ]
    },
    {
      "package": {
        "ecosystem": "Maven",
        "name": "org.xwiki.platform:xwiki-platform-attachment-ui"
      },
      "ranges": [
        {
          "type": "ECOSYSTEM",
          "events": [
            {
              "introduced": "14.5"
            },
            {
              "fixed": "14.10.1"
            }
          ]
        }
      ]
    }
  ],
  "references": [
    {
      "type": "WEB",
      "url": "https://github.com/xwiki/xwiki-platform/security/advisories/GHSA-3989-4c6x-725f"
    },
    {
      "type": "ADVISORY",
      "url": "https://nvd.nist.gov/vuln/detail/CVE-2023-29516"
    },
    {
      "type": "WEB",
      "url": "https://github.com/xwiki/xwiki-platform/commit/aca1d677c58563bbe6e35c9e1c29fd8b12ebb996"
    },
    {
      "type": "PACKAGE",
      "url": "https://github.com/xwiki/xwiki-platform"
    },
    {
      "type": "WEB",
      "url": "https://jira.xwiki.org/browse/XWIKI-20275"
    }
  ],
  "database_specific": {
    "cwe_ids": [
      "CWE-74",
      "CWE-95"
    ],
    "severity": "CRITICAL",
    "github_reviewed": true,
    "github_reviewed_at": "2023-04-20T22:00:14Z",
    "nvd_published_at": "2023-04-19T00:15:08Z"
  }
}