{
  "schema_version": "1.4.0",
  "id": "GHSA-7frv-9phw-vrvr",
  "modified": "2023-09-13T19:20:18Z",
  "published": "2021-05-10T18:43:59Z",
  "aliases": [
    "CVE-2020-27664"
  ],
  "summary": "Authorization bypass in Strapi",
  "details": "`admin/src/containers/InputModalStepperProvider/index.js` in Strapi before 3.2.5 has unwanted `/proxy?url=` functionality.",
  "severity": [
    {
      "type": "CVSS_V3",
      "score": "CVSS:3.1/AV:N/AC:L/PR:N/UI:N/S:U/C:H/I:H/A:H"
    }
  ],
  "affected": [
    {
      "package": {
        "ecosystem": "npm",
        "name": "strapi"
      },
      "ranges": [
        {
          "type": "ECOSYSTEM",
          "events": [
            {
              "introduced": "0"
            },
            {
              "fixed": "3.2.5"
            }
          ]
        }
      ]
    }
  ],
  "references": [
    {
      "type": "ADVISORY",
      "url": "https://nvd.nist.gov/vuln/detail/CVE-2020-27664"
    },
    {
      "type": "WEB",
      "url": "https://github.com/strapi/strapi/pull/8442"
    },
    {
      "type": "WEB",
      "url": "https://github.com/strapi/strapi/releases/tag/v3.2.5"
    }
  ],
  "database_specific": {
    "cwe_ids": [
      "CWE-862"
    ],
    "severity": "CRITICAL",
    "github_reviewed": true,
    "github_reviewed_at": "2021-04-21T18:06:14Z",
    "nvd_published_at": "2020-10-22T19:15:00Z"
  }
}