{
  "schema_version": "1.4.0",
  "id": "GHSA-g644-9gfx-q4q4",
  "modified": "2023-07-24T20:03:41Z",
  "published": "2023-07-13T17:01:58Z",
  "aliases": [
    "CVE-2023-37903"
  ],
  "summary": "vm2 Sandbox Escape vulnerability",
  "details": "In vm2 for versions up to 3.9.19, Node.js custom inspect function allows attackers to escape the sandbox and run arbitrary code.\n\n### Impact\nRemote Code Execution, assuming the attacker has arbitrary code execution primitive inside the context of vm2 sandbox.\n\n### Patches\nNone.\n\n### Workarounds\nNone.\n\n### References\nPoC is to be disclosed on or after the 5th of September.\n\n### Similarity with [CVE-2023-37466](https://nvd.nist.gov/vuln/detail/CVE-2023-37466)\nWhile this advisory might look similar to [CVE-2023-37466](https://nvd.nist.gov/vuln/detail/CVE-2023-37466), it is a completely different way of escaping the sandbox.\n\n### For more information\nIf you have any questions or comments about this advisory:\n\n- Open an issue in [VM2](https://github.com/patriksimek/vm2)\n\nThanks to [Xion](https://twitter.com/0x10n) (SeungHyun Lee) of [KAIST Hacking Lab](https://kaist-hacking.github.io/) for disclosing this vulnerability.",
  "severity": [
    {
      "type": "CVSS_V3",
      "score": "CVSS:3.1/AV:N/AC:L/PR:N/UI:N/S:U/C:H/I:H/A:H"
    }
  ],
  "affected": [
    {
      "package": {
        "ecosystem": "npm",
        "name": "vm2"
      },
      "ranges": [
        {
          "type": "ECOSYSTEM",
          "events": [
            {
              "introduced": "0"
            },
            {
              "last_affected": "3.9.19"
            }
          ]
        }
      ]
    }
  ],
  "references": [
    {
      "type": "WEB",
      "url": "https://github.com/patriksimek/vm2/security/advisories/GHSA-g644-9gfx-q4q4"
    },
    {
      "type": "ADVISORY",
      "url": "https://nvd.nist.gov/vuln/detail/CVE-2023-37903"
    },
    {
      "type": "PACKAGE",
      "url": "https://github.com/patriksimek/vm2"
    },
    {
      "type": "WEB",
      "url": "https://security.netapp.com/advisory/ntap-20230831-0007"
    }
  ],
  "database_specific": {
    "cwe_ids": [
      "CWE-78"
    ],
    "severity": "CRITICAL",
    "github_reviewed": true,
    "github_reviewed_at": "2023-07-13T17:01:58Z",
    "nvd_published_at": "2023-07-21T20:15:16Z"
  }
}