{
  "schema_version": "1.4.0",
  "id": "GHSA-gv87-q66h-4277",
  "modified": "2022-01-25T21:02:25Z",
  "published": "2021-12-16T00:02:15Z",
  "aliases": [
    "CVE-2021-43113"
  ],
  "summary": "Command injection in itext7-core",
  "details": "iTextPDF in iText before 7.1.17 allows command injection via a CompareTool filename that is mishandled on the gs (aka Ghostscript) command line in GhostscriptHelper.java.",
  "severity": [
    {
      "type": "CVSS_V3",
      "score": "CVSS:3.1/AV:N/AC:L/PR:N/UI:N/S:U/C:H/I:H/A:H"
    }
  ],
  "affected": [
    {
      "package": {
        "ecosystem": "Maven",
        "name": "com.itextpdf:itext7-core"
      },
      "ranges": [
        {
          "type": "ECOSYSTEM",
          "events": [
            {
              "introduced": "0"
            },
            {
              "fixed": "7.1.17"
            }
          ]
        }
      ]
    },
    {
      "package": {
        "ecosystem": "Maven",
        "name": "com.itextpdf:itextpdf"
      },
      "ranges": [
        {
          "type": "ECOSYSTEM",
          "events": [
            {
              "introduced": "0"
            },
            {
              "fixed": "5.5.13.3"
            }
          ]
        }
      ]
    }
  ],
  "references": [
    {
      "type": "ADVISORY",
      "url": "https://nvd.nist.gov/vuln/detail/CVE-2021-43113"
    },
    {
      "type": "PACKAGE",
      "url": "https://github.com/itext/itext7"
    },
    {
      "type": "WEB",
      "url": "https://github.com/itext/itext7/releases/tag/7.1.17"
    },
    {
      "type": "WEB",
      "url": "https://github.com/itext/itextpdf/releases/tag/5.5.13.3"
    },
    {
      "type": "WEB",
      "url": "https://lists.debian.org/debian-lts-announce/2023/01/msg00013.html"
    },
    {
      "type": "WEB",
      "url": "https://pastebin.com/BXnkY9YY"
    },
    {
      "type": "WEB",
      "url": "https://www.debian.org/security/2023/dsa-5323"
    }
  ],
  "database_specific": {
    "cwe_ids": [
      "CWE-77"
    ],
    "severity": "CRITICAL",
    "github_reviewed": true,
    "github_reviewed_at": "2022-01-25T21:02:25Z",
    "nvd_published_at": "2021-12-15T07:15:00Z"
  }
}