{
  "schema_version": "1.4.0",
  "id": "GHSA-xg47-r67p-vhv5",
  "modified": "2022-06-28T23:46:37Z",
  "published": "2022-05-14T03:05:46Z",
  "aliases": [
    "CVE-2018-3749"
  ],
  "summary": "Improper Input Validation in Deap",
  "details": "The utilities function in all versions < 1.0.1 of the deap node module can be tricked into modifying the prototype of Object when the attacker can control part of the structure passed to this function. This can let an attacker add or modify existing properties that will exist on all objects.",
  "severity": [
    {
      "type": "CVSS_V3",
      "score": "CVSS:3.0/AV:N/AC:L/PR:N/UI:N/S:U/C:H/I:H/A:H"
    }
  ],
  "affected": [
    {
      "package": {
        "ecosystem": "npm",
        "name": "deap"
      },
      "ranges": [
        {
          "type": "ECOSYSTEM",
          "events": [
            {
              "introduced": "0"
            },
            {
              "fixed": "1.0.1"
            }
          ]
        }
      ]
    }
  ],
  "references": [
    {
      "type": "ADVISORY",
      "url": "https://nvd.nist.gov/vuln/detail/CVE-2018-3749"
    },
    {
      "type": "WEB",
      "url": "https://github.com/selfcontained/deap/commit/ed27b7e890bdd616e1ee931ea1c64228e2b52a71"
    },
    {
      "type": "WEB",
      "url": "https://hackerone.com/reports/310446"
    },
    {
      "type": "PACKAGE",
      "url": "https://github.com/selfcontained/deap"
    }
  ],
  "database_specific": {
    "cwe_ids": [
      "CWE-20"
    ],
    "severity": "CRITICAL",
    "github_reviewed": true,
    "github_reviewed_at": "2022-06-28T23:46:37Z",
    "nvd_published_at": "2018-07-03T21:29:00Z"
  }
}