{
  "schema_version": "1.4.0",
  "id": "GHSA-6vcf-cfjp-qxcw",
  "modified": "2025-01-27T18:33:40Z",
  "published": "2023-05-12T12:30:18Z",
  "aliases": [
    "CVE-2023-27238"
  ],
  "summary": "LavaLite vulnerable to web cache poisoning ",
  "details": "LavaLite CMS v 9.0.0 was discovered to be vulnerable to web cache poisoning.",
  "severity": [
    {
      "type": "CVSS_V3",
      "score": "CVSS:3.1/AV:N/AC:L/PR:N/UI:N/S:U/C:H/I:H/A:H"
    }
  ],
  "affected": [
    {
      "package": {
        "ecosystem": "Packagist",
        "name": "lavalite/cms"
      },
      "ranges": [
        {
          "type": "ECOSYSTEM",
          "events": [
            {
              "introduced": "0"
            },
            {
              "last_affected": "9.0.0"
            }
          ]
        }
      ]
    }
  ],
  "references": [
    {
      "type": "ADVISORY",
      "url": "https://nvd.nist.gov/vuln/detail/CVE-2023-27238"
    },
    {
      "type": "PACKAGE",
      "url": "https://github.com/LavaLite/cms"
    },
    {
      "type": "WEB",
      "url": "https://github.com/LavaLite/cms/blob/c0a36dd748c8f7ff53eb16eb572bdeebe72eb420/app/Http/Controllers/ResourceController.php#L8"
    },
    {
      "type": "WEB",
      "url": "https://github.com/M19O/Security-Advisories/tree/main/CVE-2023-27238"
    }
  ],
  "database_specific": {
    "cwe_ids": [
      "CWE-444"
    ],
    "severity": "CRITICAL",
    "github_reviewed": true,
    "github_reviewed_at": "2023-05-12T15:21:06Z",
    "nvd_published_at": "2023-05-12T11:15:12Z"
  }
}