{
  "schema_version": "1.4.0",
  "id": "GHSA-w395-hpq9-7xwr",
  "modified": "2022-11-08T14:32:59Z",
  "published": "2022-05-14T03:35:52Z",
  "aliases": [
    "CVE-2017-15692"
  ],
  "summary": "Apache Geode unsafe deserialization in TcpServer",
  "details": "In Apache Geode before v1.4.0, the TcpServer within the Geode locator opens a network port that deserializes data. If an unprivileged user gains access to the Geode locator, they may be able to cause remote code execution if certain classes are present on the classpath.",
  "severity": [
    {
      "type": "CVSS_V3",
      "score": "CVSS:3.0/AV:N/AC:L/PR:N/UI:N/S:U/C:H/I:H/A:H"
    }
  ],
  "affected": [
    {
      "package": {
        "ecosystem": "Maven",
        "name": "org.apache.geode:geode-core"
      },
      "ranges": [
        {
          "type": "ECOSYSTEM",
          "events": [
            {
              "introduced": "1.0.0"
            },
            {
              "fixed": "1.4.0"
            }
          ]
        }
      ]
    }
  ],
  "references": [
    {
      "type": "ADVISORY",
      "url": "https://nvd.nist.gov/vuln/detail/CVE-2017-15692"
    },
    {
      "type": "WEB",
      "url": "https://github.com/apache/geode/pull/1166"
    },
    {
      "type": "WEB",
      "url": "https://issues.apache.org/jira/browse/GEODE-3923"
    },
    {
      "type": "WEB",
      "url": "https://lists.apache.org/thread/dctjhhjtomnsk625dj90dg4sgm438k0k"
    }
  ],
  "database_specific": {
    "cwe_ids": [
      "CWE-502"
    ],
    "severity": "CRITICAL",
    "github_reviewed": true,
    "github_reviewed_at": "2022-11-08T14:32:59Z",
    "nvd_published_at": "2018-02-27T15:29:00Z"
  }
}