{
  "schema_version": "1.4.0",
  "id": "GHSA-h97f-5258-5593",
  "modified": "2023-09-05T23:13:23Z",
  "published": "2021-09-01T18:32:22Z",
  "aliases": [
    "CVE-2021-38384"
  ],
  "summary": "Incorrect Authorization in serverless-offline",
  "details": "Serverless Offline 8.0.0 returns a 403 HTTP status code for a route that has a trailing `/` character, which might cause a developer to implement incorrect access control, because the actual behavior within the Amazon AWS environment is a 200 HTTP status code (i.e., possibly greater than expected permissions).",
  "severity": [
    {
      "type": "CVSS_V3",
      "score": "CVSS:3.1/AV:N/AC:L/PR:N/UI:N/S:U/C:H/I:H/A:H"
    }
  ],
  "affected": [
    {
      "package": {
        "ecosystem": "npm",
        "name": "serverless-offline"
      },
      "ranges": [
        {
          "type": "ECOSYSTEM",
          "events": [
            {
              "introduced": "0"
            },
            {
              "last_affected": "8.0.0"
            }
          ]
        }
      ]
    }
  ],
  "references": [
    {
      "type": "ADVISORY",
      "url": "https://nvd.nist.gov/vuln/detail/CVE-2021-38384"
    },
    {
      "type": "WEB",
      "url": "https://github.com/dherault/serverless-offline/issues/1259"
    },
    {
      "type": "PACKAGE",
      "url": "https://github.com/dherault/serverless-offline"
    }
  ],
  "database_specific": {
    "cwe_ids": [
      "CWE-863"
    ],
    "severity": "CRITICAL",
    "github_reviewed": true,
    "github_reviewed_at": "2021-08-30T20:31:00Z",
    "nvd_published_at": "2021-08-10T18:15:00Z"
  }
}