{
  "schema_version": "1.4.0",
  "id": "GHSA-5gmf-8gh2-hhfp",
  "modified": "2022-11-22T19:47:38Z",
  "published": "2022-05-13T01:41:00Z",
  "aliases": [
    "CVE-2017-1000245"
  ],
  "summary": "Jenkins SSH Plugin user passwords for encrypted SSH keys stored in plaintext",
  "details": "The SSH Plugin stores credentials which allow jobs to access remote servers via the SSH protocol. User passwords and passphrases for encrypted SSH keys are stored in plaintext in a configuration file.",
  "severity": [
    {
      "type": "CVSS_V3",
      "score": "CVSS:3.0/AV:N/AC:L/PR:N/UI:N/S:U/C:H/I:H/A:H"
    }
  ],
  "affected": [
    {
      "package": {
        "ecosystem": "Maven",
        "name": "org.jvnet.hudson.plugins:ssh"
      },
      "ranges": [
        {
          "type": "ECOSYSTEM",
          "events": [
            {
              "introduced": "0"
            },
            {
              "last_affected": "2.3"
            }
          ]
        }
      ]
    },
    {
      "package": {
        "ecosystem": "Maven",
        "name": "org.jenkins-ci.plugins:ssh"
      },
      "ranges": [
        {
          "type": "ECOSYSTEM",
          "events": [
            {
              "introduced": "0"
            },
            {
              "fixed": "2.5"
            }
          ]
        }
      ]
    }
  ],
  "references": [
    {
      "type": "ADVISORY",
      "url": "https://nvd.nist.gov/vuln/detail/CVE-2017-1000245"
    },
    {
      "type": "WEB",
      "url": "https://jenkins.io/security/advisory/2017-07-10"
    }
  ],
  "database_specific": {
    "cwe_ids": [
      "CWE-522"
    ],
    "severity": "CRITICAL",
    "github_reviewed": true,
    "github_reviewed_at": "2022-11-22T19:47:38Z",
    "nvd_published_at": "2017-11-01T13:29:00Z"
  }
}