{
  "schema_version": "1.4.0",
  "id": "GHSA-8cxp-cjm8-fj36",
  "modified": "2022-06-28T15:22:16Z",
  "published": "2022-05-24T17:10:48Z",
  "aliases": [
    "CVE-2019-10807"
  ],
  "summary": "Improper Neutralization of Special Elements used in an OS Command in Blamer",
  "details": "Blamer versions prior to 1.0.1 allows execution of arbitrary commands. It is possible to inject arbitrary commands as part of the arguments provided to blamer.",
  "severity": [
    {
      "type": "CVSS_V3",
      "score": "CVSS:3.1/AV:N/AC:L/PR:N/UI:N/S:U/C:H/I:H/A:H"
    }
  ],
  "affected": [
    {
      "package": {
        "ecosystem": "npm",
        "name": "blamer"
      },
      "ranges": [
        {
          "type": "ECOSYSTEM",
          "events": [
            {
              "introduced": "0"
            },
            {
              "fixed": "1.0.1"
            }
          ]
        }
      ]
    }
  ],
  "references": [
    {
      "type": "ADVISORY",
      "url": "https://nvd.nist.gov/vuln/detail/CVE-2019-10807"
    },
    {
      "type": "WEB",
      "url": "https://github.com/kucherenko/blamer/commit/5fada8c9b6986ecd28942b724fa682e77ce1e11c"
    },
    {
      "type": "PACKAGE",
      "url": "https://github.com/kucherenko/blamer"
    },
    {
      "type": "WEB",
      "url": "https://snyk.io/vuln/SNYK-JS-BLAMER-559541"
    }
  ],
  "database_specific": {
    "cwe_ids": [
      "CWE-78"
    ],
    "severity": "CRITICAL",
    "github_reviewed": true,
    "github_reviewed_at": "2022-06-28T15:22:16Z",
    "nvd_published_at": "2020-03-11T22:23:00Z"
  }
}