{
  "schema_version": "1.4.0",
  "id": "GHSA-q6w2-89hq-hq27",
  "modified": "2022-08-11T16:52:01Z",
  "published": "2021-06-08T23:02:43Z",
  "aliases": [
    "CVE-2021-20195"
  ],
  "summary": "keycloak Self Stored Cross-site Scripting vulnerability",
  "details": "A flaw was found in keycloak in versions before 13.0.0. A Self Stored XSS attack vector escalating to a complete account takeover is possible due to user-supplied data fields not being properly encoded and Javascript code being used to process the data. The highest threat from this vulnerability is to data confidentiality and integrity as well as system availability.",
  "severity": [
    {
      "type": "CVSS_V3",
      "score": "CVSS:3.1/AV:N/AC:L/PR:N/UI:R/S:C/C:H/I:H/A:H"
    }
  ],
  "affected": [
    {
      "package": {
        "ecosystem": "Maven",
        "name": "org.keycloak:keycloak-core"
      },
      "ranges": [
        {
          "type": "ECOSYSTEM",
          "events": [
            {
              "introduced": "0"
            },
            {
              "fixed": "13.0.0"
            }
          ]
        }
      ]
    }
  ],
  "references": [
    {
      "type": "ADVISORY",
      "url": "https://nvd.nist.gov/vuln/detail/CVE-2021-20195"
    },
    {
      "type": "WEB",
      "url": "https://github.com/keycloak/keycloak/commit/717d9515fa131e3d8c8936e41b2e52270fdec976"
    },
    {
      "type": "WEB",
      "url": "https://bugzilla.redhat.com/show_bug.cgi?id=1919143"
    }
  ],
  "database_specific": {
    "cwe_ids": [
      "CWE-116",
      "CWE-20",
      "CWE-79"
    ],
    "severity": "CRITICAL",
    "github_reviewed": true,
    "github_reviewed_at": "2021-06-01T17:55:29Z",
    "nvd_published_at": "2021-05-28T11:15:00Z"
  }
}