{
  "schema_version": "1.4.0",
  "id": "GHSA-jh2m-j8pp-55rc",
  "modified": "2021-05-05T18:26:34Z",
  "published": "2021-05-06T18:12:47Z",
  "aliases": [
    "CVE-2020-7727"
  ],
  "summary": "Prototype Pollution in gedi",
  "details": "All versions of package gedi up to and including version 1.6.3 are vulnerable to Prototype Pollution via the set function.",
  "severity": [
    {
      "type": "CVSS_V3",
      "score": "CVSS:3.1/AV:N/AC:L/PR:N/UI:N/S:U/C:H/I:H/A:H"
    }
  ],
  "affected": [
    {
      "package": {
        "ecosystem": "npm",
        "name": "gedi"
      },
      "ranges": [
        {
          "type": "ECOSYSTEM",
          "events": [
            {
              "introduced": "0"
            },
            {
              "last_affected": "1.6.3"
            }
          ]
        }
      ]
    }
  ],
  "references": [
    {
      "type": "ADVISORY",
      "url": "https://nvd.nist.gov/vuln/detail/CVE-2020-7727"
    },
    {
      "type": "WEB",
      "url": "https://snyk.io/vuln/SNYK-JS-GEDI-598803"
    }
  ],
  "database_specific": {
    "cwe_ids": [
      "CWE-1321"
    ],
    "severity": "CRITICAL",
    "github_reviewed": true,
    "github_reviewed_at": "2021-05-05T18:26:34Z",
    "nvd_published_at": "2020-09-01T10:15:00Z"
  }
}