{
  "schema_version": "1.4.0",
  "id": "GHSA-88qf-5f3v-pm6m",
  "modified": "2023-05-04T19:48:35Z",
  "published": "2023-04-24T18:30:31Z",
  "aliases": [
    "CVE-2023-29566"
  ],
  "summary": "Remote code execution in dawnsparks-node-tesseract",
  "details": "dawnsparks-node-tesseract before 0.4.1 was discovered to contain a remote code execution (RCE) vulnerability via the child_process function.",
  "severity": [
    {
      "type": "CVSS_V3",
      "score": "CVSS:3.1/AV:N/AC:L/PR:N/UI:N/S:U/C:H/I:H/A:H"
    }
  ],
  "affected": [
    {
      "package": {
        "ecosystem": "npm",
        "name": "dawnsparks-node-tesseract"
      },
      "ranges": [
        {
          "type": "ECOSYSTEM",
          "events": [
            {
              "introduced": "0"
            },
            {
              "fixed": "0.4.1"
            }
          ]
        }
      ]
    }
  ],
  "references": [
    {
      "type": "ADVISORY",
      "url": "https://nvd.nist.gov/vuln/detail/CVE-2023-29566"
    },
    {
      "type": "WEB",
      "url": "https://github.com/rona-dinihari/dawnsparks-node-tesseract/commit/81d1664f0b9fe521534acfae1d5b9c40127b36c1"
    },
    {
      "type": "WEB",
      "url": "https://github.com/omnitaint/Vulnerability-Reports/blob/ec3645003c7f8996459b5b24c722474adc2d599f/reports/dawnsparks-node-tesseract/report.md"
    },
    {
      "type": "PACKAGE",
      "url": "https://github.com/rona-dinihari/dawnsparks-node-tesseract"
    },
    {
      "type": "WEB",
      "url": "https://www.npmjs.com/package/dawnsparks-node-tesseract"
    }
  ],
  "database_specific": {
    "cwe_ids": [
      "CWE-77"
    ],
    "severity": "CRITICAL",
    "github_reviewed": true,
    "github_reviewed_at": "2023-04-24T22:45:54Z",
    "nvd_published_at": "2023-04-24T18:15:09Z"
  }
}