{
  "schema_version": "1.4.0",
  "id": "GHSA-6x65-vqp7-5r63",
  "modified": "2022-07-01T13:46:54Z",
  "published": "2022-05-13T01:41:00Z",
  "aliases": [
    "CVE-2017-1000212"
  ],
  "summary": "alchemist.vim vulnerable to remote code execution",
  "details": "Elixir's vim plugin, alchemist.vim is vulnerable to remote code execution in the bundled alchemist-server. A malicious website can execute requests against an ephemeral port on localhost that are then evaluated as elixir code.",
  "severity": [
    {
      "type": "CVSS_V3",
      "score": "CVSS:3.0/AV:N/AC:L/PR:N/UI:N/S:U/C:H/I:H/A:H"
    }
  ],
  "affected": [
    {
      "package": {
        "ecosystem": "Hex",
        "name": "alchemist.vim"
      },
      "ranges": [
        {
          "type": "ECOSYSTEM",
          "events": [
            {
              "introduced": "0"
            },
            {
              "fixed": "1.3.2"
            }
          ]
        }
      ],
      "database_specific": {
        "last_known_affected_version_range": "<= 1.3.1"
      }
    }
  ],
  "references": [
    {
      "type": "ADVISORY",
      "url": "https://nvd.nist.gov/vuln/detail/CVE-2017-1000212"
    },
    {
      "type": "WEB",
      "url": "https://github.com/tonini/alchemist-server/issues/14"
    },
    {
      "type": "WEB",
      "url": "https://github.com/tonini/alchemist-server/pull/16"
    },
    {
      "type": "WEB",
      "url": "https://elixirforum.com/t/static-and-session-security-fixes-for-plug/3913"
    },
    {
      "type": "WEB",
      "url": "https://github.com/tonini/alchemist-server"
    }
  ],
  "database_specific": {
    "cwe_ids": [],
    "severity": "CRITICAL",
    "github_reviewed": true,
    "github_reviewed_at": "2022-07-01T13:46:54Z",
    "nvd_published_at": "2017-11-17T15:29:00Z"
  }
}