{
  "schema_version": "1.4.0",
  "id": "GHSA-3jxh-6635-6jwp",
  "modified": "2022-07-06T16:49:14Z",
  "published": "2022-06-25T00:00:54Z",
  "aliases": [
    "CVE-2022-30117"
  ],
  "summary": "Path traversal in Concrete CMS",
  "details": "Concrete 8.5.7 and below as well as Concrete 9.0 through 9.0.2 allow traversal in /index.php/ccm/system/file/upload which could result in an Arbitrary File Delete exploit. This was remediated by sanitizing /index.php/ccm/system/file/upload to ensure Concrete doesn\u2019t allow traversal and by changing isFullChunkFilePresent to have an early false return when input doesn't match expectations.Concrete CMS Security team ranked this 5.8 with CVSS v3.1 vector AV:N/AC:H/PR:H/UI:N/S:C/C:N/I:N/A:H. Credit to Siebene for reporting.",
  "severity": [
    {
      "type": "CVSS_V3",
      "score": "CVSS:3.1/AV:N/AC:L/PR:N/UI:N/S:U/C:N/I:H/A:H"
    }
  ],
  "affected": [
    {
      "package": {
        "ecosystem": "Packagist",
        "name": "concrete5/core"
      },
      "ranges": [
        {
          "type": "ECOSYSTEM",
          "events": [
            {
              "introduced": "9.0.0"
            },
            {
              "fixed": "9.1.0"
            }
          ]
        }
      ]
    },
    {
      "package": {
        "ecosystem": "Packagist",
        "name": "concrete5/core"
      },
      "ranges": [
        {
          "type": "ECOSYSTEM",
          "events": [
            {
              "introduced": "0"
            },
            {
              "fixed": "8.5.8"
            }
          ]
        }
      ]
    }
  ],
  "references": [
    {
      "type": "ADVISORY",
      "url": "https://nvd.nist.gov/vuln/detail/CVE-2022-30117"
    },
    {
      "type": "WEB",
      "url": "https://hackerone.com/reports/1482280"
    },
    {
      "type": "WEB",
      "url": "https://documentation.concretecms.org/developers/introduction/version-history/858-release-notes"
    },
    {
      "type": "WEB",
      "url": "https://documentation.concretecms.org/developers/introduction/version-history/910-release-notes"
    },
    {
      "type": "PACKAGE",
      "url": "https://github.com/concretecms/concretecms-core"
    }
  ],
  "database_specific": {
    "cwe_ids": [
      "CWE-22"
    ],
    "severity": "CRITICAL",
    "github_reviewed": true,
    "github_reviewed_at": "2022-06-29T22:07:52Z",
    "nvd_published_at": "2022-06-24T15:15:00Z"
  }
}