{
  "schema_version": "1.4.0",
  "id": "GHSA-8355-xj3p-hv6q",
  "modified": "2025-02-14T18:40:02Z",
  "published": "2025-02-14T12:31:38Z",
  "aliases": [
    "CVE-2024-52577"
  ],
  "summary": "Apache Ignite: Possible RCE when deserializing incoming messages by the server node",
  "details": "In Apache Ignite versions from 2.6.0 and before 2.17.0, configured Class Serialization Filters are ignored for some Ignite endpoints. The vulnerability could be exploited if an attacker manually crafts an Ignite message containing a vulnerable object whose class is present in the Ignite server classpath and sends it to Ignite server endpoints. Deserialization of such a message by the Ignite server may result in the execution of arbitrary code on the Apache Ignite server side.",
  "severity": [
    {
      "type": "CVSS_V4",
      "score": "CVSS:4.0/AV:N/AC:L/AT:P/PR:N/UI:N/VC:H/VI:H/VA:H/SC:H/SI:H/SA:H/E:X/CR:X/IR:X/AR:X/MAV:X/MAC:X/MAT:X/MPR:X/MUI:X/MVC:X/MVI:X/MVA:X/MSC:X/MSI:X/MSA:X/S:X/AU:X/R:X/V:X/RE:X/U:X"
    }
  ],
  "affected": [
    {
      "package": {
        "ecosystem": "Maven",
        "name": "org.apache.ignite:ignite-core"
      },
      "ranges": [
        {
          "type": "ECOSYSTEM",
          "events": [
            {
              "introduced": "2.6.0"
            },
            {
              "fixed": "2.17.0"
            }
          ]
        }
      ]
    }
  ],
  "references": [
    {
      "type": "ADVISORY",
      "url": "https://nvd.nist.gov/vuln/detail/CVE-2024-52577"
    },
    {
      "type": "WEB",
      "url": "https://github.com/apache/ignite/commit/f1d3579eabb2c6f5b11b94d58600afc497a8603d"
    },
    {
      "type": "PACKAGE",
      "url": "https://github.com/apache/ignite"
    },
    {
      "type": "WEB",
      "url": "https://lists.apache.org/thread/1bst0n27m9kb3b6f6hvlghn182vqb2hh"
    },
    {
      "type": "WEB",
      "url": "http://www.openwall.com/lists/oss-security/2025/02/14/2"
    }
  ],
  "database_specific": {
    "cwe_ids": [
      "CWE-502"
    ],
    "severity": "CRITICAL",
    "github_reviewed": true,
    "github_reviewed_at": "2025-02-14T18:06:46Z",
    "nvd_published_at": "2025-02-14T10:15:09Z"
  }
}