{
  "schema_version": "1.4.0",
  "id": "GHSA-6xv6-jpvw-cx6q",
  "modified": "2021-05-04T22:37:03Z",
  "published": "2021-05-06T18:27:36Z",
  "aliases": [
    "CVE-2020-7730"
  ],
  "summary": "Command injection in bestzip",
  "details": "The package bestzip before 2.1.7 are vulnerable to Command Injection via the options param.",
  "severity": [
    {
      "type": "CVSS_V3",
      "score": "CVSS:3.1/AV:N/AC:L/PR:N/UI:N/S:U/C:H/I:H/A:H"
    }
  ],
  "affected": [
    {
      "package": {
        "ecosystem": "npm",
        "name": "bestzip"
      },
      "ranges": [
        {
          "type": "ECOSYSTEM",
          "events": [
            {
              "introduced": "0"
            },
            {
              "fixed": "2.1.7"
            }
          ]
        }
      ]
    }
  ],
  "references": [
    {
      "type": "ADVISORY",
      "url": "https://nvd.nist.gov/vuln/detail/CVE-2020-7730"
    },
    {
      "type": "WEB",
      "url": "https://github.com/nfriedly/node-bestzip/commit/45d4a901478c6a8f396c8b959dd6cf8fd3f955b6"
    },
    {
      "type": "WEB",
      "url": "https://snyk.io/vuln/SNYK-JS-BESTZIP-609371"
    }
  ],
  "database_specific": {
    "cwe_ids": [
      "CWE-78"
    ],
    "severity": "CRITICAL",
    "github_reviewed": true,
    "github_reviewed_at": "2021-05-04T22:37:03Z",
    "nvd_published_at": "2020-09-04T10:15:00Z"
  }
}