{
  "schema_version": "1.4.0",
  "id": "GHSA-9px9-f7jw-fwhj",
  "modified": "2020-08-31T19:01:15Z",
  "published": "2020-09-03T15:49:37Z",
  "aliases": [],
  "summary": "Command Injection in priest-runner",
  "details": "All versions of `priest-runner` are vulnerable to Command Injection. The package fails to sanitize input and passes it directly to a `spawn` call, which may allow attackers to execute arbitrary code in the system. The `PriestController.prototype.createChild ` function is vulnerable since the `spawn` parameters come from a POST request body.\n\n\n## Recommendation\n\nNo fix is currently available. Consider using an alternative package until a fix is made available.",
  "severity": [],
  "affected": [
    {
      "package": {
        "ecosystem": "npm",
        "name": "priest-runner"
      },
      "ranges": [
        {
          "type": "ECOSYSTEM",
          "events": [
            {
              "introduced": "0.0.0"
            }
          ]
        }
      ]
    }
  ],
  "references": [
    {
      "type": "WEB",
      "url": "https://www.npmjs.com/advisories/1492"
    }
  ],
  "database_specific": {
    "cwe_ids": [
      "CWE-77"
    ],
    "severity": "CRITICAL",
    "github_reviewed": true,
    "github_reviewed_at": "2020-08-31T19:01:15Z",
    "nvd_published_at": null
  }
}