{
  "schema_version": "1.4.0",
  "id": "GHSA-8mwx-wpp4-5xh4",
  "modified": "2024-05-15T22:51:51Z",
  "published": "2022-05-24T22:01:04Z",
  "aliases": [
    "CVE-2019-8149"
  ],
  "summary": "Magento Broken authentication and session managememt",
  "details": "Insecure authentication and session management vulnerability exists in Magento 2.2 prior to 2.2.10, Magento 2.3 prior to 2.3.3 or 2.3.2-p1. An unauthenticated user can append arbitrary session id that will not be invalidated by subsequent authentication.",
  "severity": [
    {
      "type": "CVSS_V3",
      "score": "CVSS:3.1/AV:N/AC:L/PR:N/UI:N/S:U/C:H/I:H/A:H"
    }
  ],
  "affected": [
    {
      "package": {
        "ecosystem": "Packagist",
        "name": "magento/community-edition"
      },
      "ranges": [
        {
          "type": "ECOSYSTEM",
          "events": [
            {
              "introduced": "2.2"
            },
            {
              "fixed": "2.2.10"
            }
          ]
        }
      ]
    },
    {
      "package": {
        "ecosystem": "Packagist",
        "name": "magento/community-edition"
      },
      "ranges": [
        {
          "type": "ECOSYSTEM",
          "events": [
            {
              "introduced": "2.3"
            },
            {
              "fixed": "2.3.2-p1"
            }
          ]
        }
      ]
    }
  ],
  "references": [
    {
      "type": "ADVISORY",
      "url": "https://nvd.nist.gov/vuln/detail/CVE-2019-8149"
    },
    {
      "type": "WEB",
      "url": "https://github.com/FriendsOfPHP/security-advisories/blob/master/magento/product-community-edition/CVE-2019-8149.yaml"
    },
    {
      "type": "PACKAGE",
      "url": "https://github.com/magento/magento2"
    },
    {
      "type": "WEB",
      "url": "https://magento.com/security/patches/magento-2.3.3-and-2.2.10-security-update"
    }
  ],
  "database_specific": {
    "cwe_ids": [
      "CWE-287"
    ],
    "severity": "CRITICAL",
    "github_reviewed": true,
    "github_reviewed_at": "2024-05-15T22:51:51Z",
    "nvd_published_at": "2019-11-06T00:15:00Z"
  }
}