{
  "schema_version": "1.4.0",
  "id": "GHSA-8xf4-w7qw-pjjw",
  "modified": "2023-02-17T14:26:38Z",
  "published": "2022-03-30T00:00:27Z",
  "aliases": [
    "CVE-2021-46743"
  ],
  "summary": "Firebase PHP-JWT key/algorithm type confusion",
  "details": "In Firebase PHP-JWT before 6.0.0, an algorithm-confusion issue (e.g., RS256 / HS256) exists via the kid (aka Key ID) header, when multiple types of keys are loaded in a key ring. This allows an attacker to forge tokens that validate under the incorrect key. NOTE: this provides a straightforward way to use the PHP-JWT library unsafely, but might not be considered a vulnerability in the library itself.",
  "severity": [
    {
      "type": "CVSS_V3",
      "score": "CVSS:3.1/AV:N/AC:L/PR:N/UI:N/S:U/C:H/I:H/A:N"
    }
  ],
  "affected": [
    {
      "package": {
        "ecosystem": "Packagist",
        "name": "firebase/php-jwt"
      },
      "ranges": [
        {
          "type": "ECOSYSTEM",
          "events": [
            {
              "introduced": "0"
            },
            {
              "fixed": "6.0.0"
            }
          ]
        }
      ]
    }
  ],
  "references": [
    {
      "type": "ADVISORY",
      "url": "https://nvd.nist.gov/vuln/detail/CVE-2021-46743"
    },
    {
      "type": "WEB",
      "url": "https://github.com/firebase/php-jwt/issues/351"
    },
    {
      "type": "WEB",
      "url": "https://github.com/FriendsOfPHP/security-advisories/blob/master/firebase/php-jwt/CVE-2021-46743.yaml"
    },
    {
      "type": "PACKAGE",
      "url": "https://github.com/firebase/php-jwt"
    },
    {
      "type": "WEB",
      "url": "https://github.com/firebase/php-jwt/releases/tag/v6.0.0"
    }
  ],
  "database_specific": {
    "cwe_ids": [
      "CWE-347",
      "CWE-843"
    ],
    "severity": "CRITICAL",
    "github_reviewed": true,
    "github_reviewed_at": "2023-02-17T14:26:38Z",
    "nvd_published_at": "2022-03-29T07:15:00Z"
  }
}