{
  "schema_version": "1.4.0",
  "id": "GHSA-m7p2-ghfh-pjvx",
  "modified": "2022-05-04T03:44:50Z",
  "published": "2021-11-01T19:18:51Z",
  "aliases": [
    "CVE-2020-36380"
  ],
  "summary": "Vulnerability in crunch function leads to arbitrary code execution via filePath parameters",
  "details": "aaptjs is a node wraper for aapt. An issue was discovered in the crunch function in shenzhim aaptjs 1.3.1, allows attackers to execute arbitrary code via the filePath parameters.",
  "severity": [
    {
      "type": "CVSS_V3",
      "score": "CVSS:3.1/AV:N/AC:L/PR:N/UI:N/S:U/C:H/I:H/A:H"
    }
  ],
  "affected": [
    {
      "package": {
        "ecosystem": "npm",
        "name": "aaptjs"
      },
      "ranges": [
        {
          "type": "ECOSYSTEM",
          "events": [
            {
              "introduced": "0"
            },
            {
              "last_affected": "1.3.1"
            }
          ]
        }
      ]
    }
  ],
  "references": [
    {
      "type": "ADVISORY",
      "url": "https://nvd.nist.gov/vuln/detail/CVE-2020-36380"
    },
    {
      "type": "WEB",
      "url": "https://github.com/shenzhim/aaptjs/issues/2"
    },
    {
      "type": "PACKAGE",
      "url": "https://github.com/shenzhim/aaptjs"
    }
  ],
  "database_specific": {
    "cwe_ids": [
      "CWE-77",
      "CWE-78"
    ],
    "severity": "CRITICAL",
    "github_reviewed": true,
    "github_reviewed_at": "2021-11-01T18:53:19Z",
    "nvd_published_at": "2021-10-31T20:15:00Z"
  }
}