{
  "schema_version": "1.4.0",
  "id": "GHSA-54w4-2f2p-f48h",
  "modified": "2022-08-06T05:19:00Z",
  "published": "2022-07-26T00:01:06Z",
  "aliases": [
    "CVE-2020-28438"
  ],
  "summary": "deferred-exec Command Injection vulnerability",
  "details": "A command injection vulnerability affects all versions of package deferred-exec. The injection point is located in line 42 in lib/deferred-exec.js",
  "severity": [
    {
      "type": "CVSS_V3",
      "score": "CVSS:3.1/AV:N/AC:L/PR:N/UI:N/S:U/C:H/I:H/A:H"
    }
  ],
  "affected": [
    {
      "package": {
        "ecosystem": "npm",
        "name": "deferred-exec"
      },
      "ranges": [
        {
          "type": "ECOSYSTEM",
          "events": [
            {
              "introduced": "0"
            },
            {
              "last_affected": "0.3.1"
            }
          ]
        }
      ]
    }
  ],
  "references": [
    {
      "type": "ADVISORY",
      "url": "https://nvd.nist.gov/vuln/detail/CVE-2020-28438"
    },
    {
      "type": "PACKAGE",
      "url": "https://github.com/danheberden/deferred-exec"
    },
    {
      "type": "WEB",
      "url": "https://github.com/danheberden/deferred-exec/blob/master/lib/deferred-exec.js#L42"
    },
    {
      "type": "WEB",
      "url": "https://security.snyk.io/vuln/SNYK-JS-DEFERREDEXEC-1050433"
    }
  ],
  "database_specific": {
    "cwe_ids": [
      "CWE-77"
    ],
    "severity": "CRITICAL",
    "github_reviewed": true,
    "github_reviewed_at": "2022-08-06T05:19:00Z",
    "nvd_published_at": "2022-07-25T14:15:00Z"
  }
}