{
  "schema_version": "1.4.0",
  "id": "GHSA-c427-hjc3-wrfw",
  "modified": "2024-08-26T15:52:58Z",
  "published": "2019-10-15T19:27:05Z",
  "aliases": [
    "CVE-2019-17495"
  ],
  "summary": "Cross-site scripting in Swagger-UI",
  "details": "A Cascading Style Sheets (CSS) injection vulnerability in Swagger UI before 3.23.11 allows attackers to use the Relative Path Overwrite (RPO) technique to perform CSS-based input field value exfiltration, such as exfiltration of a CSRF token value. In other words, this product intentionally allows the embedding of untrusted JSON data from remote servers, but it was not previously known that <style>@import within the JSON data was a functional attack method.",
  "severity": [
    {
      "type": "CVSS_V3",
      "score": "CVSS:3.1/AV:N/AC:L/PR:N/UI:N/S:U/C:H/I:H/A:H"
    },
    {
      "type": "CVSS_V4",
      "score": "CVSS:4.0/AV:N/AC:L/AT:N/PR:N/UI:N/VC:H/VI:H/VA:H/SC:N/SI:N/SA:N"
    }
  ],
  "affected": [
    {
      "package": {
        "ecosystem": "npm",
        "name": "swagger-ui"
      },
      "ranges": [
        {
          "type": "ECOSYSTEM",
          "events": [
            {
              "introduced": "0"
            },
            {
              "fixed": "3.23.11"
            }
          ]
        }
      ]
    },
    {
      "package": {
        "ecosystem": "Maven",
        "name": "org.webjars:swagger-ui"
      },
      "ranges": [
        {
          "type": "ECOSYSTEM",
          "events": [
            {
              "introduced": "0"
            },
            {
              "fixed": "3.23.11"
            }
          ]
        }
      ]
    },
    {
      "package": {
        "ecosystem": "Maven",
        "name": "org.webjars.npm:swagger-ui"
      },
      "ranges": [
        {
          "type": "ECOSYSTEM",
          "events": [
            {
              "introduced": "0"
            },
            {
              "fixed": "3.23.11"
            }
          ]
        }
      ]
    },
    {
      "package": {
        "ecosystem": "Maven",
        "name": "io.springfox:springfox-swagger-ui"
      },
      "ranges": [
        {
          "type": "ECOSYSTEM",
          "events": [
            {
              "introduced": "0"
            },
            {
              "fixed": "2.10.0"
            }
          ]
        }
      ]
    }
  ],
  "references": [
    {
      "type": "ADVISORY",
      "url": "https://nvd.nist.gov/vuln/detail/CVE-2019-17495"
    },
    {
      "type": "WEB",
      "url": "https://github.com/springfox/springfox/commit/26f72f0d16b166e12c20255a4ee907dc10685cf8"
    },
    {
      "type": "PACKAGE",
      "url": "https://github.com/swagger-api/swagger-ui"
    },
    {
      "type": "WEB",
      "url": "https://github.com/swagger-api/swagger-ui/releases/tag/v3.23.11"
    },
    {
      "type": "WEB",
      "url": "https://github.com/tarantula-team/CSS-injection-in-Swagger-UI"
    },
    {
      "type": "WEB",
      "url": "https://lists.apache.org/thread.html/r103579b01da2d0aa0f672b88f811224bbf8ef493aaad845895955e91@%3Ccommits.airflow.apache.org%3E"
    },
    {
      "type": "WEB",
      "url": "https://lists.apache.org/thread.html/r3acb7e494cf1aab99b6784b7c5bbddfd0d4f8a484ab534c3a61ef9cf@%3Ccommits.airflow.apache.org%3E"
    },
    {
      "type": "WEB",
      "url": "https://lists.apache.org/thread.html/r84b327f7a8b6b28857b906c07a66dd98e1d341191fa8d7816514ef96@%3Ccommits.airflow.apache.org%3E"
    },
    {
      "type": "WEB",
      "url": "https://lists.apache.org/thread.html/r853ffeb915a400f899de78124d4e0d77a19379d2e11bf8f4e98c624f@%3Ccommits.airflow.apache.org%3E"
    },
    {
      "type": "WEB",
      "url": "https://lists.apache.org/thread.html/ref70b940c4f69560d29d6ba792d6c82865e74de3dcad4c92d99b1f8f@%3Ccommits.airflow.apache.org%3E"
    },
    {
      "type": "WEB",
      "url": "https://security.snyk.io/vuln/maven?search=CVE-2019-17495"
    },
    {
      "type": "WEB",
      "url": "https://www.oracle.com/security-alerts/cpuApr2021.html"
    },
    {
      "type": "WEB",
      "url": "https://www.oracle.com/security-alerts/cpujan2022.html"
    },
    {
      "type": "WEB",
      "url": "https://www.oracle.com/security-alerts/cpujul2022.html"
    },
    {
      "type": "WEB",
      "url": "https://www.oracle.com/security-alerts/cpuoct2020.html"
    }
  ],
  "database_specific": {
    "cwe_ids": [
      "CWE-352",
      "CWE-79"
    ],
    "severity": "CRITICAL",
    "github_reviewed": true,
    "github_reviewed_at": "2019-10-14T20:13:46Z",
    "nvd_published_at": "2019-10-10T22:15:00Z"
  }
}