{
  "schema_version": "1.4.0",
  "id": "GHSA-32qh-8vg6-9g43",
  "modified": "2023-01-10T15:59:17Z",
  "published": "2022-12-28T00:30:23Z",
  "aliases": [
    "CVE-2018-25046"
  ],
  "summary": "Cloud Foundry Archiver vulnerable to path traversal",
  "details": "Due to improper path santization, archives containing relative file paths can cause files to be written (or overwritten) outside of the target directory.",
  "severity": [
    {
      "type": "CVSS_V3",
      "score": "CVSS:3.1/AV:N/AC:L/PR:N/UI:N/S:U/C:N/I:H/A:H"
    }
  ],
  "affected": [
    {
      "package": {
        "ecosystem": "Go",
        "name": "github.com/cloudfoundry/archiver"
      },
      "ranges": [
        {
          "type": "ECOSYSTEM",
          "events": [
            {
              "introduced": "0"
            },
            {
              "fixed": "0.0.0-20180523222229-09b5706aa936"
            }
          ]
        }
      ]
    },
    {
      "package": {
        "ecosystem": "Go",
        "name": "code.cloudfoundry.org/archiver"
      },
      "ranges": [
        {
          "type": "ECOSYSTEM",
          "events": [
            {
              "introduced": "0"
            },
            {
              "fixed": "0.0.0-20180523222229-09b5706aa936"
            }
          ]
        }
      ]
    }
  ],
  "references": [
    {
      "type": "ADVISORY",
      "url": "https://nvd.nist.gov/vuln/detail/CVE-2018-25046"
    },
    {
      "type": "WEB",
      "url": "https://github.com/cloudfoundry/archiver/commit/09b5706aa9367972c09144a450bb4523049ee840"
    },
    {
      "type": "PACKAGE",
      "url": "https://github.com/cloudfoundry/archiver"
    },
    {
      "type": "WEB",
      "url": "https://pkg.go.dev/vuln/GO-2020-0025"
    },
    {
      "type": "WEB",
      "url": "https://snyk.io/research/zip-slip-vulnerability"
    }
  ],
  "database_specific": {
    "cwe_ids": [
      "CWE-22"
    ],
    "severity": "CRITICAL",
    "github_reviewed": true,
    "github_reviewed_at": "2022-12-30T19:15:54Z",
    "nvd_published_at": "2022-12-27T22:15:00Z"
  }
}