{
  "schema_version": "1.4.0",
  "id": "GHSA-92cg-ghq6-9587",
  "modified": "2024-09-30T18:52:24Z",
  "published": "2023-12-12T03:31:45Z",
  "withdrawn": "2024-09-30T18:52:24Z",
  "aliases": [],
  "summary": "Duplicate Advisory: Privilege escalation in sap/cloud-security-client-go",
  "details": "## Duplicate Advisory\nThis advisory has been withdrawn because it is a duplicate of GHSA-m8rw-rcpq-2vp2. This link is maintained to preserve external references.\n\n## Original Description\nSAP\u00a0BTP\u00a0Security Services Integration Library ([Golang] github.com/sap/cloud-security-client-go) - versions < 0.17.0, allow under certain conditions an escalation of privileges. On successful exploitation, an unauthenticated attacker can obtain arbitrary permissions within the application.\n\n",
  "severity": [
    {
      "type": "CVSS_V3",
      "score": "CVSS:3.1/AV:N/AC:L/PR:N/UI:N/S:U/C:H/I:H/A:N"
    }
  ],
  "affected": [
    {
      "package": {
        "ecosystem": "Go",
        "name": "github.com/sap/cloud-security-client-go"
      },
      "ranges": [
        {
          "type": "ECOSYSTEM",
          "events": [
            {
              "introduced": "0"
            },
            {
              "fixed": "0.17.0"
            }
          ]
        }
      ]
    }
  ],
  "references": [
    {
      "type": "WEB",
      "url": "https://github.com/SAP/cloud-security-services-integration-library/security/advisories/GHSA-59c9-pxq8-9c73"
    },
    {
      "type": "ADVISORY",
      "url": "https://nvd.nist.gov/vuln/detail/CVE-2023-50424"
    },
    {
      "type": "WEB",
      "url": "https://github.com/SAP/cloud-security-client-go/commit/2e3bd63e152e09f267316a1071034eb5d4b7f498"
    },
    {
      "type": "WEB",
      "url": "https://blogs.sap.com/2023/12/12/unveiling-critical-security-updates-sap-btp-security-note-3411067"
    },
    {
      "type": "PACKAGE",
      "url": "https://github.com/SAP/cloud-security-client-go"
    },
    {
      "type": "WEB",
      "url": "https://me.sap.com/notes/3411067"
    },
    {
      "type": "WEB",
      "url": "https://pkg.go.dev/github.com/sap/cloud-security-client-go@v0.17.0"
    },
    {
      "type": "WEB",
      "url": "https://www.sap.com/documents/2022/02/fa865ea4-167e-0010-bca6-c68f7e60039b.html"
    }
  ],
  "database_specific": {
    "cwe_ids": [
      "CWE-269",
      "CWE-639",
      "CWE-749"
    ],
    "severity": "CRITICAL",
    "github_reviewed": true,
    "github_reviewed_at": "2023-12-15T03:39:45Z",
    "nvd_published_at": "2023-12-12T03:15:07Z"
  }
}