{
  "schema_version": "1.4.0",
  "id": "GHSA-8rxg-9g6f-vq9p",
  "modified": "2023-12-07T22:07:29Z",
  "published": "2020-09-01T19:46:01Z",
  "aliases": [],
  "summary": "Malicious Package in another-date-range-picker",
  "details": "Version 4.1.48 of `another-date-range-picker` contained malicious code. The code when executed in the browser would enumerate password, cvc, cardnumber fields from forms and send the extracted values to `https://js-metrics.com/minjs.php?pl=`\n\n\n## Recommendation\n\nIf version 4.1.48 of this module is found installed you will want to replace it with a version before or after 4.1.48. In addition to replacing the installed module, you will also want to evaluate your application to determine whether or not user data was compromised.",
  "severity": [
    {
      "type": "CVSS_V3",
      "score": "CVSS:3.1/AV:N/AC:L/PR:N/UI:N/S:U/C:H/I:H/A:H"
    }
  ],
  "affected": [
    {
      "package": {
        "ecosystem": "npm",
        "name": "another-date-range-picker"
      },
      "versions": [
        "4.1.48"
      ]
    }
  ],
  "references": [
    {
      "type": "WEB",
      "url": "https://github.com/bi-a/mydaterangepicker"
    },
    {
      "type": "PACKAGE",
      "url": "https://github.com/kekeh/mydaterangepicker"
    },
    {
      "type": "WEB",
      "url": "https://snyk.io/vuln/SNYK-JS-ANOTHERDATERANGEPICKER-451011"
    },
    {
      "type": "WEB",
      "url": "https://www.npmjs.com/advisories/617"
    }
  ],
  "database_specific": {
    "cwe_ids": [
      "CWE-506"
    ],
    "severity": "CRITICAL",
    "github_reviewed": true,
    "github_reviewed_at": "2020-08-31T18:30:03Z",
    "nvd_published_at": null
  }
}