{
  "schema_version": "1.4.0",
  "id": "GHSA-5p42-m6f3-hpmj",
  "modified": "2023-08-24T22:28:41Z",
  "published": "2023-08-17T00:30:26Z",
  "aliases": [
    "CVE-2023-38894"
  ],
  "summary": "tree-kit Prototype Pollution vulnerability",
  "details": "A Prototype Pollution issue in Cronvel Tree-kit v.0.7.4 and before allows a remote attacker to execute arbitrary code via the extend function.",
  "severity": [
    {
      "type": "CVSS_V3",
      "score": "CVSS:3.1/AV:N/AC:L/PR:N/UI:N/S:U/C:H/I:H/A:H"
    }
  ],
  "affected": [
    {
      "package": {
        "ecosystem": "npm",
        "name": "tree-kit"
      },
      "ranges": [
        {
          "type": "ECOSYSTEM",
          "events": [
            {
              "introduced": "0"
            },
            {
              "fixed": "0.7.5"
            }
          ]
        }
      ]
    }
  ],
  "references": [
    {
      "type": "ADVISORY",
      "url": "https://nvd.nist.gov/vuln/detail/CVE-2023-38894"
    },
    {
      "type": "WEB",
      "url": "https://github.com/cronvel/tree-kit/commit/61bf10cf0dbddaeea3f198cfe7cb469f360d82bc"
    },
    {
      "type": "PACKAGE",
      "url": "https://github.com/cronvel/tree-kit"
    },
    {
      "type": "WEB",
      "url": "https://www.code-intelligence.com/blog/treekit-prototype-pollution-cve-2023-38894"
    },
    {
      "type": "WEB",
      "url": "http://tree-kit.com"
    }
  ],
  "database_specific": {
    "cwe_ids": [
      "CWE-1321"
    ],
    "severity": "CRITICAL",
    "github_reviewed": true,
    "github_reviewed_at": "2023-08-17T19:06:27Z",
    "nvd_published_at": "2023-08-16T22:15:13Z"
  }
}