{
  "schema_version": "1.4.0",
  "id": "GHSA-85g2-29m8-qf2p",
  "modified": "2021-03-16T22:49:14Z",
  "published": "2021-03-19T21:18:33Z",
  "aliases": [
    "CVE-2021-25914"
  ],
  "summary": "Prototype Pollution Vulnerability in object-collider",
  "details": "Prototype pollution vulnerability in 'object-collider' versions 1.0.0 through 1.0.3 allows attacker to cause a denial of service and may lead to remote code execution.",
  "severity": [
    {
      "type": "CVSS_V3",
      "score": "CVSS:3.1/AV:N/AC:L/PR:N/UI:N/S:U/C:H/I:H/A:H"
    }
  ],
  "affected": [
    {
      "package": {
        "ecosystem": "npm",
        "name": "object-collider"
      },
      "ranges": [
        {
          "type": "ECOSYSTEM",
          "events": [
            {
              "introduced": "1.0.0"
            },
            {
              "fixed": "1.0.4"
            }
          ]
        }
      ]
    }
  ],
  "references": [
    {
      "type": "ADVISORY",
      "url": "https://nvd.nist.gov/vuln/detail/CVE-2021-25914"
    },
    {
      "type": "WEB",
      "url": "https://github.com/FireBlinkLTD/object-collider/commit/321f75a7f8e7b3393e5b7dd6dd9ab26ede5906e5"
    },
    {
      "type": "WEB",
      "url": "https://www.whitesourcesoftware.com/vulnerability-database/CVE-2021-25914"
    }
  ],
  "database_specific": {
    "cwe_ids": [
      "CWE-1321"
    ],
    "severity": "CRITICAL",
    "github_reviewed": true,
    "github_reviewed_at": "2021-03-16T22:49:14Z",
    "nvd_published_at": "2021-03-01T18:15:00Z"
  }
}