{
  "schema_version": "1.4.0",
  "id": "GHSA-8vfm-4388-6rpc",
  "modified": "2022-11-17T18:47:38Z",
  "published": "2018-10-16T23:06:25Z",
  "aliases": [
    "CVE-2018-8027"
  ],
  "summary": "Apache is vulnerable to XXE in XSD validation processor",
  "details": "Apache Camel 2.20.0 to 2.20.3 and 2.21.0 Core is vulnerable to XXE in XSD validation processor.",
  "severity": [
    {
      "type": "CVSS_V3",
      "score": "CVSS:3.0/AV:N/AC:L/PR:N/UI:N/S:U/C:H/I:H/A:H"
    }
  ],
  "affected": [
    {
      "package": {
        "ecosystem": "Maven",
        "name": "org.apache.camel:camel-core"
      },
      "ranges": [
        {
          "type": "ECOSYSTEM",
          "events": [
            {
              "introduced": "2.20.0"
            },
            {
              "fixed": "2.20.4"
            }
          ]
        }
      ]
    },
    {
      "package": {
        "ecosystem": "Maven",
        "name": "org.apache.camel:camel-core"
      },
      "ranges": [
        {
          "type": "ECOSYSTEM",
          "events": [
            {
              "introduced": "2.21.0"
            },
            {
              "fixed": "2.21.1"
            }
          ]
        }
      ],
      "versions": [
        "2.21.0"
      ]
    }
  ],
  "references": [
    {
      "type": "ADVISORY",
      "url": "https://nvd.nist.gov/vuln/detail/CVE-2018-8027"
    },
    {
      "type": "WEB",
      "url": "https://github.com/apache/camel/commit/ec3d0db81ba061b27e934d5ff56e9baca0049eb"
    },
    {
      "type": "WEB",
      "url": "https://github.com/apache/camel/commit/9f7376abbff7434794f2c7c2909e02bac232fb5"
    },
    {
      "type": "WEB",
      "url": "https://github.com/apache/camel/commit/9c6a8f61de40c20f28240fbb2af4cb425793d41"
    },
    {
      "type": "WEB",
      "url": "https://github.com/apache/camel/commit/99cbcd78b7e64083fae1d9552ead7425a90994b"
    },
    {
      "type": "WEB",
      "url": "https://github.com/apache/camel/commit/8afc5d1757795fde715902067360af5d90f046d"
    },
    {
      "type": "WEB",
      "url": "https://github.com/apache/camel/commit/87c92b7b38890c217bc76f2c55036e6a5cca9a0"
    },
    {
      "type": "WEB",
      "url": "https://github.com/apache/camel/commit/8467d644813a62f3a836c0c7dee8cf5a41de3c0"
    },
    {
      "type": "WEB",
      "url": "https://github.com/apache/camel/commit/3fe03e361725b66c1c3eaa40bb11577fb3dc17b"
    },
    {
      "type": "WEB",
      "url": "https://github.com/apache/camel/commit/2e8f21dec883b083ddcdddd802847b4c378a61a"
    },
    {
      "type": "WEB",
      "url": "https://github.com/apache/camel/commit/2c6964ae94d8f9a9c9a32e5ae5a0b794e8b8d3b"
    },
    {
      "type": "WEB",
      "url": "https://github.com/apache/camel/commit/24eefa559fe6b310629d2bf00663d2679ec81b9"
    },
    {
      "type": "WEB",
      "url": "https://github.com/apache/camel/commit/22c355bb4ffb500405499d189db30932ca5aac9"
    },
    {
      "type": "PACKAGE",
      "url": "https://github.com/apache/camel"
    },
    {
      "type": "WEB",
      "url": "https://issues.apache.org/jira/browse/CAMEL-10894"
    },
    {
      "type": "WEB",
      "url": "https://issues.apache.org/jira/browse/CAMEL-12444"
    },
    {
      "type": "WEB",
      "url": "https://lists.apache.org/thread.html/2318d7f7d87724d8716cd650c21b31cb06e4d34f6d0f5ee42f28fdaf@%3Ccommits.camel.apache.org%3E"
    },
    {
      "type": "WEB",
      "url": "https://lists.apache.org/thread.html/77f596fc63e63c2e9adcff3c34759b32c225cf0b582aedb755adaade@%3Cdev.camel.apache.org%3E"
    },
    {
      "type": "WEB",
      "url": "https://lists.apache.org/thread.html/b4014ea7c5830ca1fc28edd5cafedfe93ad4af2d9e69c961c5def31d@%3Ccommits.camel.apache.org%3E"
    },
    {
      "type": "ADVISORY",
      "url": "https://github.com/advisories/GHSA-8vfm-4388-6rpc"
    },
    {
      "type": "WEB",
      "url": "http://camel.apache.org/security-advisories.data/CVE-2018-8027.txt.asc"
    }
  ],
  "database_specific": {
    "cwe_ids": [
      "CWE-611"
    ],
    "severity": "CRITICAL",
    "github_reviewed": true,
    "github_reviewed_at": "2020-06-16T21:26:41Z",
    "nvd_published_at": null
  }
}