{
  "schema_version": "1.4.0",
  "id": "GHSA-58v7-58c2-qwm9",
  "modified": "2023-10-02T20:20:24Z",
  "published": "2023-09-30T03:31:49Z",
  "aliases": [
    "CVE-2023-5316"
  ],
  "summary": "phpMyFAQ Cross-site Scripting vulnerability",
  "details": "Cross-site Scripting (XSS) - DOM in GitHub repository thorsten/phpmyfaq prior to 3.1.18.",
  "severity": [
    {
      "type": "CVSS_V3",
      "score": "CVSS:3.0/AV:N/AC:L/PR:L/UI:N/S:C/C:H/I:L/A:L"
    }
  ],
  "affected": [
    {
      "package": {
        "ecosystem": "Packagist",
        "name": "thorsten/phpmyfaq"
      },
      "ranges": [
        {
          "type": "ECOSYSTEM",
          "events": [
            {
              "introduced": "0"
            },
            {
              "fixed": "3.1.18"
            }
          ]
        }
      ]
    }
  ],
  "references": [
    {
      "type": "ADVISORY",
      "url": "https://nvd.nist.gov/vuln/detail/CVE-2023-5316"
    },
    {
      "type": "WEB",
      "url": "https://github.com/thorsten/phpmyfaq/commit/332d2e4a83251d406ca58dd11c27c598673aa5fa"
    },
    {
      "type": "PACKAGE",
      "url": "https://github.com/thorsten/phpMyFAQ"
    },
    {
      "type": "WEB",
      "url": "https://huntr.dev/bounties/f877e65a-e647-457b-b105-7e5c9f58fb43"
    }
  ],
  "database_specific": {
    "cwe_ids": [
      "CWE-79"
    ],
    "severity": "CRITICAL",
    "github_reviewed": true,
    "github_reviewed_at": "2023-10-02T20:20:24Z",
    "nvd_published_at": "2023-09-30T01:15:39Z"
  }
}